Wilayah Grouping,Cabang,Zone,Kecamatan,AWB,ID_ACCOUNT,SHIPPER_NAME,TGL_ENTRY,CONSIGNEE_NAME,ADDR1,ADDR2,ADDR3,LAST_OFFICE_DATE,LAST_WAREHOUSE_DATE,NOREF,ORIGIN,DEST,SERVICE,QTY,WEIGHT,GOODS_DESCR,INSURANCE_ID,GOODS_VALUE,INSURANCE_VALUE(+),AMOUNT,INTRUCTION,NOTICE,HOLD_REASON,RECEIVING,RECEIVING_DATE,OUTBOUND_MANIFEST,OUTBOUND_MANIFEST_DATE,INBOUND_MANIFEST,USER_IM,INBOUND_MANIFEST_DATE,MANIFEST_TRANSIT_AGEN,DATE_TRANSIT,HVO_NO,HVO_DATE,HVO_HUB,HVO_HUB_NAME,HVO_HUB_DESTINATION,HVO_HUB_DESTINATION_NAME,HVI_NO,HVI_DATE,RUNSHEET_NO,DATE_RUNSHEET,RUNSHEET_COURIER_ID,RUNSHEET_COURIER_NAME,CODING,STATUS_POD,TGL_RECEIVED,STATUS_LATITUDE,STATUS_LONGITUDE,AGING,ETD,SLA,CARRER,RECEIVED/REASON,TGL_UPDATE_STATUS_POD,WUS_OUTGOING_CODE,WUS_REMARKS,WUS_DATE,INVOICED,AWB_CANCEL,COD_FLAG,BILNOTE_FLAG,BILNOTE_AMOUNT,REFNO_UOB,SCO_NO,WO/DO/PO,NO_INVOICE,PAYMENT_TYPE,DATE_1ST_ATTEMPT,RESULT_1ST_ATTEMPT,LATLONG_1ST_ATTEMPT,DATE_2ND_ATTEMPT,RESULT_2ND_ATTEMPT,LATLONG_2ND_ATTEMPT,DATE_LAST_ATTEMPT,RESULT_LAST_ATTEMPT,LATLONG_LAST_ATTEMPT,PRA_RUNSHEET_NO,PRA_RUNSHEET_NAME,PRA_RUNSHEET_DATE,CS3_DATE,CONNOTE_RETURN_RT,DATE_CONNOTE_RETURN_RT,CONNOTE_RETURN_RF,DATE_CONNOTE_RETURN_RF,USER_CONNOTE,USER_ZONE_CONNOTE,CONFIRM_SHIPMENT_UNDEL,TRANSIT_MANIFEST,TRANSIT_MANIFEST_DATE,TRANSIT_MANIFEST_USER,IREG_MANIFEST,IREG_CODE,IREG_DATE,URL_TTD,URL_FOTO,USER_OM,USER_RECEIVING,AGING_ONGOING,CLAIM_NO,CLAIM_DOC_NO,CLAIM_DATE,NO_CNOTE_FW,ORIGIN_FW,DEST_FW,CODING_STATUS_FW,DESC_STATUS_FW,HBG_NO,HBG_DATE,1ST_HVO_NO,1ST_HVO_DATE,1ST_HVO_USER,LAST_HVO_NO,LAST_HVO_DATE,LAST_HVO_USER,MANIFEST_TRANSIT_SUBAGEN_NO,MANIFEST_TRANSIT_SUBAGEN_DATE,MANIFEST_INBOUND_SUBAGEN_NO,MANIFEST_INBOUND_SUBAGEN_DATE,BAG_NO,LATEST_SM_NO,LATEST_SM_DATE,1ST_PREVIOUS_SM_NO,1ST_PREVIOUS_SM_DATE,2ND_PREVIOUS_SM_NO,2ND_PREVIOUS_SM_DATE,1ST_TRANSIT_MANIFEST_NO,1ST_TRANSIT_MANIFEST_DATE,2ND_TRANSIT_MANIFEST_NO,2ND_TRANSIT_MANIFEST_DATE,3RD_TRANSIT_MANIFEST_NO,3RD_TRANSIT_MANIFEST_DATE,LAST_TRANSIT_MANIFEST_NO,LAST_TRANSIT_MANIFEST_DATE,MTI_USER,MTS_USER,HO_COURIER_NO,HO_COURIER_DATE,WAREHOUSE_DATE,OFFICE_DATE,IRREG_REMAKS,BPIK,ZONE_USER_ENTRI,CORRECT_DESTINATION,CORRECT_SERVICE,CORRECT_AMOUNT,HACB_NO,HACB_DATE,HACB_USER,HBAG_NO,HBAG_DATE,HBAG_USER,PICKUP_DATE,PICKUP_STATUS,PICKUP_COURIER_ID,1ST_RUNSHEET_DATE,1ST_RUNSHEET_COURIERID,URL_CHAT,SINGLE_LEG,LAST_DATE_DO,NO_RCW,DATE_RCW,USER_RCW,DATE_LPR,NO_LPR,NO_RDO,DATE_RDO,NO_DO,PROJECT_KR,HO_OFFICE_NO,HO_OFFICE_DATE,LATEST_SM_ORIGIN,LATEST_SM_DEST,1ST_PREVIOUS_SM_ORIGIN,1ST_PREVIOUS_SM_DEST,2ND_PREVIOUS_SM_ORIGIN,2ND_PREVIOUS_SM_DEST,STATUS_WEB,TGL_TARIK_REPORT,_UPLOAD_DATE
,,,,KOE0000000,ACC00000,Shipper 0,26/07/2026,Consignee 0,Addr 0,,,,,,KOE,DPS,REG,1,1.0,,,,,,,,,,,,,,,,,,,,,,,,,,,,,,,DLV,,,,,,,,,,,,,,,,,,,,,,,,,,,,,,,,,,,,,,,,,,,,,,,,,,,,,,,,,,,,,,,,,,,,,,,,,,,,,,,,,,,,,,,,,,,,,,,,,,,,,,,,,,,,,,,,,,,,,,,,,,,,,,,,,,,,OK,2026-07-26,2026-07-26
,,,,KOE0000001,ACC00001,Shipper 1,26/07/2026,Consignee 1,Addr 1,,,,,,KOE,DPS,REG,1,1.0,,,,,,,,,,,,,,,,,,,,,,,,,,,,,,,DLV,,,,,,,,,,,,,,,,,,,,,,,,,,,,,,,,,,,,,,,,,,,,,,,,,,,,,,,,,,,,,,,,,,,,,,,,,,,,,,,,,,,,,,,,,,,,,,,,,,,,,,,,,,,,,,,,,,,,,,,,,,,,,,,,,,,,OK,2026-07-26,2026-07-26
,,,,KOE0000002,ACC00002,Shipper 2,26/07/2026,Consignee 2,Addr 2,,,,,,KOE,DPS,REG,1,1.0,,,,,,,,,,,,,,,,,,,,,,,,,,,,,,,DLV,,,,,,,,,,,,,,,,,,,,,,,,,,,,,,,,,,,,,,,,,,,,,,,,,,,,,,,,,,,,,,,,,,,,,,,,,,,,,,,,,,,,,,,,,,,,,,,,,,,,,,,,,,,,,,,,,,,,,,,,,,,,,,,,,,,,OK,2026-07-26,2026-07-26
,,,,KOE0000003,ACC00003,Shipper 3,26/07/2026,Consignee 3,Addr 3,,,,,,KOE,DPS,REG,1,1.0,,,,,,,,,,,,,,,,,,,,,,,,,,,,,,,DLV,,,,,,,,,,,,,,,,,,,,,,,,,,,,,,,,,,,,,,,,,,,,,,,,,,,,,,,,,,,,,,,,,,,,,,,,,,,,,,,,,,,,,,,,,,,,,,,,,,,,,,,,,,,,,,,,,,,,,,,,,,,,,,,,,,,,OK,2026-07-26,2026-07-26
,,,,KOE0000004,ACC00004,Shipper 4,26/07/2026,Consignee 4,Addr 4,,,,,,KOE,DPS,REG,1,1.0,,,,,,,,,,,,,,,,,,,,,,,,,,,,,,,DLV,,,,,,,,,,,,,,,,,,,,,,,,,,,,,,,,,,,,,,,,,,,,,,,,,,,,,,,,,,,,,,,,,,,,,,,,,,,,,,,,,,,,,,,,,,,,,,,,,,,,,,,,,,,,,,,,,,,,,,,,,,,,,,,,,,,,OK,2026-07-26,2026-07-26
,,,,KOE0000005,ACC00005,Shipper 5,26/07/2026,Consignee 5,Addr 5,,,,,,KOE,DPS,REG,1,1.0,,,,,,,,,,,,,,,,,,,,,,,,,,,,,,,DLV,,,,,,,,,,,,,,,,,,,,,,,,,,,,,,,,,,,,,,,,,,,,,,,,,,,,,,,,,,,,,,,,,,,,,,,,,,,,,,,,,,,,,,,,,,,,,,,,,,,,,,,,,,,,,,,,,,,,,,,,,,,,,,,,,,,,OK,2026-07-26,2026-07-26
,,,,KOE0000006,ACC00006,Shipper 6,26/07/2026,Consignee 6,Addr 6,,,,,,KOE,DPS,REG,1,1.0,,,,,,,,,,,,,,,,,,,,,,,,,,,,,,,DLV,,,,,,,,,,,,,,,,,,,,,,,,,,,,,,,,,,,,,,,,,,,,,,,,,,,,,,,,,,,,,,,,,,,,,,,,,,,,,,,,,,,,,,,,,,,,,,,,,,,,,,,,,,,,,,,,,,,,,,,,,,,,,,,,,,,,OK,2026-07-26,2026-07-26
,,,,KOE0000007,ACC00007,Shipper 7,26/07/2026,Consignee 7,Addr 7,,,,,,KOE,DPS,REG,1,1.0,,,,,,,,,,,,,,,,,,,,,,,,,,,,,,,DLV,,,,,,,,,,,,,,,,,,,,,,,,,,,,,,,,,,,,,,,,,,,,,,,,,,,,,,,,,,,,,,,,,,,,,,,,,,,,,,,,,,,,,,,,,,,,,,,,,,,,,,,,,,,,,,,,,,,,,,,,,,,,,,,,,,,,OK,2026-07-26,2026-07-26
,,,,KOE0000008,ACC00008,Shipper 8,26/07/2026,Consignee 8,Addr 8,,,,,,KOE,DPS,REG,1,1.0,,,,,,,,,,,,,,,,,,,,,,,,,,,,,,,DLV,,,,,,,,,,,,,,,,,,,,,,,,,,,,,,,,,,,,,,,,,,,,,,,,,,,,,,,,,,,,,,,,,,,,,,,,,,,,,,,,,,,,,,,,,,,,,,,,,,,,,,,,,,,,,,,,,,,,,,,,,,,,,,,,,,,,OK,2026-07-26,2026-07-26
,,,,KOE0000009,ACC00009,Shipper 9,26/07/2026,Consignee 9,Addr 9,,,,,,KOE,DPS,REG,1,1.0,,,,,,,,,,,,,,,,,,,,,,,,,,,,,,,DLV,,,,,,,,,,,,,,,,,,,,,,,,,,,,,,,,,,,,,,,,,,,,,,,,,,,,,,,,,,,,,,,,,,,,,,,,,,,,,,,,,,,,,,,,,,,,,,,,,,,,,,,,,,,,,,,,,,,,,,,,,,,,,,,,,,,,OK,2026-07-26,2026-07-26
,,,,KOE0000010,ACC00010,Shipper 10,26/07/2026,Consignee 10,Addr 10,,,,,,KOE,DPS,REG,1,1.0,,,,,,,,,,,,,,,,,,,,,,,,,,,,,,,DLV,,,,,,,,,,,,,,,,,,,,,,,,,,,,,,,,,,,,,,,,,,,,,,,,,,,,,,,,,,,,,,,,,,,,,,,,,,,,,,,,,,,,,,,,,,,,,,,,,,,,,,,,,,,,,,,,,,,,,,,,,,,,,,,,,,,,OK,2026-07-26,2026-07-26
,,,,KOE0000011,ACC00011,Shipper 11,26/07/2026,Consignee 11,Addr 11,,,,,,KOE,DPS,REG,1,1.0,,,,,,,,,,,,,,,,,,,,,,,,,,,,,,,DLV,,,,,,,,,,,,,,,,,,,,,,,,,,,,,,,,,,,,,,,,,,,,,,,,,,,,,,,,,,,,,,,,,,,,,,,,,,,,,,,,,,,,,,,,,,,,,,,,,,,,,,,,,,,,,,,,,,,,,,,,,,,,,,,,,,,,OK,2026-07-26,2026-07-26
,,,,KOE0000012,ACC00012,Shipper 12,26/07/2026,Consignee 12,Addr 12,,,,,,KOE,DPS,REG,1,1.0,,,,,,,,,,,,,,,,,,,,,,,,,,,,,,,DLV,,,,,,,,,,,,,,,,,,,,,,,,,,,,,,,,,,,,,,,,,,,,,,,,,,,,,,,,,,,,,,,,,,,,,,,,,,,,,,,,,,,,,,,,,,,,,,,,,,,,,,,,,,,,,,,,,,,,,,,,,,,,,,,,,,,,OK,2026-07-26,2026-07-26
,,,,KOE0000013,ACC00013,Shipper 13,26/07/2026,Consignee 13,Addr 13,,,,,,KOE,DPS,REG,1,1.0,,,,,,,,,,,,,,,,,,,,,,,,,,,,,,,DLV,,,,,,,,,,,,,,,,,,,,,,,,,,,,,,,,,,,,,,,,,,,,,,,,,,,,,,,,,,,,,,,,,,,,,,,,,,,,,,,,,,,,,,,,,,,,,,,,,,,,,,,,,,,,,,,,,,,,,,,,,,,,,,,,,,,,OK,2026-07-26,2026-07-26
,,,,KOE0000014,ACC00014,Shipper 14,26/07/2026,Consignee 14,Addr 14,,,,,,KOE,DPS,REG,1,1.0,,,,,,,,,,,,,,,,,,,,,,,,,,,,,,,DLV,,,,,,,,,,,,,,,,,,,,,,,,,,,,,,,,,,,,,,,,,,,,,,,,,,,,,,,,,,,,,,,,,,,,,,,,,,,,,,,,,,,,,,,,,,,,,,,,,,,,,,,,,,,,,,,,,,,,,,,,,,,,,,,,,,,,OK,2026-07-26,2026-07-26
,,,,KOE0000015,ACC00015,Shipper 15,26/07/2026,Consignee 15,Addr 15,,,,,,KOE,DPS,REG,1,1.0,,,,,,,,,,,,,,,,,,,,,,,,,,,,,,,DLV,,,,,,,,,,,,,,,,,,,,,,,,,,,,,,,,,,,,,,,,,,,,,,,,,,,,,,,,,,,,,,,,,,,,,,,,,,,,,,,,,,,,,,,,,,,,,,,,,,,,,,,,,,,,,,,,,,,,,,,,,,,,,,,,,,,,OK,2026-07-26,2026-07-26
,,,,KOE0000016,ACC00016,Shipper 16,26/07/2026,Consignee 16,Addr 16,,,,,,KOE,DPS,REG,1,1.0,,,,,,,,,,,,,,,,,,,,,,,,,,,,,,,DLV,,,,,,,,,,,,,,,,,,,,,,,,,,,,,,,,,,,,,,,,,,,,,,,,,,,,,,,,,,,,,,,,,,,,,,,,,,,,,,,,,,,,,,,,,,,,,,,,,,,,,,,,,,,,,,,,,,,,,,,,,,,,,,,,,,,,OK,2026-07-26,2026-07-26
,,,,KOE0000017,ACC00017,Shipper 17,26/07/2026,Consignee 17,Addr 17,,,,,,KOE,DPS,REG,1,1.0,,,,,,,,,,,,,,,,,,,,,,,,,,,,,,,DLV,,,,,,,,,,,,,,,,,,,,,,,,,,,,,,,,,,,,,,,,,,,,,,,,,,,,,,,,,,,,,,,,,,,,,,,,,,,,,,,,,,,,,,,,,,,,,,,,,,,,,,,,,,,,,,,,,,,,,,,,,,,,,,,,,,,,OK,2026-07-26,2026-07-26
,,,,KOE0000018,ACC00018,Shipper 18,26/07/2026,Consignee 18,Addr 18,,,,,,KOE,DPS,REG,1,1.0,,,,,,,,,,,,,,,,,,,,,,,,,,,,,,,DLV,,,,,,,,,,,,,,,,,,,,,,,,,,,,,,,,,,,,,,,,,,,,,,,,,,,,,,,,,,,,,,,,,,,,,,,,,,,,,,,,,,,,,,,,,,,,,,,,,,,,,,,,,,,,,,,,,,,,,,,,,,,,,,,,,,,,OK,2026-07-26,2026-07-26
,,,,KOE0000019,ACC00019,Shipper 19,26/07/2026,Consignee 19,Addr 19,,,,,,KOE,DPS,REG,1,1.0,,,,,,,,,,,,,,,,,,,,,,,,,,,,,,,DLV,,,,,,,,,,,,,,,,,,,,,,,,,,,,,,,,,,,,,,,,,,,,,,,,,,,,,,,,,,,,,,,,,,,,,,,,,,,,,,,,,,,,,,,,,,,,,,,,,,,,,,,,,,,,,,,,,,,,,,,,,,,,,,,,,,,,OK,2026-07-26,2026-07-26
,,,,KOE0000020,ACC00020,Shipper 20,26/07/2026,Consignee 20,Addr 20,,,,,,KOE,DPS,REG,1,1.0,,,,,,,,,,,,,,,,,,,,,,,,,,,,,,,DLV,,,,,,,,,,,,,,,,,,,,,,,,,,,,,,,,,,,,,,,,,,,,,,,,,,,,,,,,,,,,,,,,,,,,,,,,,,,,,,,,,,,,,,,,,,,,,,,,,,,,,,,,,,,,,,,,,,,,,,,,,,,,,,,,,,,,OK,2026-07-26,2026-07-26
,,,,KOE0000021,ACC00021,Shipper 21,26/07/2026,Consignee 21,Addr 21,,,,,,KOE,DPS,REG,1,1.0,,,,,,,,,,,,,,,,,,,,,,,,,,,,,,,DLV,,,,,,,,,,,,,,,,,,,,,,,,,,,,,,,,,,,,,,,,,,,,,,,,,,,,,,,,,,,,,,,,,,,,,,,,,,,,,,,,,,,,,,,,,,,,,,,,,,,,,,,,,,,,,,,,,,,,,,,,,,,,,,,,,,,,OK,2026-07-26,2026-07-26
,,,,KOE0000022,ACC00022,Shipper 22,26/07/2026,Consignee 22,Addr 22,,,,,,KOE,DPS,REG,1,1.0,,,,,,,,,,,,,,,,,,,,,,,,,,,,,,,DLV,,,,,,,,,,,,,,,,,,,,,,,,,,,,,,,,,,,,,,,,,,,,,,,,,,,,,,,,,,,,,,,,,,,,,,,,,,,,,,,,,,,,,,,,,,,,,,,,,,,,,,,,,,,,,,,,,,,,,,,,,,,,,,,,,,,,OK,2026-07-26,2026-07-26
,,,,KOE0000023,ACC00023,Shipper 23,26/07/2026,Consignee 23,Addr 23,,,,,,KOE,DPS,REG,1,1.0,,,,,,,,,,,,,,,,,,,,,,,,,,,,,,,DLV,,,,,,,,,,,,,,,,,,,,,,,,,,,,,,,,,,,,,,,,,,,,,,,,,,,,,,,,,,,,,,,,,,,,,,,,,,,,,,,,,,,,,,,,,,,,,,,,,,,,,,,,,,,,,,,,,,,,,,,,,,,,,,,,,,,,OK,2026-07-26,2026-07-26
,,,,KOE0000024,ACC00024,Shipper 24,26/07/2026,Consignee 24,Addr 24,,,,,,KOE,DPS,REG,1,1.0,,,,,,,,,,,,,,,,,,,,,,,,,,,,,,,DLV,,,,,,,,,,,,,,,,,,,,,,,,,,,,,,,,,,,,,,,,,,,,,,,,,,,,,,,,,,,,,,,,,,,,,,,,,,,,,,,,,,,,,,,,,,,,,,,,,,,,,,,,,,,,,,,,,,,,,,,,,,,,,,,,,,,,OK,2026-07-26,2026-07-26
,,,,KOE0000025,ACC00025,Shipper 25,26/07/2026,Consignee 25,Addr 25,,,,,,KOE,DPS,REG,1,1.0,,,,,,,,,,,,,,,,,,,,,,,,,,,,,,,DLV,,,,,,,,,,,,,,,,,,,,,,,,,,,,,,,,,,,,,,,,,,,,,,,,,,,,,,,,,,,,,,,,,,,,,,,,,,,,,,,,,,,,,,,,,,,,,,,,,,,,,,,,,,,,,,,,,,,,,,,,,,,,,,,,,,,,OK,2026-07-26,2026-07-26
,,,,KOE0000026,ACC00026,Shipper 26,26/07/2026,Consignee 26,Addr 26,,,,,,KOE,DPS,REG,1,1.0,,,,,,,,,,,,,,,,,,,,,,,,,,,,,,,DLV,,,,,,,,,,,,,,,,,,,,,,,,,,,,,,,,,,,,,,,,,,,,,,,,,,,,,,,,,,,,,,,,,,,,,,,,,,,,,,,,,,,,,,,,,,,,,,,,,,,,,,,,,,,,,,,,,,,,,,,,,,,,,,,,,,,,OK,2026-07-26,2026-07-26
,,,,KOE0000027,ACC00027,Shipper 27,26/07/2026,Consignee 27,Addr 27,,,,,,KOE,DPS,REG,1,1.0,,,,,,,,,,,,,,,,,,,,,,,,,,,,,,,DLV,,,,,,,,,,,,,,,,,,,,,,,,,,,,,,,,,,,,,,,,,,,,,,,,,,,,,,,,,,,,,,,,,,,,,,,,,,,,,,,,,,,,,,,,,,,,,,,,,,,,,,,,,,,,,,,,,,,,,,,,,,,,,,,,,,,,OK,2026-07-26,2026-07-26
,,,,KOE0000028,ACC00028,Shipper 28,26/07/2026,Consignee 28,Addr 28,,,,,,KOE,DPS,REG,1,1.0,,,,,,,,,,,,,,,,,,,,,,,,,,,,,,,DLV,,,,,,,,,,,,,,,,,,,,,,,,,,,,,,,,,,,,,,,,,,,,,,,,,,,,,,,,,,,,,,,,,,,,,,,,,,,,,,,,,,,,,,,,,,,,,,,,,,,,,,,,,,,,,,,,,,,,,,,,,,,,,,,,,,,,OK,2026-07-26,2026-07-26
,,,,KOE0000029,ACC00029,Shipper 29,26/07/2026,Consignee 29,Addr 29,,,,,,KOE,DPS,REG,1,1.0,,,,,,,,,,,,,,,,,,,,,,,,,,,,,,,DLV,,,,,,,,,,,,,,,,,,,,,,,,,,,,,,,,,,,,,,,,,,,,,,,,,,,,,,,,,,,,,,,,,,,,,,,,,,,,,,,,,,,,,,,,,,,,,,,,,,,,,,,,,,,,,,,,,,,,,,,,,,,,,,,,,,,,OK,2026-07-26,2026-07-26
,,,,KOE0000030,ACC00030,Shipper 30,26/07/2026,Consignee 30,Addr 30,,,,,,KOE,DPS,REG,1,1.0,,,,,,,,,,,,,,,,,,,,,,,,,,,,,,,DLV,,,,,,,,,,,,,,,,,,,,,,,,,,,,,,,,,,,,,,,,,,,,,,,,,,,,,,,,,,,,,,,,,,,,,,,,,,,,,,,,,,,,,,,,,,,,,,,,,,,,,,,,,,,,,,,,,,,,,,,,,,,,,,,,,,,,OK,2026-07-26,2026-07-26
,,,,KOE0000031,ACC00031,Shipper 31,26/07/2026,Consignee 31,Addr 31,,,,,,KOE,DPS,REG,1,1.0,,,,,,,,,,,,,,,,,,,,,,,,,,,,,,,DLV,,,,,,,,,,,,,,,,,,,,,,,,,,,,,,,,,,,,,,,,,,,,,,,,,,,,,,,,,,,,,,,,,,,,,,,,,,,,,,,,,,,,,,,,,,,,,,,,,,,,,,,,,,,,,,,,,,,,,,,,,,,,,,,,,,,,OK,2026-07-26,2026-07-26
,,,,KOE0000032,ACC00032,Shipper 32,26/07/2026,Consignee 32,Addr 32,,,,,,KOE,DPS,REG,1,1.0,,,,,,,,,,,,,,,,,,,,,,,,,,,,,,,DLV,,,,,,,,,,,,,,,,,,,,,,,,,,,,,,,,,,,,,,,,,,,,,,,,,,,,,,,,,,,,,,,,,,,,,,,,,,,,,,,,,,,,,,,,,,,,,,,,,,,,,,,,,,,,,,,,,,,,,,,,,,,,,,,,,,,,OK,2026-07-26,2026-07-26
,,,,KOE0000033,ACC00033,Shipper 33,26/07/2026,Consignee 33,Addr 33,,,,,,KOE,DPS,REG,1,1.0,,,,,,,,,,,,,,,,,,,,,,,,,,,,,,,DLV,,,,,,,,,,,,,,,,,,,,,,,,,,,,,,,,,,,,,,,,,,,,,,,,,,,,,,,,,,,,,,,,,,,,,,,,,,,,,,,,,,,,,,,,,,,,,,,,,,,,,,,,,,,,,,,,,,,,,,,,,,,,,,,,,,,,OK,2026-07-26,2026-07-26
,,,,KOE0000034,ACC00034,Shipper 34,26/07/2026,Consignee 34,Addr 34,,,,,,KOE,DPS,REG,1,1.0,,,,,,,,,,,,,,,,,,,,,,,,,,,,,,,DLV,,,,,,,,,,,,,,,,,,,,,,,,,,,,,,,,,,,,,,,,,,,,,,,,,,,,,,,,,,,,,,,,,,,,,,,,,,,,,,,,,,,,,,,,,,,,,,,,,,,,,,,,,,,,,,,,,,,,,,,,,,,,,,,,,,,,OK,2026-07-26,2026-07-26
,,,,KOE0000035,ACC00035,Shipper 35,26/07/2026,Consignee 35,Addr 35,,,,,,KOE,DPS,REG,1,1.0,,,,,,,,,,,,,,,,,,,,,,,,,,,,,,,DLV,,,,,,,,,,,,,,,,,,,,,,,,,,,,,,,,,,,,,,,,,,,,,,,,,,,,,,,,,,,,,,,,,,,,,,,,,,,,,,,,,,,,,,,,,,,,,,,,,,,,,,,,,,,,,,,,,,,,,,,,,,,,,,,,,,,,OK,2026-07-26,2026-07-26
,,,,KOE0000036,ACC00036,Shipper 36,26/07/2026,Consignee 36,Addr 36,,,,,,KOE,DPS,REG,1,1.0,,,,,,,,,,,,,,,,,,,,,,,,,,,,,,,DLV,,,,,,,,,,,,,,,,,,,,,,,,,,,,,,,,,,,,,,,,,,,,,,,,,,,,,,,,,,,,,,,,,,,,,,,,,,,,,,,,,,,,,,,,,,,,,,,,,,,,,,,,,,,,,,,,,,,,,,,,,,,,,,,,,,,,OK,2026-07-26,2026-07-26
,,,,KOE0000037,ACC00037,Shipper 37,26/07/2026,Consignee 37,Addr 37,,,,,,KOE,DPS,REG,1,1.0,,,,,,,,,,,,,,,,,,,,,,,,,,,,,,,DLV,,,,,,,,,,,,,,,,,,,,,,,,,,,,,,,,,,,,,,,,,,,,,,,,,,,,,,,,,,,,,,,,,,,,,,,,,,,,,,,,,,,,,,,,,,,,,,,,,,,,,,,,,,,,,,,,,,,,,,,,,,,,,,,,,,,,OK,2026-07-26,2026-07-26
,,,,KOE0000038,ACC00038,Shipper 38,26/07/2026,Consignee 38,Addr 38,,,,,,KOE,DPS,REG,1,1.0,,,,,,,,,,,,,,,,,,,,,,,,,,,,,,,DLV,,,,,,,,,,,,,,,,,,,,,,,,,,,,,,,,,,,,,,,,,,,,,,,,,,,,,,,,,,,,,,,,,,,,,,,,,,,,,,,,,,,,,,,,,,,,,,,,,,,,,,,,,,,,,,,,,,,,,,,,,,,,,,,,,,,,OK,2026-07-26,2026-07-26
,,,,KOE0000039,ACC00039,Shipper 39,26/07/2026,Consignee 39,Addr 39,,,,,,KOE,DPS,REG,1,1.0,,,,,,,,,,,,,,,,,,,,,,,,,,,,,,,DLV,,,,,,,,,,,,,,,,,,,,,,,,,,,,,,,,,,,,,,,,,,,,,,,,,,,,,,,,,,,,,,,,,,,,,,,,,,,,,,,,,,,,,,,,,,,,,,,,,,,,,,,,,,,,,,,,,,,,,,,,,,,,,,,,,,,,OK,2026-07-26,2026-07-26
,,,,KOE0000040,ACC00040,Shipper 40,26/07/2026,Consignee 40,Addr 40,,,,,,KOE,DPS,REG,1,1.0,,,,,,,,,,,,,,,,,,,,,,,,,,,,,,,DLV,,,,,,,,,,,,,,,,,,,,,,,,,,,,,,,,,,,,,,,,,,,,,,,,,,,,,,,,,,,,,,,,,,,,,,,,,,,,,,,,,,,,,,,,,,,,,,,,,,,,,,,,,,,,,,,,,,,,,,,,,,,,,,,,,,,,OK,2026-07-26,2026-07-26
,,,,KOE0000041,ACC00041,Shipper 41,26/07/2026,Consignee 41,Addr 41,,,,,,KOE,DPS,REG,1,1.0,,,,,,,,,,,,,,,,,,,,,,,,,,,,,,,DLV,,,,,,,,,,,,,,,,,,,,,,,,,,,,,,,,,,,,,,,,,,,,,,,,,,,,,,,,,,,,,,,,,,,,,,,,,,,,,,,,,,,,,,,,,,,,,,,,,,,,,,,,,,,,,,,,,,,,,,,,,,,,,,,,,,,,OK,2026-07-26,2026-07-26
,,,,KOE0000042,ACC00042,Shipper 42,26/07/2026,Consignee 42,Addr 42,,,,,,KOE,DPS,REG,1,1.0,,,,,,,,,,,,,,,,,,,,,,,,,,,,,,,DLV,,,,,,,,,,,,,,,,,,,,,,,,,,,,,,,,,,,,,,,,,,,,,,,,,,,,,,,,,,,,,,,,,,,,,,,,,,,,,,,,,,,,,,,,,,,,,,,,,,,,,,,,,,,,,,,,,,,,,,,,,,,,,,,,,,,,OK,2026-07-26,2026-07-26
,,,,KOE0000043,ACC00043,Shipper 43,26/07/2026,Consignee 43,Addr 43,,,,,,KOE,DPS,REG,1,1.0,,,,,,,,,,,,,,,,,,,,,,,,,,,,,,,DLV,,,,,,,,,,,,,,,,,,,,,,,,,,,,,,,,,,,,,,,,,,,,,,,,,,,,,,,,,,,,,,,,,,,,,,,,,,,,,,,,,,,,,,,,,,,,,,,,,,,,,,,,,,,,,,,,,,,,,,,,,,,,,,,,,,,,OK,2026-07-26,2026-07-26
,,,,KOE0000044,ACC00044,Shipper 44,26/07/2026,Consignee 44,Addr 44,,,,,,KOE,DPS,REG,1,1.0,,,,,,,,,,,,,,,,,,,,,,,,,,,,,,,DLV,,,,,,,,,,,,,,,,,,,,,,,,,,,,,,,,,,,,,,,,,,,,,,,,,,,,,,,,,,,,,,,,,,,,,,,,,,,,,,,,,,,,,,,,,,,,,,,,,,,,,,,,,,,,,,,,,,,,,,,,,,,,,,,,,,,,OK,2026-07-26,2026-07-26
,,,,KOE0000045,ACC00045,Shipper 45,26/07/2026,Consignee 45,Addr 45,,,,,,KOE,DPS,REG,1,1.0,,,,,,,,,,,,,,,,,,,,,,,,,,,,,,,DLV,,,,,,,,,,,,,,,,,,,,,,,,,,,,,,,,,,,,,,,,,,,,,,,,,,,,,,,,,,,,,,,,,,,,,,,,,,,,,,,,,,,,,,,,,,,,,,,,,,,,,,,,,,,,,,,,,,,,,,,,,,,,,,,,,,,,OK,2026-07-26,2026-07-26
,,,,KOE0000046,ACC00046,Shipper 46,26/07/2026,Consignee 46,Addr 46,,,,,,KOE,DPS,REG,1,1.0,,,,,,,,,,,,,,,,,,,,,,,,,,,,,,,DLV,,,,,,,,,,,,,,,,,,,,,,,,,,,,,,,,,,,,,,,,,,,,,,,,,,,,,,,,,,,,,,,,,,,,,,,,,,,,,,,,,,,,,,,,,,,,,,,,,,,,,,,,,,,,,,,,,,,,,,,,,,,,,,,,,,,,OK,2026-07-26,2026-07-26
,,,,KOE0000047,ACC00047,Shipper 47,26/07/2026,Consignee 47,Addr 47,,,,,,KOE,DPS,REG,1,1.0,,,,,,,,,,,,,,,,,,,,,,,,,,,,,,,DLV,,,,,,,,,,,,,,,,,,,,,,,,,,,,,,,,,,,,,,,,,,,,,,,,,,,,,,,,,,,,,,,,,,,,,,,,,,,,,,,,,,,,,,,,,,,,,,,,,,,,,,,,,,,,,,,,,,,,,,,,,,,,,,,,,,,,OK,2026-07-26,2026-07-26
,,,,KOE0000048,ACC00048,Shipper 48,26/07/2026,Consignee 48,Addr 48,,,,,,KOE,DPS,REG,1,1.0,,,,,,,,,,,,,,,,,,,,,,,,,,,,,,,DLV,,,,,,,,,,,,,,,,,,,,,,,,,,,,,,,,,,,,,,,,,,,,,,,,,,,,,,,,,,,,,,,,,,,,,,,,,,,,,,,,,,,,,,,,,,,,,,,,,,,,,,,,,,,,,,,,,,,,,,,,,,,,,,,,,,,,OK,2026-07-26,2026-07-26
,,,,KOE0000049,ACC00049,Shipper 49,26/07/2026,Consignee 49,Addr 49,,,,,,KOE,DPS,REG,1,1.0,,,,,,,,,,,,,,,,,,,,,,,,,,,,,,,DLV,,,,,,,,,,,,,,,,,,,,,,,,,,,,,,,,,,,,,,,,,,,,,,,,,,,,,,,,,,,,,,,,,,,,,,,,,,,,,,,,,,,,,,,,,,,,,,,,,,,,,,,,,,,,,,,,,,,,,,,,,,,,,,,,,,,,OK,2026-07-26,2026-07-26
,,,,KOE0000050,ACC00050,Shipper 50,26/07/2026,Consignee 50,Addr 50,,,,,,KOE,DPS,REG,1,1.0,,,,,,,,,,,,,,,,,,,,,,,,,,,,,,,DLV,,,,,,,,,,,,,,,,,,,,,,,,,,,,,,,,,,,,,,,,,,,,,,,,,,,,,,,,,,,,,,,,,,,,,,,,,,,,,,,,,,,,,,,,,,,,,,,,,,,,,,,,,,,,,,,,,,,,,,,,,,,,,,,,,,,,OK,2026-07-26,2026-07-26
,,,,KOE0000051,ACC00051,Shipper 51,26/07/2026,Consignee 51,Addr 51,,,,,,KOE,DPS,REG,1,1.0,,,,,,,,,,,,,,,,,,,,,,,,,,,,,,,DLV,,,,,,,,,,,,,,,,,,,,,,,,,,,,,,,,,,,,,,,,,,,,,,,,,,,,,,,,,,,,,,,,,,,,,,,,,,,,,,,,,,,,,,,,,,,,,,,,,,,,,,,,,,,,,,,,,,,,,,,,,,,,,,,,,,,,OK,2026-07-26,2026-07-26
,,,,KOE0000052,ACC00052,Shipper 52,26/07/2026,Consignee 52,Addr 52,,,,,,KOE,DPS,REG,1,1.0,,,,,,,,,,,,,,,,,,,,,,,,,,,,,,,DLV,,,,,,,,,,,,,,,,,,,,,,,,,,,,,,,,,,,,,,,,,,,,,,,,,,,,,,,,,,,,,,,,,,,,,,,,,,,,,,,,,,,,,,,,,,,,,,,,,,,,,,,,,,,,,,,,,,,,,,,,,,,,,,,,,,,,OK,2026-07-26,2026-07-26
,,,,KOE0000053,ACC00053,Shipper 53,26/07/2026,Consignee 53,Addr 53,,,,,,KOE,DPS,REG,1,1.0,,,,,,,,,,,,,,,,,,,,,,,,,,,,,,,DLV,,,,,,,,,,,,,,,,,,,,,,,,,,,,,,,,,,,,,,,,,,,,,,,,,,,,,,,,,,,,,,,,,,,,,,,,,,,,,,,,,,,,,,,,,,,,,,,,,,,,,,,,,,,,,,,,,,,,,,,,,,,,,,,,,,,,OK,2026-07-26,2026-07-26
,,,,KOE0000054,ACC00054,Shipper 54,26/07/2026,Consignee 54,Addr 54,,,,,,KOE,DPS,REG,1,1.0,,,,,,,,,,,,,,,,,,,,,,,,,,,,,,,DLV,,,,,,,,,,,,,,,,,,,,,,,,,,,,,,,,,,,,,,,,,,,,,,,,,,,,,,,,,,,,,,,,,,,,,,,,,,,,,,,,,,,,,,,,,,,,,,,,,,,,,,,,,,,,,,,,,,,,,,,,,,,,,,,,,,,,OK,2026-07-26,2026-07-26
,,,,KOE0000055,ACC00055,Shipper 55,26/07/2026,Consignee 55,Addr 55,,,,,,KOE,DPS,REG,1,1.0,,,,,,,,,,,,,,,,,,,,,,,,,,,,,,,DLV,,,,,,,,,,,,,,,,,,,,,,,,,,,,,,,,,,,,,,,,,,,,,,,,,,,,,,,,,,,,,,,,,,,,,,,,,,,,,,,,,,,,,,,,,,,,,,,,,,,,,,,,,,,,,,,,,,,,,,,,,,,,,,,,,,,,OK,2026-07-26,2026-07-26
,,,,KOE0000056,ACC00056,Shipper 56,26/07/2026,Consignee 56,Addr 56,,,,,,KOE,DPS,REG,1,1.0,,,,,,,,,,,,,,,,,,,,,,,,,,,,,,,DLV,,,,,,,,,,,,,,,,,,,,,,,,,,,,,,,,,,,,,,,,,,,,,,,,,,,,,,,,,,,,,,,,,,,,,,,,,,,,,,,,,,,,,,,,,,,,,,,,,,,,,,,,,,,,,,,,,,,,,,,,,,,,,,,,,,,,OK,2026-07-26,2026-07-26
,,,,KOE0000057,ACC00057,Shipper 57,26/07/2026,Consignee 57,Addr 57,,,,,,KOE,DPS,REG,1,1.0,,,,,,,,,,,,,,,,,,,,,,,,,,,,,,,DLV,,,,,,,,,,,,,,,,,,,,,,,,,,,,,,,,,,,,,,,,,,,,,,,,,,,,,,,,,,,,,,,,,,,,,,,,,,,,,,,,,,,,,,,,,,,,,,,,,,,,,,,,,,,,,,,,,,,,,,,,,,,,,,,,,,,,OK,2026-07-26,2026-07-26
,,,,KOE0000058,ACC00058,Shipper 58,26/07/2026,Consignee 58,Addr 58,,,,,,KOE,DPS,REG,1,1.0,,,,,,,,,,,,,,,,,,,,,,,,,,,,,,,DLV,,,,,,,,,,,,,,,,,,,,,,,,,,,,,,,,,,,,,,,,,,,,,,,,,,,,,,,,,,,,,,,,,,,,,,,,,,,,,,,,,,,,,,,,,,,,,,,,,,,,,,,,,,,,,,,,,,,,,,,,,,,,,,,,,,,,OK,2026-07-26,2026-07-26
,,,,KOE0000059,ACC00059,Shipper 59,26/07/2026,Consignee 59,Addr 59,,,,,,KOE,DPS,REG,1,1.0,,,,,,,,,,,,,,,,,,,,,,,,,,,,,,,DLV,,,,,,,,,,,,,,,,,,,,,,,,,,,,,,,,,,,,,,,,,,,,,,,,,,,,,,,,,,,,,,,,,,,,,,,,,,,,,,,,,,,,,,,,,,,,,,,,,,,,,,,,,,,,,,,,,,,,,,,,,,,,,,,,,,,,OK,2026-07-26,2026-07-26
,,,,KOE0000060,ACC00060,Shipper 60,26/07/2026,Consignee 60,Addr 60,,,,,,KOE,DPS,REG,1,1.0,,,,,,,,,,,,,,,,,,,,,,,,,,,,,,,DLV,,,,,,,,,,,,,,,,,,,,,,,,,,,,,,,,,,,,,,,,,,,,,,,,,,,,,,,,,,,,,,,,,,,,,,,,,,,,,,,,,,,,,,,,,,,,,,,,,,,,,,,,,,,,,,,,,,,,,,,,,,,,,,,,,,,,OK,2026-07-26,2026-07-26
,,,,KOE0000061,ACC00061,Shipper 61,26/07/2026,Consignee 61,Addr 61,,,,,,KOE,DPS,REG,1,1.0,,,,,,,,,,,,,,,,,,,,,,,,,,,,,,,DLV,,,,,,,,,,,,,,,,,,,,,,,,,,,,,,,,,,,,,,,,,,,,,,,,,,,,,,,,,,,,,,,,,,,,,,,,,,,,,,,,,,,,,,,,,,,,,,,,,,,,,,,,,,,,,,,,,,,,,,,,,,,,,,,,,,,,OK,2026-07-26,2026-07-26
,,,,KOE0000062,ACC00062,Shipper 62,26/07/2026,Consignee 62,Addr 62,,,,,,KOE,DPS,REG,1,1.0,,,,,,,,,,,,,,,,,,,,,,,,,,,,,,,DLV,,,,,,,,,,,,,,,,,,,,,,,,,,,,,,,,,,,,,,,,,,,,,,,,,,,,,,,,,,,,,,,,,,,,,,,,,,,,,,,,,,,,,,,,,,,,,,,,,,,,,,,,,,,,,,,,,,,,,,,,,,,,,,,,,,,,OK,2026-07-26,2026-07-26
,,,,KOE0000063,ACC00063,Shipper 63,26/07/2026,Consignee 63,Addr 63,,,,,,KOE,DPS,REG,1,1.0,,,,,,,,,,,,,,,,,,,,,,,,,,,,,,,DLV,,,,,,,,,,,,,,,,,,,,,,,,,,,,,,,,,,,,,,,,,,,,,,,,,,,,,,,,,,,,,,,,,,,,,,,,,,,,,,,,,,,,,,,,,,,,,,,,,,,,,,,,,,,,,,,,,,,,,,,,,,,,,,,,,,,,OK,2026-07-26,2026-07-26
,,,,KOE0000064,ACC00064,Shipper 64,26/07/2026,Consignee 64,Addr 64,,,,,,KOE,DPS,REG,1,1.0,,,,,,,,,,,,,,,,,,,,,,,,,,,,,,,DLV,,,,,,,,,,,,,,,,,,,,,,,,,,,,,,,,,,,,,,,,,,,,,,,,,,,,,,,,,,,,,,,,,,,,,,,,,,,,,,,,,,,,,,,,,,,,,,,,,,,,,,,,,,,,,,,,,,,,,,,,,,,,,,,,,,,,OK,2026-07-26,2026-07-26
,,,,KOE0000065,ACC00065,Shipper 65,26/07/2026,Consignee 65,Addr 65,,,,,,KOE,DPS,REG,1,1.0,,,,,,,,,,,,,,,,,,,,,,,,,,,,,,,DLV,,,,,,,,,,,,,,,,,,,,,,,,,,,,,,,,,,,,,,,,,,,,,,,,,,,,,,,,,,,,,,,,,,,,,,,,,,,,,,,,,,,,,,,,,,,,,,,,,,,,,,,,,,,,,,,,,,,,,,,,,,,,,,,,,,,,OK,2026-07-26,2026-07-26
,,,,KOE0000066,ACC00066,Shipper 66,26/07/2026,Consignee 66,Addr 66,,,,,,KOE,DPS,REG,1,1.0,,,,,,,,,,,,,,,,,,,,,,,,,,,,,,,DLV,,,,,,,,,,,,,,,,,,,,,,,,,,,,,,,,,,,,,,,,,,,,,,,,,,,,,,,,,,,,,,,,,,,,,,,,,,,,,,,,,,,,,,,,,,,,,,,,,,,,,,,,,,,,,,,,,,,,,,,,,,,,,,,,,,,,OK,2026-07-26,2026-07-26
,,,,KOE0000067,ACC00067,Shipper 67,26/07/2026,Consignee 67,Addr 67,,,,,,KOE,DPS,REG,1,1.0,,,,,,,,,,,,,,,,,,,,,,,,,,,,,,,DLV,,,,,,,,,,,,,,,,,,,,,,,,,,,,,,,,,,,,,,,,,,,,,,,,,,,,,,,,,,,,,,,,,,,,,,,,,,,,,,,,,,,,,,,,,,,,,,,,,,,,,,,,,,,,,,,,,,,,,,,,,,,,,,,,,,,,OK,2026-07-26,2026-07-26
,,,,KOE0000068,ACC00068,Shipper 68,26/07/2026,Consignee 68,Addr 68,,,,,,KOE,DPS,REG,1,1.0,,,,,,,,,,,,,,,,,,,,,,,,,,,,,,,DLV,,,,,,,,,,,,,,,,,,,,,,,,,,,,,,,,,,,,,,,,,,,,,,,,,,,,,,,,,,,,,,,,,,,,,,,,,,,,,,,,,,,,,,,,,,,,,,,,,,,,,,,,,,,,,,,,,,,,,,,,,,,,,,,,,,,,OK,2026-07-26,2026-07-26
,,,,KOE0000069,ACC00069,Shipper 69,26/07/2026,Consignee 69,Addr 69,,,,,,KOE,DPS,REG,1,1.0,,,,,,,,,,,,,,,,,,,,,,,,,,,,,,,DLV,,,,,,,,,,,,,,,,,,,,,,,,,,,,,,,,,,,,,,,,,,,,,,,,,,,,,,,,,,,,,,,,,,,,,,,,,,,,,,,,,,,,,,,,,,,,,,,,,,,,,,,,,,,,,,,,,,,,,,,,,,,,,,,,,,,,OK,2026-07-26,2026-07-26
,,,,KOE0000070,ACC00070,Shipper 70,26/07/2026,Consignee 70,Addr 70,,,,,,KOE,DPS,REG,1,1.0,,,,,,,,,,,,,,,,,,,,,,,,,,,,,,,DLV,,,,,,,,,,,,,,,,,,,,,,,,,,,,,,,,,,,,,,,,,,,,,,,,,,,,,,,,,,,,,,,,,,,,,,,,,,,,,,,,,,,,,,,,,,,,,,,,,,,,,,,,,,,,,,,,,,,,,,,,,,,,,,,,,,,,OK,2026-07-26,2026-07-26
,,,,KOE0000071,ACC00071,Shipper 71,26/07/2026,Consignee 71,Addr 71,,,,,,KOE,DPS,REG,1,1.0,,,,,,,,,,,,,,,,,,,,,,,,,,,,,,,DLV,,,,,,,,,,,,,,,,,,,,,,,,,,,,,,,,,,,,,,,,,,,,,,,,,,,,,,,,,,,,,,,,,,,,,,,,,,,,,,,,,,,,,,,,,,,,,,,,,,,,,,,,,,,,,,,,,,,,,,,,,,,,,,,,,,,,OK,2026-07-26,2026-07-26
,,,,KOE0000072,ACC00072,Shipper 72,26/07/2026,Consignee 72,Addr 72,,,,,,KOE,DPS,REG,1,1.0,,,,,,,,,,,,,,,,,,,,,,,,,,,,,,,DLV,,,,,,,,,,,,,,,,,,,,,,,,,,,,,,,,,,,,,,,,,,,,,,,,,,,,,,,,,,,,,,,,,,,,,,,,,,,,,,,,,,,,,,,,,,,,,,,,,,,,,,,,,,,,,,,,,,,,,,,,,,,,,,,,,,,,OK,2026-07-26,2026-07-26
,,,,KOE0000073,ACC00073,Shipper 73,26/07/2026,Consignee 73,Addr 73,,,,,,KOE,DPS,REG,1,1.0,,,,,,,,,,,,,,,,,,,,,,,,,,,,,,,DLV,,,,,,,,,,,,,,,,,,,,,,,,,,,,,,,,,,,,,,,,,,,,,,,,,,,,,,,,,,,,,,,,,,,,,,,,,,,,,,,,,,,,,,,,,,,,,,,,,,,,,,,,,,,,,,,,,,,,,,,,,,,,,,,,,,,,OK,2026-07-26,2026-07-26
,,,,KOE0000074,ACC00074,Shipper 74,26/07/2026,Consignee 74,Addr 74,,,,,,KOE,DPS,REG,1,1.0,,,,,,,,,,,,,,,,,,,,,,,,,,,,,,,DLV,,,,,,,,,,,,,,,,,,,,,,,,,,,,,,,,,,,,,,,,,,,,,,,,,,,,,,,,,,,,,,,,,,,,,,,,,,,,,,,,,,,,,,,,,,,,,,,,,,,,,,,,,,,,,,,,,,,,,,,,,,,,,,,,,,,,OK,2026-07-26,2026-07-26
,,,,KOE0000075,ACC00075,Shipper 75,26/07/2026,Consignee 75,Addr 75,,,,,,KOE,DPS,REG,1,1.0,,,,,,,,,,,,,,,,,,,,,,,,,,,,,,,DLV,,,,,,,,,,,,,,,,,,,,,,,,,,,,,,,,,,,,,,,,,,,,,,,,,,,,,,,,,,,,,,,,,,,,,,,,,,,,,,,,,,,,,,,,,,,,,,,,,,,,,,,,,,,,,,,,,,,,,,,,,,,,,,,,,,,,OK,2026-07-26,2026-07-26
,,,,KOE0000076,ACC00076,Shipper 76,26/07/2026,Consignee 76,Addr 76,,,,,,KOE,DPS,REG,1,1.0,,,,,,,,,,,,,,,,,,,,,,,,,,,,,,,DLV,,,,,,,,,,,,,,,,,,,,,,,,,,,,,,,,,,,,,,,,,,,,,,,,,,,,,,,,,,,,,,,,,,,,,,,,,,,,,,,,,,,,,,,,,,,,,,,,,,,,,,,,,,,,,,,,,,,,,,,,,,,,,,,,,,,,OK,2026-07-26,2026-07-26
,,,,KOE0000077,ACC00077,Shipper 77,26/07/2026,Consignee 77,Addr 77,,,,,,KOE,DPS,REG,1,1.0,,,,,,,,,,,,,,,,,,,,,,,,,,,,,,,DLV,,,,,,,,,,,,,,,,,,,,,,,,,,,,,,,,,,,,,,,,,,,,,,,,,,,,,,,,,,,,,,,,,,,,,,,,,,,,,,,,,,,,,,,,,,,,,,,,,,,,,,,,,,,,,,,,,,,,,,,,,,,,,,,,,,,,OK,2026-07-26,2026-07-26
,,,,KOE0000078,ACC00078,Shipper 78,26/07/2026,Consignee 78,Addr 78,,,,,,KOE,DPS,REG,1,1.0,,,,,,,,,,,,,,,,,,,,,,,,,,,,,,,DLV,,,,,,,,,,,,,,,,,,,,,,,,,,,,,,,,,,,,,,,,,,,,,,,,,,,,,,,,,,,,,,,,,,,,,,,,,,,,,,,,,,,,,,,,,,,,,,,,,,,,,,,,,,,,,,,,,,,,,,,,,,,,,,,,,,,,OK,2026-07-26,2026-07-26
,,,,KOE0000079,ACC00079,Shipper 79,26/07/2026,Consignee 79,Addr 79,,,,,,KOE,DPS,REG,1,1.0,,,,,,,,,,,,,,,,,,,,,,,,,,,,,,,DLV,,,,,,,,,,,,,,,,,,,,,,,,,,,,,,,,,,,,,,,,,,,,,,,,,,,,,,,,,,,,,,,,,,,,,,,,,,,,,,,,,,,,,,,,,,,,,,,,,,,,,,,,,,,,,,,,,,,,,,,,,,,,,,,,,,,,OK,2026-07-26,2026-07-26
,,,,KOE0000080,ACC00080,Shipper 80,26/07/2026,Consignee 80,Addr 80,,,,,,KOE,DPS,REG,1,1.0,,,,,,,,,,,,,,,,,,,,,,,,,,,,,,,DLV,,,,,,,,,,,,,,,,,,,,,,,,,,,,,,,,,,,,,,,,,,,,,,,,,,,,,,,,,,,,,,,,,,,,,,,,,,,,,,,,,,,,,,,,,,,,,,,,,,,,,,,,,,,,,,,,,,,,,,,,,,,,,,,,,,,,OK,2026-07-26,2026-07-26
,,,,KOE0000081,ACC00081,Shipper 81,26/07/2026,Consignee 81,Addr 81,,,,,,KOE,DPS,REG,1,1.0,,,,,,,,,,,,,,,,,,,,,,,,,,,,,,,DLV,,,,,,,,,,,,,,,,,,,,,,,,,,,,,,,,,,,,,,,,,,,,,,,,,,,,,,,,,,,,,,,,,,,,,,,,,,,,,,,,,,,,,,,,,,,,,,,,,,,,,,,,,,,,,,,,,,,,,,,,,,,,,,,,,,,,OK,2026-07-26,2026-07-26
,,,,KOE0000082,ACC00082,Shipper 82,26/07/2026,Consignee 82,Addr 82,,,,,,KOE,DPS,REG,1,1.0,,,,,,,,,,,,,,,,,,,,,,,,,,,,,,,DLV,,,,,,,,,,,,,,,,,,,,,,,,,,,,,,,,,,,,,,,,,,,,,,,,,,,,,,,,,,,,,,,,,,,,,,,,,,,,,,,,,,,,,,,,,,,,,,,,,,,,,,,,,,,,,,,,,,,,,,,,,,,,,,,,,,,,OK,2026-07-26,2026-07-26
,,,,KOE0000083,ACC00083,Shipper 83,26/07/2026,Consignee 83,Addr 83,,,,,,KOE,DPS,REG,1,1.0,,,,,,,,,,,,,,,,,,,,,,,,,,,,,,,DLV,,,,,,,,,,,,,,,,,,,,,,,,,,,,,,,,,,,,,,,,,,,,,,,,,,,,,,,,,,,,,,,,,,,,,,,,,,,,,,,,,,,,,,,,,,,,,,,,,,,,,,,,,,,,,,,,,,,,,,,,,,,,,,,,,,,,OK,2026-07-26,2026-07-26
,,,,KOE0000084,ACC00084,Shipper 84,26/07/2026,Consignee 84,Addr 84,,,,,,KOE,DPS,REG,1,1.0,,,,,,,,,,,,,,,,,,,,,,,,,,,,,,,DLV,,,,,,,,,,,,,,,,,,,,,,,,,,,,,,,,,,,,,,,,,,,,,,,,,,,,,,,,,,,,,,,,,,,,,,,,,,,,,,,,,,,,,,,,,,,,,,,,,,,,,,,,,,,,,,,,,,,,,,,,,,,,,,,,,,,,OK,2026-07-26,2026-07-26
,,,,KOE0000085,ACC00085,Shipper 85,26/07/2026,Consignee 85,Addr 85,,,,,,KOE,DPS,REG,1,1.0,,,,,,,,,,,,,,,,,,,,,,,,,,,,,,,DLV,,,,,,,,,,,,,,,,,,,,,,,,,,,,,,,,,,,,,,,,,,,,,,,,,,,,,,,,,,,,,,,,,,,,,,,,,,,,,,,,,,,,,,,,,,,,,,,,,,,,,,,,,,,,,,,,,,,,,,,,,,,,,,,,,,,,OK,2026-07-26,2026-07-26
,,,,KOE0000086,ACC00086,Shipper 86,26/07/2026,Consignee 86,Addr 86,,,,,,KOE,DPS,REG,1,1.0,,,,,,,,,,,,,,,,,,,,,,,,,,,,,,,DLV,,,,,,,,,,,,,,,,,,,,,,,,,,,,,,,,,,,,,,,,,,,,,,,,,,,,,,,,,,,,,,,,,,,,,,,,,,,,,,,,,,,,,,,,,,,,,,,,,,,,,,,,,,,,,,,,,,,,,,,,,,,,,,,,,,,,OK,2026-07-26,2026-07-26
,,,,KOE0000087,ACC00087,Shipper 87,26/07/2026,Consignee 87,Addr 87,,,,,,KOE,DPS,REG,1,1.0,,,,,,,,,,,,,,,,,,,,,,,,,,,,,,,DLV,,,,,,,,,,,,,,,,,,,,,,,,,,,,,,,,,,,,,,,,,,,,,,,,,,,,,,,,,,,,,,,,,,,,,,,,,,,,,,,,,,,,,,,,,,,,,,,,,,,,,,,,,,,,,,,,,,,,,,,,,,,,,,,,,,,,OK,2026-07-26,2026-07-26
,,,,KOE0000088,ACC00088,Shipper 88,26/07/2026,Consignee 88,Addr 88,,,,,,KOE,DPS,REG,1,1.0,,,,,,,,,,,,,,,,,,,,,,,,,,,,,,,DLV,,,,,,,,,,,,,,,,,,,,,,,,,,,,,,,,,,,,,,,,,,,,,,,,,,,,,,,,,,,,,,,,,,,,,,,,,,,,,,,,,,,,,,,,,,,,,,,,,,,,,,,,,,,,,,,,,,,,,,,,,,,,,,,,,,,,OK,2026-07-26,2026-07-26
,,,,KOE0000089,ACC00089,Shipper 89,26/07/2026,Consignee 89,Addr 89,,,,,,KOE,DPS,REG,1,1.0,,,,,,,,,,,,,,,,,,,,,,,,,,,,,,,DLV,,,,,,,,,,,,,,,,,,,,,,,,,,,,,,,,,,,,,,,,,,,,,,,,,,,,,,,,,,,,,,,,,,,,,,,,,,,,,,,,,,,,,,,,,,,,,,,,,,,,,,,,,,,,,,,,,,,,,,,,,,,,,,,,,,,,OK,2026-07-26,2026-07-26
,,,,KOE0000090,ACC00090,Shipper 90,26/07/2026,Consignee 90,Addr 90,,,,,,KOE,DPS,REG,1,1.0,,,,,,,,,,,,,,,,,,,,,,,,,,,,,,,DLV,,,,,,,,,,,,,,,,,,,,,,,,,,,,,,,,,,,,,,,,,,,,,,,,,,,,,,,,,,,,,,,,,,,,,,,,,,,,,,,,,,,,,,,,,,,,,,,,,,,,,,,,,,,,,,,,,,,,,,,,,,,,,,,,,,,,OK,2026-07-26,2026-07-26
,,,,KOE0000091,ACC00091,Shipper 91,26/07/2026,Consignee 91,Addr 91,,,,,,KOE,DPS,REG,1,1.0,,,,,,,,,,,,,,,,,,,,,,,,,,,,,,,DLV,,,,,,,,,,,,,,,,,,,,,,,,,,,,,,,,,,,,,,,,,,,,,,,,,,,,,,,,,,,,,,,,,,,,,,,,,,,,,,,,,,,,,,,,,,,,,,,,,,,,,,,,,,,,,,,,,,,,,,,,,,,,,,,,,,,,OK,2026-07-26,2026-07-26
,,,,KOE0000092,ACC00092,Shipper 92,26/07/2026,Consignee 92,Addr 92,,,,,,KOE,DPS,REG,1,1.0,,,,,,,,,,,,,,,,,,,,,,,,,,,,,,,DLV,,,,,,,,,,,,,,,,,,,,,,,,,,,,,,,,,,,,,,,,,,,,,,,,,,,,,,,,,,,,,,,,,,,,,,,,,,,,,,,,,,,,,,,,,,,,,,,,,,,,,,,,,,,,,,,,,,,,,,,,,,,,,,,,,,,,OK,2026-07-26,2026-07-26
,,,,KOE0000093,ACC00093,Shipper 93,26/07/2026,Consignee 93,Addr 93,,,,,,KOE,DPS,REG,1,1.0,,,,,,,,,,,,,,,,,,,,,,,,,,,,,,,DLV,,,,,,,,,,,,,,,,,,,,,,,,,,,,,,,,,,,,,,,,,,,,,,,,,,,,,,,,,,,,,,,,,,,,,,,,,,,,,,,,,,,,,,,,,,,,,,,,,,,,,,,,,,,,,,,,,,,,,,,,,,,,,,,,,,,,OK,2026-07-26,2026-07-26
,,,,KOE0000094,ACC00094,Shipper 94,26/07/2026,Consignee 94,Addr 94,,,,,,KOE,DPS,REG,1,1.0,,,,,,,,,,,,,,,,,,,,,,,,,,,,,,,DLV,,,,,,,,,,,,,,,,,,,,,,,,,,,,,,,,,,,,,,,,,,,,,,,,,,,,,,,,,,,,,,,,,,,,,,,,,,,,,,,,,,,,,,,,,,,,,,,,,,,,,,,,,,,,,,,,,,,,,,,,,,,,,,,,,,,,OK,2026-07-26,2026-07-26
,,,,KOE0000095,ACC00095,Shipper 95,26/07/2026,Consignee 95,Addr 95,,,,,,KOE,DPS,REG,1,1.0,,,,,,,,,,,,,,,,,,,,,,,,,,,,,,,DLV,,,,,,,,,,,,,,,,,,,,,,,,,,,,,,,,,,,,,,,,,,,,,,,,,,,,,,,,,,,,,,,,,,,,,,,,,,,,,,,,,,,,,,,,,,,,,,,,,,,,,,,,,,,,,,,,,,,,,,,,,,,,,,,,,,,,OK,2026-07-26,2026-07-26
,,,,KOE0000096,ACC00096,Shipper 96,26/07/2026,Consignee 96,Addr 96,,,,,,KOE,DPS,REG,1,1.0,,,,,,,,,,,,,,,,,,,,,,,,,,,,,,,DLV,,,,,,,,,,,,,,,,,,,,,,,,,,,,,,,,,,,,,,,,,,,,,,,,,,,,,,,,,,,,,,,,,,,,,,,,,,,,,,,,,,,,,,,,,,,,,,,,,,,,,,,,,,,,,,,,,,,,,,,,,,,,,,,,,,,,OK,2026-07-26,2026-07-26
,,,,KOE0000097,ACC00097,Shipper 97,26/07/2026,Consignee 97,Addr 97,,,,,,KOE,DPS,REG,1,1.0,,,,,,,,,,,,,,,,,,,,,,,,,,,,,,,DLV,,,,,,,,,,,,,,,,,,,,,,,,,,,,,,,,,,,,,,,,,,,,,,,,,,,,,,,,,,,,,,,,,,,,,,,,,,,,,,,,,,,,,,,,,,,,,,,,,,,,,,,,,,,,,,,,,,,,,,,,,,,,,,,,,,,,OK,2026-07-26,2026-07-26
,,,,KOE0000098,ACC00098,Shipper 98,26/07/2026,Consignee 98,Addr 98,,,,,,KOE,DPS,REG,1,1.0,,,,,,,,,,,,,,,,,,,,,,,,,,,,,,,DLV,,,,,,,,,,,,,,,,,,,,,,,,,,,,,,,,,,,,,,,,,,,,,,,,,,,,,,,,,,,,,,,,,,,,,,,,,,,,,,,,,,,,,,,,,,,,,,,,,,,,,,,,,,,,,,,,,,,,,,,,,,,,,,,,,,,,OK,2026-07-26,2026-07-26
,,,,KOE0000099,ACC00099,Shipper 99,26/07/2026,Consignee 99,Addr 99,,,,,,KOE,DPS,REG,1,1.0,,,,,,,,,,,,,,,,,,,,,,,,,,,,,,,DLV,,,,,,,,,,,,,,,,,,,,,,,,,,,,,,,,,,,,,,,,,,,,,,,,,,,,,,,,,,,,,,,,,,,,,,,,,,,,,,,,,,,,,,,,,,,,,,,,,,,,,,,,,,,,,,,,,,,,,,,,,,,,,,,,,,,,OK,2026-07-26,2026-07-26
,,,,KOE0000100,ACC00100,Shipper 100,26/07/2026,Consignee 100,Addr 100,,,,,,KOE,DPS,REG,1,1.0,,,,,,,,,,,,,,,,,,,,,,,,,,,,,,,DLV,,,,,,,,,,,,,,,,,,,,,,,,,,,,,,,,,,,,,,,,,,,,,,,,,,,,,,,,,,,,,,,,,,,,,,,,,,,,,,,,,,,,,,,,,,,,,,,,,,,,,,,,,,,,,,,,,,,,,,,,,,,,,,,,,,,,OK,2026-07-26,2026-07-26
,,,,KOE0000101,ACC00101,Shipper 101,26/07/2026,Consignee 101,Addr 101,,,,,,KOE,DPS,REG,1,1.0,,,,,,,,,,,,,,,,,,,,,,,,,,,,,,,DLV,,,,,,,,,,,,,,,,,,,,,,,,,,,,,,,,,,,,,,,,,,,,,,,,,,,,,,,,,,,,,,,,,,,,,,,,,,,,,,,,,,,,,,,,,,,,,,,,,,,,,,,,,,,,,,,,,,,,,,,,,,,,,,,,,,,,OK,2026-07-26,2026-07-26
,,,,KOE0000102,ACC00102,Shipper 102,26/07/2026,Consignee 102,Addr 102,,,,,,KOE,DPS,REG,1,1.0,,,,,,,,,,,,,,,,,,,,,,,,,,,,,,,DLV,,,,,,,,,,,,,,,,,,,,,,,,,,,,,,,,,,,,,,,,,,,,,,,,,,,,,,,,,,,,,,,,,,,,,,,,,,,,,,,,,,,,,,,,,,,,,,,,,,,,,,,,,,,,,,,,,,,,,,,,,,,,,,,,,,,,OK,2026-07-26,2026-07-26
,,,,KOE0000103,ACC00103,Shipper 103,26/07/2026,Consignee 103,Addr 103,,,,,,KOE,DPS,REG,1,1.0,,,,,,,,,,,,,,,,,,,,,,,,,,,,,,,DLV,,,,,,,,,,,,,,,,,,,,,,,,,,,,,,,,,,,,,,,,,,,,,,,,,,,,,,,,,,,,,,,,,,,,,,,,,,,,,,,,,,,,,,,,,,,,,,,,,,,,,,,,,,,,,,,,,,,,,,,,,,,,,,,,,,,,OK,2026-07-26,2026-07-26
,,,,KOE0000104,ACC00104,Shipper 104,26/07/2026,Consignee 104,Addr 104,,,,,,KOE,DPS,REG,1,1.0,,,,,,,,,,,,,,,,,,,,,,,,,,,,,,,DLV,,,,,,,,,,,,,,,,,,,,,,,,,,,,,,,,,,,,,,,,,,,,,,,,,,,,,,,,,,,,,,,,,,,,,,,,,,,,,,,,,,,,,,,,,,,,,,,,,,,,,,,,,,,,,,,,,,,,,,,,,,,,,,,,,,,,OK,2026-07-26,2026-07-26
,,,,KOE0000105,ACC00105,Shipper 105,26/07/2026,Consignee 105,Addr 105,,,,,,KOE,DPS,REG,1,1.0,,,,,,,,,,,,,,,,,,,,,,,,,,,,,,,DLV,,,,,,,,,,,,,,,,,,,,,,,,,,,,,,,,,,,,,,,,,,,,,,,,,,,,,,,,,,,,,,,,,,,,,,,,,,,,,,,,,,,,,,,,,,,,,,,,,,,,,,,,,,,,,,,,,,,,,,,,,,,,,,,,,,,,OK,2026-07-26,2026-07-26
,,,,KOE0000106,ACC00106,Shipper 106,26/07/2026,Consignee 106,Addr 106,,,,,,KOE,DPS,REG,1,1.0,,,,,,,,,,,,,,,,,,,,,,,,,,,,,,,DLV,,,,,,,,,,,,,,,,,,,,,,,,,,,,,,,,,,,,,,,,,,,,,,,,,,,,,,,,,,,,,,,,,,,,,,,,,,,,,,,,,,,,,,,,,,,,,,,,,,,,,,,,,,,,,,,,,,,,,,,,,,,,,,,,,,,,OK,2026-07-26,2026-07-26
,,,,KOE0000107,ACC00107,Shipper 107,26/07/2026,Consignee 107,Addr 107,,,,,,KOE,DPS,REG,1,1.0,,,,,,,,,,,,,,,,,,,,,,,,,,,,,,,DLV,,,,,,,,,,,,,,,,,,,,,,,,,,,,,,,,,,,,,,,,,,,,,,,,,,,,,,,,,,,,,,,,,,,,,,,,,,,,,,,,,,,,,,,,,,,,,,,,,,,,,,,,,,,,,,,,,,,,,,,,,,,,,,,,,,,,OK,2026-07-26,2026-07-26
,,,,KOE0000108,ACC00108,Shipper 108,26/07/2026,Consignee 108,Addr 108,,,,,,KOE,DPS,REG,1,1.0,,,,,,,,,,,,,,,,,,,,,,,,,,,,,,,DLV,,,,,,,,,,,,,,,,,,,,,,,,,,,,,,,,,,,,,,,,,,,,,,,,,,,,,,,,,,,,,,,,,,,,,,,,,,,,,,,,,,,,,,,,,,,,,,,,,,,,,,,,,,,,,,,,,,,,,,,,,,,,,,,,,,,,OK,2026-07-26,2026-07-26
,,,,KOE0000109,ACC00109,Shipper 109,26/07/2026,Consignee 109,Addr 109,,,,,,KOE,DPS,REG,1,1.0,,,,,,,,,,,,,,,,,,,,,,,,,,,,,,,DLV,,,,,,,,,,,,,,,,,,,,,,,,,,,,,,,,,,,,,,,,,,,,,,,,,,,,,,,,,,,,,,,,,,,,,,,,,,,,,,,,,,,,,,,,,,,,,,,,,,,,,,,,,,,,,,,,,,,,,,,,,,,,,,,,,,,,OK,2026-07-26,2026-07-26
,,,,KOE0000110,ACC00110,Shipper 110,26/07/2026,Consignee 110,Addr 110,,,,,,KOE,DPS,REG,1,1.0,,,,,,,,,,,,,,,,,,,,,,,,,,,,,,,DLV,,,,,,,,,,,,,,,,,,,,,,,,,,,,,,,,,,,,,,,,,,,,,,,,,,,,,,,,,,,,,,,,,,,,,,,,,,,,,,,,,,,,,,,,,,,,,,,,,,,,,,,,,,,,,,,,,,,,,,,,,,,,,,,,,,,,OK,2026-07-26,2026-07-26
,,,,KOE0000111,ACC00111,Shipper 111,26/07/2026,Consignee 111,Addr 111,,,,,,KOE,DPS,REG,1,1.0,,,,,,,,,,,,,,,,,,,,,,,,,,,,,,,DLV,,,,,,,,,,,,,,,,,,,,,,,,,,,,,,,,,,,,,,,,,,,,,,,,,,,,,,,,,,,,,,,,,,,,,,,,,,,,,,,,,,,,,,,,,,,,,,,,,,,,,,,,,,,,,,,,,,,,,,,,,,,,,,,,,,,,OK,2026-07-26,2026-07-26
,,,,KOE0000112,ACC00112,Shipper 112,26/07/2026,Consignee 112,Addr 112,,,,,,KOE,DPS,REG,1,1.0,,,,,,,,,,,,,,,,,,,,,,,,,,,,,,,DLV,,,,,,,,,,,,,,,,,,,,,,,,,,,,,,,,,,,,,,,,,,,,,,,,,,,,,,,,,,,,,,,,,,,,,,,,,,,,,,,,,,,,,,,,,,,,,,,,,,,,,,,,,,,,,,,,,,,,,,,,,,,,,,,,,,,,OK,2026-07-26,2026-07-26
,,,,KOE0000113,ACC00113,Shipper 113,26/07/2026,Consignee 113,Addr 113,,,,,,KOE,DPS,REG,1,1.0,,,,,,,,,,,,,,,,,,,,,,,,,,,,,,,DLV,,,,,,,,,,,,,,,,,,,,,,,,,,,,,,,,,,,,,,,,,,,,,,,,,,,,,,,,,,,,,,,,,,,,,,,,,,,,,,,,,,,,,,,,,,,,,,,,,,,,,,,,,,,,,,,,,,,,,,,,,,,,,,,,,,,,OK,2026-07-26,2026-07-26
,,,,KOE0000114,ACC00114,Shipper 114,26/07/2026,Consignee 114,Addr 114,,,,,,KOE,DPS,REG,1,1.0,,,,,,,,,,,,,,,,,,,,,,,,,,,,,,,DLV,,,,,,,,,,,,,,,,,,,,,,,,,,,,,,,,,,,,,,,,,,,,,,,,,,,,,,,,,,,,,,,,,,,,,,,,,,,,,,,,,,,,,,,,,,,,,,,,,,,,,,,,,,,,,,,,,,,,,,,,,,,,,,,,,,,,OK,2026-07-26,2026-07-26
,,,,KOE0000115,ACC00115,Shipper 115,26/07/2026,Consignee 115,Addr 115,,,,,,KOE,DPS,REG,1,1.0,,,,,,,,,,,,,,,,,,,,,,,,,,,,,,,DLV,,,,,,,,,,,,,,,,,,,,,,,,,,,,,,,,,,,,,,,,,,,,,,,,,,,,,,,,,,,,,,,,,,,,,,,,,,,,,,,,,,,,,,,,,,,,,,,,,,,,,,,,,,,,,,,,,,,,,,,,,,,,,,,,,,,,OK,2026-07-26,2026-07-26
,,,,KOE0000116,ACC00116,Shipper 116,26/07/2026,Consignee 116,Addr 116,,,,,,KOE,DPS,REG,1,1.0,,,,,,,,,,,,,,,,,,,,,,,,,,,,,,,DLV,,,,,,,,,,,,,,,,,,,,,,,,,,,,,,,,,,,,,,,,,,,,,,,,,,,,,,,,,,,,,,,,,,,,,,,,,,,,,,,,,,,,,,,,,,,,,,,,,,,,,,,,,,,,,,,,,,,,,,,,,,,,,,,,,,,,OK,2026-07-26,2026-07-26
,,,,KOE0000117,ACC00117,Shipper 117,26/07/2026,Consignee 117,Addr 117,,,,,,KOE,DPS,REG,1,1.0,,,,,,,,,,,,,,,,,,,,,,,,,,,,,,,DLV,,,,,,,,,,,,,,,,,,,,,,,,,,,,,,,,,,,,,,,,,,,,,,,,,,,,,,,,,,,,,,,,,,,,,,,,,,,,,,,,,,,,,,,,,,,,,,,,,,,,,,,,,,,,,,,,,,,,,,,,,,,,,,,,,,,,OK,2026-07-26,2026-07-26
,,,,KOE0000118,ACC00118,Shipper 118,26/07/2026,Consignee 118,Addr 118,,,,,,KOE,DPS,REG,1,1.0,,,,,,,,,,,,,,,,,,,,,,,,,,,,,,,DLV,,,,,,,,,,,,,,,,,,,,,,,,,,,,,,,,,,,,,,,,,,,,,,,,,,,,,,,,,,,,,,,,,,,,,,,,,,,,,,,,,,,,,,,,,,,,,,,,,,,,,,,,,,,,,,,,,,,,,,,,,,,,,,,,,,,,OK,2026-07-26,2026-07-26
,,,,KOE0000119,ACC00119,Shipper 119,26/07/2026,Consignee 119,Addr 119,,,,,,KOE,DPS,REG,1,1.0,,,,,,,,,,,,,,,,,,,,,,,,,,,,,,,DLV,,,,,,,,,,,,,,,,,,,,,,,,,,,,,,,,,,,,,,,,,,,,,,,,,,,,,,,,,,,,,,,,,,,,,,,,,,,,,,,,,,,,,,,,,,,,,,,,,,,,,,,,,,,,,,,,,,,,,,,,,,,,,,,,,,,,OK,2026-07-26,2026-07-26
,,,,KOE0000120,ACC00120,Shipper 120,26/07/2026,Consignee 120,Addr 120,,,,,,KOE,DPS,REG,1,1.0,,,,,,,,,,,,,,,,,,,,,,,,,,,,,,,DLV,,,,,,,,,,,,,,,,,,,,,,,,,,,,,,,,,,,,,,,,,,,,,,,,,,,,,,,,,,,,,,,,,,,,,,,,,,,,,,,,,,,,,,,,,,,,,,,,,,,,,,,,,,,,,,,,,,,,,,,,,,,,,,,,,,,,OK,2026-07-26,2026-07-26
,,,,KOE0000121,ACC00121,Shipper 121,26/07/2026,Consignee 121,Addr 121,,,,,,KOE,DPS,REG,1,1.0,,,,,,,,,,,,,,,,,,,,,,,,,,,,,,,DLV,,,,,,,,,,,,,,,,,,,,,,,,,,,,,,,,,,,,,,,,,,,,,,,,,,,,,,,,,,,,,,,,,,,,,,,,,,,,,,,,,,,,,,,,,,,,,,,,,,,,,,,,,,,,,,,,,,,,,,,,,,,,,,,,,,,,OK,2026-07-26,2026-07-26
,,,,KOE0000122,ACC00122,Shipper 122,26/07/2026,Consignee 122,Addr 122,,,,,,KOE,DPS,REG,1,1.0,,,,,,,,,,,,,,,,,,,,,,,,,,,,,,,DLV,,,,,,,,,,,,,,,,,,,,,,,,,,,,,,,,,,,,,,,,,,,,,,,,,,,,,,,,,,,,,,,,,,,,,,,,,,,,,,,,,,,,,,,,,,,,,,,,,,,,,,,,,,,,,,,,,,,,,,,,,,,,,,,,,,,,OK,2026-07-26,2026-07-26
,,,,KOE0000123,ACC00123,Shipper 123,26/07/2026,Consignee 123,Addr 123,,,,,,KOE,DPS,REG,1,1.0,,,,,,,,,,,,,,,,,,,,,,,,,,,,,,,DLV,,,,,,,,,,,,,,,,,,,,,,,,,,,,,,,,,,,,,,,,,,,,,,,,,,,,,,,,,,,,,,,,,,,,,,,,,,,,,,,,,,,,,,,,,,,,,,,,,,,,,,,,,,,,,,,,,,,,,,,,,,,,,,,,,,,,OK,2026-07-26,2026-07-26
,,,,KOE0000124,ACC00124,Shipper 124,26/07/2026,Consignee 124,Addr 124,,,,,,KOE,DPS,REG,1,1.0,,,,,,,,,,,,,,,,,,,,,,,,,,,,,,,DLV,,,,,,,,,,,,,,,,,,,,,,,,,,,,,,,,,,,,,,,,,,,,,,,,,,,,,,,,,,,,,,,,,,,,,,,,,,,,,,,,,,,,,,,,,,,,,,,,,,,,,,,,,,,,,,,,,,,,,,,,,,,,,,,,,,,,OK,2026-07-26,2026-07-26
,,,,KOE0000125,ACC00125,Shipper 125,26/07/2026,Consignee 125,Addr 125,,,,,,KOE,DPS,REG,1,1.0,,,,,,,,,,,,,,,,,,,,,,,,,,,,,,,DLV,,,,,,,,,,,,,,,,,,,,,,,,,,,,,,,,,,,,,,,,,,,,,,,,,,,,,,,,,,,,,,,,,,,,,,,,,,,,,,,,,,,,,,,,,,,,,,,,,,,,,,,,,,,,,,,,,,,,,,,,,,,,,,,,,,,,OK,2026-07-26,2026-07-26
,,,,KOE0000126,ACC00126,Shipper 126,26/07/2026,Consignee 126,Addr 126,,,,,,KOE,DPS,REG,1,1.0,,,,,,,,,,,,,,,,,,,,,,,,,,,,,,,DLV,,,,,,,,,,,,,,,,,,,,,,,,,,,,,,,,,,,,,,,,,,,,,,,,,,,,,,,,,,,,,,,,,,,,,,,,,,,,,,,,,,,,,,,,,,,,,,,,,,,,,,,,,,,,,,,,,,,,,,,,,,,,,,,,,,,,OK,2026-07-26,2026-07-26
,,,,KOE0000127,ACC00127,Shipper 127,26/07/2026,Consignee 127,Addr 127,,,,,,KOE,DPS,REG,1,1.0,,,,,,,,,,,,,,,,,,,,,,,,,,,,,,,DLV,,,,,,,,,,,,,,,,,,,,,,,,,,,,,,,,,,,,,,,,,,,,,,,,,,,,,,,,,,,,,,,,,,,,,,,,,,,,,,,,,,,,,,,,,,,,,,,,,,,,,,,,,,,,,,,,,,,,,,,,,,,,,,,,,,,,OK,2026-07-26,2026-07-26
,,,,KOE0000128,ACC00128,Shipper 128,26/07/2026,Consignee 128,Addr 128,,,,,,KOE,DPS,REG,1,1.0,,,,,,,,,,,,,,,,,,,,,,,,,,,,,,,DLV,,,,,,,,,,,,,,,,,,,,,,,,,,,,,,,,,,,,,,,,,,,,,,,,,,,,,,,,,,,,,,,,,,,,,,,,,,,,,,,,,,,,,,,,,,,,,,,,,,,,,,,,,,,,,,,,,,,,,,,,,,,,,,,,,,,,OK,2026-07-26,2026-07-26
,,,,KOE0000129,ACC00129,Shipper 129,26/07/2026,Consignee 129,Addr 129,,,,,,KOE,DPS,REG,1,1.0,,,,,,,,,,,,,,,,,,,,,,,,,,,,,,,DLV,,,,,,,,,,,,,,,,,,,,,,,,,,,,,,,,,,,,,,,,,,,,,,,,,,,,,,,,,,,,,,,,,,,,,,,,,,,,,,,,,,,,,,,,,,,,,,,,,,,,,,,,,,,,,,,,,,,,,,,,,,,,,,,,,,,,OK,2026-07-26,2026-07-26
,,,,KOE0000130,ACC00130,Shipper 130,26/07/2026,Consignee 130,Addr 130,,,,,,KOE,DPS,REG,1,1.0,,,,,,,,,,,,,,,,,,,,,,,,,,,,,,,DLV,,,,,,,,,,,,,,,,,,,,,,,,,,,,,,,,,,,,,,,,,,,,,,,,,,,,,,,,,,,,,,,,,,,,,,,,,,,,,,,,,,,,,,,,,,,,,,,,,,,,,,,,,,,,,,,,,,,,,,,,,,,,,,,,,,,,OK,2026-07-26,2026-07-26
,,,,KOE0000131,ACC00131,Shipper 131,26/07/2026,Consignee 131,Addr 131,,,,,,KOE,DPS,REG,1,1.0,,,,,,,,,,,,,,,,,,,,,,,,,,,,,,,DLV,,,,,,,,,,,,,,,,,,,,,,,,,,,,,,,,,,,,,,,,,,,,,,,,,,,,,,,,,,,,,,,,,,,,,,,,,,,,,,,,,,,,,,,,,,,,,,,,,,,,,,,,,,,,,,,,,,,,,,,,,,,,,,,,,,,,OK,2026-07-26,2026-07-26
,,,,KOE0000132,ACC00132,Shipper 132,26/07/2026,Consignee 132,Addr 132,,,,,,KOE,DPS,REG,1,1.0,,,,,,,,,,,,,,,,,,,,,,,,,,,,,,,DLV,,,,,,,,,,,,,,,,,,,,,,,,,,,,,,,,,,,,,,,,,,,,,,,,,,,,,,,,,,,,,,,,,,,,,,,,,,,,,,,,,,,,,,,,,,,,,,,,,,,,,,,,,,,,,,,,,,,,,,,,,,,,,,,,,,,,OK,2026-07-26,2026-07-26
,,,,KOE0000133,ACC00133,Shipper 133,26/07/2026,Consignee 133,Addr 133,,,,,,KOE,DPS,REG,1,1.0,,,,,,,,,,,,,,,,,,,,,,,,,,,,,,,DLV,,,,,,,,,,,,,,,,,,,,,,,,,,,,,,,,,,,,,,,,,,,,,,,,,,,,,,,,,,,,,,,,,,,,,,,,,,,,,,,,,,,,,,,,,,,,,,,,,,,,,,,,,,,,,,,,,,,,,,,,,,,,,,,,,,,,OK,2026-07-26,2026-07-26
,,,,KOE0000134,ACC00134,Shipper 134,26/07/2026,Consignee 134,Addr 134,,,,,,KOE,DPS,REG,1,1.0,,,,,,,,,,,,,,,,,,,,,,,,,,,,,,,DLV,,,,,,,,,,,,,,,,,,,,,,,,,,,,,,,,,,,,,,,,,,,,,,,,,,,,,,,,,,,,,,,,,,,,,,,,,,,,,,,,,,,,,,,,,,,,,,,,,,,,,,,,,,,,,,,,,,,,,,,,,,,,,,,,,,,,OK,2026-07-26,2026-07-26
,,,,KOE0000135,ACC00135,Shipper 135,26/07/2026,Consignee 135,Addr 135,,,,,,KOE,DPS,REG,1,1.0,,,,,,,,,,,,,,,,,,,,,,,,,,,,,,,DLV,,,,,,,,,,,,,,,,,,,,,,,,,,,,,,,,,,,,,,,,,,,,,,,,,,,,,,,,,,,,,,,,,,,,,,,,,,,,,,,,,,,,,,,,,,,,,,,,,,,,,,,,,,,,,,,,,,,,,,,,,,,,,,,,,,,,OK,2026-07-26,2026-07-26
,,,,KOE0000136,ACC00136,Shipper 136,26/07/2026,Consignee 136,Addr 136,,,,,,KOE,DPS,REG,1,1.0,,,,,,,,,,,,,,,,,,,,,,,,,,,,,,,DLV,,,,,,,,,,,,,,,,,,,,,,,,,,,,,,,,,,,,,,,,,,,,,,,,,,,,,,,,,,,,,,,,,,,,,,,,,,,,,,,,,,,,,,,,,,,,,,,,,,,,,,,,,,,,,,,,,,,,,,,,,,,,,,,,,,,,OK,2026-07-26,2026-07-26
,,,,KOE0000137,ACC00137,Shipper 137,26/07/2026,Consignee 137,Addr 137,,,,,,KOE,DPS,REG,1,1.0,,,,,,,,,,,,,,,,,,,,,,,,,,,,,,,DLV,,,,,,,,,,,,,,,,,,,,,,,,,,,,,,,,,,,,,,,,,,,,,,,,,,,,,,,,,,,,,,,,,,,,,,,,,,,,,,,,,,,,,,,,,,,,,,,,,,,,,,,,,,,,,,,,,,,,,,,,,,,,,,,,,,,,OK,2026-07-26,2026-07-26
,,,,KOE0000138,ACC00138,Shipper 138,26/07/2026,Consignee 138,Addr 138,,,,,,KOE,DPS,REG,1,1.0,,,,,,,,,,,,,,,,,,,,,,,,,,,,,,,DLV,,,,,,,,,,,,,,,,,,,,,,,,,,,,,,,,,,,,,,,,,,,,,,,,,,,,,,,,,,,,,,,,,,,,,,,,,,,,,,,,,,,,,,,,,,,,,,,,,,,,,,,,,,,,,,,,,,,,,,,,,,,,,,,,,,,,OK,2026-07-26,2026-07-26
,,,,KOE0000139,ACC00139,Shipper 139,26/07/2026,Consignee 139,Addr 139,,,,,,KOE,DPS,REG,1,1.0,,,,,,,,,,,,,,,,,,,,,,,,,,,,,,,DLV,,,,,,,,,,,,,,,,,,,,,,,,,,,,,,,,,,,,,,,,,,,,,,,,,,,,,,,,,,,,,,,,,,,,,,,,,,,,,,,,,,,,,,,,,,,,,,,,,,,,,,,,,,,,,,,,,,,,,,,,,,,,,,,,,,,,OK,2026-07-26,2026-07-26
,,,,KOE0000140,ACC00140,Shipper 140,26/07/2026,Consignee 140,Addr 140,,,,,,KOE,DPS,REG,1,1.0,,,,,,,,,,,,,,,,,,,,,,,,,,,,,,,DLV,,,,,,,,,,,,,,,,,,,,,,,,,,,,,,,,,,,,,,,,,,,,,,,,,,,,,,,,,,,,,,,,,,,,,,,,,,,,,,,,,,,,,,,,,,,,,,,,,,,,,,,,,,,,,,,,,,,,,,,,,,,,,,,,,,,,OK,2026-07-26,2026-07-26
,,,,KOE0000141,ACC00141,Shipper 141,26/07/2026,Consignee 141,Addr 141,,,,,,KOE,DPS,REG,1,1.0,,,,,,,,,,,,,,,,,,,,,,,,,,,,,,,DLV,,,,,,,,,,,,,,,,,,,,,,,,,,,,,,,,,,,,,,,,,,,,,,,,,,,,,,,,,,,,,,,,,,,,,,,,,,,,,,,,,,,,,,,,,,,,,,,,,,,,,,,,,,,,,,,,,,,,,,,,,,,,,,,,,,,,OK,2026-07-26,2026-07-26
,,,,KOE0000142,ACC00142,Shipper 142,26/07/2026,Consignee 142,Addr 142,,,,,,KOE,DPS,REG,1,1.0,,,,,,,,,,,,,,,,,,,,,,,,,,,,,,,DLV,,,,,,,,,,,,,,,,,,,,,,,,,,,,,,,,,,,,,,,,,,,,,,,,,,,,,,,,,,,,,,,,,,,,,,,,,,,,,,,,,,,,,,,,,,,,,,,,,,,,,,,,,,,,,,,,,,,,,,,,,,,,,,,,,,,,OK,2026-07-26,2026-07-26
,,,,KOE0000143,ACC00143,Shipper 143,26/07/2026,Consignee 143,Addr 143,,,,,,KOE,DPS,REG,1,1.0,,,,,,,,,,,,,,,,,,,,,,,,,,,,,,,DLV,,,,,,,,,,,,,,,,,,,,,,,,,,,,,,,,,,,,,,,,,,,,,,,,,,,,,,,,,,,,,,,,,,,,,,,,,,,,,,,,,,,,,,,,,,,,,,,,,,,,,,,,,,,,,,,,,,,,,,,,,,,,,,,,,,,,OK,2026-07-26,2026-07-26
,,,,KOE0000144,ACC00144,Shipper 144,26/07/2026,Consignee 144,Addr 144,,,,,,KOE,DPS,REG,1,1.0,,,,,,,,,,,,,,,,,,,,,,,,,,,,,,,DLV,,,,,,,,,,,,,,,,,,,,,,,,,,,,,,,,,,,,,,,,,,,,,,,,,,,,,,,,,,,,,,,,,,,,,,,,,,,,,,,,,,,,,,,,,,,,,,,,,,,,,,,,,,,,,,,,,,,,,,,,,,,,,,,,,,,,OK,2026-07-26,2026-07-26
,,,,KOE0000145,ACC00145,Shipper 145,26/07/2026,Consignee 145,Addr 145,,,,,,KOE,DPS,REG,1,1.0,,,,,,,,,,,,,,,,,,,,,,,,,,,,,,,DLV,,,,,,,,,,,,,,,,,,,,,,,,,,,,,,,,,,,,,,,,,,,,,,,,,,,,,,,,,,,,,,,,,,,,,,,,,,,,,,,,,,,,,,,,,,,,,,,,,,,,,,,,,,,,,,,,,,,,,,,,,,,,,,,,,,,,OK,2026-07-26,2026-07-26
,,,,KOE0000146,ACC00146,Shipper 146,26/07/2026,Consignee 146,Addr 146,,,,,,KOE,DPS,REG,1,1.0,,,,,,,,,,,,,,,,,,,,,,,,,,,,,,,DLV,,,,,,,,,,,,,,,,,,,,,,,,,,,,,,,,,,,,,,,,,,,,,,,,,,,,,,,,,,,,,,,,,,,,,,,,,,,,,,,,,,,,,,,,,,,,,,,,,,,,,,,,,,,,,,,,,,,,,,,,,,,,,,,,,,,,OK,2026-07-26,2026-07-26
,,,,KOE0000147,ACC00147,Shipper 147,26/07/2026,Consignee 147,Addr 147,,,,,,KOE,DPS,REG,1,1.0,,,,,,,,,,,,,,,,,,,,,,,,,,,,,,,DLV,,,,,,,,,,,,,,,,,,,,,,,,,,,,,,,,,,,,,,,,,,,,,,,,,,,,,,,,,,,,,,,,,,,,,,,,,,,,,,,,,,,,,,,,,,,,,,,,,,,,,,,,,,,,,,,,,,,,,,,,,,,,,,,,,,,,OK,2026-07-26,2026-07-26
,,,,KOE0000148,ACC00148,Shipper 148,26/07/2026,Consignee 148,Addr 148,,,,,,KOE,DPS,REG,1,1.0,,,,,,,,,,,,,,,,,,,,,,,,,,,,,,,DLV,,,,,,,,,,,,,,,,,,,,,,,,,,,,,,,,,,,,,,,,,,,,,,,,,,,,,,,,,,,,,,,,,,,,,,,,,,,,,,,,,,,,,,,,,,,,,,,,,,,,,,,,,,,,,,,,,,,,,,,,,,,,,,,,,,,,OK,2026-07-26,2026-07-26
,,,,KOE0000149,ACC00149,Shipper 149,26/07/2026,Consignee 149,Addr 149,,,,,,KOE,DPS,REG,1,1.0,,,,,,,,,,,,,,,,,,,,,,,,,,,,,,,DLV,,,,,,,,,,,,,,,,,,,,,,,,,,,,,,,,,,,,,,,,,,,,,,,,,,,,,,,,,,,,,,,,,,,,,,,,,,,,,,,,,,,,,,,,,,,,,,,,,,,,,,,,,,,,,,,,,,,,,,,,,,,,,,,,,,,,OK,2026-07-26,2026-07-26
,,,,KOE0000150,ACC00150,Shipper 150,26/07/2026,Consignee 150,Addr 150,,,,,,KOE,DPS,REG,1,1.0,,,,,,,,,,,,,,,,,,,,,,,,,,,,,,,DLV,,,,,,,,,,,,,,,,,,,,,,,,,,,,,,,,,,,,,,,,,,,,,,,,,,,,,,,,,,,,,,,,,,,,,,,,,,,,,,,,,,,,,,,,,,,,,,,,,,,,,,,,,,,,,,,,,,,,,,,,,,,,,,,,,,,,OK,2026-07-26,2026-07-26
,,,,KOE0000151,ACC00151,Shipper 151,26/07/2026,Consignee 151,Addr 151,,,,,,KOE,DPS,REG,1,1.0,,,,,,,,,,,,,,,,,,,,,,,,,,,,,,,DLV,,,,,,,,,,,,,,,,,,,,,,,,,,,,,,,,,,,,,,,,,,,,,,,,,,,,,,,,,,,,,,,,,,,,,,,,,,,,,,,,,,,,,,,,,,,,,,,,,,,,,,,,,,,,,,,,,,,,,,,,,,,,,,,,,,,,OK,2026-07-26,2026-07-26
,,,,KOE0000152,ACC00152,Shipper 152,26/07/2026,Consignee 152,Addr 152,,,,,,KOE,DPS,REG,1,1.0,,,,,,,,,,,,,,,,,,,,,,,,,,,,,,,DLV,,,,,,,,,,,,,,,,,,,,,,,,,,,,,,,,,,,,,,,,,,,,,,,,,,,,,,,,,,,,,,,,,,,,,,,,,,,,,,,,,,,,,,,,,,,,,,,,,,,,,,,,,,,,,,,,,,,,,,,,,,,,,,,,,,,,OK,2026-07-26,2026-07-26
,,,,KOE0000153,ACC00153,Shipper 153,26/07/2026,Consignee 153,Addr 153,,,,,,KOE,DPS,REG,1,1.0,,,,,,,,,,,,,,,,,,,,,,,,,,,,,,,DLV,,,,,,,,,,,,,,,,,,,,,,,,,,,,,,,,,,,,,,,,,,,,,,,,,,,,,,,,,,,,,,,,,,,,,,,,,,,,,,,,,,,,,,,,,,,,,,,,,,,,,,,,,,,,,,,,,,,,,,,,,,,,,,,,,,,,OK,2026-07-26,2026-07-26
,,,,KOE0000154,ACC00154,Shipper 154,26/07/2026,Consignee 154,Addr 154,,,,,,KOE,DPS,REG,1,1.0,,,,,,,,,,,,,,,,,,,,,,,,,,,,,,,DLV,,,,,,,,,,,,,,,,,,,,,,,,,,,,,,,,,,,,,,,,,,,,,,,,,,,,,,,,,,,,,,,,,,,,,,,,,,,,,,,,,,,,,,,,,,,,,,,,,,,,,,,,,,,,,,,,,,,,,,,,,,,,,,,,,,,,OK,2026-07-26,2026-07-26
,,,,KOE0000155,ACC00155,Shipper 155,26/07/2026,Consignee 155,Addr 155,,,,,,KOE,DPS,REG,1,1.0,,,,,,,,,,,,,,,,,,,,,,,,,,,,,,,DLV,,,,,,,,,,,,,,,,,,,,,,,,,,,,,,,,,,,,,,,,,,,,,,,,,,,,,,,,,,,,,,,,,,,,,,,,,,,,,,,,,,,,,,,,,,,,,,,,,,,,,,,,,,,,,,,,,,,,,,,,,,,,,,,,,,,,OK,2026-07-26,2026-07-26
,,,,KOE0000156,ACC00156,Shipper 156,26/07/2026,Consignee 156,Addr 156,,,,,,KOE,DPS,REG,1,1.0,,,,,,,,,,,,,,,,,,,,,,,,,,,,,,,DLV,,,,,,,,,,,,,,,,,,,,,,,,,,,,,,,,,,,,,,,,,,,,,,,,,,,,,,,,,,,,,,,,,,,,,,,,,,,,,,,,,,,,,,,,,,,,,,,,,,,,,,,,,,,,,,,,,,,,,,,,,,,,,,,,,,,,OK,2026-07-26,2026-07-26
,,,,KOE0000157,ACC00157,Shipper 157,26/07/2026,Consignee 157,Addr 157,,,,,,KOE,DPS,REG,1,1.0,,,,,,,,,,,,,,,,,,,,,,,,,,,,,,,DLV,,,,,,,,,,,,,,,,,,,,,,,,,,,,,,,,,,,,,,,,,,,,,,,,,,,,,,,,,,,,,,,,,,,,,,,,,,,,,,,,,,,,,,,,,,,,,,,,,,,,,,,,,,,,,,,,,,,,,,,,,,,,,,,,,,,,OK,2026-07-26,2026-07-26
,,,,KOE0000158,ACC00158,Shipper 158,26/07/2026,Consignee 158,Addr 158,,,,,,KOE,DPS,REG,1,1.0,,,,,,,,,,,,,,,,,,,,,,,,,,,,,,,DLV,,,,,,,,,,,,,,,,,,,,,,,,,,,,,,,,,,,,,,,,,,,,,,,,,,,,,,,,,,,,,,,,,,,,,,,,,,,,,,,,,,,,,,,,,,,,,,,,,,,,,,,,,,,,,,,,,,,,,,,,,,,,,,,,,,,,OK,2026-07-26,2026-07-26
,,,,KOE0000159,ACC00159,Shipper 159,26/07/2026,Consignee 159,Addr 159,,,,,,KOE,DPS,REG,1,1.0,,,,,,,,,,,,,,,,,,,,,,,,,,,,,,,DLV,,,,,,,,,,,,,,,,,,,,,,,,,,,,,,,,,,,,,,,,,,,,,,,,,,,,,,,,,,,,,,,,,,,,,,,,,,,,,,,,,,,,,,,,,,,,,,,,,,,,,,,,,,,,,,,,,,,,,,,,,,,,,,,,,,,,OK,2026-07-26,2026-07-26
,,,,KOE0000160,ACC00160,Shipper 160,26/07/2026,Consignee 160,Addr 160,,,,,,KOE,DPS,REG,1,1.0,,,,,,,,,,,,,,,,,,,,,,,,,,,,,,,DLV,,,,,,,,,,,,,,,,,,,,,,,,,,,,,,,,,,,,,,,,,,,,,,,,,,,,,,,,,,,,,,,,,,,,,,,,,,,,,,,,,,,,,,,,,,,,,,,,,,,,,,,,,,,,,,,,,,,,,,,,,,,,,,,,,,,,OK,2026-07-26,2026-07-26
,,,,KOE0000161,ACC00161,Shipper 161,26/07/2026,Consignee 161,Addr 161,,,,,,KOE,DPS,REG,1,1.0,,,,,,,,,,,,,,,,,,,,,,,,,,,,,,,DLV,,,,,,,,,,,,,,,,,,,,,,,,,,,,,,,,,,,,,,,,,,,,,,,,,,,,,,,,,,,,,,,,,,,,,,,,,,,,,,,,,,,,,,,,,,,,,,,,,,,,,,,,,,,,,,,,,,,,,,,,,,,,,,,,,,,,OK,2026-07-26,2026-07-26
,,,,KOE0000162,ACC00162,Shipper 162,26/07/2026,Consignee 162,Addr 162,,,,,,KOE,DPS,REG,1,1.0,,,,,,,,,,,,,,,,,,,,,,,,,,,,,,,DLV,,,,,,,,,,,,,,,,,,,,,,,,,,,,,,,,,,,,,,,,,,,,,,,,,,,,,,,,,,,,,,,,,,,,,,,,,,,,,,,,,,,,,,,,,,,,,,,,,,,,,,,,,,,,,,,,,,,,,,,,,,,,,,,,,,,,OK,2026-07-26,2026-07-26
,,,,KOE0000163,ACC00163,Shipper 163,26/07/2026,Consignee 163,Addr 163,,,,,,KOE,DPS,REG,1,1.0,,,,,,,,,,,,,,,,,,,,,,,,,,,,,,,DLV,,,,,,,,,,,,,,,,,,,,,,,,,,,,,,,,,,,,,,,,,,,,,,,,,,,,,,,,,,,,,,,,,,,,,,,,,,,,,,,,,,,,,,,,,,,,,,,,,,,,,,,,,,,,,,,,,,,,,,,,,,,,,,,,,,,,OK,2026-07-26,2026-07-26
,,,,KOE0000164,ACC00164,Shipper 164,26/07/2026,Consignee 164,Addr 164,,,,,,KOE,DPS,REG,1,1.0,,,,,,,,,,,,,,,,,,,,,,,,,,,,,,,DLV,,,,,,,,,,,,,,,,,,,,,,,,,,,,,,,,,,,,,,,,,,,,,,,,,,,,,,,,,,,,,,,,,,,,,,,,,,,,,,,,,,,,,,,,,,,,,,,,,,,,,,,,,,,,,,,,,,,,,,,,,,,,,,,,,,,,OK,2026-07-26,2026-07-26
,,,,KOE0000165,ACC00165,Shipper 165,26/07/2026,Consignee 165,Addr 165,,,,,,KOE,DPS,REG,1,1.0,,,,,,,,,,,,,,,,,,,,,,,,,,,,,,,DLV,,,,,,,,,,,,,,,,,,,,,,,,,,,,,,,,,,,,,,,,,,,,,,,,,,,,,,,,,,,,,,,,,,,,,,,,,,,,,,,,,,,,,,,,,,,,,,,,,,,,,,,,,,,,,,,,,,,,,,,,,,,,,,,,,,,,OK,2026-07-26,2026-07-26
,,,,KOE0000166,ACC00166,Shipper 166,26/07/2026,Consignee 166,Addr 166,,,,,,KOE,DPS,REG,1,1.0,,,,,,,,,,,,,,,,,,,,,,,,,,,,,,,DLV,,,,,,,,,,,,,,,,,,,,,,,,,,,,,,,,,,,,,,,,,,,,,,,,,,,,,,,,,,,,,,,,,,,,,,,,,,,,,,,,,,,,,,,,,,,,,,,,,,,,,,,,,,,,,,,,,,,,,,,,,,,,,,,,,,,,OK,2026-07-26,2026-07-26
,,,,KOE0000167,ACC00167,Shipper 167,26/07/2026,Consignee 167,Addr 167,,,,,,KOE,DPS,REG,1,1.0,,,,,,,,,,,,,,,,,,,,,,,,,,,,,,,DLV,,,,,,,,,,,,,,,,,,,,,,,,,,,,,,,,,,,,,,,,,,,,,,,,,,,,,,,,,,,,,,,,,,,,,,,,,,,,,,,,,,,,,,,,,,,,,,,,,,,,,,,,,,,,,,,,,,,,,,,,,,,,,,,,,,,,OK,2026-07-26,2026-07-26
,,,,KOE0000168,ACC00168,Shipper 168,26/07/2026,Consignee 168,Addr 168,,,,,,KOE,DPS,REG,1,1.0,,,,,,,,,,,,,,,,,,,,,,,,,,,,,,,DLV,,,,,,,,,,,,,,,,,,,,,,,,,,,,,,,,,,,,,,,,,,,,,,,,,,,,,,,,,,,,,,,,,,,,,,,,,,,,,,,,,,,,,,,,,,,,,,,,,,,,,,,,,,,,,,,,,,,,,,,,,,,,,,,,,,,,OK,2026-07-26,2026-07-26
,,,,KOE0000169,ACC00169,Shipper 169,26/07/2026,Consignee 169,Addr 169,,,,,,KOE,DPS,REG,1,1.0,,,,,,,,,,,,,,,,,,,,,,,,,,,,,,,DLV,,,,,,,,,,,,,,,,,,,,,,,,,,,,,,,,,,,,,,,,,,,,,,,,,,,,,,,,,,,,,,,,,,,,,,,,,,,,,,,,,,,,,,,,,,,,,,,,,,,,,,,,,,,,,,,,,,,,,,,,,,,,,,,,,,,,OK,2026-07-26,2026-07-26
,,,,KOE0000170,ACC00170,Shipper 170,26/07/2026,Consignee 170,Addr 170,,,,,,KOE,DPS,REG,1,1.0,,,,,,,,,,,,,,,,,,,,,,,,,,,,,,,DLV,,,,,,,,,,,,,,,,,,,,,,,,,,,,,,,,,,,,,,,,,,,,,,,,,,,,,,,,,,,,,,,,,,,,,,,,,,,,,,,,,,,,,,,,,,,,,,,,,,,,,,,,,,,,,,,,,,,,,,,,,,,,,,,,,,,,OK,2026-07-26,2026-07-26
,,,,KOE0000171,ACC00171,Shipper 171,26/07/2026,Consignee 171,Addr 171,,,,,,KOE,DPS,REG,1,1.0,,,,,,,,,,,,,,,,,,,,,,,,,,,,,,,DLV,,,,,,,,,,,,,,,,,,,,,,,,,,,,,,,,,,,,,,,,,,,,,,,,,,,,,,,,,,,,,,,,,,,,,,,,,,,,,,,,,,,,,,,,,,,,,,,,,,,,,,,,,,,,,,,,,,,,,,,,,,,,,,,,,,,,OK,2026-07-26,2026-07-26
,,,,KOE0000172,ACC00172,Shipper 172,26/07/2026,Consignee 172,Addr 172,,,,,,KOE,DPS,REG,1,1.0,,,,,,,,,,,,,,,,,,,,,,,,,,,,,,,DLV,,,,,,,,,,,,,,,,,,,,,,,,,,,,,,,,,,,,,,,,,,,,,,,,,,,,,,,,,,,,,,,,,,,,,,,,,,,,,,,,,,,,,,,,,,,,,,,,,,,,,,,,,,,,,,,,,,,,,,,,,,,,,,,,,,,,OK,2026-07-26,2026-07-26
,,,,KOE0000173,ACC00173,Shipper 173,26/07/2026,Consignee 173,Addr 173,,,,,,KOE,DPS,REG,1,1.0,,,,,,,,,,,,,,,,,,,,,,,,,,,,,,,DLV,,,,,,,,,,,,,,,,,,,,,,,,,,,,,,,,,,,,,,,,,,,,,,,,,,,,,,,,,,,,,,,,,,,,,,,,,,,,,,,,,,,,,,,,,,,,,,,,,,,,,,,,,,,,,,,,,,,,,,,,,,,,,,,,,,,,OK,2026-07-26,2026-07-26
,,,,KOE0000174,ACC00174,Shipper 174,26/07/2026,Consignee 174,Addr 174,,,,,,KOE,DPS,REG,1,1.0,,,,,,,,,,,,,,,,,,,,,,,,,,,,,,,DLV,,,,,,,,,,,,,,,,,,,,,,,,,,,,,,,,,,,,,,,,,,,,,,,,,,,,,,,,,,,,,,,,,,,,,,,,,,,,,,,,,,,,,,,,,,,,,,,,,,,,,,,,,,,,,,,,,,,,,,,,,,,,,,,,,,,,OK,2026-07-26,2026-07-26
,,,,KOE0000175,ACC00175,Shipper 175,26/07/2026,Consignee 175,Addr 175,,,,,,KOE,DPS,REG,1,1.0,,,,,,,,,,,,,,,,,,,,,,,,,,,,,,,DLV,,,,,,,,,,,,,,,,,,,,,,,,,,,,,,,,,,,,,,,,,,,,,,,,,,,,,,,,,,,,,,,,,,,,,,,,,,,,,,,,,,,,,,,,,,,,,,,,,,,,,,,,,,,,,,,,,,,,,,,,,,,,,,,,,,,,OK,2026-07-26,2026-07-26
,,,,KOE0000176,ACC00176,Shipper 176,26/07/2026,Consignee 176,Addr 176,,,,,,KOE,DPS,REG,1,1.0,,,,,,,,,,,,,,,,,,,,,,,,,,,,,,,DLV,,,,,,,,,,,,,,,,,,,,,,,,,,,,,,,,,,,,,,,,,,,,,,,,,,,,,,,,,,,,,,,,,,,,,,,,,,,,,,,,,,,,,,,,,,,,,,,,,,,,,,,,,,,,,,,,,,,,,,,,,,,,,,,,,,,,OK,2026-07-26,2026-07-26
,,,,KOE0000177,ACC00177,Shipper 177,26/07/2026,Consignee 177,Addr 177,,,,,,KOE,DPS,REG,1,1.0,,,,,,,,,,,,,,,,,,,,,,,,,,,,,,,DLV,,,,,,,,,,,,,,,,,,,,,,,,,,,,,,,,,,,,,,,,,,,,,,,,,,,,,,,,,,,,,,,,,,,,,,,,,,,,,,,,,,,,,,,,,,,,,,,,,,,,,,,,,,,,,,,,,,,,,,,,,,,,,,,,,,,,OK,2026-07-26,2026-07-26
,,,,KOE0000178,ACC00178,Shipper 178,26/07/2026,Consignee 178,Addr 178,,,,,,KOE,DPS,REG,1,1.0,,,,,,,,,,,,,,,,,,,,,,,,,,,,,,,DLV,,,,,,,,,,,,,,,,,,,,,,,,,,,,,,,,,,,,,,,,,,,,,,,,,,,,,,,,,,,,,,,,,,,,,,,,,,,,,,,,,,,,,,,,,,,,,,,,,,,,,,,,,,,,,,,,,,,,,,,,,,,,,,,,,,,,OK,2026-07-26,2026-07-26
,,,,KOE0000179,ACC00179,Shipper 179,26/07/2026,Consignee 179,Addr 179,,,,,,KOE,DPS,REG,1,1.0,,,,,,,,,,,,,,,,,,,,,,,,,,,,,,,DLV,,,,,,,,,,,,,,,,,,,,,,,,,,,,,,,,,,,,,,,,,,,,,,,,,,,,,,,,,,,,,,,,,,,,,,,,,,,,,,,,,,,,,,,,,,,,,,,,,,,,,,,,,,,,,,,,,,,,,,,,,,,,,,,,,,,,OK,2026-07-26,2026-07-26
,,,,KOE0000180,ACC00180,Shipper 180,26/07/2026,Consignee 180,Addr 180,,,,,,KOE,DPS,REG,1,1.0,,,,,,,,,,,,,,,,,,,,,,,,,,,,,,,DLV,,,,,,,,,,,,,,,,,,,,,,,,,,,,,,,,,,,,,,,,,,,,,,,,,,,,,,,,,,,,,,,,,,,,,,,,,,,,,,,,,,,,,,,,,,,,,,,,,,,,,,,,,,,,,,,,,,,,,,,,,,,,,,,,,,,,OK,2026-07-26,2026-07-26
,,,,KOE0000181,ACC00181,Shipper 181,26/07/2026,Consignee 181,Addr 181,,,,,,KOE,DPS,REG,1,1.0,,,,,,,,,,,,,,,,,,,,,,,,,,,,,,,DLV,,,,,,,,,,,,,,,,,,,,,,,,,,,,,,,,,,,,,,,,,,,,,,,,,,,,,,,,,,,,,,,,,,,,,,,,,,,,,,,,,,,,,,,,,,,,,,,,,,,,,,,,,,,,,,,,,,,,,,,,,,,,,,,,,,,,OK,2026-07-26,2026-07-26
,,,,KOE0000182,ACC00182,Shipper 182,26/07/2026,Consignee 182,Addr 182,,,,,,KOE,DPS,REG,1,1.0,,,,,,,,,,,,,,,,,,,,,,,,,,,,,,,DLV,,,,,,,,,,,,,,,,,,,,,,,,,,,,,,,,,,,,,,,,,,,,,,,,,,,,,,,,,,,,,,,,,,,,,,,,,,,,,,,,,,,,,,,,,,,,,,,,,,,,,,,,,,,,,,,,,,,,,,,,,,,,,,,,,,,,OK,2026-07-26,2026-07-26
,,,,KOE0000183,ACC00183,Shipper 183,26/07/2026,Consignee 183,Addr 183,,,,,,KOE,DPS,REG,1,1.0,,,,,,,,,,,,,,,,,,,,,,,,,,,,,,,DLV,,,,,,,,,,,,,,,,,,,,,,,,,,,,,,,,,,,,,,,,,,,,,,,,,,,,,,,,,,,,,,,,,,,,,,,,,,,,,,,,,,,,,,,,,,,,,,,,,,,,,,,,,,,,,,,,,,,,,,,,,,,,,,,,,,,,OK,2026-07-26,2026-07-26
,,,,KOE0000184,ACC00184,Shipper 184,26/07/2026,Consignee 184,Addr 184,,,,,,KOE,DPS,REG,1,1.0,,,,,,,,,,,,,,,,,,,,,,,,,,,,,,,DLV,,,,,,,,,,,,,,,,,,,,,,,,,,,,,,,,,,,,,,,,,,,,,,,,,,,,,,,,,,,,,,,,,,,,,,,,,,,,,,,,,,,,,,,,,,,,,,,,,,,,,,,,,,,,,,,,,,,,,,,,,,,,,,,,,,,,OK,2026-07-26,2026-07-26
,,,,KOE0000185,ACC00185,Shipper 185,26/07/2026,Consignee 185,Addr 185,,,,,,KOE,DPS,REG,1,1.0,,,,,,,,,,,,,,,,,,,,,,,,,,,,,,,DLV,,,,,,,,,,,,,,,,,,,,,,,,,,,,,,,,,,,,,,,,,,,,,,,,,,,,,,,,,,,,,,,,,,,,,,,,,,,,,,,,,,,,,,,,,,,,,,,,,,,,,,,,,,,,,,,,,,,,,,,,,,,,,,,,,,,,OK,2026-07-26,2026-07-26
,,,,KOE0000186,ACC00186,Shipper 186,26/07/2026,Consignee 186,Addr 186,,,,,,KOE,DPS,REG,1,1.0,,,,,,,,,,,,,,,,,,,,,,,,,,,,,,,DLV,,,,,,,,,,,,,,,,,,,,,,,,,,,,,,,,,,,,,,,,,,,,,,,,,,,,,,,,,,,,,,,,,,,,,,,,,,,,,,,,,,,,,,,,,,,,,,,,,,,,,,,,,,,,,,,,,,,,,,,,,,,,,,,,,,,,OK,2026-07-26,2026-07-26
,,,,KOE0000187,ACC00187,Shipper 187,26/07/2026,Consignee 187,Addr 187,,,,,,KOE,DPS,REG,1,1.0,,,,,,,,,,,,,,,,,,,,,,,,,,,,,,,DLV,,,,,,,,,,,,,,,,,,,,,,,,,,,,,,,,,,,,,,,,,,,,,,,,,,,,,,,,,,,,,,,,,,,,,,,,,,,,,,,,,,,,,,,,,,,,,,,,,,,,,,,,,,,,,,,,,,,,,,,,,,,,,,,,,,,,OK,2026-07-26,2026-07-26
,,,,KOE0000188,ACC00188,Shipper 188,26/07/2026,Consignee 188,Addr 188,,,,,,KOE,DPS,REG,1,1.0,,,,,,,,,,,,,,,,,,,,,,,,,,,,,,,DLV,,,,,,,,,,,,,,,,,,,,,,,,,,,,,,,,,,,,,,,,,,,,,,,,,,,,,,,,,,,,,,,,,,,,,,,,,,,,,,,,,,,,,,,,,,,,,,,,,,,,,,,,,,,,,,,,,,,,,,,,,,,,,,,,,,,,OK,2026-07-26,2026-07-26
,,,,KOE0000189,ACC00189,Shipper 189,26/07/2026,Consignee 189,Addr 189,,,,,,KOE,DPS,REG,1,1.0,,,,,,,,,,,,,,,,,,,,,,,,,,,,,,,DLV,,,,,,,,,,,,,,,,,,,,,,,,,,,,,,,,,,,,,,,,,,,,,,,,,,,,,,,,,,,,,,,,,,,,,,,,,,,,,,,,,,,,,,,,,,,,,,,,,,,,,,,,,,,,,,,,,,,,,,,,,,,,,,,,,,,,OK,2026-07-26,2026-07-26
,,,,KOE0000190,ACC00190,Shipper 190,26/07/2026,Consignee 190,Addr 190,,,,,,KOE,DPS,REG,1,1.0,,,,,,,,,,,,,,,,,,,,,,,,,,,,,,,DLV,,,,,,,,,,,,,,,,,,,,,,,,,,,,,,,,,,,,,,,,,,,,,,,,,,,,,,,,,,,,,,,,,,,,,,,,,,,,,,,,,,,,,,,,,,,,,,,,,,,,,,,,,,,,,,,,,,,,,,,,,,,,,,,,,,,,OK,2026-07-26,2026-07-26
,,,,KOE0000191,ACC00191,Shipper 191,26/07/2026,Consignee 191,Addr 191,,,,,,KOE,DPS,REG,1,1.0,,,,,,,,,,,,,,,,,,,,,,,,,,,,,,,DLV,,,,,,,,,,,,,,,,,,,,,,,,,,,,,,,,,,,,,,,,,,,,,,,,,,,,,,,,,,,,,,,,,,,,,,,,,,,,,,,,,,,,,,,,,,,,,,,,,,,,,,,,,,,,,,,,,,,,,,,,,,,,,,,,,,,,OK,2026-07-26,2026-07-26
,,,,KOE0000192,ACC00192,Shipper 192,26/07/2026,Consignee 192,Addr 192,,,,,,KOE,DPS,REG,1,1.0,,,,,,,,,,,,,,,,,,,,,,,,,,,,,,,DLV,,,,,,,,,,,,,,,,,,,,,,,,,,,,,,,,,,,,,,,,,,,,,,,,,,,,,,,,,,,,,,,,,,,,,,,,,,,,,,,,,,,,,,,,,,,,,,,,,,,,,,,,,,,,,,,,,,,,,,,,,,,,,,,,,,,,OK,2026-07-26,2026-07-26
,,,,KOE0000193,ACC00193,Shipper 193,26/07/2026,Consignee 193,Addr 193,,,,,,KOE,DPS,REG,1,1.0,,,,,,,,,,,,,,,,,,,,,,,,,,,,,,,DLV,,,,,,,,,,,,,,,,,,,,,,,,,,,,,,,,,,,,,,,,,,,,,,,,,,,,,,,,,,,,,,,,,,,,,,,,,,,,,,,,,,,,,,,,,,,,,,,,,,,,,,,,,,,,,,,,,,,,,,,,,,,,,,,,,,,,OK,2026-07-26,2026-07-26
,,,,KOE0000194,ACC00194,Shipper 194,26/07/2026,Consignee 194,Addr 194,,,,,,KOE,DPS,REG,1,1.0,,,,,,,,,,,,,,,,,,,,,,,,,,,,,,,DLV,,,,,,,,,,,,,,,,,,,,,,,,,,,,,,,,,,,,,,,,,,,,,,,,,,,,,,,,,,,,,,,,,,,,,,,,,,,,,,,,,,,,,,,,,,,,,,,,,,,,,,,,,,,,,,,,,,,,,,,,,,,,,,,,,,,,OK,2026-07-26,2026-07-26
,,,,KOE0000195,ACC00195,Shipper 195,26/07/2026,Consignee 195,Addr 195,,,,,,KOE,DPS,REG,1,1.0,,,,,,,,,,,,,,,,,,,,,,,,,,,,,,,DLV,,,,,,,,,,,,,,,,,,,,,,,,,,,,,,,,,,,,,,,,,,,,,,,,,,,,,,,,,,,,,,,,,,,,,,,,,,,,,,,,,,,,,,,,,,,,,,,,,,,,,,,,,,,,,,,,,,,,,,,,,,,,,,,,,,,,OK,2026-07-26,2026-07-26
,,,,KOE0000196,ACC00196,Shipper 196,26/07/2026,Consignee 196,Addr 196,,,,,,KOE,DPS,REG,1,1.0,,,,,,,,,,,,,,,,,,,,,,,,,,,,,,,DLV,,,,,,,,,,,,,,,,,,,,,,,,,,,,,,,,,,,,,,,,,,,,,,,,,,,,,,,,,,,,,,,,,,,,,,,,,,,,,,,,,,,,,,,,,,,,,,,,,,,,,,,,,,,,,,,,,,,,,,,,,,,,,,,,,,,,OK,2026-07-26,2026-07-26
,,,,KOE0000197,ACC00197,Shipper 197,26/07/2026,Consignee 197,Addr 197,,,,,,KOE,DPS,REG,1,1.0,,,,,,,,,,,,,,,,,,,,,,,,,,,,,,,DLV,,,,,,,,,,,,,,,,,,,,,,,,,,,,,,,,,,,,,,,,,,,,,,,,,,,,,,,,,,,,,,,,,,,,,,,,,,,,,,,,,,,,,,,,,,,,,,,,,,,,,,,,,,,,,,,,,,,,,,,,,,,,,,,,,,,,OK,2026-07-26,2026-07-26
,,,,KOE0000198,ACC00198,Shipper 198,26/07/2026,Consignee 198,Addr 198,,,,,,KOE,DPS,REG,1,1.0,,,,,,,,,,,,,,,,,,,,,,,,,,,,,,,DLV,,,,,,,,,,,,,,,,,,,,,,,,,,,,,,,,,,,,,,,,,,,,,,,,,,,,,,,,,,,,,,,,,,,,,,,,,,,,,,,,,,,,,,,,,,,,,,,,,,,,,,,,,,,,,,,,,,,,,,,,,,,,,,,,,,,,OK,2026-07-26,2026-07-26
,,,,KOE0000199,ACC00199,Shipper 199,26/07/2026,Consignee 199,Addr 199,,,,,,KOE,DPS,REG,1,1.0,,,,,,,,,,,,,,,,,,,,,,,,,,,,,,,DLV,,,,,,,,,,,,,,,,,,,,,,,,,,,,,,,,,,,,,,,,,,,,,,,,,,,,,,,,,,,,,,,,,,,,,,,,,,,,,,,,,,,,,,,,,,,,,,,,,,,,,,,,,,,,,,,,,,,,,,,,,,,,,,,,,,,,OK,2026-07-26,2026-07-26
,,,,KOE0000200,ACC00200,Shipper 200,26/07/2026,Consignee 200,Addr 200,,,,,,KOE,DPS,REG,1,1.0,,,,,,,,,,,,,,,,,,,,,,,,,,,,,,,DLV,,,,,,,,,,,,,,,,,,,,,,,,,,,,,,,,,,,,,,,,,,,,,,,,,,,,,,,,,,,,,,,,,,,,,,,,,,,,,,,,,,,,,,,,,,,,,,,,,,,,,,,,,,,,,,,,,,,,,,,,,,,,,,,,,,,,OK,2026-07-26,2026-07-26
,,,,KOE0000201,ACC00201,Shipper 201,26/07/2026,Consignee 201,Addr 201,,,,,,KOE,DPS,REG,1,1.0,,,,,,,,,,,,,,,,,,,,,,,,,,,,,,,DLV,,,,,,,,,,,,,,,,,,,,,,,,,,,,,,,,,,,,,,,,,,,,,,,,,,,,,,,,,,,,,,,,,,,,,,,,,,,,,,,,,,,,,,,,,,,,,,,,,,,,,,,,,,,,,,,,,,,,,,,,,,,,,,,,,,,,OK,2026-07-26,2026-07-26
,,,,KOE0000202,ACC00202,Shipper 202,26/07/2026,Consignee 202,Addr 202,,,,,,KOE,DPS,REG,1,1.0,,,,,,,,,,,,,,,,,,,,,,,,,,,,,,,DLV,,,,,,,,,,,,,,,,,,,,,,,,,,,,,,,,,,,,,,,,,,,,,,,,,,,,,,,,,,,,,,,,,,,,,,,,,,,,,,,,,,,,,,,,,,,,,,,,,,,,,,,,,,,,,,,,,,,,,,,,,,,,,,,,,,,,OK,2026-07-26,2026-07-26
,,,,KOE0000203,ACC00203,Shipper 203,26/07/2026,Consignee 203,Addr 203,,,,,,KOE,DPS,REG,1,1.0,,,,,,,,,,,,,,,,,,,,,,,,,,,,,,,DLV,,,,,,,,,,,,,,,,,,,,,,,,,,,,,,,,,,,,,,,,,,,,,,,,,,,,,,,,,,,,,,,,,,,,,,,,,,,,,,,,,,,,,,,,,,,,,,,,,,,,,,,,,,,,,,,,,,,,,,,,,,,,,,,,,,,,OK,2026-07-26,2026-07-26
,,,,KOE0000204,ACC00204,Shipper 204,26/07/2026,Consignee 204,Addr 204,,,,,,KOE,DPS,REG,1,1.0,,,,,,,,,,,,,,,,,,,,,,,,,,,,,,,DLV,,,,,,,,,,,,,,,,,,,,,,,,,,,,,,,,,,,,,,,,,,,,,,,,,,,,,,,,,,,,,,,,,,,,,,,,,,,,,,,,,,,,,,,,,,,,,,,,,,,,,,,,,,,,,,,,,,,,,,,,,,,,,,,,,,,,OK,2026-07-26,2026-07-26
,,,,KOE0000205,ACC00205,Shipper 205,26/07/2026,Consignee 205,Addr 205,,,,,,KOE,DPS,REG,1,1.0,,,,,,,,,,,,,,,,,,,,,,,,,,,,,,,DLV,,,,,,,,,,,,,,,,,,,,,,,,,,,,,,,,,,,,,,,,,,,,,,,,,,,,,,,,,,,,,,,,,,,,,,,,,,,,,,,,,,,,,,,,,,,,,,,,,,,,,,,,,,,,,,,,,,,,,,,,,,,,,,,,,,,,OK,2026-07-26,2026-07-26
,,,,KOE0000206,ACC00206,Shipper 206,26/07/2026,Consignee 206,Addr 206,,,,,,KOE,DPS,REG,1,1.0,,,,,,,,,,,,,,,,,,,,,,,,,,,,,,,DLV,,,,,,,,,,,,,,,,,,,,,,,,,,,,,,,,,,,,,,,,,,,,,,,,,,,,,,,,,,,,,,,,,,,,,,,,,,,,,,,,,,,,,,,,,,,,,,,,,,,,,,,,,,,,,,,,,,,,,,,,,,,,,,,,,,,,OK,2026-07-26,2026-07-26
,,,,KOE0000207,ACC00207,Shipper 207,26/07/2026,Consignee 207,Addr 207,,,,,,KOE,DPS,REG,1,1.0,,,,,,,,,,,,,,,,,,,,,,,,,,,,,,,DLV,,,,,,,,,,,,,,,,,,,,,,,,,,,,,,,,,,,,,,,,,,,,,,,,,,,,,,,,,,,,,,,,,,,,,,,,,,,,,,,,,,,,,,,,,,,,,,,,,,,,,,,,,,,,,,,,,,,,,,,,,,,,,,,,,,,,OK,2026-07-26,2026-07-26
,,,,KOE0000208,ACC00208,Shipper 208,26/07/2026,Consignee 208,Addr 208,,,,,,KOE,DPS,REG,1,1.0,,,,,,,,,,,,,,,,,,,,,,,,,,,,,,,DLV,,,,,,,,,,,,,,,,,,,,,,,,,,,,,,,,,,,,,,,,,,,,,,,,,,,,,,,,,,,,,,,,,,,,,,,,,,,,,,,,,,,,,,,,,,,,,,,,,,,,,,,,,,,,,,,,,,,,,,,,,,,,,,,,,,,,OK,2026-07-26,2026-07-26
,,,,KOE0000209,ACC00209,Shipper 209,26/07/2026,Consignee 209,Addr 209,,,,,,KOE,DPS,REG,1,1.0,,,,,,,,,,,,,,,,,,,,,,,,,,,,,,,DLV,,,,,,,,,,,,,,,,,,,,,,,,,,,,,,,,,,,,,,,,,,,,,,,,,,,,,,,,,,,,,,,,,,,,,,,,,,,,,,,,,,,,,,,,,,,,,,,,,,,,,,,,,,,,,,,,,,,,,,,,,,,,,,,,,,,,OK,2026-07-26,2026-07-26
,,,,KOE0000210,ACC00210,Shipper 210,26/07/2026,Consignee 210,Addr 210,,,,,,KOE,DPS,REG,1,1.0,,,,,,,,,,,,,,,,,,,,,,,,,,,,,,,DLV,,,,,,,,,,,,,,,,,,,,,,,,,,,,,,,,,,,,,,,,,,,,,,,,,,,,,,,,,,,,,,,,,,,,,,,,,,,,,,,,,,,,,,,,,,,,,,,,,,,,,,,,,,,,,,,,,,,,,,,,,,,,,,,,,,,,OK,2026-07-26,2026-07-26
,,,,KOE0000211,ACC00211,Shipper 211,26/07/2026,Consignee 211,Addr 211,,,,,,KOE,DPS,REG,1,1.0,,,,,,,,,,,,,,,,,,,,,,,,,,,,,,,DLV,,,,,,,,,,,,,,,,,,,,,,,,,,,,,,,,,,,,,,,,,,,,,,,,,,,,,,,,,,,,,,,,,,,,,,,,,,,,,,,,,,,,,,,,,,,,,,,,,,,,,,,,,,,,,,,,,,,,,,,,,,,,,,,,,,,,OK,2026-07-26,2026-07-26
,,,,KOE0000212,ACC00212,Shipper 212,26/07/2026,Consignee 212,Addr 212,,,,,,KOE,DPS,REG,1,1.0,,,,,,,,,,,,,,,,,,,,,,,,,,,,,,,DLV,,,,,,,,,,,,,,,,,,,,,,,,,,,,,,,,,,,,,,,,,,,,,,,,,,,,,,,,,,,,,,,,,,,,,,,,,,,,,,,,,,,,,,,,,,,,,,,,,,,,,,,,,,,,,,,,,,,,,,,,,,,,,,,,,,,,OK,2026-07-26,2026-07-26
,,,,KOE0000213,ACC00213,Shipper 213,26/07/2026,Consignee 213,Addr 213,,,,,,KOE,DPS,REG,1,1.0,,,,,,,,,,,,,,,,,,,,,,,,,,,,,,,DLV,,,,,,,,,,,,,,,,,,,,,,,,,,,,,,,,,,,,,,,,,,,,,,,,,,,,,,,,,,,,,,,,,,,,,,,,,,,,,,,,,,,,,,,,,,,,,,,,,,,,,,,,,,,,,,,,,,,,,,,,,,,,,,,,,,,,OK,2026-07-26,2026-07-26
,,,,KOE0000214,ACC00214,Shipper 214,26/07/2026,Consignee 214,Addr 214,,,,,,KOE,DPS,REG,1,1.0,,,,,,,,,,,,,,,,,,,,,,,,,,,,,,,DLV,,,,,,,,,,,,,,,,,,,,,,,,,,,,,,,,,,,,,,,,,,,,,,,,,,,,,,,,,,,,,,,,,,,,,,,,,,,,,,,,,,,,,,,,,,,,,,,,,,,,,,,,,,,,,,,,,,,,,,,,,,,,,,,,,,,,OK,2026-07-26,2026-07-26
,,,,KOE0000215,ACC00215,Shipper 215,26/07/2026,Consignee 215,Addr 215,,,,,,KOE,DPS,REG,1,1.0,,,,,,,,,,,,,,,,,,,,,,,,,,,,,,,DLV,,,,,,,,,,,,,,,,,,,,,,,,,,,,,,,,,,,,,,,,,,,,,,,,,,,,,,,,,,,,,,,,,,,,,,,,,,,,,,,,,,,,,,,,,,,,,,,,,,,,,,,,,,,,,,,,,,,,,,,,,,,,,,,,,,,,OK,2026-07-26,2026-07-26
,,,,KOE0000216,ACC00216,Shipper 216,26/07/2026,Consignee 216,Addr 216,,,,,,KOE,DPS,REG,1,1.0,,,,,,,,,,,,,,,,,,,,,,,,,,,,,,,DLV,,,,,,,,,,,,,,,,,,,,,,,,,,,,,,,,,,,,,,,,,,,,,,,,,,,,,,,,,,,,,,,,,,,,,,,,,,,,,,,,,,,,,,,,,,,,,,,,,,,,,,,,,,,,,,,,,,,,,,,,,,,,,,,,,,,,OK,2026-07-26,2026-07-26
,,,,KOE0000217,ACC00217,Shipper 217,26/07/2026,Consignee 217,Addr 217,,,,,,KOE,DPS,REG,1,1.0,,,,,,,,,,,,,,,,,,,,,,,,,,,,,,,DLV,,,,,,,,,,,,,,,,,,,,,,,,,,,,,,,,,,,,,,,,,,,,,,,,,,,,,,,,,,,,,,,,,,,,,,,,,,,,,,,,,,,,,,,,,,,,,,,,,,,,,,,,,,,,,,,,,,,,,,,,,,,,,,,,,,,,OK,2026-07-26,2026-07-26
,,,,KOE0000218,ACC00218,Shipper 218,26/07/2026,Consignee 218,Addr 218,,,,,,KOE,DPS,REG,1,1.0,,,,,,,,,,,,,,,,,,,,,,,,,,,,,,,DLV,,,,,,,,,,,,,,,,,,,,,,,,,,,,,,,,,,,,,,,,,,,,,,,,,,,,,,,,,,,,,,,,,,,,,,,,,,,,,,,,,,,,,,,,,,,,,,,,,,,,,,,,,,,,,,,,,,,,,,,,,,,,,,,,,,,,OK,2026-07-26,2026-07-26
,,,,KOE0000219,ACC00219,Shipper 219,26/07/2026,Consignee 219,Addr 219,,,,,,KOE,DPS,REG,1,1.0,,,,,,,,,,,,,,,,,,,,,,,,,,,,,,,DLV,,,,,,,,,,,,,,,,,,,,,,,,,,,,,,,,,,,,,,,,,,,,,,,,,,,,,,,,,,,,,,,,,,,,,,,,,,,,,,,,,,,,,,,,,,,,,,,,,,,,,,,,,,,,,,,,,,,,,,,,,,,,,,,,,,,,OK,2026-07-26,2026-07-26
,,,,KOE0000220,ACC00220,Shipper 220,26/07/2026,Consignee 220,Addr 220,,,,,,KOE,DPS,REG,1,1.0,,,,,,,,,,,,,,,,,,,,,,,,,,,,,,,DLV,,,,,,,,,,,,,,,,,,,,,,,,,,,,,,,,,,,,,,,,,,,,,,,,,,,,,,,,,,,,,,,,,,,,,,,,,,,,,,,,,,,,,,,,,,,,,,,,,,,,,,,,,,,,,,,,,,,,,,,,,,,,,,,,,,,,OK,2026-07-26,2026-07-26
,,,,KOE0000221,ACC00221,Shipper 221,26/07/2026,Consignee 221,Addr 221,,,,,,KOE,DPS,REG,1,1.0,,,,,,,,,,,,,,,,,,,,,,,,,,,,,,,DLV,,,,,,,,,,,,,,,,,,,,,,,,,,,,,,,,,,,,,,,,,,,,,,,,,,,,,,,,,,,,,,,,,,,,,,,,,,,,,,,,,,,,,,,,,,,,,,,,,,,,,,,,,,,,,,,,,,,,,,,,,,,,,,,,,,,,OK,2026-07-26,2026-07-26
,,,,KOE0000222,ACC00222,Shipper 222,26/07/2026,Consignee 222,Addr 222,,,,,,KOE,DPS,REG,1,1.0,,,,,,,,,,,,,,,,,,,,,,,,,,,,,,,DLV,,,,,,,,,,,,,,,,,,,,,,,,,,,,,,,,,,,,,,,,,,,,,,,,,,,,,,,,,,,,,,,,,,,,,,,,,,,,,,,,,,,,,,,,,,,,,,,,,,,,,,,,,,,,,,,,,,,,,,,,,,,,,,,,,,,,OK,2026-07-26,2026-07-26
,,,,KOE0000223,ACC00223,Shipper 223,26/07/2026,Consignee 223,Addr 223,,,,,,KOE,DPS,REG,1,1.0,,,,,,,,,,,,,,,,,,,,,,,,,,,,,,,DLV,,,,,,,,,,,,,,,,,,,,,,,,,,,,,,,,,,,,,,,,,,,,,,,,,,,,,,,,,,,,,,,,,,,,,,,,,,,,,,,,,,,,,,,,,,,,,,,,,,,,,,,,,,,,,,,,,,,,,,,,,,,,,,,,,,,,OK,2026-07-26,2026-07-26
,,,,KOE0000224,ACC00224,Shipper 224,26/07/2026,Consignee 224,Addr 224,,,,,,KOE,DPS,REG,1,1.0,,,,,,,,,,,,,,,,,,,,,,,,,,,,,,,DLV,,,,,,,,,,,,,,,,,,,,,,,,,,,,,,,,,,,,,,,,,,,,,,,,,,,,,,,,,,,,,,,,,,,,,,,,,,,,,,,,,,,,,,,,,,,,,,,,,,,,,,,,,,,,,,,,,,,,,,,,,,,,,,,,,,,,OK,2026-07-26,2026-07-26
,,,,KOE0000225,ACC00225,Shipper 225,26/07/2026,Consignee 225,Addr 225,,,,,,KOE,DPS,REG,1,1.0,,,,,,,,,,,,,,,,,,,,,,,,,,,,,,,DLV,,,,,,,,,,,,,,,,,,,,,,,,,,,,,,,,,,,,,,,,,,,,,,,,,,,,,,,,,,,,,,,,,,,,,,,,,,,,,,,,,,,,,,,,,,,,,,,,,,,,,,,,,,,,,,,,,,,,,,,,,,,,,,,,,,,,OK,2026-07-26,2026-07-26
,,,,KOE0000226,ACC00226,Shipper 226,26/07/2026,Consignee 226,Addr 226,,,,,,KOE,DPS,REG,1,1.0,,,,,,,,,,,,,,,,,,,,,,,,,,,,,,,DLV,,,,,,,,,,,,,,,,,,,,,,,,,,,,,,,,,,,,,,,,,,,,,,,,,,,,,,,,,,,,,,,,,,,,,,,,,,,,,,,,,,,,,,,,,,,,,,,,,,,,,,,,,,,,,,,,,,,,,,,,,,,,,,,,,,,,OK,2026-07-26,2026-07-26
,,,,KOE0000227,ACC00227,Shipper 227,26/07/2026,Consignee 227,Addr 227,,,,,,KOE,DPS,REG,1,1.0,,,,,,,,,,,,,,,,,,,,,,,,,,,,,,,DLV,,,,,,,,,,,,,,,,,,,,,,,,,,,,,,,,,,,,,,,,,,,,,,,,,,,,,,,,,,,,,,,,,,,,,,,,,,,,,,,,,,,,,,,,,,,,,,,,,,,,,,,,,,,,,,,,,,,,,,,,,,,,,,,,,,,,OK,2026-07-26,2026-07-26
,,,,KOE0000228,ACC00228,Shipper 228,26/07/2026,Consignee 228,Addr 228,,,,,,KOE,DPS,REG,1,1.0,,,,,,,,,,,,,,,,,,,,,,,,,,,,,,,DLV,,,,,,,,,,,,,,,,,,,,,,,,,,,,,,,,,,,,,,,,,,,,,,,,,,,,,,,,,,,,,,,,,,,,,,,,,,,,,,,,,,,,,,,,,,,,,,,,,,,,,,,,,,,,,,,,,,,,,,,,,,,,,,,,,,,,OK,2026-07-26,2026-07-26
,,,,KOE0000229,ACC00229,Shipper 229,26/07/2026,Consignee 229,Addr 229,,,,,,KOE,DPS,REG,1,1.0,,,,,,,,,,,,,,,,,,,,,,,,,,,,,,,DLV,,,,,,,,,,,,,,,,,,,,,,,,,,,,,,,,,,,,,,,,,,,,,,,,,,,,,,,,,,,,,,,,,,,,,,,,,,,,,,,,,,,,,,,,,,,,,,,,,,,,,,,,,,,,,,,,,,,,,,,,,,,,,,,,,,,,OK,2026-07-26,2026-07-26
,,,,KOE0000230,ACC00230,Shipper 230,26/07/2026,Consignee 230,Addr 230,,,,,,KOE,DPS,REG,1,1.0,,,,,,,,,,,,,,,,,,,,,,,,,,,,,,,DLV,,,,,,,,,,,,,,,,,,,,,,,,,,,,,,,,,,,,,,,,,,,,,,,,,,,,,,,,,,,,,,,,,,,,,,,,,,,,,,,,,,,,,,,,,,,,,,,,,,,,,,,,,,,,,,,,,,,,,,,,,,,,,,,,,,,,OK,2026-07-26,2026-07-26
,,,,KOE0000231,ACC00231,Shipper 231,26/07/2026,Consignee 231,Addr 231,,,,,,KOE,DPS,REG,1,1.0,,,,,,,,,,,,,,,,,,,,,,,,,,,,,,,DLV,,,,,,,,,,,,,,,,,,,,,,,,,,,,,,,,,,,,,,,,,,,,,,,,,,,,,,,,,,,,,,,,,,,,,,,,,,,,,,,,,,,,,,,,,,,,,,,,,,,,,,,,,,,,,,,,,,,,,,,,,,,,,,,,,,,,OK,2026-07-26,2026-07-26
,,,,KOE0000232,ACC00232,Shipper 232,26/07/2026,Consignee 232,Addr 232,,,,,,KOE,DPS,REG,1,1.0,,,,,,,,,,,,,,,,,,,,,,,,,,,,,,,DLV,,,,,,,,,,,,,,,,,,,,,,,,,,,,,,,,,,,,,,,,,,,,,,,,,,,,,,,,,,,,,,,,,,,,,,,,,,,,,,,,,,,,,,,,,,,,,,,,,,,,,,,,,,,,,,,,,,,,,,,,,,,,,,,,,,,,OK,2026-07-26,2026-07-26
,,,,KOE0000233,ACC00233,Shipper 233,26/07/2026,Consignee 233,Addr 233,,,,,,KOE,DPS,REG,1,1.0,,,,,,,,,,,,,,,,,,,,,,,,,,,,,,,DLV,,,,,,,,,,,,,,,,,,,,,,,,,,,,,,,,,,,,,,,,,,,,,,,,,,,,,,,,,,,,,,,,,,,,,,,,,,,,,,,,,,,,,,,,,,,,,,,,,,,,,,,,,,,,,,,,,,,,,,,,,,,,,,,,,,,,OK,2026-07-26,2026-07-26
,,,,KOE0000234,ACC00234,Shipper 234,26/07/2026,Consignee 234,Addr 234,,,,,,KOE,DPS,REG,1,1.0,,,,,,,,,,,,,,,,,,,,,,,,,,,,,,,DLV,,,,,,,,,,,,,,,,,,,,,,,,,,,,,,,,,,,,,,,,,,,,,,,,,,,,,,,,,,,,,,,,,,,,,,,,,,,,,,,,,,,,,,,,,,,,,,,,,,,,,,,,,,,,,,,,,,,,,,,,,,,,,,,,,,,,OK,2026-07-26,2026-07-26
,,,,KOE0000235,ACC00235,Shipper 235,26/07/2026,Consignee 235,Addr 235,,,,,,KOE,DPS,REG,1,1.0,,,,,,,,,,,,,,,,,,,,,,,,,,,,,,,DLV,,,,,,,,,,,,,,,,,,,,,,,,,,,,,,,,,,,,,,,,,,,,,,,,,,,,,,,,,,,,,,,,,,,,,,,,,,,,,,,,,,,,,,,,,,,,,,,,,,,,,,,,,,,,,,,,,,,,,,,,,,,,,,,,,,,,OK,2026-07-26,2026-07-26
,,,,KOE0000236,ACC00236,Shipper 236,26/07/2026,Consignee 236,Addr 236,,,,,,KOE,DPS,REG,1,1.0,,,,,,,,,,,,,,,,,,,,,,,,,,,,,,,DLV,,,,,,,,,,,,,,,,,,,,,,,,,,,,,,,,,,,,,,,,,,,,,,,,,,,,,,,,,,,,,,,,,,,,,,,,,,,,,,,,,,,,,,,,,,,,,,,,,,,,,,,,,,,,,,,,,,,,,,,,,,,,,,,,,,,,OK,2026-07-26,2026-07-26
,,,,KOE0000237,ACC00237,Shipper 237,26/07/2026,Consignee 237,Addr 237,,,,,,KOE,DPS,REG,1,1.0,,,,,,,,,,,,,,,,,,,,,,,,,,,,,,,DLV,,,,,,,,,,,,,,,,,,,,,,,,,,,,,,,,,,,,,,,,,,,,,,,,,,,,,,,,,,,,,,,,,,,,,,,,,,,,,,,,,,,,,,,,,,,,,,,,,,,,,,,,,,,,,,,,,,,,,,,,,,,,,,,,,,,,OK,2026-07-26,2026-07-26
,,,,KOE0000238,ACC00238,Shipper 238,26/07/2026,Consignee 238,Addr 238,,,,,,KOE,DPS,REG,1,1.0,,,,,,,,,,,,,,,,,,,,,,,,,,,,,,,DLV,,,,,,,,,,,,,,,,,,,,,,,,,,,,,,,,,,,,,,,,,,,,,,,,,,,,,,,,,,,,,,,,,,,,,,,,,,,,,,,,,,,,,,,,,,,,,,,,,,,,,,,,,,,,,,,,,,,,,,,,,,,,,,,,,,,,OK,2026-07-26,2026-07-26
,,,,KOE0000239,ACC00239,Shipper 239,26/07/2026,Consignee 239,Addr 239,,,,,,KOE,DPS,REG,1,1.0,,,,,,,,,,,,,,,,,,,,,,,,,,,,,,,DLV,,,,,,,,,,,,,,,,,,,,,,,,,,,,,,,,,,,,,,,,,,,,,,,,,,,,,,,,,,,,,,,,,,,,,,,,,,,,,,,,,,,,,,,,,,,,,,,,,,,,,,,,,,,,,,,,,,,,,,,,,,,,,,,,,,,,OK,2026-07-26,2026-07-26
,,,,KOE0000240,ACC00240,Shipper 240,26/07/2026,Consignee 240,Addr 240,,,,,,KOE,DPS,REG,1,1.0,,,,,,,,,,,,,,,,,,,,,,,,,,,,,,,DLV,,,,,,,,,,,,,,,,,,,,,,,,,,,,,,,,,,,,,,,,,,,,,,,,,,,,,,,,,,,,,,,,,,,,,,,,,,,,,,,,,,,,,,,,,,,,,,,,,,,,,,,,,,,,,,,,,,,,,,,,,,,,,,,,,,,,OK,2026-07-26,2026-07-26
,,,,KOE0000241,ACC00241,Shipper 241,26/07/2026,Consignee 241,Addr 241,,,,,,KOE,DPS,REG,1,1.0,,,,,,,,,,,,,,,,,,,,,,,,,,,,,,,DLV,,,,,,,,,,,,,,,,,,,,,,,,,,,,,,,,,,,,,,,,,,,,,,,,,,,,,,,,,,,,,,,,,,,,,,,,,,,,,,,,,,,,,,,,,,,,,,,,,,,,,,,,,,,,,,,,,,,,,,,,,,,,,,,,,,,,OK,2026-07-26,2026-07-26
,,,,KOE0000242,ACC00242,Shipper 242,26/07/2026,Consignee 242,Addr 242,,,,,,KOE,DPS,REG,1,1.0,,,,,,,,,,,,,,,,,,,,,,,,,,,,,,,DLV,,,,,,,,,,,,,,,,,,,,,,,,,,,,,,,,,,,,,,,,,,,,,,,,,,,,,,,,,,,,,,,,,,,,,,,,,,,,,,,,,,,,,,,,,,,,,,,,,,,,,,,,,,,,,,,,,,,,,,,,,,,,,,,,,,,,OK,2026-07-26,2026-07-26
,,,,KOE0000243,ACC00243,Shipper 243,26/07/2026,Consignee 243,Addr 243,,,,,,KOE,DPS,REG,1,1.0,,,,,,,,,,,,,,,,,,,,,,,,,,,,,,,DLV,,,,,,,,,,,,,,,,,,,,,,,,,,,,,,,,,,,,,,,,,,,,,,,,,,,,,,,,,,,,,,,,,,,,,,,,,,,,,,,,,,,,,,,,,,,,,,,,,,,,,,,,,,,,,,,,,,,,,,,,,,,,,,,,,,,,OK,2026-07-26,2026-07-26
,,,,KOE0000244,ACC00244,Shipper 244,26/07/2026,Consignee 244,Addr 244,,,,,,KOE,DPS,REG,1,1.0,,,,,,,,,,,,,,,,,,,,,,,,,,,,,,,DLV,,,,,,,,,,,,,,,,,,,,,,,,,,,,,,,,,,,,,,,,,,,,,,,,,,,,,,,,,,,,,,,,,,,,,,,,,,,,,,,,,,,,,,,,,,,,,,,,,,,,,,,,,,,,,,,,,,,,,,,,,,,,,,,,,,,,OK,2026-07-26,2026-07-26
,,,,KOE0000245,ACC00245,Shipper 245,26/07/2026,Consignee 245,Addr 245,,,,,,KOE,DPS,REG,1,1.0,,,,,,,,,,,,,,,,,,,,,,,,,,,,,,,DLV,,,,,,,,,,,,,,,,,,,,,,,,,,,,,,,,,,,,,,,,,,,,,,,,,,,,,,,,,,,,,,,,,,,,,,,,,,,,,,,,,,,,,,,,,,,,,,,,,,,,,,,,,,,,,,,,,,,,,,,,,,,,,,,,,,,,OK,2026-07-26,2026-07-26
,,,,KOE0000246,ACC00246,Shipper 246,26/07/2026,Consignee 246,Addr 246,,,,,,KOE,DPS,REG,1,1.0,,,,,,,,,,,,,,,,,,,,,,,,,,,,,,,DLV,,,,,,,,,,,,,,,,,,,,,,,,,,,,,,,,,,,,,,,,,,,,,,,,,,,,,,,,,,,,,,,,,,,,,,,,,,,,,,,,,,,,,,,,,,,,,,,,,,,,,,,,,,,,,,,,,,,,,,,,,,,,,,,,,,,,OK,2026-07-26,2026-07-26
,,,,KOE0000247,ACC00247,Shipper 247,26/07/2026,Consignee 247,Addr 247,,,,,,KOE,DPS,REG,1,1.0,,,,,,,,,,,,,,,,,,,,,,,,,,,,,,,DLV,,,,,,,,,,,,,,,,,,,,,,,,,,,,,,,,,,,,,,,,,,,,,,,,,,,,,,,,,,,,,,,,,,,,,,,,,,,,,,,,,,,,,,,,,,,,,,,,,,,,,,,,,,,,,,,,,,,,,,,,,,,,,,,,,,,,OK,2026-07-26,2026-07-26
,,,,KOE0000248,ACC00248,Shipper 248,26/07/2026,Consignee 248,Addr 248,,,,,,KOE,DPS,REG,1,1.0,,,,,,,,,,,,,,,,,,,,,,,,,,,,,,,DLV,,,,,,,,,,,,,,,,,,,,,,,,,,,,,,,,,,,,,,,,,,,,,,,,,,,,,,,,,,,,,,,,,,,,,,,,,,,,,,,,,,,,,,,,,,,,,,,,,,,,,,,,,,,,,,,,,,,,,,,,,,,,,,,,,,,,OK,2026-07-26,2026-07-26
,,,,KOE0000249,ACC00249,Shipper 249,26/07/2026,Consignee 249,Addr 249,,,,,,KOE,DPS,REG,1,1.0,,,,,,,,,,,,,,,,,,,,,,,,,,,,,,,DLV,,,,,,,,,,,,,,,,,,,,,,,,,,,,,,,,,,,,,,,,,,,,,,,,,,,,,,,,,,,,,,,,,,,,,,,,,,,,,,,,,,,,,,,,,,,,,,,,,,,,,,,,,,,,,,,,,,,,,,,,,,,,,,,,,,,,OK,2026-07-26,2026-07-26
,,,,KOE0000250,ACC00250,Shipper 250,26/07/2026,Consignee 250,Addr 250,,,,,,KOE,DPS,REG,1,1.0,,,,,,,,,,,,,,,,,,,,,,,,,,,,,,,DLV,,,,,,,,,,,,,,,,,,,,,,,,,,,,,,,,,,,,,,,,,,,,,,,,,,,,,,,,,,,,,,,,,,,,,,,,,,,,,,,,,,,,,,,,,,,,,,,,,,,,,,,,,,,,,,,,,,,,,,,,,,,,,,,,,,,,OK,2026-07-26,2026-07-26
,,,,KOE0000251,ACC00251,Shipper 251,26/07/2026,Consignee 251,Addr 251,,,,,,KOE,DPS,REG,1,1.0,,,,,,,,,,,,,,,,,,,,,,,,,,,,,,,DLV,,,,,,,,,,,,,,,,,,,,,,,,,,,,,,,,,,,,,,,,,,,,,,,,,,,,,,,,,,,,,,,,,,,,,,,,,,,,,,,,,,,,,,,,,,,,,,,,,,,,,,,,,,,,,,,,,,,,,,,,,,,,,,,,,,,,OK,2026-07-26,2026-07-26
,,,,KOE0000252,ACC00252,Shipper 252,26/07/2026,Consignee 252,Addr 252,,,,,,KOE,DPS,REG,1,1.0,,,,,,,,,,,,,,,,,,,,,,,,,,,,,,,DLV,,,,,,,,,,,,,,,,,,,,,,,,,,,,,,,,,,,,,,,,,,,,,,,,,,,,,,,,,,,,,,,,,,,,,,,,,,,,,,,,,,,,,,,,,,,,,,,,,,,,,,,,,,,,,,,,,,,,,,,,,,,,,,,,,,,,OK,2026-07-26,2026-07-26
,,,,KOE0000253,ACC00253,Shipper 253,26/07/2026,Consignee 253,Addr 253,,,,,,KOE,DPS,REG,1,1.0,,,,,,,,,,,,,,,,,,,,,,,,,,,,,,,DLV,,,,,,,,,,,,,,,,,,,,,,,,,,,,,,,,,,,,,,,,,,,,,,,,,,,,,,,,,,,,,,,,,,,,,,,,,,,,,,,,,,,,,,,,,,,,,,,,,,,,,,,,,,,,,,,,,,,,,,,,,,,,,,,,,,,,OK,2026-07-26,2026-07-26
,,,,KOE0000254,ACC00254,Shipper 254,26/07/2026,Consignee 254,Addr 254,,,,,,KOE,DPS,REG,1,1.0,,,,,,,,,,,,,,,,,,,,,,,,,,,,,,,DLV,,,,,,,,,,,,,,,,,,,,,,,,,,,,,,,,,,,,,,,,,,,,,,,,,,,,,,,,,,,,,,,,,,,,,,,,,,,,,,,,,,,,,,,,,,,,,,,,,,,,,,,,,,,,,,,,,,,,,,,,,,,,,,,,,,,,OK,2026-07-26,2026-07-26
,,,,KOE0000255,ACC00255,Shipper 255,26/07/2026,Consignee 255,Addr 255,,,,,,KOE,DPS,REG,1,1.0,,,,,,,,,,,,,,,,,,,,,,,,,,,,,,,DLV,,,,,,,,,,,,,,,,,,,,,,,,,,,,,,,,,,,,,,,,,,,,,,,,,,,,,,,,,,,,,,,,,,,,,,,,,,,,,,,,,,,,,,,,,,,,,,,,,,,,,,,,,,,,,,,,,,,,,,,,,,,,,,,,,,,,OK,2026-07-26,2026-07-26
,,,,KOE0000256,ACC00256,Shipper 256,26/07/2026,Consignee 256,Addr 256,,,,,,KOE,DPS,REG,1,1.0,,,,,,,,,,,,,,,,,,,,,,,,,,,,,,,DLV,,,,,,,,,,,,,,,,,,,,,,,,,,,,,,,,,,,,,,,,,,,,,,,,,,,,,,,,,,,,,,,,,,,,,,,,,,,,,,,,,,,,,,,,,,,,,,,,,,,,,,,,,,,,,,,,,,,,,,,,,,,,,,,,,,,,OK,2026-07-26,2026-07-26
,,,,KOE0000257,ACC00257,Shipper 257,26/07/2026,Consignee 257,Addr 257,,,,,,KOE,DPS,REG,1,1.0,,,,,,,,,,,,,,,,,,,,,,,,,,,,,,,DLV,,,,,,,,,,,,,,,,,,,,,,,,,,,,,,,,,,,,,,,,,,,,,,,,,,,,,,,,,,,,,,,,,,,,,,,,,,,,,,,,,,,,,,,,,,,,,,,,,,,,,,,,,,,,,,,,,,,,,,,,,,,,,,,,,,,,OK,2026-07-26,2026-07-26
,,,,KOE0000258,ACC00258,Shipper 258,26/07/2026,Consignee 258,Addr 258,,,,,,KOE,DPS,REG,1,1.0,,,,,,,,,,,,,,,,,,,,,,,,,,,,,,,DLV,,,,,,,,,,,,,,,,,,,,,,,,,,,,,,,,,,,,,,,,,,,,,,,,,,,,,,,,,,,,,,,,,,,,,,,,,,,,,,,,,,,,,,,,,,,,,,,,,,,,,,,,,,,,,,,,,,,,,,,,,,,,,,,,,,,,OK,2026-07-26,2026-07-26
,,,,KOE0000259,ACC00259,Shipper 259,26/07/2026,Consignee 259,Addr 259,,,,,,KOE,DPS,REG,1,1.0,,,,,,,,,,,,,,,,,,,,,,,,,,,,,,,DLV,,,,,,,,,,,,,,,,,,,,,,,,,,,,,,,,,,,,,,,,,,,,,,,,,,,,,,,,,,,,,,,,,,,,,,,,,,,,,,,,,,,,,,,,,,,,,,,,,,,,,,,,,,,,,,,,,,,,,,,,,,,,,,,,,,,,OK,2026-07-26,2026-07-26
,,,,KOE0000260,ACC00260,Shipper 260,26/07/2026,Consignee 260,Addr 260,,,,,,KOE,DPS,REG,1,1.0,,,,,,,,,,,,,,,,,,,,,,,,,,,,,,,DLV,,,,,,,,,,,,,,,,,,,,,,,,,,,,,,,,,,,,,,,,,,,,,,,,,,,,,,,,,,,,,,,,,,,,,,,,,,,,,,,,,,,,,,,,,,,,,,,,,,,,,,,,,,,,,,,,,,,,,,,,,,,,,,,,,,,,OK,2026-07-26,2026-07-26
,,,,KOE0000261,ACC00261,Shipper 261,26/07/2026,Consignee 261,Addr 261,,,,,,KOE,DPS,REG,1,1.0,,,,,,,,,,,,,,,,,,,,,,,,,,,,,,,DLV,,,,,,,,,,,,,,,,,,,,,,,,,,,,,,,,,,,,,,,,,,,,,,,,,,,,,,,,,,,,,,,,,,,,,,,,,,,,,,,,,,,,,,,,,,,,,,,,,,,,,,,,,,,,,,,,,,,,,,,,,,,,,,,,,,,,OK,2026-07-26,2026-07-26
,,,,KOE0000262,ACC00262,Shipper 262,26/07/2026,Consignee 262,Addr 262,,,,,,KOE,DPS,REG,1,1.0,,,,,,,,,,,,,,,,,,,,,,,,,,,,,,,DLV,,,,,,,,,,,,,,,,,,,,,,,,,,,,,,,,,,,,,,,,,,,,,,,,,,,,,,,,,,,,,,,,,,,,,,,,,,,,,,,,,,,,,,,,,,,,,,,,,,,,,,,,,,,,,,,,,,,,,,,,,,,,,,,,,,,,OK,2026-07-26,2026-07-26
,,,,KOE0000263,ACC00263,Shipper 263,26/07/2026,Consignee 263,Addr 263,,,,,,KOE,DPS,REG,1,1.0,,,,,,,,,,,,,,,,,,,,,,,,,,,,,,,DLV,,,,,,,,,,,,,,,,,,,,,,,,,,,,,,,,,,,,,,,,,,,,,,,,,,,,,,,,,,,,,,,,,,,,,,,,,,,,,,,,,,,,,,,,,,,,,,,,,,,,,,,,,,,,,,,,,,,,,,,,,,,,,,,,,,,,OK,2026-07-26,2026-07-26
,,,,KOE0000264,ACC00264,Shipper 264,26/07/2026,Consignee 264,Addr 264,,,,,,KOE,DPS,REG,1,1.0,,,,,,,,,,,,,,,,,,,,,,,,,,,,,,,DLV,,,,,,,,,,,,,,,,,,,,,,,,,,,,,,,,,,,,,,,,,,,,,,,,,,,,,,,,,,,,,,,,,,,,,,,,,,,,,,,,,,,,,,,,,,,,,,,,,,,,,,,,,,,,,,,,,,,,,,,,,,,,,,,,,,,,OK,2026-07-26,2026-07-26
,,,,KOE0000265,ACC00265,Shipper 265,26/07/2026,Consignee 265,Addr 265,,,,,,KOE,DPS,REG,1,1.0,,,,,,,,,,,,,,,,,,,,,,,,,,,,,,,DLV,,,,,,,,,,,,,,,,,,,,,,,,,,,,,,,,,,,,,,,,,,,,,,,,,,,,,,,,,,,,,,,,,,,,,,,,,,,,,,,,,,,,,,,,,,,,,,,,,,,,,,,,,,,,,,,,,,,,,,,,,,,,,,,,,,,,OK,2026-07-26,2026-07-26
,,,,KOE0000266,ACC00266,Shipper 266,26/07/2026,Consignee 266,Addr 266,,,,,,KOE,DPS,REG,1,1.0,,,,,,,,,,,,,,,,,,,,,,,,,,,,,,,DLV,,,,,,,,,,,,,,,,,,,,,,,,,,,,,,,,,,,,,,,,,,,,,,,,,,,,,,,,,,,,,,,,,,,,,,,,,,,,,,,,,,,,,,,,,,,,,,,,,,,,,,,,,,,,,,,,,,,,,,,,,,,,,,,,,,,,OK,2026-07-26,2026-07-26
,,,,KOE0000267,ACC00267,Shipper 267,26/07/2026,Consignee 267,Addr 267,,,,,,KOE,DPS,REG,1,1.0,,,,,,,,,,,,,,,,,,,,,,,,,,,,,,,DLV,,,,,,,,,,,,,,,,,,,,,,,,,,,,,,,,,,,,,,,,,,,,,,,,,,,,,,,,,,,,,,,,,,,,,,,,,,,,,,,,,,,,,,,,,,,,,,,,,,,,,,,,,,,,,,,,,,,,,,,,,,,,,,,,,,,,OK,2026-07-26,2026-07-26
,,,,KOE0000268,ACC00268,Shipper 268,26/07/2026,Consignee 268,Addr 268,,,,,,KOE,DPS,REG,1,1.0,,,,,,,,,,,,,,,,,,,,,,,,,,,,,,,DLV,,,,,,,,,,,,,,,,,,,,,,,,,,,,,,,,,,,,,,,,,,,,,,,,,,,,,,,,,,,,,,,,,,,,,,,,,,,,,,,,,,,,,,,,,,,,,,,,,,,,,,,,,,,,,,,,,,,,,,,,,,,,,,,,,,,,OK,2026-07-26,2026-07-26
,,,,KOE0000269,ACC00269,Shipper 269,26/07/2026,Consignee 269,Addr 269,,,,,,KOE,DPS,REG,1,1.0,,,,,,,,,,,,,,,,,,,,,,,,,,,,,,,DLV,,,,,,,,,,,,,,,,,,,,,,,,,,,,,,,,,,,,,,,,,,,,,,,,,,,,,,,,,,,,,,,,,,,,,,,,,,,,,,,,,,,,,,,,,,,,,,,,,,,,,,,,,,,,,,,,,,,,,,,,,,,,,,,,,,,,OK,2026-07-26,2026-07-26
,,,,KOE0000270,ACC00270,Shipper 270,26/07/2026,Consignee 270,Addr 270,,,,,,KOE,DPS,REG,1,1.0,,,,,,,,,,,,,,,,,,,,,,,,,,,,,,,DLV,,,,,,,,,,,,,,,,,,,,,,,,,,,,,,,,,,,,,,,,,,,,,,,,,,,,,,,,,,,,,,,,,,,,,,,,,,,,,,,,,,,,,,,,,,,,,,,,,,,,,,,,,,,,,,,,,,,,,,,,,,,,,,,,,,,,OK,2026-07-26,2026-07-26
,,,,KOE0000271,ACC00271,Shipper 271,26/07/2026,Consignee 271,Addr 271,,,,,,KOE,DPS,REG,1,1.0,,,,,,,,,,,,,,,,,,,,,,,,,,,,,,,DLV,,,,,,,,,,,,,,,,,,,,,,,,,,,,,,,,,,,,,,,,,,,,,,,,,,,,,,,,,,,,,,,,,,,,,,,,,,,,,,,,,,,,,,,,,,,,,,,,,,,,,,,,,,,,,,,,,,,,,,,,,,,,,,,,,,,,OK,2026-07-26,2026-07-26
,,,,KOE0000272,ACC00272,Shipper 272,26/07/2026,Consignee 272,Addr 272,,,,,,KOE,DPS,REG,1,1.0,,,,,,,,,,,,,,,,,,,,,,,,,,,,,,,DLV,,,,,,,,,,,,,,,,,,,,,,,,,,,,,,,,,,,,,,,,,,,,,,,,,,,,,,,,,,,,,,,,,,,,,,,,,,,,,,,,,,,,,,,,,,,,,,,,,,,,,,,,,,,,,,,,,,,,,,,,,,,,,,,,,,,,OK,2026-07-26,2026-07-26
,,,,KOE0000273,ACC00273,Shipper 273,26/07/2026,Consignee 273,Addr 273,,,,,,KOE,DPS,REG,1,1.0,,,,,,,,,,,,,,,,,,,,,,,,,,,,,,,DLV,,,,,,,,,,,,,,,,,,,,,,,,,,,,,,,,,,,,,,,,,,,,,,,,,,,,,,,,,,,,,,,,,,,,,,,,,,,,,,,,,,,,,,,,,,,,,,,,,,,,,,,,,,,,,,,,,,,,,,,,,,,,,,,,,,,,OK,2026-07-26,2026-07-26
,,,,KOE0000274,ACC00274,Shipper 274,26/07/2026,Consignee 274,Addr 274,,,,,,KOE,DPS,REG,1,1.0,,,,,,,,,,,,,,,,,,,,,,,,,,,,,,,DLV,,,,,,,,,,,,,,,,,,,,,,,,,,,,,,,,,,,,,,,,,,,,,,,,,,,,,,,,,,,,,,,,,,,,,,,,,,,,,,,,,,,,,,,,,,,,,,,,,,,,,,,,,,,,,,,,,,,,,,,,,,,,,,,,,,,,OK,2026-07-26,2026-07-26
,,,,KOE0000275,ACC00275,Shipper 275,26/07/2026,Consignee 275,Addr 275,,,,,,KOE,DPS,REG,1,1.0,,,,,,,,,,,,,,,,,,,,,,,,,,,,,,,DLV,,,,,,,,,,,,,,,,,,,,,,,,,,,,,,,,,,,,,,,,,,,,,,,,,,,,,,,,,,,,,,,,,,,,,,,,,,,,,,,,,,,,,,,,,,,,,,,,,,,,,,,,,,,,,,,,,,,,,,,,,,,,,,,,,,,,OK,2026-07-26,2026-07-26
,,,,KOE0000276,ACC00276,Shipper 276,26/07/2026,Consignee 276,Addr 276,,,,,,KOE,DPS,REG,1,1.0,,,,,,,,,,,,,,,,,,,,,,,,,,,,,,,DLV,,,,,,,,,,,,,,,,,,,,,,,,,,,,,,,,,,,,,,,,,,,,,,,,,,,,,,,,,,,,,,,,,,,,,,,,,,,,,,,,,,,,,,,,,,,,,,,,,,,,,,,,,,,,,,,,,,,,,,,,,,,,,,,,,,,,OK,2026-07-26,2026-07-26
,,,,KOE0000277,ACC00277,Shipper 277,26/07/2026,Consignee 277,Addr 277,,,,,,KOE,DPS,REG,1,1.0,,,,,,,,,,,,,,,,,,,,,,,,,,,,,,,DLV,,,,,,,,,,,,,,,,,,,,,,,,,,,,,,,,,,,,,,,,,,,,,,,,,,,,,,,,,,,,,,,,,,,,,,,,,,,,,,,,,,,,,,,,,,,,,,,,,,,,,,,,,,,,,,,,,,,,,,,,,,,,,,,,,,,,OK,2026-07-26,2026-07-26
,,,,KOE0000278,ACC00278,Shipper 278,26/07/2026,Consignee 278,Addr 278,,,,,,KOE,DPS,REG,1,1.0,,,,,,,,,,,,,,,,,,,,,,,,,,,,,,,DLV,,,,,,,,,,,,,,,,,,,,,,,,,,,,,,,,,,,,,,,,,,,,,,,,,,,,,,,,,,,,,,,,,,,,,,,,,,,,,,,,,,,,,,,,,,,,,,,,,,,,,,,,,,,,,,,,,,,,,,,,,,,,,,,,,,,,OK,2026-07-26,2026-07-26
,,,,KOE0000279,ACC00279,Shipper 279,26/07/2026,Consignee 279,Addr 279,,,,,,KOE,DPS,REG,1,1.0,,,,,,,,,,,,,,,,,,,,,,,,,,,,,,,DLV,,,,,,,,,,,,,,,,,,,,,,,,,,,,,,,,,,,,,,,,,,,,,,,,,,,,,,,,,,,,,,,,,,,,,,,,,,,,,,,,,,,,,,,,,,,,,,,,,,,,,,,,,,,,,,,,,,,,,,,,,,,,,,,,,,,,OK,2026-07-26,2026-07-26
,,,,KOE0000280,ACC00280,Shipper 280,26/07/2026,Consignee 280,Addr 280,,,,,,KOE,DPS,REG,1,1.0,,,,,,,,,,,,,,,,,,,,,,,,,,,,,,,DLV,,,,,,,,,,,,,,,,,,,,,,,,,,,,,,,,,,,,,,,,,,,,,,,,,,,,,,,,,,,,,,,,,,,,,,,,,,,,,,,,,,,,,,,,,,,,,,,,,,,,,,,,,,,,,,,,,,,,,,,,,,,,,,,,,,,,OK,2026-07-26,2026-07-26
,,,,KOE0000281,ACC00281,Shipper 281,26/07/2026,Consignee 281,Addr 281,,,,,,KOE,DPS,REG,1,1.0,,,,,,,,,,,,,,,,,,,,,,,,,,,,,,,DLV,,,,,,,,,,,,,,,,,,,,,,,,,,,,,,,,,,,,,,,,,,,,,,,,,,,,,,,,,,,,,,,,,,,,,,,,,,,,,,,,,,,,,,,,,,,,,,,,,,,,,,,,,,,,,,,,,,,,,,,,,,,,,,,,,,,,OK,2026-07-26,2026-07-26
,,,,KOE0000282,ACC00282,Shipper 282,26/07/2026,Consignee 282,Addr 282,,,,,,KOE,DPS,REG,1,1.0,,,,,,,,,,,,,,,,,,,,,,,,,,,,,,,DLV,,,,,,,,,,,,,,,,,,,,,,,,,,,,,,,,,,,,,,,,,,,,,,,,,,,,,,,,,,,,,,,,,,,,,,,,,,,,,,,,,,,,,,,,,,,,,,,,,,,,,,,,,,,,,,,,,,,,,,,,,,,,,,,,,,,,OK,2026-07-26,2026-07-26
,,,,KOE0000283,ACC00283,Shipper 283,26/07/2026,Consignee 283,Addr 283,,,,,,KOE,DPS,REG,1,1.0,,,,,,,,,,,,,,,,,,,,,,,,,,,,,,,DLV,,,,,,,,,,,,,,,,,,,,,,,,,,,,,,,,,,,,,,,,,,,,,,,,,,,,,,,,,,,,,,,,,,,,,,,,,,,,,,,,,,,,,,,,,,,,,,,,,,,,,,,,,,,,,,,,,,,,,,,,,,,,,,,,,,,,OK,2026-07-26,2026-07-26
,,,,KOE0000284,ACC00284,Shipper 284,26/07/2026,Consignee 284,Addr 284,,,,,,KOE,DPS,REG,1,1.0,,,,,,,,,,,,,,,,,,,,,,,,,,,,,,,DLV,,,,,,,,,,,,,,,,,,,,,,,,,,,,,,,,,,,,,,,,,,,,,,,,,,,,,,,,,,,,,,,,,,,,,,,,,,,,,,,,,,,,,,,,,,,,,,,,,,,,,,,,,,,,,,,,,,,,,,,,,,,,,,,,,,,,OK,2026-07-26,2026-07-26
,,,,KOE0000285,ACC00285,Shipper 285,26/07/2026,Consignee 285,Addr 285,,,,,,KOE,DPS,REG,1,1.0,,,,,,,,,,,,,,,,,,,,,,,,,,,,,,,DLV,,,,,,,,,,,,,,,,,,,,,,,,,,,,,,,,,,,,,,,,,,,,,,,,,,,,,,,,,,,,,,,,,,,,,,,,,,,,,,,,,,,,,,,,,,,,,,,,,,,,,,,,,,,,,,,,,,,,,,,,,,,,,,,,,,,,OK,2026-07-26,2026-07-26
,,,,KOE0000286,ACC00286,Shipper 286,26/07/2026,Consignee 286,Addr 286,,,,,,KOE,DPS,REG,1,1.0,,,,,,,,,,,,,,,,,,,,,,,,,,,,,,,DLV,,,,,,,,,,,,,,,,,,,,,,,,,,,,,,,,,,,,,,,,,,,,,,,,,,,,,,,,,,,,,,,,,,,,,,,,,,,,,,,,,,,,,,,,,,,,,,,,,,,,,,,,,,,,,,,,,,,,,,,,,,,,,,,,,,,,OK,2026-07-26,2026-07-26
,,,,KOE0000287,ACC00287,Shipper 287,26/07/2026,Consignee 287,Addr 287,,,,,,KOE,DPS,REG,1,1.0,,,,,,,,,,,,,,,,,,,,,,,,,,,,,,,DLV,,,,,,,,,,,,,,,,,,,,,,,,,,,,,,,,,,,,,,,,,,,,,,,,,,,,,,,,,,,,,,,,,,,,,,,,,,,,,,,,,,,,,,,,,,,,,,,,,,,,,,,,,,,,,,,,,,,,,,,,,,,,,,,,,,,,OK,2026-07-26,2026-07-26
,,,,KOE0000288,ACC00288,Shipper 288,26/07/2026,Consignee 288,Addr 288,,,,,,KOE,DPS,REG,1,1.0,,,,,,,,,,,,,,,,,,,,,,,,,,,,,,,DLV,,,,,,,,,,,,,,,,,,,,,,,,,,,,,,,,,,,,,,,,,,,,,,,,,,,,,,,,,,,,,,,,,,,,,,,,,,,,,,,,,,,,,,,,,,,,,,,,,,,,,,,,,,,,,,,,,,,,,,,,,,,,,,,,,,,,OK,2026-07-26,2026-07-26
,,,,KOE0000289,ACC00289,Shipper 289,26/07/2026,Consignee 289,Addr 289,,,,,,KOE,DPS,REG,1,1.0,,,,,,,,,,,,,,,,,,,,,,,,,,,,,,,DLV,,,,,,,,,,,,,,,,,,,,,,,,,,,,,,,,,,,,,,,,,,,,,,,,,,,,,,,,,,,,,,,,,,,,,,,,,,,,,,,,,,,,,,,,,,,,,,,,,,,,,,,,,,,,,,,,,,,,,,,,,,,,,,,,,,,,OK,2026-07-26,2026-07-26
,,,,KOE0000290,ACC00290,Shipper 290,26/07/2026,Consignee 290,Addr 290,,,,,,KOE,DPS,REG,1,1.0,,,,,,,,,,,,,,,,,,,,,,,,,,,,,,,DLV,,,,,,,,,,,,,,,,,,,,,,,,,,,,,,,,,,,,,,,,,,,,,,,,,,,,,,,,,,,,,,,,,,,,,,,,,,,,,,,,,,,,,,,,,,,,,,,,,,,,,,,,,,,,,,,,,,,,,,,,,,,,,,,,,,,,OK,2026-07-26,2026-07-26
,,,,KOE0000291,ACC00291,Shipper 291,26/07/2026,Consignee 291,Addr 291,,,,,,KOE,DPS,REG,1,1.0,,,,,,,,,,,,,,,,,,,,,,,,,,,,,,,DLV,,,,,,,,,,,,,,,,,,,,,,,,,,,,,,,,,,,,,,,,,,,,,,,,,,,,,,,,,,,,,,,,,,,,,,,,,,,,,,,,,,,,,,,,,,,,,,,,,,,,,,,,,,,,,,,,,,,,,,,,,,,,,,,,,,,,OK,2026-07-26,2026-07-26
,,,,KOE0000292,ACC00292,Shipper 292,26/07/2026,Consignee 292,Addr 292,,,,,,KOE,DPS,REG,1,1.0,,,,,,,,,,,,,,,,,,,,,,,,,,,,,,,DLV,,,,,,,,,,,,,,,,,,,,,,,,,,,,,,,,,,,,,,,,,,,,,,,,,,,,,,,,,,,,,,,,,,,,,,,,,,,,,,,,,,,,,,,,,,,,,,,,,,,,,,,,,,,,,,,,,,,,,,,,,,,,,,,,,,,,OK,2026-07-26,2026-07-26
,,,,KOE0000293,ACC00293,Shipper 293,26/07/2026,Consignee 293,Addr 293,,,,,,KOE,DPS,REG,1,1.0,,,,,,,,,,,,,,,,,,,,,,,,,,,,,,,DLV,,,,,,,,,,,,,,,,,,,,,,,,,,,,,,,,,,,,,,,,,,,,,,,,,,,,,,,,,,,,,,,,,,,,,,,,,,,,,,,,,,,,,,,,,,,,,,,,,,,,,,,,,,,,,,,,,,,,,,,,,,,,,,,,,,,,OK,2026-07-26,2026-07-26
,,,,KOE0000294,ACC00294,Shipper 294,26/07/2026,Consignee 294,Addr 294,,,,,,KOE,DPS,REG,1,1.0,,,,,,,,,,,,,,,,,,,,,,,,,,,,,,,DLV,,,,,,,,,,,,,,,,,,,,,,,,,,,,,,,,,,,,,,,,,,,,,,,,,,,,,,,,,,,,,,,,,,,,,,,,,,,,,,,,,,,,,,,,,,,,,,,,,,,,,,,,,,,,,,,,,,,,,,,,,,,,,,,,,,,,OK,2026-07-26,2026-07-26
,,,,KOE0000295,ACC00295,Shipper 295,26/07/2026,Consignee 295,Addr 295,,,,,,KOE,DPS,REG,1,1.0,,,,,,,,,,,,,,,,,,,,,,,,,,,,,,,DLV,,,,,,,,,,,,,,,,,,,,,,,,,,,,,,,,,,,,,,,,,,,,,,,,,,,,,,,,,,,,,,,,,,,,,,,,,,,,,,,,,,,,,,,,,,,,,,,,,,,,,,,,,,,,,,,,,,,,,,,,,,,,,,,,,,,,OK,2026-07-26,2026-07-26
,,,,KOE0000296,ACC00296,Shipper 296,26/07/2026,Consignee 296,Addr 296,,,,,,KOE,DPS,REG,1,1.0,,,,,,,,,,,,,,,,,,,,,,,,,,,,,,,DLV,,,,,,,,,,,,,,,,,,,,,,,,,,,,,,,,,,,,,,,,,,,,,,,,,,,,,,,,,,,,,,,,,,,,,,,,,,,,,,,,,,,,,,,,,,,,,,,,,,,,,,,,,,,,,,,,,,,,,,,,,,,,,,,,,,,,OK,2026-07-26,2026-07-26
,,,,KOE0000297,ACC00297,Shipper 297,26/07/2026,Consignee 297,Addr 297,,,,,,KOE,DPS,REG,1,1.0,,,,,,,,,,,,,,,,,,,,,,,,,,,,,,,DLV,,,,,,,,,,,,,,,,,,,,,,,,,,,,,,,,,,,,,,,,,,,,,,,,,,,,,,,,,,,,,,,,,,,,,,,,,,,,,,,,,,,,,,,,,,,,,,,,,,,,,,,,,,,,,,,,,,,,,,,,,,,,,,,,,,,,OK,2026-07-26,2026-07-26
,,,,KOE0000298,ACC00298,Shipper 298,26/07/2026,Consignee 298,Addr 298,,,,,,KOE,DPS,REG,1,1.0,,,,,,,,,,,,,,,,,,,,,,,,,,,,,,,DLV,,,,,,,,,,,,,,,,,,,,,,,,,,,,,,,,,,,,,,,,,,,,,,,,,,,,,,,,,,,,,,,,,,,,,,,,,,,,,,,,,,,,,,,,,,,,,,,,,,,,,,,,,,,,,,,,,,,,,,,,,,,,,,,,,,,,OK,2026-07-26,2026-07-26
,,,,KOE0000299,ACC00299,Shipper 299,26/07/2026,Consignee 299,Addr 299,,,,,,KOE,DPS,REG,1,1.0,,,,,,,,,,,,,,,,,,,,,,,,,,,,,,,DLV,,,,,,,,,,,,,,,,,,,,,,,,,,,,,,,,,,,,,,,,,,,,,,,,,,,,,,,,,,,,,,,,,,,,,,,,,,,,,,,,,,,,,,,,,,,,,,,,,,,,,,,,,,,,,,,,,,,,,,,,,,,,,,,,,,,,OK,2026-07-26,2026-07-26
,,,,KOE0000300,ACC00300,Shipper 300,26/07/2026,Consignee 300,Addr 300,,,,,,KOE,DPS,REG,1,1.0,,,,,,,,,,,,,,,,,,,,,,,,,,,,,,,DLV,,,,,,,,,,,,,,,,,,,,,,,,,,,,,,,,,,,,,,,,,,,,,,,,,,,,,,,,,,,,,,,,,,,,,,,,,,,,,,,,,,,,,,,,,,,,,,,,,,,,,,,,,,,,,,,,,,,,,,,,,,,,,,,,,,,,OK,2026-07-26,2026-07-26
,,,,KOE0000301,ACC00301,Shipper 301,26/07/2026,Consignee 301,Addr 301,,,,,,KOE,DPS,REG,1,1.0,,,,,,,,,,,,,,,,,,,,,,,,,,,,,,,DLV,,,,,,,,,,,,,,,,,,,,,,,,,,,,,,,,,,,,,,,,,,,,,,,,,,,,,,,,,,,,,,,,,,,,,,,,,,,,,,,,,,,,,,,,,,,,,,,,,,,,,,,,,,,,,,,,,,,,,,,,,,,,,,,,,,,,OK,2026-07-26,2026-07-26
,,,,KOE0000302,ACC00302,Shipper 302,26/07/2026,Consignee 302,Addr 302,,,,,,KOE,DPS,REG,1,1.0,,,,,,,,,,,,,,,,,,,,,,,,,,,,,,,DLV,,,,,,,,,,,,,,,,,,,,,,,,,,,,,,,,,,,,,,,,,,,,,,,,,,,,,,,,,,,,,,,,,,,,,,,,,,,,,,,,,,,,,,,,,,,,,,,,,,,,,,,,,,,,,,,,,,,,,,,,,,,,,,,,,,,,OK,2026-07-26,2026-07-26
,,,,KOE0000303,ACC00303,Shipper 303,26/07/2026,Consignee 303,Addr 303,,,,,,KOE,DPS,REG,1,1.0,,,,,,,,,,,,,,,,,,,,,,,,,,,,,,,DLV,,,,,,,,,,,,,,,,,,,,,,,,,,,,,,,,,,,,,,,,,,,,,,,,,,,,,,,,,,,,,,,,,,,,,,,,,,,,,,,,,,,,,,,,,,,,,,,,,,,,,,,,,,,,,,,,,,,,,,,,,,,,,,,,,,,,OK,2026-07-26,2026-07-26
,,,,KOE0000304,ACC00304,Shipper 304,26/07/2026,Consignee 304,Addr 304,,,,,,KOE,DPS,REG,1,1.0,,,,,,,,,,,,,,,,,,,,,,,,,,,,,,,DLV,,,,,,,,,,,,,,,,,,,,,,,,,,,,,,,,,,,,,,,,,,,,,,,,,,,,,,,,,,,,,,,,,,,,,,,,,,,,,,,,,,,,,,,,,,,,,,,,,,,,,,,,,,,,,,,,,,,,,,,,,,,,,,,,,,,,OK,2026-07-26,2026-07-26
,,,,KOE0000305,ACC00305,Shipper 305,26/07/2026,Consignee 305,Addr 305,,,,,,KOE,DPS,REG,1,1.0,,,,,,,,,,,,,,,,,,,,,,,,,,,,,,,DLV,,,,,,,,,,,,,,,,,,,,,,,,,,,,,,,,,,,,,,,,,,,,,,,,,,,,,,,,,,,,,,,,,,,,,,,,,,,,,,,,,,,,,,,,,,,,,,,,,,,,,,,,,,,,,,,,,,,,,,,,,,,,,,,,,,,,OK,2026-07-26,2026-07-26
,,,,KOE0000306,ACC00306,Shipper 306,26/07/2026,Consignee 306,Addr 306,,,,,,KOE,DPS,REG,1,1.0,,,,,,,,,,,,,,,,,,,,,,,,,,,,,,,DLV,,,,,,,,,,,,,,,,,,,,,,,,,,,,,,,,,,,,,,,,,,,,,,,,,,,,,,,,,,,,,,,,,,,,,,,,,,,,,,,,,,,,,,,,,,,,,,,,,,,,,,,,,,,,,,,,,,,,,,,,,,,,,,,,,,,,OK,2026-07-26,2026-07-26
,,,,KOE0000307,ACC00307,Shipper 307,26/07/2026,Consignee 307,Addr 307,,,,,,KOE,DPS,REG,1,1.0,,,,,,,,,,,,,,,,,,,,,,,,,,,,,,,DLV,,,,,,,,,,,,,,,,,,,,,,,,,,,,,,,,,,,,,,,,,,,,,,,,,,,,,,,,,,,,,,,,,,,,,,,,,,,,,,,,,,,,,,,,,,,,,,,,,,,,,,,,,,,,,,,,,,,,,,,,,,,,,,,,,,,,OK,2026-07-26,2026-07-26
,,,,KOE0000308,ACC00308,Shipper 308,26/07/2026,Consignee 308,Addr 308,,,,,,KOE,DPS,REG,1,1.0,,,,,,,,,,,,,,,,,,,,,,,,,,,,,,,DLV,,,,,,,,,,,,,,,,,,,,,,,,,,,,,,,,,,,,,,,,,,,,,,,,,,,,,,,,,,,,,,,,,,,,,,,,,,,,,,,,,,,,,,,,,,,,,,,,,,,,,,,,,,,,,,,,,,,,,,,,,,,,,,,,,,,,OK,2026-07-26,2026-07-26
,,,,KOE0000309,ACC00309,Shipper 309,26/07/2026,Consignee 309,Addr 309,,,,,,KOE,DPS,REG,1,1.0,,,,,,,,,,,,,,,,,,,,,,,,,,,,,,,DLV,,,,,,,,,,,,,,,,,,,,,,,,,,,,,,,,,,,,,,,,,,,,,,,,,,,,,,,,,,,,,,,,,,,,,,,,,,,,,,,,,,,,,,,,,,,,,,,,,,,,,,,,,,,,,,,,,,,,,,,,,,,,,,,,,,,,OK,2026-07-26,2026-07-26
,,,,KOE0000310,ACC00310,Shipper 310,26/07/2026,Consignee 310,Addr 310,,,,,,KOE,DPS,REG,1,1.0,,,,,,,,,,,,,,,,,,,,,,,,,,,,,,,DLV,,,,,,,,,,,,,,,,,,,,,,,,,,,,,,,,,,,,,,,,,,,,,,,,,,,,,,,,,,,,,,,,,,,,,,,,,,,,,,,,,,,,,,,,,,,,,,,,,,,,,,,,,,,,,,,,,,,,,,,,,,,,,,,,,,,,OK,2026-07-26,2026-07-26
,,,,KOE0000311,ACC00311,Shipper 311,26/07/2026,Consignee 311,Addr 311,,,,,,KOE,DPS,REG,1,1.0,,,,,,,,,,,,,,,,,,,,,,,,,,,,,,,DLV,,,,,,,,,,,,,,,,,,,,,,,,,,,,,,,,,,,,,,,,,,,,,,,,,,,,,,,,,,,,,,,,,,,,,,,,,,,,,,,,,,,,,,,,,,,,,,,,,,,,,,,,,,,,,,,,,,,,,,,,,,,,,,,,,,,,OK,2026-07-26,2026-07-26
,,,,KOE0000312,ACC00312,Shipper 312,26/07/2026,Consignee 312,Addr 312,,,,,,KOE,DPS,REG,1,1.0,,,,,,,,,,,,,,,,,,,,,,,,,,,,,,,DLV,,,,,,,,,,,,,,,,,,,,,,,,,,,,,,,,,,,,,,,,,,,,,,,,,,,,,,,,,,,,,,,,,,,,,,,,,,,,,,,,,,,,,,,,,,,,,,,,,,,,,,,,,,,,,,,,,,,,,,,,,,,,,,,,,,,,OK,2026-07-26,2026-07-26
,,,,KOE0000313,ACC00313,Shipper 313,26/07/2026,Consignee 313,Addr 313,,,,,,KOE,DPS,REG,1,1.0,,,,,,,,,,,,,,,,,,,,,,,,,,,,,,,DLV,,,,,,,,,,,,,,,,,,,,,,,,,,,,,,,,,,,,,,,,,,,,,,,,,,,,,,,,,,,,,,,,,,,,,,,,,,,,,,,,,,,,,,,,,,,,,,,,,,,,,,,,,,,,,,,,,,,,,,,,,,,,,,,,,,,,OK,2026-07-26,2026-07-26
,,,,KOE0000314,ACC00314,Shipper 314,26/07/2026,Consignee 314,Addr 314,,,,,,KOE,DPS,REG,1,1.0,,,,,,,,,,,,,,,,,,,,,,,,,,,,,,,DLV,,,,,,,,,,,,,,,,,,,,,,,,,,,,,,,,,,,,,,,,,,,,,,,,,,,,,,,,,,,,,,,,,,,,,,,,,,,,,,,,,,,,,,,,,,,,,,,,,,,,,,,,,,,,,,,,,,,,,,,,,,,,,,,,,,,,OK,2026-07-26,2026-07-26
,,,,KOE0000315,ACC00315,Shipper 315,26/07/2026,Consignee 315,Addr 315,,,,,,KOE,DPS,REG,1,1.0,,,,,,,,,,,,,,,,,,,,,,,,,,,,,,,DLV,,,,,,,,,,,,,,,,,,,,,,,,,,,,,,,,,,,,,,,,,,,,,,,,,,,,,,,,,,,,,,,,,,,,,,,,,,,,,,,,,,,,,,,,,,,,,,,,,,,,,,,,,,,,,,,,,,,,,,,,,,,,,,,,,,,,OK,2026-07-26,2026-07-26
,,,,KOE0000316,ACC00316,Shipper 316,26/07/2026,Consignee 316,Addr 316,,,,,,KOE,DPS,REG,1,1.0,,,,,,,,,,,,,,,,,,,,,,,,,,,,,,,DLV,,,,,,,,,,,,,,,,,,,,,,,,,,,,,,,,,,,,,,,,,,,,,,,,,,,,,,,,,,,,,,,,,,,,,,,,,,,,,,,,,,,,,,,,,,,,,,,,,,,,,,,,,,,,,,,,,,,,,,,,,,,,,,,,,,,,OK,2026-07-26,2026-07-26
,,,,KOE0000317,ACC00317,Shipper 317,26/07/2026,Consignee 317,Addr 317,,,,,,KOE,DPS,REG,1,1.0,,,,,,,,,,,,,,,,,,,,,,,,,,,,,,,DLV,,,,,,,,,,,,,,,,,,,,,,,,,,,,,,,,,,,,,,,,,,,,,,,,,,,,,,,,,,,,,,,,,,,,,,,,,,,,,,,,,,,,,,,,,,,,,,,,,,,,,,,,,,,,,,,,,,,,,,,,,,,,,,,,,,,,OK,2026-07-26,2026-07-26
,,,,KOE0000318,ACC00318,Shipper 318,26/07/2026,Consignee 318,Addr 318,,,,,,KOE,DPS,REG,1,1.0,,,,,,,,,,,,,,,,,,,,,,,,,,,,,,,DLV,,,,,,,,,,,,,,,,,,,,,,,,,,,,,,,,,,,,,,,,,,,,,,,,,,,,,,,,,,,,,,,,,,,,,,,,,,,,,,,,,,,,,,,,,,,,,,,,,,,,,,,,,,,,,,,,,,,,,,,,,,,,,,,,,,,,OK,2026-07-26,2026-07-26
,,,,KOE0000319,ACC00319,Shipper 319,26/07/2026,Consignee 319,Addr 319,,,,,,KOE,DPS,REG,1,1.0,,,,,,,,,,,,,,,,,,,,,,,,,,,,,,,DLV,,,,,,,,,,,,,,,,,,,,,,,,,,,,,,,,,,,,,,,,,,,,,,,,,,,,,,,,,,,,,,,,,,,,,,,,,,,,,,,,,,,,,,,,,,,,,,,,,,,,,,,,,,,,,,,,,,,,,,,,,,,,,,,,,,,,OK,2026-07-26,2026-07-26
,,,,KOE0000320,ACC00320,Shipper 320,26/07/2026,Consignee 320,Addr 320,,,,,,KOE,DPS,REG,1,1.0,,,,,,,,,,,,,,,,,,,,,,,,,,,,,,,DLV,,,,,,,,,,,,,,,,,,,,,,,,,,,,,,,,,,,,,,,,,,,,,,,,,,,,,,,,,,,,,,,,,,,,,,,,,,,,,,,,,,,,,,,,,,,,,,,,,,,,,,,,,,,,,,,,,,,,,,,,,,,,,,,,,,,,OK,2026-07-26,2026-07-26
,,,,KOE0000321,ACC00321,Shipper 321,26/07/2026,Consignee 321,Addr 321,,,,,,KOE,DPS,REG,1,1.0,,,,,,,,,,,,,,,,,,,,,,,,,,,,,,,DLV,,,,,,,,,,,,,,,,,,,,,,,,,,,,,,,,,,,,,,,,,,,,,,,,,,,,,,,,,,,,,,,,,,,,,,,,,,,,,,,,,,,,,,,,,,,,,,,,,,,,,,,,,,,,,,,,,,,,,,,,,,,,,,,,,,,,OK,2026-07-26,2026-07-26
,,,,KOE0000322,ACC00322,Shipper 322,26/07/2026,Consignee 322,Addr 322,,,,,,KOE,DPS,REG,1,1.0,,,,,,,,,,,,,,,,,,,,,,,,,,,,,,,DLV,,,,,,,,,,,,,,,,,,,,,,,,,,,,,,,,,,,,,,,,,,,,,,,,,,,,,,,,,,,,,,,,,,,,,,,,,,,,,,,,,,,,,,,,,,,,,,,,,,,,,,,,,,,,,,,,,,,,,,,,,,,,,,,,,,,,OK,2026-07-26,2026-07-26
,,,,KOE0000323,ACC00323,Shipper 323,26/07/2026,Consignee 323,Addr 323,,,,,,KOE,DPS,REG,1,1.0,,,,,,,,,,,,,,,,,,,,,,,,,,,,,,,DLV,,,,,,,,,,,,,,,,,,,,,,,,,,,,,,,,,,,,,,,,,,,,,,,,,,,,,,,,,,,,,,,,,,,,,,,,,,,,,,,,,,,,,,,,,,,,,,,,,,,,,,,,,,,,,,,,,,,,,,,,,,,,,,,,,,,,OK,2026-07-26,2026-07-26
,,,,KOE0000324,ACC00324,Shipper 324,26/07/2026,Consignee 324,Addr 324,,,,,,KOE,DPS,REG,1,1.0,,,,,,,,,,,,,,,,,,,,,,,,,,,,,,,DLV,,,,,,,,,,,,,,,,,,,,,,,,,,,,,,,,,,,,,,,,,,,,,,,,,,,,,,,,,,,,,,,,,,,,,,,,,,,,,,,,,,,,,,,,,,,,,,,,,,,,,,,,,,,,,,,,,,,,,,,,,,,,,,,,,,,,OK,2026-07-26,2026-07-26
,,,,KOE0000325,ACC00325,Shipper 325,26/07/2026,Consignee 325,Addr 325,,,,,,KOE,DPS,REG,1,1.0,,,,,,,,,,,,,,,,,,,,,,,,,,,,,,,DLV,,,,,,,,,,,,,,,,,,,,,,,,,,,,,,,,,,,,,,,,,,,,,,,,,,,,,,,,,,,,,,,,,,,,,,,,,,,,,,,,,,,,,,,,,,,,,,,,,,,,,,,,,,,,,,,,,,,,,,,,,,,,,,,,,,,,OK,2026-07-26,2026-07-26
,,,,KOE0000326,ACC00326,Shipper 326,26/07/2026,Consignee 326,Addr 326,,,,,,KOE,DPS,REG,1,1.0,,,,,,,,,,,,,,,,,,,,,,,,,,,,,,,DLV,,,,,,,,,,,,,,,,,,,,,,,,,,,,,,,,,,,,,,,,,,,,,,,,,,,,,,,,,,,,,,,,,,,,,,,,,,,,,,,,,,,,,,,,,,,,,,,,,,,,,,,,,,,,,,,,,,,,,,,,,,,,,,,,,,,,OK,2026-07-26,2026-07-26
,,,,KOE0000327,ACC00327,Shipper 327,26/07/2026,Consignee 327,Addr 327,,,,,,KOE,DPS,REG,1,1.0,,,,,,,,,,,,,,,,,,,,,,,,,,,,,,,DLV,,,,,,,,,,,,,,,,,,,,,,,,,,,,,,,,,,,,,,,,,,,,,,,,,,,,,,,,,,,,,,,,,,,,,,,,,,,,,,,,,,,,,,,,,,,,,,,,,,,,,,,,,,,,,,,,,,,,,,,,,,,,,,,,,,,,OK,2026-07-26,2026-07-26
,,,,KOE0000328,ACC00328,Shipper 328,26/07/2026,Consignee 328,Addr 328,,,,,,KOE,DPS,REG,1,1.0,,,,,,,,,,,,,,,,,,,,,,,,,,,,,,,DLV,,,,,,,,,,,,,,,,,,,,,,,,,,,,,,,,,,,,,,,,,,,,,,,,,,,,,,,,,,,,,,,,,,,,,,,,,,,,,,,,,,,,,,,,,,,,,,,,,,,,,,,,,,,,,,,,,,,,,,,,,,,,,,,,,,,,OK,2026-07-26,2026-07-26
,,,,KOE0000329,ACC00329,Shipper 329,26/07/2026,Consignee 329,Addr 329,,,,,,KOE,DPS,REG,1,1.0,,,,,,,,,,,,,,,,,,,,,,,,,,,,,,,DLV,,,,,,,,,,,,,,,,,,,,,,,,,,,,,,,,,,,,,,,,,,,,,,,,,,,,,,,,,,,,,,,,,,,,,,,,,,,,,,,,,,,,,,,,,,,,,,,,,,,,,,,,,,,,,,,,,,,,,,,,,,,,,,,,,,,,OK,2026-07-26,2026-07-26
,,,,KOE0000330,ACC00330,Shipper 330,26/07/2026,Consignee 330,Addr 330,,,,,,KOE,DPS,REG,1,1.0,,,,,,,,,,,,,,,,,,,,,,,,,,,,,,,DLV,,,,,,,,,,,,,,,,,,,,,,,,,,,,,,,,,,,,,,,,,,,,,,,,,,,,,,,,,,,,,,,,,,,,,,,,,,,,,,,,,,,,,,,,,,,,,,,,,,,,,,,,,,,,,,,,,,,,,,,,,,,,,,,,,,,,OK,2026-07-26,2026-07-26
,,,,KOE0000331,ACC00331,Shipper 331,26/07/2026,Consignee 331,Addr 331,,,,,,KOE,DPS,REG,1,1.0,,,,,,,,,,,,,,,,,,,,,,,,,,,,,,,DLV,,,,,,,,,,,,,,,,,,,,,,,,,,,,,,,,,,,,,,,,,,,,,,,,,,,,,,,,,,,,,,,,,,,,,,,,,,,,,,,,,,,,,,,,,,,,,,,,,,,,,,,,,,,,,,,,,,,,,,,,,,,,,,,,,,,,OK,2026-07-26,2026-07-26
,,,,KOE0000332,ACC00332,Shipper 332,26/07/2026,Consignee 332,Addr 332,,,,,,KOE,DPS,REG,1,1.0,,,,,,,,,,,,,,,,,,,,,,,,,,,,,,,DLV,,,,,,,,,,,,,,,,,,,,,,,,,,,,,,,,,,,,,,,,,,,,,,,,,,,,,,,,,,,,,,,,,,,,,,,,,,,,,,,,,,,,,,,,,,,,,,,,,,,,,,,,,,,,,,,,,,,,,,,,,,,,,,,,,,,,OK,2026-07-26,2026-07-26
,,,,KOE0000333,ACC00333,Shipper 333,26/07/2026,Consignee 333,Addr 333,,,,,,KOE,DPS,REG,1,1.0,,,,,,,,,,,,,,,,,,,,,,,,,,,,,,,DLV,,,,,,,,,,,,,,,,,,,,,,,,,,,,,,,,,,,,,,,,,,,,,,,,,,,,,,,,,,,,,,,,,,,,,,,,,,,,,,,,,,,,,,,,,,,,,,,,,,,,,,,,,,,,,,,,,,,,,,,,,,,,,,,,,,,,OK,2026-07-26,2026-07-26
,,,,KOE0000334,ACC00334,Shipper 334,26/07/2026,Consignee 334,Addr 334,,,,,,KOE,DPS,REG,1,1.0,,,,,,,,,,,,,,,,,,,,,,,,,,,,,,,DLV,,,,,,,,,,,,,,,,,,,,,,,,,,,,,,,,,,,,,,,,,,,,,,,,,,,,,,,,,,,,,,,,,,,,,,,,,,,,,,,,,,,,,,,,,,,,,,,,,,,,,,,,,,,,,,,,,,,,,,,,,,,,,,,,,,,,OK,2026-07-26,2026-07-26
,,,,KOE0000335,ACC00335,Shipper 335,26/07/2026,Consignee 335,Addr 335,,,,,,KOE,DPS,REG,1,1.0,,,,,,,,,,,,,,,,,,,,,,,,,,,,,,,DLV,,,,,,,,,,,,,,,,,,,,,,,,,,,,,,,,,,,,,,,,,,,,,,,,,,,,,,,,,,,,,,,,,,,,,,,,,,,,,,,,,,,,,,,,,,,,,,,,,,,,,,,,,,,,,,,,,,,,,,,,,,,,,,,,,,,,OK,2026-07-26,2026-07-26
,,,,KOE0000336,ACC00336,Shipper 336,26/07/2026,Consignee 336,Addr 336,,,,,,KOE,DPS,REG,1,1.0,,,,,,,,,,,,,,,,,,,,,,,,,,,,,,,DLV,,,,,,,,,,,,,,,,,,,,,,,,,,,,,,,,,,,,,,,,,,,,,,,,,,,,,,,,,,,,,,,,,,,,,,,,,,,,,,,,,,,,,,,,,,,,,,,,,,,,,,,,,,,,,,,,,,,,,,,,,,,,,,,,,,,,OK,2026-07-26,2026-07-26
,,,,KOE0000337,ACC00337,Shipper 337,26/07/2026,Consignee 337,Addr 337,,,,,,KOE,DPS,REG,1,1.0,,,,,,,,,,,,,,,,,,,,,,,,,,,,,,,DLV,,,,,,,,,,,,,,,,,,,,,,,,,,,,,,,,,,,,,,,,,,,,,,,,,,,,,,,,,,,,,,,,,,,,,,,,,,,,,,,,,,,,,,,,,,,,,,,,,,,,,,,,,,,,,,,,,,,,,,,,,,,,,,,,,,,,OK,2026-07-26,2026-07-26
,,,,KOE0000338,ACC00338,Shipper 338,26/07/2026,Consignee 338,Addr 338,,,,,,KOE,DPS,REG,1,1.0,,,,,,,,,,,,,,,,,,,,,,,,,,,,,,,DLV,,,,,,,,,,,,,,,,,,,,,,,,,,,,,,,,,,,,,,,,,,,,,,,,,,,,,,,,,,,,,,,,,,,,,,,,,,,,,,,,,,,,,,,,,,,,,,,,,,,,,,,,,,,,,,,,,,,,,,,,,,,,,,,,,,,,OK,2026-07-26,2026-07-26
,,,,KOE0000339,ACC00339,Shipper 339,26/07/2026,Consignee 339,Addr 339,,,,,,KOE,DPS,REG,1,1.0,,,,,,,,,,,,,,,,,,,,,,,,,,,,,,,DLV,,,,,,,,,,,,,,,,,,,,,,,,,,,,,,,,,,,,,,,,,,,,,,,,,,,,,,,,,,,,,,,,,,,,,,,,,,,,,,,,,,,,,,,,,,,,,,,,,,,,,,,,,,,,,,,,,,,,,,,,,,,,,,,,,,,,OK,2026-07-26,2026-07-26
,,,,KOE0000340,ACC00340,Shipper 340,26/07/2026,Consignee 340,Addr 340,,,,,,KOE,DPS,REG,1,1.0,,,,,,,,,,,,,,,,,,,,,,,,,,,,,,,DLV,,,,,,,,,,,,,,,,,,,,,,,,,,,,,,,,,,,,,,,,,,,,,,,,,,,,,,,,,,,,,,,,,,,,,,,,,,,,,,,,,,,,,,,,,,,,,,,,,,,,,,,,,,,,,,,,,,,,,,,,,,,,,,,,,,,,OK,2026-07-26,2026-07-26
,,,,KOE0000341,ACC00341,Shipper 341,26/07/2026,Consignee 341,Addr 341,,,,,,KOE,DPS,REG,1,1.0,,,,,,,,,,,,,,,,,,,,,,,,,,,,,,,DLV,,,,,,,,,,,,,,,,,,,,,,,,,,,,,,,,,,,,,,,,,,,,,,,,,,,,,,,,,,,,,,,,,,,,,,,,,,,,,,,,,,,,,,,,,,,,,,,,,,,,,,,,,,,,,,,,,,,,,,,,,,,,,,,,,,,,OK,2026-07-26,2026-07-26
,,,,KOE0000342,ACC00342,Shipper 342,26/07/2026,Consignee 342,Addr 342,,,,,,KOE,DPS,REG,1,1.0,,,,,,,,,,,,,,,,,,,,,,,,,,,,,,,DLV,,,,,,,,,,,,,,,,,,,,,,,,,,,,,,,,,,,,,,,,,,,,,,,,,,,,,,,,,,,,,,,,,,,,,,,,,,,,,,,,,,,,,,,,,,,,,,,,,,,,,,,,,,,,,,,,,,,,,,,,,,,,,,,,,,,,OK,2026-07-26,2026-07-26
,,,,KOE0000343,ACC00343,Shipper 343,26/07/2026,Consignee 343,Addr 343,,,,,,KOE,DPS,REG,1,1.0,,,,,,,,,,,,,,,,,,,,,,,,,,,,,,,DLV,,,,,,,,,,,,,,,,,,,,,,,,,,,,,,,,,,,,,,,,,,,,,,,,,,,,,,,,,,,,,,,,,,,,,,,,,,,,,,,,,,,,,,,,,,,,,,,,,,,,,,,,,,,,,,,,,,,,,,,,,,,,,,,,,,,,OK,2026-07-26,2026-07-26
,,,,KOE0000344,ACC00344,Shipper 344,26/07/2026,Consignee 344,Addr 344,,,,,,KOE,DPS,REG,1,1.0,,,,,,,,,,,,,,,,,,,,,,,,,,,,,,,DLV,,,,,,,,,,,,,,,,,,,,,,,,,,,,,,,,,,,,,,,,,,,,,,,,,,,,,,,,,,,,,,,,,,,,,,,,,,,,,,,,,,,,,,,,,,,,,,,,,,,,,,,,,,,,,,,,,,,,,,,,,,,,,,,,,,,,OK,2026-07-26,2026-07-26
,,,,KOE0000345,ACC00345,Shipper 345,26/07/2026,Consignee 345,Addr 345,,,,,,KOE,DPS,REG,1,1.0,,,,,,,,,,,,,,,,,,,,,,,,,,,,,,,DLV,,,,,,,,,,,,,,,,,,,,,,,,,,,,,,,,,,,,,,,,,,,,,,,,,,,,,,,,,,,,,,,,,,,,,,,,,,,,,,,,,,,,,,,,,,,,,,,,,,,,,,,,,,,,,,,,,,,,,,,,,,,,,,,,,,,,OK,2026-07-26,2026-07-26
,,,,KOE0000346,ACC00346,Shipper 346,26/07/2026,Consignee 346,Addr 346,,,,,,KOE,DPS,REG,1,1.0,,,,,,,,,,,,,,,,,,,,,,,,,,,,,,,DLV,,,,,,,,,,,,,,,,,,,,,,,,,,,,,,,,,,,,,,,,,,,,,,,,,,,,,,,,,,,,,,,,,,,,,,,,,,,,,,,,,,,,,,,,,,,,,,,,,,,,,,,,,,,,,,,,,,,,,,,,,,,,,,,,,,,,OK,2026-07-26,2026-07-26
,,,,KOE0000347,ACC00347,Shipper 347,26/07/2026,Consignee 347,Addr 347,,,,,,KOE,DPS,REG,1,1.0,,,,,,,,,,,,,,,,,,,,,,,,,,,,,,,DLV,,,,,,,,,,,,,,,,,,,,,,,,,,,,,,,,,,,,,,,,,,,,,,,,,,,,,,,,,,,,,,,,,,,,,,,,,,,,,,,,,,,,,,,,,,,,,,,,,,,,,,,,,,,,,,,,,,,,,,,,,,,,,,,,,,,,OK,2026-07-26,2026-07-26
,,,,KOE0000348,ACC00348,Shipper 348,26/07/2026,Consignee 348,Addr 348,,,,,,KOE,DPS,REG,1,1.0,,,,,,,,,,,,,,,,,,,,,,,,,,,,,,,DLV,,,,,,,,,,,,,,,,,,,,,,,,,,,,,,,,,,,,,,,,,,,,,,,,,,,,,,,,,,,,,,,,,,,,,,,,,,,,,,,,,,,,,,,,,,,,,,,,,,,,,,,,,,,,,,,,,,,,,,,,,,,,,,,,,,,,OK,2026-07-26,2026-07-26
,,,,KOE0000349,ACC00349,Shipper 349,26/07/2026,Consignee 349,Addr 349,,,,,,KOE,DPS,REG,1,1.0,,,,,,,,,,,,,,,,,,,,,,,,,,,,,,,DLV,,,,,,,,,,,,,,,,,,,,,,,,,,,,,,,,,,,,,,,,,,,,,,,,,,,,,,,,,,,,,,,,,,,,,,,,,,,,,,,,,,,,,,,,,,,,,,,,,,,,,,,,,,,,,,,,,,,,,,,,,,,,,,,,,,,,OK,2026-07-26,2026-07-26
,,,,KOE0000350,ACC00350,Shipper 350,26/07/2026,Consignee 350,Addr 350,,,,,,KOE,DPS,REG,1,1.0,,,,,,,,,,,,,,,,,,,,,,,,,,,,,,,DLV,,,,,,,,,,,,,,,,,,,,,,,,,,,,,,,,,,,,,,,,,,,,,,,,,,,,,,,,,,,,,,,,,,,,,,,,,,,,,,,,,,,,,,,,,,,,,,,,,,,,,,,,,,,,,,,,,,,,,,,,,,,,,,,,,,,,OK,2026-07-26,2026-07-26
,,,,KOE0000351,ACC00351,Shipper 351,26/07/2026,Consignee 351,Addr 351,,,,,,KOE,DPS,REG,1,1.0,,,,,,,,,,,,,,,,,,,,,,,,,,,,,,,DLV,,,,,,,,,,,,,,,,,,,,,,,,,,,,,,,,,,,,,,,,,,,,,,,,,,,,,,,,,,,,,,,,,,,,,,,,,,,,,,,,,,,,,,,,,,,,,,,,,,,,,,,,,,,,,,,,,,,,,,,,,,,,,,,,,,,,OK,2026-07-26,2026-07-26
,,,,KOE0000352,ACC00352,Shipper 352,26/07/2026,Consignee 352,Addr 352,,,,,,KOE,DPS,REG,1,1.0,,,,,,,,,,,,,,,,,,,,,,,,,,,,,,,DLV,,,,,,,,,,,,,,,,,,,,,,,,,,,,,,,,,,,,,,,,,,,,,,,,,,,,,,,,,,,,,,,,,,,,,,,,,,,,,,,,,,,,,,,,,,,,,,,,,,,,,,,,,,,,,,,,,,,,,,,,,,,,,,,,,,,,OK,2026-07-26,2026-07-26
,,,,KOE0000353,ACC00353,Shipper 353,26/07/2026,Consignee 353,Addr 353,,,,,,KOE,DPS,REG,1,1.0,,,,,,,,,,,,,,,,,,,,,,,,,,,,,,,DLV,,,,,,,,,,,,,,,,,,,,,,,,,,,,,,,,,,,,,,,,,,,,,,,,,,,,,,,,,,,,,,,,,,,,,,,,,,,,,,,,,,,,,,,,,,,,,,,,,,,,,,,,,,,,,,,,,,,,,,,,,,,,,,,,,,,,OK,2026-07-26,2026-07-26
,,,,KOE0000354,ACC00354,Shipper 354,26/07/2026,Consignee 354,Addr 354,,,,,,KOE,DPS,REG,1,1.0,,,,,,,,,,,,,,,,,,,,,,,,,,,,,,,DLV,,,,,,,,,,,,,,,,,,,,,,,,,,,,,,,,,,,,,,,,,,,,,,,,,,,,,,,,,,,,,,,,,,,,,,,,,,,,,,,,,,,,,,,,,,,,,,,,,,,,,,,,,,,,,,,,,,,,,,,,,,,,,,,,,,,,OK,2026-07-26,2026-07-26
,,,,KOE0000355,ACC00355,Shipper 355,26/07/2026,Consignee 355,Addr 355,,,,,,KOE,DPS,REG,1,1.0,,,,,,,,,,,,,,,,,,,,,,,,,,,,,,,DLV,,,,,,,,,,,,,,,,,,,,,,,,,,,,,,,,,,,,,,,,,,,,,,,,,,,,,,,,,,,,,,,,,,,,,,,,,,,,,,,,,,,,,,,,,,,,,,,,,,,,,,,,,,,,,,,,,,,,,,,,,,,,,,,,,,,,OK,2026-07-26,2026-07-26
,,,,KOE0000356,ACC00356,Shipper 356,26/07/2026,Consignee 356,Addr 356,,,,,,KOE,DPS,REG,1,1.0,,,,,,,,,,,,,,,,,,,,,,,,,,,,,,,DLV,,,,,,,,,,,,,,,,,,,,,,,,,,,,,,,,,,,,,,,,,,,,,,,,,,,,,,,,,,,,,,,,,,,,,,,,,,,,,,,,,,,,,,,,,,,,,,,,,,,,,,,,,,,,,,,,,,,,,,,,,,,,,,,,,,,,OK,2026-07-26,2026-07-26
,,,,KOE0000357,ACC00357,Shipper 357,26/07/2026,Consignee 357,Addr 357,,,,,,KOE,DPS,REG,1,1.0,,,,,,,,,,,,,,,,,,,,,,,,,,,,,,,DLV,,,,,,,,,,,,,,,,,,,,,,,,,,,,,,,,,,,,,,,,,,,,,,,,,,,,,,,,,,,,,,,,,,,,,,,,,,,,,,,,,,,,,,,,,,,,,,,,,,,,,,,,,,,,,,,,,,,,,,,,,,,,,,,,,,,,OK,2026-07-26,2026-07-26
,,,,KOE0000358,ACC00358,Shipper 358,26/07/2026,Consignee 358,Addr 358,,,,,,KOE,DPS,REG,1,1.0,,,,,,,,,,,,,,,,,,,,,,,,,,,,,,,DLV,,,,,,,,,,,,,,,,,,,,,,,,,,,,,,,,,,,,,,,,,,,,,,,,,,,,,,,,,,,,,,,,,,,,,,,,,,,,,,,,,,,,,,,,,,,,,,,,,,,,,,,,,,,,,,,,,,,,,,,,,,,,,,,,,,,,OK,2026-07-26,2026-07-26
,,,,KOE0000359,ACC00359,Shipper 359,26/07/2026,Consignee 359,Addr 359,,,,,,KOE,DPS,REG,1,1.0,,,,,,,,,,,,,,,,,,,,,,,,,,,,,,,DLV,,,,,,,,,,,,,,,,,,,,,,,,,,,,,,,,,,,,,,,,,,,,,,,,,,,,,,,,,,,,,,,,,,,,,,,,,,,,,,,,,,,,,,,,,,,,,,,,,,,,,,,,,,,,,,,,,,,,,,,,,,,,,,,,,,,,OK,2026-07-26,2026-07-26
,,,,KOE0000360,ACC00360,Shipper 360,26/07/2026,Consignee 360,Addr 360,,,,,,KOE,DPS,REG,1,1.0,,,,,,,,,,,,,,,,,,,,,,,,,,,,,,,DLV,,,,,,,,,,,,,,,,,,,,,,,,,,,,,,,,,,,,,,,,,,,,,,,,,,,,,,,,,,,,,,,,,,,,,,,,,,,,,,,,,,,,,,,,,,,,,,,,,,,,,,,,,,,,,,,,,,,,,,,,,,,,,,,,,,,,OK,2026-07-26,2026-07-26
,,,,KOE0000361,ACC00361,Shipper 361,26/07/2026,Consignee 361,Addr 361,,,,,,KOE,DPS,REG,1,1.0,,,,,,,,,,,,,,,,,,,,,,,,,,,,,,,DLV,,,,,,,,,,,,,,,,,,,,,,,,,,,,,,,,,,,,,,,,,,,,,,,,,,,,,,,,,,,,,,,,,,,,,,,,,,,,,,,,,,,,,,,,,,,,,,,,,,,,,,,,,,,,,,,,,,,,,,,,,,,,,,,,,,,,OK,2026-07-26,2026-07-26
,,,,KOE0000362,ACC00362,Shipper 362,26/07/2026,Consignee 362,Addr 362,,,,,,KOE,DPS,REG,1,1.0,,,,,,,,,,,,,,,,,,,,,,,,,,,,,,,DLV,,,,,,,,,,,,,,,,,,,,,,,,,,,,,,,,,,,,,,,,,,,,,,,,,,,,,,,,,,,,,,,,,,,,,,,,,,,,,,,,,,,,,,,,,,,,,,,,,,,,,,,,,,,,,,,,,,,,,,,,,,,,,,,,,,,,OK,2026-07-26,2026-07-26
,,,,KOE0000363,ACC00363,Shipper 363,26/07/2026,Consignee 363,Addr 363,,,,,,KOE,DPS,REG,1,1.0,,,,,,,,,,,,,,,,,,,,,,,,,,,,,,,DLV,,,,,,,,,,,,,,,,,,,,,,,,,,,,,,,,,,,,,,,,,,,,,,,,,,,,,,,,,,,,,,,,,,,,,,,,,,,,,,,,,,,,,,,,,,,,,,,,,,,,,,,,,,,,,,,,,,,,,,,,,,,,,,,,,,,,OK,2026-07-26,2026-07-26
,,,,KOE0000364,ACC00364,Shipper 364,26/07/2026,Consignee 364,Addr 364,,,,,,KOE,DPS,REG,1,1.0,,,,,,,,,,,,,,,,,,,,,,,,,,,,,,,DLV,,,,,,,,,,,,,,,,,,,,,,,,,,,,,,,,,,,,,,,,,,,,,,,,,,,,,,,,,,,,,,,,,,,,,,,,,,,,,,,,,,,,,,,,,,,,,,,,,,,,,,,,,,,,,,,,,,,,,,,,,,,,,,,,,,,,OK,2026-07-26,2026-07-26
,,,,KOE0000365,ACC00365,Shipper 365,26/07/2026,Consignee 365,Addr 365,,,,,,KOE,DPS,REG,1,1.0,,,,,,,,,,,,,,,,,,,,,,,,,,,,,,,DLV,,,,,,,,,,,,,,,,,,,,,,,,,,,,,,,,,,,,,,,,,,,,,,,,,,,,,,,,,,,,,,,,,,,,,,,,,,,,,,,,,,,,,,,,,,,,,,,,,,,,,,,,,,,,,,,,,,,,,,,,,,,,,,,,,,,,OK,2026-07-26,2026-07-26
,,,,KOE0000366,ACC00366,Shipper 366,26/07/2026,Consignee 366,Addr 366,,,,,,KOE,DPS,REG,1,1.0,,,,,,,,,,,,,,,,,,,,,,,,,,,,,,,DLV,,,,,,,,,,,,,,,,,,,,,,,,,,,,,,,,,,,,,,,,,,,,,,,,,,,,,,,,,,,,,,,,,,,,,,,,,,,,,,,,,,,,,,,,,,,,,,,,,,,,,,,,,,,,,,,,,,,,,,,,,,,,,,,,,,,,OK,2026-07-26,2026-07-26
,,,,KOE0000367,ACC00367,Shipper 367,26/07/2026,Consignee 367,Addr 367,,,,,,KOE,DPS,REG,1,1.0,,,,,,,,,,,,,,,,,,,,,,,,,,,,,,,DLV,,,,,,,,,,,,,,,,,,,,,,,,,,,,,,,,,,,,,,,,,,,,,,,,,,,,,,,,,,,,,,,,,,,,,,,,,,,,,,,,,,,,,,,,,,,,,,,,,,,,,,,,,,,,,,,,,,,,,,,,,,,,,,,,,,,,OK,2026-07-26,2026-07-26
,,,,KOE0000368,ACC00368,Shipper 368,26/07/2026,Consignee 368,Addr 368,,,,,,KOE,DPS,REG,1,1.0,,,,,,,,,,,,,,,,,,,,,,,,,,,,,,,DLV,,,,,,,,,,,,,,,,,,,,,,,,,,,,,,,,,,,,,,,,,,,,,,,,,,,,,,,,,,,,,,,,,,,,,,,,,,,,,,,,,,,,,,,,,,,,,,,,,,,,,,,,,,,,,,,,,,,,,,,,,,,,,,,,,,,,OK,2026-07-26,2026-07-26
,,,,KOE0000369,ACC00369,Shipper 369,26/07/2026,Consignee 369,Addr 369,,,,,,KOE,DPS,REG,1,1.0,,,,,,,,,,,,,,,,,,,,,,,,,,,,,,,DLV,,,,,,,,,,,,,,,,,,,,,,,,,,,,,,,,,,,,,,,,,,,,,,,,,,,,,,,,,,,,,,,,,,,,,,,,,,,,,,,,,,,,,,,,,,,,,,,,,,,,,,,,,,,,,,,,,,,,,,,,,,,,,,,,,,,,OK,2026-07-26,2026-07-26
,,,,KOE0000370,ACC00370,Shipper 370,26/07/2026,Consignee 370,Addr 370,,,,,,KOE,DPS,REG,1,1.0,,,,,,,,,,,,,,,,,,,,,,,,,,,,,,,DLV,,,,,,,,,,,,,,,,,,,,,,,,,,,,,,,,,,,,,,,,,,,,,,,,,,,,,,,,,,,,,,,,,,,,,,,,,,,,,,,,,,,,,,,,,,,,,,,,,,,,,,,,,,,,,,,,,,,,,,,,,,,,,,,,,,,,OK,2026-07-26,2026-07-26
,,,,KOE0000371,ACC00371,Shipper 371,26/07/2026,Consignee 371,Addr 371,,,,,,KOE,DPS,REG,1,1.0,,,,,,,,,,,,,,,,,,,,,,,,,,,,,,,DLV,,,,,,,,,,,,,,,,,,,,,,,,,,,,,,,,,,,,,,,,,,,,,,,,,,,,,,,,,,,,,,,,,,,,,,,,,,,,,,,,,,,,,,,,,,,,,,,,,,,,,,,,,,,,,,,,,,,,,,,,,,,,,,,,,,,,OK,2026-07-26,2026-07-26
,,,,KOE0000372,ACC00372,Shipper 372,26/07/2026,Consignee 372,Addr 372,,,,,,KOE,DPS,REG,1,1.0,,,,,,,,,,,,,,,,,,,,,,,,,,,,,,,DLV,,,,,,,,,,,,,,,,,,,,,,,,,,,,,,,,,,,,,,,,,,,,,,,,,,,,,,,,,,,,,,,,,,,,,,,,,,,,,,,,,,,,,,,,,,,,,,,,,,,,,,,,,,,,,,,,,,,,,,,,,,,,,,,,,,,,OK,2026-07-26,2026-07-26
,,,,KOE0000373,ACC00373,Shipper 373,26/07/2026,Consignee 373,Addr 373,,,,,,KOE,DPS,REG,1,1.0,,,,,,,,,,,,,,,,,,,,,,,,,,,,,,,DLV,,,,,,,,,,,,,,,,,,,,,,,,,,,,,,,,,,,,,,,,,,,,,,,,,,,,,,,,,,,,,,,,,,,,,,,,,,,,,,,,,,,,,,,,,,,,,,,,,,,,,,,,,,,,,,,,,,,,,,,,,,,,,,,,,,,,OK,2026-07-26,2026-07-26
,,,,KOE0000374,ACC00374,Shipper 374,26/07/2026,Consignee 374,Addr 374,,,,,,KOE,DPS,REG,1,1.0,,,,,,,,,,,,,,,,,,,,,,,,,,,,,,,DLV,,,,,,,,,,,,,,,,,,,,,,,,,,,,,,,,,,,,,,,,,,,,,,,,,,,,,,,,,,,,,,,,,,,,,,,,,,,,,,,,,,,,,,,,,,,,,,,,,,,,,,,,,,,,,,,,,,,,,,,,,,,,,,,,,,,,OK,2026-07-26,2026-07-26
,,,,KOE0000375,ACC00375,Shipper 375,26/07/2026,Consignee 375,Addr 375,,,,,,KOE,DPS,REG,1,1.0,,,,,,,,,,,,,,,,,,,,,,,,,,,,,,,DLV,,,,,,,,,,,,,,,,,,,,,,,,,,,,,,,,,,,,,,,,,,,,,,,,,,,,,,,,,,,,,,,,,,,,,,,,,,,,,,,,,,,,,,,,,,,,,,,,,,,,,,,,,,,,,,,,,,,,,,,,,,,,,,,,,,,,OK,2026-07-26,2026-07-26
,,,,KOE0000376,ACC00376,Shipper 376,26/07/2026,Consignee 376,Addr 376,,,,,,KOE,DPS,REG,1,1.0,,,,,,,,,,,,,,,,,,,,,,,,,,,,,,,DLV,,,,,,,,,,,,,,,,,,,,,,,,,,,,,,,,,,,,,,,,,,,,,,,,,,,,,,,,,,,,,,,,,,,,,,,,,,,,,,,,,,,,,,,,,,,,,,,,,,,,,,,,,,,,,,,,,,,,,,,,,,,,,,,,,,,,OK,2026-07-26,2026-07-26
,,,,KOE0000377,ACC00377,Shipper 377,26/07/2026,Consignee 377,Addr 377,,,,,,KOE,DPS,REG,1,1.0,,,,,,,,,,,,,,,,,,,,,,,,,,,,,,,DLV,,,,,,,,,,,,,,,,,,,,,,,,,,,,,,,,,,,,,,,,,,,,,,,,,,,,,,,,,,,,,,,,,,,,,,,,,,,,,,,,,,,,,,,,,,,,,,,,,,,,,,,,,,,,,,,,,,,,,,,,,,,,,,,,,,,,OK,2026-07-26,2026-07-26
,,,,KOE0000378,ACC00378,Shipper 378,26/07/2026,Consignee 378,Addr 378,,,,,,KOE,DPS,REG,1,1.0,,,,,,,,,,,,,,,,,,,,,,,,,,,,,,,DLV,,,,,,,,,,,,,,,,,,,,,,,,,,,,,,,,,,,,,,,,,,,,,,,,,,,,,,,,,,,,,,,,,,,,,,,,,,,,,,,,,,,,,,,,,,,,,,,,,,,,,,,,,,,,,,,,,,,,,,,,,,,,,,,,,,,,OK,2026-07-26,2026-07-26
,,,,KOE0000379,ACC00379,Shipper 379,26/07/2026,Consignee 379,Addr 379,,,,,,KOE,DPS,REG,1,1.0,,,,,,,,,,,,,,,,,,,,,,,,,,,,,,,DLV,,,,,,,,,,,,,,,,,,,,,,,,,,,,,,,,,,,,,,,,,,,,,,,,,,,,,,,,,,,,,,,,,,,,,,,,,,,,,,,,,,,,,,,,,,,,,,,,,,,,,,,,,,,,,,,,,,,,,,,,,,,,,,,,,,,,OK,2026-07-26,2026-07-26
,,,,KOE0000380,ACC00380,Shipper 380,26/07/2026,Consignee 380,Addr 380,,,,,,KOE,DPS,REG,1,1.0,,,,,,,,,,,,,,,,,,,,,,,,,,,,,,,DLV,,,,,,,,,,,,,,,,,,,,,,,,,,,,,,,,,,,,,,,,,,,,,,,,,,,,,,,,,,,,,,,,,,,,,,,,,,,,,,,,,,,,,,,,,,,,,,,,,,,,,,,,,,,,,,,,,,,,,,,,,,,,,,,,,,,,OK,2026-07-26,2026-07-26
,,,,KOE0000381,ACC00381,Shipper 381,26/07/2026,Consignee 381,Addr 381,,,,,,KOE,DPS,REG,1,1.0,,,,,,,,,,,,,,,,,,,,,,,,,,,,,,,DLV,,,,,,,,,,,,,,,,,,,,,,,,,,,,,,,,,,,,,,,,,,,,,,,,,,,,,,,,,,,,,,,,,,,,,,,,,,,,,,,,,,,,,,,,,,,,,,,,,,,,,,,,,,,,,,,,,,,,,,,,,,,,,,,,,,,,OK,2026-07-26,2026-07-26
,,,,KOE0000382,ACC00382,Shipper 382,26/07/2026,Consignee 382,Addr 382,,,,,,KOE,DPS,REG,1,1.0,,,,,,,,,,,,,,,,,,,,,,,,,,,,,,,DLV,,,,,,,,,,,,,,,,,,,,,,,,,,,,,,,,,,,,,,,,,,,,,,,,,,,,,,,,,,,,,,,,,,,,,,,,,,,,,,,,,,,,,,,,,,,,,,,,,,,,,,,,,,,,,,,,,,,,,,,,,,,,,,,,,,,,OK,2026-07-26,2026-07-26
,,,,KOE0000383,ACC00383,Shipper 383,26/07/2026,Consignee 383,Addr 383,,,,,,KOE,DPS,REG,1,1.0,,,,,,,,,,,,,,,,,,,,,,,,,,,,,,,DLV,,,,,,,,,,,,,,,,,,,,,,,,,,,,,,,,,,,,,,,,,,,,,,,,,,,,,,,,,,,,,,,,,,,,,,,,,,,,,,,,,,,,,,,,,,,,,,,,,,,,,,,,,,,,,,,,,,,,,,,,,,,,,,,,,,,,OK,2026-07-26,2026-07-26
,,,,KOE0000384,ACC00384,Shipper 384,26/07/2026,Consignee 384,Addr 384,,,,,,KOE,DPS,REG,1,1.0,,,,,,,,,,,,,,,,,,,,,,,,,,,,,,,DLV,,,,,,,,,,,,,,,,,,,,,,,,,,,,,,,,,,,,,,,,,,,,,,,,,,,,,,,,,,,,,,,,,,,,,,,,,,,,,,,,,,,,,,,,,,,,,,,,,,,,,,,,,,,,,,,,,,,,,,,,,,,,,,,,,,,,OK,2026-07-26,2026-07-26
,,,,KOE0000385,ACC00385,Shipper 385,26/07/2026,Consignee 385,Addr 385,,,,,,KOE,DPS,REG,1,1.0,,,,,,,,,,,,,,,,,,,,,,,,,,,,,,,DLV,,,,,,,,,,,,,,,,,,,,,,,,,,,,,,,,,,,,,,,,,,,,,,,,,,,,,,,,,,,,,,,,,,,,,,,,,,,,,,,,,,,,,,,,,,,,,,,,,,,,,,,,,,,,,,,,,,,,,,,,,,,,,,,,,,,,OK,2026-07-26,2026-07-26
,,,,KOE0000386,ACC00386,Shipper 386,26/07/2026,Consignee 386,Addr 386,,,,,,KOE,DPS,REG,1,1.0,,,,,,,,,,,,,,,,,,,,,,,,,,,,,,,DLV,,,,,,,,,,,,,,,,,,,,,,,,,,,,,,,,,,,,,,,,,,,,,,,,,,,,,,,,,,,,,,,,,,,,,,,,,,,,,,,,,,,,,,,,,,,,,,,,,,,,,,,,,,,,,,,,,,,,,,,,,,,,,,,,,,,,OK,2026-07-26,2026-07-26
,,,,KOE0000387,ACC00387,Shipper 387,26/07/2026,Consignee 387,Addr 387,,,,,,KOE,DPS,REG,1,1.0,,,,,,,,,,,,,,,,,,,,,,,,,,,,,,,DLV,,,,,,,,,,,,,,,,,,,,,,,,,,,,,,,,,,,,,,,,,,,,,,,,,,,,,,,,,,,,,,,,,,,,,,,,,,,,,,,,,,,,,,,,,,,,,,,,,,,,,,,,,,,,,,,,,,,,,,,,,,,,,,,,,,,,OK,2026-07-26,2026-07-26
,,,,KOE0000388,ACC00388,Shipper 388,26/07/2026,Consignee 388,Addr 388,,,,,,KOE,DPS,REG,1,1.0,,,,,,,,,,,,,,,,,,,,,,,,,,,,,,,DLV,,,,,,,,,,,,,,,,,,,,,,,,,,,,,,,,,,,,,,,,,,,,,,,,,,,,,,,,,,,,,,,,,,,,,,,,,,,,,,,,,,,,,,,,,,,,,,,,,,,,,,,,,,,,,,,,,,,,,,,,,,,,,,,,,,,,OK,2026-07-26,2026-07-26
,,,,KOE0000389,ACC00389,Shipper 389,26/07/2026,Consignee 389,Addr 389,,,,,,KOE,DPS,REG,1,1.0,,,,,,,,,,,,,,,,,,,,,,,,,,,,,,,DLV,,,,,,,,,,,,,,,,,,,,,,,,,,,,,,,,,,,,,,,,,,,,,,,,,,,,,,,,,,,,,,,,,,,,,,,,,,,,,,,,,,,,,,,,,,,,,,,,,,,,,,,,,,,,,,,,,,,,,,,,,,,,,,,,,,,,OK,2026-07-26,2026-07-26
,,,,KOE0000390,ACC00390,Shipper 390,26/07/2026,Consignee 390,Addr 390,,,,,,KOE,DPS,REG,1,1.0,,,,,,,,,,,,,,,,,,,,,,,,,,,,,,,DLV,,,,,,,,,,,,,,,,,,,,,,,,,,,,,,,,,,,,,,,,,,,,,,,,,,,,,,,,,,,,,,,,,,,,,,,,,,,,,,,,,,,,,,,,,,,,,,,,,,,,,,,,,,,,,,,,,,,,,,,,,,,,,,,,,,,,OK,2026-07-26,2026-07-26
,,,,KOE0000391,ACC00391,Shipper 391,26/07/2026,Consignee 391,Addr 391,,,,,,KOE,DPS,REG,1,1.0,,,,,,,,,,,,,,,,,,,,,,,,,,,,,,,DLV,,,,,,,,,,,,,,,,,,,,,,,,,,,,,,,,,,,,,,,,,,,,,,,,,,,,,,,,,,,,,,,,,,,,,,,,,,,,,,,,,,,,,,,,,,,,,,,,,,,,,,,,,,,,,,,,,,,,,,,,,,,,,,,,,,,,OK,2026-07-26,2026-07-26
,,,,KOE0000392,ACC00392,Shipper 392,26/07/2026,Consignee 392,Addr 392,,,,,,KOE,DPS,REG,1,1.0,,,,,,,,,,,,,,,,,,,,,,,,,,,,,,,DLV,,,,,,,,,,,,,,,,,,,,,,,,,,,,,,,,,,,,,,,,,,,,,,,,,,,,,,,,,,,,,,,,,,,,,,,,,,,,,,,,,,,,,,,,,,,,,,,,,,,,,,,,,,,,,,,,,,,,,,,,,,,,,,,,,,,,OK,2026-07-26,2026-07-26
,,,,KOE0000393,ACC00393,Shipper 393,26/07/2026,Consignee 393,Addr 393,,,,,,KOE,DPS,REG,1,1.0,,,,,,,,,,,,,,,,,,,,,,,,,,,,,,,DLV,,,,,,,,,,,,,,,,,,,,,,,,,,,,,,,,,,,,,,,,,,,,,,,,,,,,,,,,,,,,,,,,,,,,,,,,,,,,,,,,,,,,,,,,,,,,,,,,,,,,,,,,,,,,,,,,,,,,,,,,,,,,,,,,,,,,OK,2026-07-26,2026-07-26
,,,,KOE0000394,ACC00394,Shipper 394,26/07/2026,Consignee 394,Addr 394,,,,,,KOE,DPS,REG,1,1.0,,,,,,,,,,,,,,,,,,,,,,,,,,,,,,,DLV,,,,,,,,,,,,,,,,,,,,,,,,,,,,,,,,,,,,,,,,,,,,,,,,,,,,,,,,,,,,,,,,,,,,,,,,,,,,,,,,,,,,,,,,,,,,,,,,,,,,,,,,,,,,,,,,,,,,,,,,,,,,,,,,,,,,OK,2026-07-26,2026-07-26
,,,,KOE0000395,ACC00395,Shipper 395,26/07/2026,Consignee 395,Addr 395,,,,,,KOE,DPS,REG,1,1.0,,,,,,,,,,,,,,,,,,,,,,,,,,,,,,,DLV,,,,,,,,,,,,,,,,,,,,,,,,,,,,,,,,,,,,,,,,,,,,,,,,,,,,,,,,,,,,,,,,,,,,,,,,,,,,,,,,,,,,,,,,,,,,,,,,,,,,,,,,,,,,,,,,,,,,,,,,,,,,,,,,,,,,OK,2026-07-26,2026-07-26
,,,,KOE0000396,ACC00396,Shipper 396,26/07/2026,Consignee 396,Addr 396,,,,,,KOE,DPS,REG,1,1.0,,,,,,,,,,,,,,,,,,,,,,,,,,,,,,,DLV,,,,,,,,,,,,,,,,,,,,,,,,,,,,,,,,,,,,,,,,,,,,,,,,,,,,,,,,,,,,,,,,,,,,,,,,,,,,,,,,,,,,,,,,,,,,,,,,,,,,,,,,,,,,,,,,,,,,,,,,,,,,,,,,,,,,OK,2026-07-26,2026-07-26
,,,,KOE0000397,ACC00397,Shipper 397,26/07/2026,Consignee 397,Addr 397,,,,,,KOE,DPS,REG,1,1.0,,,,,,,,,,,,,,,,,,,,,,,,,,,,,,,DLV,,,,,,,,,,,,,,,,,,,,,,,,,,,,,,,,,,,,,,,,,,,,,,,,,,,,,,,,,,,,,,,,,,,,,,,,,,,,,,,,,,,,,,,,,,,,,,,,,,,,,,,,,,,,,,,,,,,,,,,,,,,,,,,,,,,,OK,2026-07-26,2026-07-26
,,,,KOE0000398,ACC00398,Shipper 398,26/07/2026,Consignee 398,Addr 398,,,,,,KOE,DPS,REG,1,1.0,,,,,,,,,,,,,,,,,,,,,,,,,,,,,,,DLV,,,,,,,,,,,,,,,,,,,,,,,,,,,,,,,,,,,,,,,,,,,,,,,,,,,,,,,,,,,,,,,,,,,,,,,,,,,,,,,,,,,,,,,,,,,,,,,,,,,,,,,,,,,,,,,,,,,,,,,,,,,,,,,,,,,,OK,2026-07-26,2026-07-26
,,,,KOE0000399,ACC00399,Shipper 399,26/07/2026,Consignee 399,Addr 399,,,,,,KOE,DPS,REG,1,1.0,,,,,,,,,,,,,,,,,,,,,,,,,,,,,,,DLV,,,,,,,,,,,,,,,,,,,,,,,,,,,,,,,,,,,,,,,,,,,,,,,,,,,,,,,,,,,,,,,,,,,,,,,,,,,,,,,,,,,,,,,,,,,,,,,,,,,,,,,,,,,,,,,,,,,,,,,,,,,,,,,,,,,,OK,2026-07-26,2026-07-26
,,,,KOE0000400,ACC00400,Shipper 400,26/07/2026,Consignee 400,Addr 400,,,,,,KOE,DPS,REG,1,1.0,,,,,,,,,,,,,,,,,,,,,,,,,,,,,,,DLV,,,,,,,,,,,,,,,,,,,,,,,,,,,,,,,,,,,,,,,,,,,,,,,,,,,,,,,,,,,,,,,,,,,,,,,,,,,,,,,,,,,,,,,,,,,,,,,,,,,,,,,,,,,,,,,,,,,,,,,,,,,,,,,,,,,,OK,2026-07-26,2026-07-26
,,,,KOE0000401,ACC00401,Shipper 401,26/07/2026,Consignee 401,Addr 401,,,,,,KOE,DPS,REG,1,1.0,,,,,,,,,,,,,,,,,,,,,,,,,,,,,,,DLV,,,,,,,,,,,,,,,,,,,,,,,,,,,,,,,,,,,,,,,,,,,,,,,,,,,,,,,,,,,,,,,,,,,,,,,,,,,,,,,,,,,,,,,,,,,,,,,,,,,,,,,,,,,,,,,,,,,,,,,,,,,,,,,,,,,,OK,2026-07-26,2026-07-26
,,,,KOE0000402,ACC00402,Shipper 402,26/07/2026,Consignee 402,Addr 402,,,,,,KOE,DPS,REG,1,1.0,,,,,,,,,,,,,,,,,,,,,,,,,,,,,,,DLV,,,,,,,,,,,,,,,,,,,,,,,,,,,,,,,,,,,,,,,,,,,,,,,,,,,,,,,,,,,,,,,,,,,,,,,,,,,,,,,,,,,,,,,,,,,,,,,,,,,,,,,,,,,,,,,,,,,,,,,,,,,,,,,,,,,,OK,2026-07-26,2026-07-26
,,,,KOE0000403,ACC00403,Shipper 403,26/07/2026,Consignee 403,Addr 403,,,,,,KOE,DPS,REG,1,1.0,,,,,,,,,,,,,,,,,,,,,,,,,,,,,,,DLV,,,,,,,,,,,,,,,,,,,,,,,,,,,,,,,,,,,,,,,,,,,,,,,,,,,,,,,,,,,,,,,,,,,,,,,,,,,,,,,,,,,,,,,,,,,,,,,,,,,,,,,,,,,,,,,,,,,,,,,,,,,,,,,,,,,,OK,2026-07-26,2026-07-26
,,,,KOE0000404,ACC00404,Shipper 404,26/07/2026,Consignee 404,Addr 404,,,,,,KOE,DPS,REG,1,1.0,,,,,,,,,,,,,,,,,,,,,,,,,,,,,,,DLV,,,,,,,,,,,,,,,,,,,,,,,,,,,,,,,,,,,,,,,,,,,,,,,,,,,,,,,,,,,,,,,,,,,,,,,,,,,,,,,,,,,,,,,,,,,,,,,,,,,,,,,,,,,,,,,,,,,,,,,,,,,,,,,,,,,,OK,2026-07-26,2026-07-26
,,,,KOE0000405,ACC00405,Shipper 405,26/07/2026,Consignee 405,Addr 405,,,,,,KOE,DPS,REG,1,1.0,,,,,,,,,,,,,,,,,,,,,,,,,,,,,,,DLV,,,,,,,,,,,,,,,,,,,,,,,,,,,,,,,,,,,,,,,,,,,,,,,,,,,,,,,,,,,,,,,,,,,,,,,,,,,,,,,,,,,,,,,,,,,,,,,,,,,,,,,,,,,,,,,,,,,,,,,,,,,,,,,,,,,,OK,2026-07-26,2026-07-26
,,,,KOE0000406,ACC00406,Shipper 406,26/07/2026,Consignee 406,Addr 406,,,,,,KOE,DPS,REG,1,1.0,,,,,,,,,,,,,,,,,,,,,,,,,,,,,,,DLV,,,,,,,,,,,,,,,,,,,,,,,,,,,,,,,,,,,,,,,,,,,,,,,,,,,,,,,,,,,,,,,,,,,,,,,,,,,,,,,,,,,,,,,,,,,,,,,,,,,,,,,,,,,,,,,,,,,,,,,,,,,,,,,,,,,,OK,2026-07-26,2026-07-26
,,,,KOE0000407,ACC00407,Shipper 407,26/07/2026,Consignee 407,Addr 407,,,,,,KOE,DPS,REG,1,1.0,,,,,,,,,,,,,,,,,,,,,,,,,,,,,,,DLV,,,,,,,,,,,,,,,,,,,,,,,,,,,,,,,,,,,,,,,,,,,,,,,,,,,,,,,,,,,,,,,,,,,,,,,,,,,,,,,,,,,,,,,,,,,,,,,,,,,,,,,,,,,,,,,,,,,,,,,,,,,,,,,,,,,,OK,2026-07-26,2026-07-26
,,,,KOE0000408,ACC00408,Shipper 408,26/07/2026,Consignee 408,Addr 408,,,,,,KOE,DPS,REG,1,1.0,,,,,,,,,,,,,,,,,,,,,,,,,,,,,,,DLV,,,,,,,,,,,,,,,,,,,,,,,,,,,,,,,,,,,,,,,,,,,,,,,,,,,,,,,,,,,,,,,,,,,,,,,,,,,,,,,,,,,,,,,,,,,,,,,,,,,,,,,,,,,,,,,,,,,,,,,,,,,,,,,,,,,,OK,2026-07-26,2026-07-26
,,,,KOE0000409,ACC00409,Shipper 409,26/07/2026,Consignee 409,Addr 409,,,,,,KOE,DPS,REG,1,1.0,,,,,,,,,,,,,,,,,,,,,,,,,,,,,,,DLV,,,,,,,,,,,,,,,,,,,,,,,,,,,,,,,,,,,,,,,,,,,,,,,,,,,,,,,,,,,,,,,,,,,,,,,,,,,,,,,,,,,,,,,,,,,,,,,,,,,,,,,,,,,,,,,,,,,,,,,,,,,,,,,,,,,,OK,2026-07-26,2026-07-26
,,,,KOE0000410,ACC00410,Shipper 410,26/07/2026,Consignee 410,Addr 410,,,,,,KOE,DPS,REG,1,1.0,,,,,,,,,,,,,,,,,,,,,,,,,,,,,,,DLV,,,,,,,,,,,,,,,,,,,,,,,,,,,,,,,,,,,,,,,,,,,,,,,,,,,,,,,,,,,,,,,,,,,,,,,,,,,,,,,,,,,,,,,,,,,,,,,,,,,,,,,,,,,,,,,,,,,,,,,,,,,,,,,,,,,,OK,2026-07-26,2026-07-26
,,,,KOE0000411,ACC00411,Shipper 411,26/07/2026,Consignee 411,Addr 411,,,,,,KOE,DPS,REG,1,1.0,,,,,,,,,,,,,,,,,,,,,,,,,,,,,,,DLV,,,,,,,,,,,,,,,,,,,,,,,,,,,,,,,,,,,,,,,,,,,,,,,,,,,,,,,,,,,,,,,,,,,,,,,,,,,,,,,,,,,,,,,,,,,,,,,,,,,,,,,,,,,,,,,,,,,,,,,,,,,,,,,,,,,,OK,2026-07-26,2026-07-26
,,,,KOE0000412,ACC00412,Shipper 412,26/07/2026,Consignee 412,Addr 412,,,,,,KOE,DPS,REG,1,1.0,,,,,,,,,,,,,,,,,,,,,,,,,,,,,,,DLV,,,,,,,,,,,,,,,,,,,,,,,,,,,,,,,,,,,,,,,,,,,,,,,,,,,,,,,,,,,,,,,,,,,,,,,,,,,,,,,,,,,,,,,,,,,,,,,,,,,,,,,,,,,,,,,,,,,,,,,,,,,,,,,,,,,,OK,2026-07-26,2026-07-26
,,,,KOE0000413,ACC00413,Shipper 413,26/07/2026,Consignee 413,Addr 413,,,,,,KOE,DPS,REG,1,1.0,,,,,,,,,,,,,,,,,,,,,,,,,,,,,,,DLV,,,,,,,,,,,,,,,,,,,,,,,,,,,,,,,,,,,,,,,,,,,,,,,,,,,,,,,,,,,,,,,,,,,,,,,,,,,,,,,,,,,,,,,,,,,,,,,,,,,,,,,,,,,,,,,,,,,,,,,,,,,,,,,,,,,,OK,2026-07-26,2026-07-26
,,,,KOE0000414,ACC00414,Shipper 414,26/07/2026,Consignee 414,Addr 414,,,,,,KOE,DPS,REG,1,1.0,,,,,,,,,,,,,,,,,,,,,,,,,,,,,,,DLV,,,,,,,,,,,,,,,,,,,,,,,,,,,,,,,,,,,,,,,,,,,,,,,,,,,,,,,,,,,,,,,,,,,,,,,,,,,,,,,,,,,,,,,,,,,,,,,,,,,,,,,,,,,,,,,,,,,,,,,,,,,,,,,,,,,,OK,2026-07-26,2026-07-26
,,,,KOE0000415,ACC00415,Shipper 415,26/07/2026,Consignee 415,Addr 415,,,,,,KOE,DPS,REG,1,1.0,,,,,,,,,,,,,,,,,,,,,,,,,,,,,,,DLV,,,,,,,,,,,,,,,,,,,,,,,,,,,,,,,,,,,,,,,,,,,,,,,,,,,,,,,,,,,,,,,,,,,,,,,,,,,,,,,,,,,,,,,,,,,,,,,,,,,,,,,,,,,,,,,,,,,,,,,,,,,,,,,,,,,,OK,2026-07-26,2026-07-26
,,,,KOE0000416,ACC00416,Shipper 416,26/07/2026,Consignee 416,Addr 416,,,,,,KOE,DPS,REG,1,1.0,,,,,,,,,,,,,,,,,,,,,,,,,,,,,,,DLV,,,,,,,,,,,,,,,,,,,,,,,,,,,,,,,,,,,,,,,,,,,,,,,,,,,,,,,,,,,,,,,,,,,,,,,,,,,,,,,,,,,,,,,,,,,,,,,,,,,,,,,,,,,,,,,,,,,,,,,,,,,,,,,,,,,,OK,2026-07-26,2026-07-26
,,,,KOE0000417,ACC00417,Shipper 417,26/07/2026,Consignee 417,Addr 417,,,,,,KOE,DPS,REG,1,1.0,,,,,,,,,,,,,,,,,,,,,,,,,,,,,,,DLV,,,,,,,,,,,,,,,,,,,,,,,,,,,,,,,,,,,,,,,,,,,,,,,,,,,,,,,,,,,,,,,,,,,,,,,,,,,,,,,,,,,,,,,,,,,,,,,,,,,,,,,,,,,,,,,,,,,,,,,,,,,,,,,,,,,,OK,2026-07-26,2026-07-26
,,,,KOE0000418,ACC00418,Shipper 418,26/07/2026,Consignee 418,Addr 418,,,,,,KOE,DPS,REG,1,1.0,,,,,,,,,,,,,,,,,,,,,,,,,,,,,,,DLV,,,,,,,,,,,,,,,,,,,,,,,,,,,,,,,,,,,,,,,,,,,,,,,,,,,,,,,,,,,,,,,,,,,,,,,,,,,,,,,,,,,,,,,,,,,,,,,,,,,,,,,,,,,,,,,,,,,,,,,,,,,,,,,,,,,,OK,2026-07-26,2026-07-26
,,,,KOE0000419,ACC00419,Shipper 419,26/07/2026,Consignee 419,Addr 419,,,,,,KOE,DPS,REG,1,1.0,,,,,,,,,,,,,,,,,,,,,,,,,,,,,,,DLV,,,,,,,,,,,,,,,,,,,,,,,,,,,,,,,,,,,,,,,,,,,,,,,,,,,,,,,,,,,,,,,,,,,,,,,,,,,,,,,,,,,,,,,,,,,,,,,,,,,,,,,,,,,,,,,,,,,,,,,,,,,,,,,,,,,,OK,2026-07-26,2026-07-26
,,,,KOE0000420,ACC00420,Shipper 420,26/07/2026,Consignee 420,Addr 420,,,,,,KOE,DPS,REG,1,1.0,,,,,,,,,,,,,,,,,,,,,,,,,,,,,,,DLV,,,,,,,,,,,,,,,,,,,,,,,,,,,,,,,,,,,,,,,,,,,,,,,,,,,,,,,,,,,,,,,,,,,,,,,,,,,,,,,,,,,,,,,,,,,,,,,,,,,,,,,,,,,,,,,,,,,,,,,,,,,,,,,,,,,,OK,2026-07-26,2026-07-26
,,,,KOE0000421,ACC00421,Shipper 421,26/07/2026,Consignee 421,Addr 421,,,,,,KOE,DPS,REG,1,1.0,,,,,,,,,,,,,,,,,,,,,,,,,,,,,,,DLV,,,,,,,,,,,,,,,,,,,,,,,,,,,,,,,,,,,,,,,,,,,,,,,,,,,,,,,,,,,,,,,,,,,,,,,,,,,,,,,,,,,,,,,,,,,,,,,,,,,,,,,,,,,,,,,,,,,,,,,,,,,,,,,,,,,,OK,2026-07-26,2026-07-26
,,,,KOE0000422,ACC00422,Shipper 422,26/07/2026,Consignee 422,Addr 422,,,,,,KOE,DPS,REG,1,1.0,,,,,,,,,,,,,,,,,,,,,,,,,,,,,,,DLV,,,,,,,,,,,,,,,,,,,,,,,,,,,,,,,,,,,,,,,,,,,,,,,,,,,,,,,,,,,,,,,,,,,,,,,,,,,,,,,,,,,,,,,,,,,,,,,,,,,,,,,,,,,,,,,,,,,,,,,,,,,,,,,,,,,,OK,2026-07-26,2026-07-26
,,,,KOE0000423,ACC00423,Shipper 423,26/07/2026,Consignee 423,Addr 423,,,,,,KOE,DPS,REG,1,1.0,,,,,,,,,,,,,,,,,,,,,,,,,,,,,,,DLV,,,,,,,,,,,,,,,,,,,,,,,,,,,,,,,,,,,,,,,,,,,,,,,,,,,,,,,,,,,,,,,,,,,,,,,,,,,,,,,,,,,,,,,,,,,,,,,,,,,,,,,,,,,,,,,,,,,,,,,,,,,,,,,,,,,,OK,2026-07-26,2026-07-26
,,,,KOE0000424,ACC00424,Shipper 424,26/07/2026,Consignee 424,Addr 424,,,,,,KOE,DPS,REG,1,1.0,,,,,,,,,,,,,,,,,,,,,,,,,,,,,,,DLV,,,,,,,,,,,,,,,,,,,,,,,,,,,,,,,,,,,,,,,,,,,,,,,,,,,,,,,,,,,,,,,,,,,,,,,,,,,,,,,,,,,,,,,,,,,,,,,,,,,,,,,,,,,,,,,,,,,,,,,,,,,,,,,,,,,,OK,2026-07-26,2026-07-26
,,,,KOE0000425,ACC00425,Shipper 425,26/07/2026,Consignee 425,Addr 425,,,,,,KOE,DPS,REG,1,1.0,,,,,,,,,,,,,,,,,,,,,,,,,,,,,,,DLV,,,,,,,,,,,,,,,,,,,,,,,,,,,,,,,,,,,,,,,,,,,,,,,,,,,,,,,,,,,,,,,,,,,,,,,,,,,,,,,,,,,,,,,,,,,,,,,,,,,,,,,,,,,,,,,,,,,,,,,,,,,,,,,,,,,,OK,2026-07-26,2026-07-26
,,,,KOE0000426,ACC00426,Shipper 426,26/07/2026,Consignee 426,Addr 426,,,,,,KOE,DPS,REG,1,1.0,,,,,,,,,,,,,,,,,,,,,,,,,,,,,,,DLV,,,,,,,,,,,,,,,,,,,,,,,,,,,,,,,,,,,,,,,,,,,,,,,,,,,,,,,,,,,,,,,,,,,,,,,,,,,,,,,,,,,,,,,,,,,,,,,,,,,,,,,,,,,,,,,,,,,,,,,,,,,,,,,,,,,,OK,2026-07-26,2026-07-26
,,,,KOE0000427,ACC00427,Shipper 427,26/07/2026,Consignee 427,Addr 427,,,,,,KOE,DPS,REG,1,1.0,,,,,,,,,,,,,,,,,,,,,,,,,,,,,,,DLV,,,,,,,,,,,,,,,,,,,,,,,,,,,,,,,,,,,,,,,,,,,,,,,,,,,,,,,,,,,,,,,,,,,,,,,,,,,,,,,,,,,,,,,,,,,,,,,,,,,,,,,,,,,,,,,,,,,,,,,,,,,,,,,,,,,,OK,2026-07-26,2026-07-26
,,,,KOE0000428,ACC00428,Shipper 428,26/07/2026,Consignee 428,Addr 428,,,,,,KOE,DPS,REG,1,1.0,,,,,,,,,,,,,,,,,,,,,,,,,,,,,,,DLV,,,,,,,,,,,,,,,,,,,,,,,,,,,,,,,,,,,,,,,,,,,,,,,,,,,,,,,,,,,,,,,,,,,,,,,,,,,,,,,,,,,,,,,,,,,,,,,,,,,,,,,,,,,,,,,,,,,,,,,,,,,,,,,,,,,,OK,2026-07-26,2026-07-26
,,,,KOE0000429,ACC00429,Shipper 429,26/07/2026,Consignee 429,Addr 429,,,,,,KOE,DPS,REG,1,1.0,,,,,,,,,,,,,,,,,,,,,,,,,,,,,,,DLV,,,,,,,,,,,,,,,,,,,,,,,,,,,,,,,,,,,,,,,,,,,,,,,,,,,,,,,,,,,,,,,,,,,,,,,,,,,,,,,,,,,,,,,,,,,,,,,,,,,,,,,,,,,,,,,,,,,,,,,,,,,,,,,,,,,,OK,2026-07-26,2026-07-26
,,,,KOE0000430,ACC00430,Shipper 430,26/07/2026,Consignee 430,Addr 430,,,,,,KOE,DPS,REG,1,1.0,,,,,,,,,,,,,,,,,,,,,,,,,,,,,,,DLV,,,,,,,,,,,,,,,,,,,,,,,,,,,,,,,,,,,,,,,,,,,,,,,,,,,,,,,,,,,,,,,,,,,,,,,,,,,,,,,,,,,,,,,,,,,,,,,,,,,,,,,,,,,,,,,,,,,,,,,,,,,,,,,,,,,,OK,2026-07-26,2026-07-26
,,,,KOE0000431,ACC00431,Shipper 431,26/07/2026,Consignee 431,Addr 431,,,,,,KOE,DPS,REG,1,1.0,,,,,,,,,,,,,,,,,,,,,,,,,,,,,,,DLV,,,,,,,,,,,,,,,,,,,,,,,,,,,,,,,,,,,,,,,,,,,,,,,,,,,,,,,,,,,,,,,,,,,,,,,,,,,,,,,,,,,,,,,,,,,,,,,,,,,,,,,,,,,,,,,,,,,,,,,,,,,,,,,,,,,,OK,2026-07-26,2026-07-26
,,,,KOE0000432,ACC00432,Shipper 432,26/07/2026,Consignee 432,Addr 432,,,,,,KOE,DPS,REG,1,1.0,,,,,,,,,,,,,,,,,,,,,,,,,,,,,,,DLV,,,,,,,,,,,,,,,,,,,,,,,,,,,,,,,,,,,,,,,,,,,,,,,,,,,,,,,,,,,,,,,,,,,,,,,,,,,,,,,,,,,,,,,,,,,,,,,,,,,,,,,,,,,,,,,,,,,,,,,,,,,,,,,,,,,,OK,2026-07-26,2026-07-26
,,,,KOE0000433,ACC00433,Shipper 433,26/07/2026,Consignee 433,Addr 433,,,,,,KOE,DPS,REG,1,1.0,,,,,,,,,,,,,,,,,,,,,,,,,,,,,,,DLV,,,,,,,,,,,,,,,,,,,,,,,,,,,,,,,,,,,,,,,,,,,,,,,,,,,,,,,,,,,,,,,,,,,,,,,,,,,,,,,,,,,,,,,,,,,,,,,,,,,,,,,,,,,,,,,,,,,,,,,,,,,,,,,,,,,,OK,2026-07-26,2026-07-26
,,,,KOE0000434,ACC00434,Shipper 434,26/07/2026,Consignee 434,Addr 434,,,,,,KOE,DPS,REG,1,1.0,,,,,,,,,,,,,,,,,,,,,,,,,,,,,,,DLV,,,,,,,,,,,,,,,,,,,,,,,,,,,,,,,,,,,,,,,,,,,,,,,,,,,,,,,,,,,,,,,,,,,,,,,,,,,,,,,,,,,,,,,,,,,,,,,,,,,,,,,,,,,,,,,,,,,,,,,,,,,,,,,,,,,,OK,2026-07-26,2026-07-26
,,,,KOE0000435,ACC00435,Shipper 435,26/07/2026,Consignee 435,Addr 435,,,,,,KOE,DPS,REG,1,1.0,,,,,,,,,,,,,,,,,,,,,,,,,,,,,,,DLV,,,,,,,,,,,,,,,,,,,,,,,,,,,,,,,,,,,,,,,,,,,,,,,,,,,,,,,,,,,,,,,,,,,,,,,,,,,,,,,,,,,,,,,,,,,,,,,,,,,,,,,,,,,,,,,,,,,,,,,,,,,,,,,,,,,,OK,2026-07-26,2026-07-26
,,,,KOE0000436,ACC00436,Shipper 436,26/07/2026,Consignee 436,Addr 436,,,,,,KOE,DPS,REG,1,1.0,,,,,,,,,,,,,,,,,,,,,,,,,,,,,,,DLV,,,,,,,,,,,,,,,,,,,,,,,,,,,,,,,,,,,,,,,,,,,,,,,,,,,,,,,,,,,,,,,,,,,,,,,,,,,,,,,,,,,,,,,,,,,,,,,,,,,,,,,,,,,,,,,,,,,,,,,,,,,,,,,,,,,,OK,2026-07-26,2026-07-26
,,,,KOE0000437,ACC00437,Shipper 437,26/07/2026,Consignee 437,Addr 437,,,,,,KOE,DPS,REG,1,1.0,,,,,,,,,,,,,,,,,,,,,,,,,,,,,,,DLV,,,,,,,,,,,,,,,,,,,,,,,,,,,,,,,,,,,,,,,,,,,,,,,,,,,,,,,,,,,,,,,,,,,,,,,,,,,,,,,,,,,,,,,,,,,,,,,,,,,,,,,,,,,,,,,,,,,,,,,,,,,,,,,,,,,,OK,2026-07-26,2026-07-26
,,,,KOE0000438,ACC00438,Shipper 438,26/07/2026,Consignee 438,Addr 438,,,,,,KOE,DPS,REG,1,1.0,,,,,,,,,,,,,,,,,,,,,,,,,,,,,,,DLV,,,,,,,,,,,,,,,,,,,,,,,,,,,,,,,,,,,,,,,,,,,,,,,,,,,,,,,,,,,,,,,,,,,,,,,,,,,,,,,,,,,,,,,,,,,,,,,,,,,,,,,,,,,,,,,,,,,,,,,,,,,,,,,,,,,,OK,2026-07-26,2026-07-26
,,,,KOE0000439,ACC00439,Shipper 439,26/07/2026,Consignee 439,Addr 439,,,,,,KOE,DPS,REG,1,1.0,,,,,,,,,,,,,,,,,,,,,,,,,,,,,,,DLV,,,,,,,,,,,,,,,,,,,,,,,,,,,,,,,,,,,,,,,,,,,,,,,,,,,,,,,,,,,,,,,,,,,,,,,,,,,,,,,,,,,,,,,,,,,,,,,,,,,,,,,,,,,,,,,,,,,,,,,,,,,,,,,,,,,,OK,2026-07-26,2026-07-26
,,,,KOE0000440,ACC00440,Shipper 440,26/07/2026,Consignee 440,Addr 440,,,,,,KOE,DPS,REG,1,1.0,,,,,,,,,,,,,,,,,,,,,,,,,,,,,,,DLV,,,,,,,,,,,,,,,,,,,,,,,,,,,,,,,,,,,,,,,,,,,,,,,,,,,,,,,,,,,,,,,,,,,,,,,,,,,,,,,,,,,,,,,,,,,,,,,,,,,,,,,,,,,,,,,,,,,,,,,,,,,,,,,,,,,,OK,2026-07-26,2026-07-26
,,,,KOE0000441,ACC00441,Shipper 441,26/07/2026,Consignee 441,Addr 441,,,,,,KOE,DPS,REG,1,1.0,,,,,,,,,,,,,,,,,,,,,,,,,,,,,,,DLV,,,,,,,,,,,,,,,,,,,,,,,,,,,,,,,,,,,,,,,,,,,,,,,,,,,,,,,,,,,,,,,,,,,,,,,,,,,,,,,,,,,,,,,,,,,,,,,,,,,,,,,,,,,,,,,,,,,,,,,,,,,,,,,,,,,,OK,2026-07-26,2026-07-26
,,,,KOE0000442,ACC00442,Shipper 442,26/07/2026,Consignee 442,Addr 442,,,,,,KOE,DPS,REG,1,1.0,,,,,,,,,,,,,,,,,,,,,,,,,,,,,,,DLV,,,,,,,,,,,,,,,,,,,,,,,,,,,,,,,,,,,,,,,,,,,,,,,,,,,,,,,,,,,,,,,,,,,,,,,,,,,,,,,,,,,,,,,,,,,,,,,,,,,,,,,,,,,,,,,,,,,,,,,,,,,,,,,,,,,,OK,2026-07-26,2026-07-26
,,,,KOE0000443,ACC00443,Shipper 443,26/07/2026,Consignee 443,Addr 443,,,,,,KOE,DPS,REG,1,1.0,,,,,,,,,,,,,,,,,,,,,,,,,,,,,,,DLV,,,,,,,,,,,,,,,,,,,,,,,,,,,,,,,,,,,,,,,,,,,,,,,,,,,,,,,,,,,,,,,,,,,,,,,,,,,,,,,,,,,,,,,,,,,,,,,,,,,,,,,,,,,,,,,,,,,,,,,,,,,,,,,,,,,,OK,2026-07-26,2026-07-26
,,,,KOE0000444,ACC00444,Shipper 444,26/07/2026,Consignee 444,Addr 444,,,,,,KOE,DPS,REG,1,1.0,,,,,,,,,,,,,,,,,,,,,,,,,,,,,,,DLV,,,,,,,,,,,,,,,,,,,,,,,,,,,,,,,,,,,,,,,,,,,,,,,,,,,,,,,,,,,,,,,,,,,,,,,,,,,,,,,,,,,,,,,,,,,,,,,,,,,,,,,,,,,,,,,,,,,,,,,,,,,,,,,,,,,,OK,2026-07-26,2026-07-26
,,,,KOE0000445,ACC00445,Shipper 445,26/07/2026,Consignee 445,Addr 445,,,,,,KOE,DPS,REG,1,1.0,,,,,,,,,,,,,,,,,,,,,,,,,,,,,,,DLV,,,,,,,,,,,,,,,,,,,,,,,,,,,,,,,,,,,,,,,,,,,,,,,,,,,,,,,,,,,,,,,,,,,,,,,,,,,,,,,,,,,,,,,,,,,,,,,,,,,,,,,,,,,,,,,,,,,,,,,,,,,,,,,,,,,,OK,2026-07-26,2026-07-26
,,,,KOE0000446,ACC00446,Shipper 446,26/07/2026,Consignee 446,Addr 446,,,,,,KOE,DPS,REG,1,1.0,,,,,,,,,,,,,,,,,,,,,,,,,,,,,,,DLV,,,,,,,,,,,,,,,,,,,,,,,,,,,,,,,,,,,,,,,,,,,,,,,,,,,,,,,,,,,,,,,,,,,,,,,,,,,,,,,,,,,,,,,,,,,,,,,,,,,,,,,,,,,,,,,,,,,,,,,,,,,,,,,,,,,,OK,2026-07-26,2026-07-26
,,,,KOE0000447,ACC00447,Shipper 447,26/07/2026,Consignee 447,Addr 447,,,,,,KOE,DPS,REG,1,1.0,,,,,,,,,,,,,,,,,,,,,,,,,,,,,,,DLV,,,,,,,,,,,,,,,,,,,,,,,,,,,,,,,,,,,,,,,,,,,,,,,,,,,,,,,,,,,,,,,,,,,,,,,,,,,,,,,,,,,,,,,,,,,,,,,,,,,,,,,,,,,,,,,,,,,,,,,,,,,,,,,,,,,,OK,2026-07-26,2026-07-26
,,,,KOE0000448,ACC00448,Shipper 448,26/07/2026,Consignee 448,Addr 448,,,,,,KOE,DPS,REG,1,1.0,,,,,,,,,,,,,,,,,,,,,,,,,,,,,,,DLV,,,,,,,,,,,,,,,,,,,,,,,,,,,,,,,,,,,,,,,,,,,,,,,,,,,,,,,,,,,,,,,,,,,,,,,,,,,,,,,,,,,,,,,,,,,,,,,,,,,,,,,,,,,,,,,,,,,,,,,,,,,,,,,,,,,,OK,2026-07-26,2026-07-26
,,,,KOE0000449,ACC00449,Shipper 449,26/07/2026,Consignee 449,Addr 449,,,,,,KOE,DPS,REG,1,1.0,,,,,,,,,,,,,,,,,,,,,,,,,,,,,,,DLV,,,,,,,,,,,,,,,,,,,,,,,,,,,,,,,,,,,,,,,,,,,,,,,,,,,,,,,,,,,,,,,,,,,,,,,,,,,,,,,,,,,,,,,,,,,,,,,,,,,,,,,,,,,,,,,,,,,,,,,,,,,,,,,,,,,,OK,2026-07-26,2026-07-26
,,,,KOE0000450,ACC00450,Shipper 450,26/07/2026,Consignee 450,Addr 450,,,,,,KOE,DPS,REG,1,1.0,,,,,,,,,,,,,,,,,,,,,,,,,,,,,,,DLV,,,,,,,,,,,,,,,,,,,,,,,,,,,,,,,,,,,,,,,,,,,,,,,,,,,,,,,,,,,,,,,,,,,,,,,,,,,,,,,,,,,,,,,,,,,,,,,,,,,,,,,,,,,,,,,,,,,,,,,,,,,,,,,,,,,,OK,2026-07-26,2026-07-26
,,,,KOE0000451,ACC00451,Shipper 451,26/07/2026,Consignee 451,Addr 451,,,,,,KOE,DPS,REG,1,1.0,,,,,,,,,,,,,,,,,,,,,,,,,,,,,,,DLV,,,,,,,,,,,,,,,,,,,,,,,,,,,,,,,,,,,,,,,,,,,,,,,,,,,,,,,,,,,,,,,,,,,,,,,,,,,,,,,,,,,,,,,,,,,,,,,,,,,,,,,,,,,,,,,,,,,,,,,,,,,,,,,,,,,,OK,2026-07-26,2026-07-26
,,,,KOE0000452,ACC00452,Shipper 452,26/07/2026,Consignee 452,Addr 452,,,,,,KOE,DPS,REG,1,1.0,,,,,,,,,,,,,,,,,,,,,,,,,,,,,,,DLV,,,,,,,,,,,,,,,,,,,,,,,,,,,,,,,,,,,,,,,,,,,,,,,,,,,,,,,,,,,,,,,,,,,,,,,,,,,,,,,,,,,,,,,,,,,,,,,,,,,,,,,,,,,,,,,,,,,,,,,,,,,,,,,,,,,,OK,2026-07-26,2026-07-26
,,,,KOE0000453,ACC00453,Shipper 453,26/07/2026,Consignee 453,Addr 453,,,,,,KOE,DPS,REG,1,1.0,,,,,,,,,,,,,,,,,,,,,,,,,,,,,,,DLV,,,,,,,,,,,,,,,,,,,,,,,,,,,,,,,,,,,,,,,,,,,,,,,,,,,,,,,,,,,,,,,,,,,,,,,,,,,,,,,,,,,,,,,,,,,,,,,,,,,,,,,,,,,,,,,,,,,,,,,,,,,,,,,,,,,,OK,2026-07-26,2026-07-26
,,,,KOE0000454,ACC00454,Shipper 454,26/07/2026,Consignee 454,Addr 454,,,,,,KOE,DPS,REG,1,1.0,,,,,,,,,,,,,,,,,,,,,,,,,,,,,,,DLV,,,,,,,,,,,,,,,,,,,,,,,,,,,,,,,,,,,,,,,,,,,,,,,,,,,,,,,,,,,,,,,,,,,,,,,,,,,,,,,,,,,,,,,,,,,,,,,,,,,,,,,,,,,,,,,,,,,,,,,,,,,,,,,,,,,,OK,2026-07-26,2026-07-26
,,,,KOE0000455,ACC00455,Shipper 455,26/07/2026,Consignee 455,Addr 455,,,,,,KOE,DPS,REG,1,1.0,,,,,,,,,,,,,,,,,,,,,,,,,,,,,,,DLV,,,,,,,,,,,,,,,,,,,,,,,,,,,,,,,,,,,,,,,,,,,,,,,,,,,,,,,,,,,,,,,,,,,,,,,,,,,,,,,,,,,,,,,,,,,,,,,,,,,,,,,,,,,,,,,,,,,,,,,,,,,,,,,,,,,,OK,2026-07-26,2026-07-26
,,,,KOE0000456,ACC00456,Shipper 456,26/07/2026,Consignee 456,Addr 456,,,,,,KOE,DPS,REG,1,1.0,,,,,,,,,,,,,,,,,,,,,,,,,,,,,,,DLV,,,,,,,,,,,,,,,,,,,,,,,,,,,,,,,,,,,,,,,,,,,,,,,,,,,,,,,,,,,,,,,,,,,,,,,,,,,,,,,,,,,,,,,,,,,,,,,,,,,,,,,,,,,,,,,,,,,,,,,,,,,,,,,,,,,,OK,2026-07-26,2026-07-26
,,,,KOE0000457,ACC00457,Shipper 457,26/07/2026,Consignee 457,Addr 457,,,,,,KOE,DPS,REG,1,1.0,,,,,,,,,,,,,,,,,,,,,,,,,,,,,,,DLV,,,,,,,,,,,,,,,,,,,,,,,,,,,,,,,,,,,,,,,,,,,,,,,,,,,,,,,,,,,,,,,,,,,,,,,,,,,,,,,,,,,,,,,,,,,,,,,,,,,,,,,,,,,,,,,,,,,,,,,,,,,,,,,,,,,,OK,2026-07-26,2026-07-26
,,,,KOE0000458,ACC00458,Shipper 458,26/07/2026,Consignee 458,Addr 458,,,,,,KOE,DPS,REG,1,1.0,,,,,,,,,,,,,,,,,,,,,,,,,,,,,,,DLV,,,,,,,,,,,,,,,,,,,,,,,,,,,,,,,,,,,,,,,,,,,,,,,,,,,,,,,,,,,,,,,,,,,,,,,,,,,,,,,,,,,,,,,,,,,,,,,,,,,,,,,,,,,,,,,,,,,,,,,,,,,,,,,,,,,,OK,2026-07-26,2026-07-26
,,,,KOE0000459,ACC00459,Shipper 459,26/07/2026,Consignee 459,Addr 459,,,,,,KOE,DPS,REG,1,1.0,,,,,,,,,,,,,,,,,,,,,,,,,,,,,,,DLV,,,,,,,,,,,,,,,,,,,,,,,,,,,,,,,,,,,,,,,,,,,,,,,,,,,,,,,,,,,,,,,,,,,,,,,,,,,,,,,,,,,,,,,,,,,,,,,,,,,,,,,,,,,,,,,,,,,,,,,,,,,,,,,,,,,,OK,2026-07-26,2026-07-26
,,,,KOE0000460,ACC00460,Shipper 460,26/07/2026,Consignee 460,Addr 460,,,,,,KOE,DPS,REG,1,1.0,,,,,,,,,,,,,,,,,,,,,,,,,,,,,,,DLV,,,,,,,,,,,,,,,,,,,,,,,,,,,,,,,,,,,,,,,,,,,,,,,,,,,,,,,,,,,,,,,,,,,,,,,,,,,,,,,,,,,,,,,,,,,,,,,,,,,,,,,,,,,,,,,,,,,,,,,,,,,,,,,,,,,,OK,2026-07-26,2026-07-26
,,,,KOE0000461,ACC00461,Shipper 461,26/07/2026,Consignee 461,Addr 461,,,,,,KOE,DPS,REG,1,1.0,,,,,,,,,,,,,,,,,,,,,,,,,,,,,,,DLV,,,,,,,,,,,,,,,,,,,,,,,,,,,,,,,,,,,,,,,,,,,,,,,,,,,,,,,,,,,,,,,,,,,,,,,,,,,,,,,,,,,,,,,,,,,,,,,,,,,,,,,,,,,,,,,,,,,,,,,,,,,,,,,,,,,,OK,2026-07-26,2026-07-26
,,,,KOE0000462,ACC00462,Shipper 462,26/07/2026,Consignee 462,Addr 462,,,,,,KOE,DPS,REG,1,1.0,,,,,,,,,,,,,,,,,,,,,,,,,,,,,,,DLV,,,,,,,,,,,,,,,,,,,,,,,,,,,,,,,,,,,,,,,,,,,,,,,,,,,,,,,,,,,,,,,,,,,,,,,,,,,,,,,,,,,,,,,,,,,,,,,,,,,,,,,,,,,,,,,,,,,,,,,,,,,,,,,,,,,,OK,2026-07-26,2026-07-26
,,,,KOE0000463,ACC00463,Shipper 463,26/07/2026,Consignee 463,Addr 463,,,,,,KOE,DPS,REG,1,1.0,,,,,,,,,,,,,,,,,,,,,,,,,,,,,,,DLV,,,,,,,,,,,,,,,,,,,,,,,,,,,,,,,,,,,,,,,,,,,,,,,,,,,,,,,,,,,,,,,,,,,,,,,,,,,,,,,,,,,,,,,,,,,,,,,,,,,,,,,,,,,,,,,,,,,,,,,,,,,,,,,,,,,,OK,2026-07-26,2026-07-26
,,,,KOE0000464,ACC00464,Shipper 464,26/07/2026,Consignee 464,Addr 464,,,,,,KOE,DPS,REG,1,1.0,,,,,,,,,,,,,,,,,,,,,,,,,,,,,,,DLV,,,,,,,,,,,,,,,,,,,,,,,,,,,,,,,,,,,,,,,,,,,,,,,,,,,,,,,,,,,,,,,,,,,,,,,,,,,,,,,,,,,,,,,,,,,,,,,,,,,,,,,,,,,,,,,,,,,,,,,,,,,,,,,,,,,,OK,2026-07-26,2026-07-26
,,,,KOE0000465,ACC00465,Shipper 465,26/07/2026,Consignee 465,Addr 465,,,,,,KOE,DPS,REG,1,1.0,,,,,,,,,,,,,,,,,,,,,,,,,,,,,,,DLV,,,,,,,,,,,,,,,,,,,,,,,,,,,,,,,,,,,,,,,,,,,,,,,,,,,,,,,,,,,,,,,,,,,,,,,,,,,,,,,,,,,,,,,,,,,,,,,,,,,,,,,,,,,,,,,,,,,,,,,,,,,,,,,,,,,,OK,2026-07-26,2026-07-26
,,,,KOE0000466,ACC00466,Shipper 466,26/07/2026,Consignee 466,Addr 466,,,,,,KOE,DPS,REG,1,1.0,,,,,,,,,,,,,,,,,,,,,,,,,,,,,,,DLV,,,,,,,,,,,,,,,,,,,,,,,,,,,,,,,,,,,,,,,,,,,,,,,,,,,,,,,,,,,,,,,,,,,,,,,,,,,,,,,,,,,,,,,,,,,,,,,,,,,,,,,,,,,,,,,,,,,,,,,,,,,,,,,,,,,,OK,2026-07-26,2026-07-26
,,,,KOE0000467,ACC00467,Shipper 467,26/07/2026,Consignee 467,Addr 467,,,,,,KOE,DPS,REG,1,1.0,,,,,,,,,,,,,,,,,,,,,,,,,,,,,,,DLV,,,,,,,,,,,,,,,,,,,,,,,,,,,,,,,,,,,,,,,,,,,,,,,,,,,,,,,,,,,,,,,,,,,,,,,,,,,,,,,,,,,,,,,,,,,,,,,,,,,,,,,,,,,,,,,,,,,,,,,,,,,,,,,,,,,,OK,2026-07-26,2026-07-26
,,,,KOE0000468,ACC00468,Shipper 468,26/07/2026,Consignee 468,Addr 468,,,,,,KOE,DPS,REG,1,1.0,,,,,,,,,,,,,,,,,,,,,,,,,,,,,,,DLV,,,,,,,,,,,,,,,,,,,,,,,,,,,,,,,,,,,,,,,,,,,,,,,,,,,,,,,,,,,,,,,,,,,,,,,,,,,,,,,,,,,,,,,,,,,,,,,,,,,,,,,,,,,,,,,,,,,,,,,,,,,,,,,,,,,,OK,2026-07-26,2026-07-26
,,,,KOE0000469,ACC00469,Shipper 469,26/07/2026,Consignee 469,Addr 469,,,,,,KOE,DPS,REG,1,1.0,,,,,,,,,,,,,,,,,,,,,,,,,,,,,,,DLV,,,,,,,,,,,,,,,,,,,,,,,,,,,,,,,,,,,,,,,,,,,,,,,,,,,,,,,,,,,,,,,,,,,,,,,,,,,,,,,,,,,,,,,,,,,,,,,,,,,,,,,,,,,,,,,,,,,,,,,,,,,,,,,,,,,,OK,2026-07-26,2026-07-26
,,,,KOE0000470,ACC00470,Shipper 470,26/07/2026,Consignee 470,Addr 470,,,,,,KOE,DPS,REG,1,1.0,,,,,,,,,,,,,,,,,,,,,,,,,,,,,,,DLV,,,,,,,,,,,,,,,,,,,,,,,,,,,,,,,,,,,,,,,,,,,,,,,,,,,,,,,,,,,,,,,,,,,,,,,,,,,,,,,,,,,,,,,,,,,,,,,,,,,,,,,,,,,,,,,,,,,,,,,,,,,,,,,,,,,,OK,2026-07-26,2026-07-26
,,,,KOE0000471,ACC00471,Shipper 471,26/07/2026,Consignee 471,Addr 471,,,,,,KOE,DPS,REG,1,1.0,,,,,,,,,,,,,,,,,,,,,,,,,,,,,,,DLV,,,,,,,,,,,,,,,,,,,,,,,,,,,,,,,,,,,,,,,,,,,,,,,,,,,,,,,,,,,,,,,,,,,,,,,,,,,,,,,,,,,,,,,,,,,,,,,,,,,,,,,,,,,,,,,,,,,,,,,,,,,,,,,,,,,,OK,2026-07-26,2026-07-26
,,,,KOE0000472,ACC00472,Shipper 472,26/07/2026,Consignee 472,Addr 472,,,,,,KOE,DPS,REG,1,1.0,,,,,,,,,,,,,,,,,,,,,,,,,,,,,,,DLV,,,,,,,,,,,,,,,,,,,,,,,,,,,,,,,,,,,,,,,,,,,,,,,,,,,,,,,,,,,,,,,,,,,,,,,,,,,,,,,,,,,,,,,,,,,,,,,,,,,,,,,,,,,,,,,,,,,,,,,,,,,,,,,,,,,,OK,2026-07-26,2026-07-26
,,,,KOE0000473,ACC00473,Shipper 473,26/07/2026,Consignee 473,Addr 473,,,,,,KOE,DPS,REG,1,1.0,,,,,,,,,,,,,,,,,,,,,,,,,,,,,,,DLV,,,,,,,,,,,,,,,,,,,,,,,,,,,,,,,,,,,,,,,,,,,,,,,,,,,,,,,,,,,,,,,,,,,,,,,,,,,,,,,,,,,,,,,,,,,,,,,,,,,,,,,,,,,,,,,,,,,,,,,,,,,,,,,,,,,,OK,2026-07-26,2026-07-26
,,,,KOE0000474,ACC00474,Shipper 474,26/07/2026,Consignee 474,Addr 474,,,,,,KOE,DPS,REG,1,1.0,,,,,,,,,,,,,,,,,,,,,,,,,,,,,,,DLV,,,,,,,,,,,,,,,,,,,,,,,,,,,,,,,,,,,,,,,,,,,,,,,,,,,,,,,,,,,,,,,,,,,,,,,,,,,,,,,,,,,,,,,,,,,,,,,,,,,,,,,,,,,,,,,,,,,,,,,,,,,,,,,,,,,,OK,2026-07-26,2026-07-26
,,,,KOE0000475,ACC00475,Shipper 475,26/07/2026,Consignee 475,Addr 475,,,,,,KOE,DPS,REG,1,1.0,,,,,,,,,,,,,,,,,,,,,,,,,,,,,,,DLV,,,,,,,,,,,,,,,,,,,,,,,,,,,,,,,,,,,,,,,,,,,,,,,,,,,,,,,,,,,,,,,,,,,,,,,,,,,,,,,,,,,,,,,,,,,,,,,,,,,,,,,,,,,,,,,,,,,,,,,,,,,,,,,,,,,,OK,2026-07-26,2026-07-26
,,,,KOE0000476,ACC00476,Shipper 476,26/07/2026,Consignee 476,Addr 476,,,,,,KOE,DPS,REG,1,1.0,,,,,,,,,,,,,,,,,,,,,,,,,,,,,,,DLV,,,,,,,,,,,,,,,,,,,,,,,,,,,,,,,,,,,,,,,,,,,,,,,,,,,,,,,,,,,,,,,,,,,,,,,,,,,,,,,,,,,,,,,,,,,,,,,,,,,,,,,,,,,,,,,,,,,,,,,,,,,,,,,,,,,,OK,2026-07-26,2026-07-26
,,,,KOE0000477,ACC00477,Shipper 477,26/07/2026,Consignee 477,Addr 477,,,,,,KOE,DPS,REG,1,1.0,,,,,,,,,,,,,,,,,,,,,,,,,,,,,,,DLV,,,,,,,,,,,,,,,,,,,,,,,,,,,,,,,,,,,,,,,,,,,,,,,,,,,,,,,,,,,,,,,,,,,,,,,,,,,,,,,,,,,,,,,,,,,,,,,,,,,,,,,,,,,,,,,,,,,,,,,,,,,,,,,,,,,,OK,2026-07-26,2026-07-26
,,,,KOE0000478,ACC00478,Shipper 478,26/07/2026,Consignee 478,Addr 478,,,,,,KOE,DPS,REG,1,1.0,,,,,,,,,,,,,,,,,,,,,,,,,,,,,,,DLV,,,,,,,,,,,,,,,,,,,,,,,,,,,,,,,,,,,,,,,,,,,,,,,,,,,,,,,,,,,,,,,,,,,,,,,,,,,,,,,,,,,,,,,,,,,,,,,,,,,,,,,,,,,,,,,,,,,,,,,,,,,,,,,,,,,,OK,2026-07-26,2026-07-26
,,,,KOE0000479,ACC00479,Shipper 479,26/07/2026,Consignee 479,Addr 479,,,,,,KOE,DPS,REG,1,1.0,,,,,,,,,,,,,,,,,,,,,,,,,,,,,,,DLV,,,,,,,,,,,,,,,,,,,,,,,,,,,,,,,,,,,,,,,,,,,,,,,,,,,,,,,,,,,,,,,,,,,,,,,,,,,,,,,,,,,,,,,,,,,,,,,,,,,,,,,,,,,,,,,,,,,,,,,,,,,,,,,,,,,,OK,2026-07-26,2026-07-26
,,,,KOE0000480,ACC00480,Shipper 480,26/07/2026,Consignee 480,Addr 480,,,,,,KOE,DPS,REG,1,1.0,,,,,,,,,,,,,,,,,,,,,,,,,,,,,,,DLV,,,,,,,,,,,,,,,,,,,,,,,,,,,,,,,,,,,,,,,,,,,,,,,,,,,,,,,,,,,,,,,,,,,,,,,,,,,,,,,,,,,,,,,,,,,,,,,,,,,,,,,,,,,,,,,,,,,,,,,,,,,,,,,,,,,,OK,2026-07-26,2026-07-26
,,,,KOE0000481,ACC00481,Shipper 481,26/07/2026,Consignee 481,Addr 481,,,,,,KOE,DPS,REG,1,1.0,,,,,,,,,,,,,,,,,,,,,,,,,,,,,,,DLV,,,,,,,,,,,,,,,,,,,,,,,,,,,,,,,,,,,,,,,,,,,,,,,,,,,,,,,,,,,,,,,,,,,,,,,,,,,,,,,,,,,,,,,,,,,,,,,,,,,,,,,,,,,,,,,,,,,,,,,,,,,,,,,,,,,,OK,2026-07-26,2026-07-26
,,,,KOE0000482,ACC00482,Shipper 482,26/07/2026,Consignee 482,Addr 482,,,,,,KOE,DPS,REG,1,1.0,,,,,,,,,,,,,,,,,,,,,,,,,,,,,,,DLV,,,,,,,,,,,,,,,,,,,,,,,,,,,,,,,,,,,,,,,,,,,,,,,,,,,,,,,,,,,,,,,,,,,,,,,,,,,,,,,,,,,,,,,,,,,,,,,,,,,,,,,,,,,,,,,,,,,,,,,,,,,,,,,,,,,,OK,2026-07-26,2026-07-26
,,,,KOE0000483,ACC00483,Shipper 483,26/07/2026,Consignee 483,Addr 483,,,,,,KOE,DPS,REG,1,1.0,,,,,,,,,,,,,,,,,,,,,,,,,,,,,,,DLV,,,,,,,,,,,,,,,,,,,,,,,,,,,,,,,,,,,,,,,,,,,,,,,,,,,,,,,,,,,,,,,,,,,,,,,,,,,,,,,,,,,,,,,,,,,,,,,,,,,,,,,,,,,,,,,,,,,,,,,,,,,,,,,,,,,,OK,2026-07-26,2026-07-26
,,,,KOE0000484,ACC00484,Shipper 484,26/07/2026,Consignee 484,Addr 484,,,,,,KOE,DPS,REG,1,1.0,,,,,,,,,,,,,,,,,,,,,,,,,,,,,,,DLV,,,,,,,,,,,,,,,,,,,,,,,,,,,,,,,,,,,,,,,,,,,,,,,,,,,,,,,,,,,,,,,,,,,,,,,,,,,,,,,,,,,,,,,,,,,,,,,,,,,,,,,,,,,,,,,,,,,,,,,,,,,,,,,,,,,,OK,2026-07-26,2026-07-26
,,,,KOE0000485,ACC00485,Shipper 485,26/07/2026,Consignee 485,Addr 485,,,,,,KOE,DPS,REG,1,1.0,,,,,,,,,,,,,,,,,,,,,,,,,,,,,,,DLV,,,,,,,,,,,,,,,,,,,,,,,,,,,,,,,,,,,,,,,,,,,,,,,,,,,,,,,,,,,,,,,,,,,,,,,,,,,,,,,,,,,,,,,,,,,,,,,,,,,,,,,,,,,,,,,,,,,,,,,,,,,,,,,,,,,,OK,2026-07-26,2026-07-26
,,,,KOE0000486,ACC00486,Shipper 486,26/07/2026,Consignee 486,Addr 486,,,,,,KOE,DPS,REG,1,1.0,,,,,,,,,,,,,,,,,,,,,,,,,,,,,,,DLV,,,,,,,,,,,,,,,,,,,,,,,,,,,,,,,,,,,,,,,,,,,,,,,,,,,,,,,,,,,,,,,,,,,,,,,,,,,,,,,,,,,,,,,,,,,,,,,,,,,,,,,,,,,,,,,,,,,,,,,,,,,,,,,,,,,,OK,2026-07-26,2026-07-26
,,,,KOE0000487,ACC00487,Shipper 487,26/07/2026,Consignee 487,Addr 487,,,,,,KOE,DPS,REG,1,1.0,,,,,,,,,,,,,,,,,,,,,,,,,,,,,,,DLV,,,,,,,,,,,,,,,,,,,,,,,,,,,,,,,,,,,,,,,,,,,,,,,,,,,,,,,,,,,,,,,,,,,,,,,,,,,,,,,,,,,,,,,,,,,,,,,,,,,,,,,,,,,,,,,,,,,,,,,,,,,,,,,,,,,,OK,2026-07-26,2026-07-26
,,,,KOE0000488,ACC00488,Shipper 488,26/07/2026,Consignee 488,Addr 488,,,,,,KOE,DPS,REG,1,1.0,,,,,,,,,,,,,,,,,,,,,,,,,,,,,,,DLV,,,,,,,,,,,,,,,,,,,,,,,,,,,,,,,,,,,,,,,,,,,,,,,,,,,,,,,,,,,,,,,,,,,,,,,,,,,,,,,,,,,,,,,,,,,,,,,,,,,,,,,,,,,,,,,,,,,,,,,,,,,,,,,,,,,,OK,2026-07-26,2026-07-26
,,,,KOE0000489,ACC00489,Shipper 489,26/07/2026,Consignee 489,Addr 489,,,,,,KOE,DPS,REG,1,1.0,,,,,,,,,,,,,,,,,,,,,,,,,,,,,,,DLV,,,,,,,,,,,,,,,,,,,,,,,,,,,,,,,,,,,,,,,,,,,,,,,,,,,,,,,,,,,,,,,,,,,,,,,,,,,,,,,,,,,,,,,,,,,,,,,,,,,,,,,,,,,,,,,,,,,,,,,,,,,,,,,,,,,,OK,2026-07-26,2026-07-26
,,,,KOE0000490,ACC00490,Shipper 490,26/07/2026,Consignee 490,Addr 490,,,,,,KOE,DPS,REG,1,1.0,,,,,,,,,,,,,,,,,,,,,,,,,,,,,,,DLV,,,,,,,,,,,,,,,,,,,,,,,,,,,,,,,,,,,,,,,,,,,,,,,,,,,,,,,,,,,,,,,,,,,,,,,,,,,,,,,,,,,,,,,,,,,,,,,,,,,,,,,,,,,,,,,,,,,,,,,,,,,,,,,,,,,,OK,2026-07-26,2026-07-26
,,,,KOE0000491,ACC00491,Shipper 491,26/07/2026,Consignee 491,Addr 491,,,,,,KOE,DPS,REG,1,1.0,,,,,,,,,,,,,,,,,,,,,,,,,,,,,,,DLV,,,,,,,,,,,,,,,,,,,,,,,,,,,,,,,,,,,,,,,,,,,,,,,,,,,,,,,,,,,,,,,,,,,,,,,,,,,,,,,,,,,,,,,,,,,,,,,,,,,,,,,,,,,,,,,,,,,,,,,,,,,,,,,,,,,,OK,2026-07-26,2026-07-26
,,,,KOE0000492,ACC00492,Shipper 492,26/07/2026,Consignee 492,Addr 492,,,,,,KOE,DPS,REG,1,1.0,,,,,,,,,,,,,,,,,,,,,,,,,,,,,,,DLV,,,,,,,,,,,,,,,,,,,,,,,,,,,,,,,,,,,,,,,,,,,,,,,,,,,,,,,,,,,,,,,,,,,,,,,,,,,,,,,,,,,,,,,,,,,,,,,,,,,,,,,,,,,,,,,,,,,,,,,,,,,,,,,,,,,,OK,2026-07-26,2026-07-26
,,,,KOE0000493,ACC00493,Shipper 493,26/07/2026,Consignee 493,Addr 493,,,,,,KOE,DPS,REG,1,1.0,,,,,,,,,,,,,,,,,,,,,,,,,,,,,,,DLV,,,,,,,,,,,,,,,,,,,,,,,,,,,,,,,,,,,,,,,,,,,,,,,,,,,,,,,,,,,,,,,,,,,,,,,,,,,,,,,,,,,,,,,,,,,,,,,,,,,,,,,,,,,,,,,,,,,,,,,,,,,,,,,,,,,,OK,2026-07-26,2026-07-26
,,,,KOE0000494,ACC00494,Shipper 494,26/07/2026,Consignee 494,Addr 494,,,,,,KOE,DPS,REG,1,1.0,,,,,,,,,,,,,,,,,,,,,,,,,,,,,,,DLV,,,,,,,,,,,,,,,,,,,,,,,,,,,,,,,,,,,,,,,,,,,,,,,,,,,,,,,,,,,,,,,,,,,,,,,,,,,,,,,,,,,,,,,,,,,,,,,,,,,,,,,,,,,,,,,,,,,,,,,,,,,,,,,,,,,,OK,2026-07-26,2026-07-26
,,,,KOE0000495,ACC00495,Shipper 495,26/07/2026,Consignee 495,Addr 495,,,,,,KOE,DPS,REG,1,1.0,,,,,,,,,,,,,,,,,,,,,,,,,,,,,,,DLV,,,,,,,,,,,,,,,,,,,,,,,,,,,,,,,,,,,,,,,,,,,,,,,,,,,,,,,,,,,,,,,,,,,,,,,,,,,,,,,,,,,,,,,,,,,,,,,,,,,,,,,,,,,,,,,,,,,,,,,,,,,,,,,,,,,,OK,2026-07-26,2026-07-26
,,,,KOE0000496,ACC00496,Shipper 496,26/07/2026,Consignee 496,Addr 496,,,,,,KOE,DPS,REG,1,1.0,,,,,,,,,,,,,,,,,,,,,,,,,,,,,,,DLV,,,,,,,,,,,,,,,,,,,,,,,,,,,,,,,,,,,,,,,,,,,,,,,,,,,,,,,,,,,,,,,,,,,,,,,,,,,,,,,,,,,,,,,,,,,,,,,,,,,,,,,,,,,,,,,,,,,,,,,,,,,,,,,,,,,,OK,2026-07-26,2026-07-26
,,,,KOE0000497,ACC00497,Shipper 497,26/07/2026,Consignee 497,Addr 497,,,,,,KOE,DPS,REG,1,1.0,,,,,,,,,,,,,,,,,,,,,,,,,,,,,,,DLV,,,,,,,,,,,,,,,,,,,,,,,,,,,,,,,,,,,,,,,,,,,,,,,,,,,,,,,,,,,,,,,,,,,,,,,,,,,,,,,,,,,,,,,,,,,,,,,,,,,,,,,,,,,,,,,,,,,,,,,,,,,,,,,,,,,,OK,2026-07-26,2026-07-26
,,,,KOE0000498,ACC00498,Shipper 498,26/07/2026,Consignee 498,Addr 498,,,,,,KOE,DPS,REG,1,1.0,,,,,,,,,,,,,,,,,,,,,,,,,,,,,,,DLV,,,,,,,,,,,,,,,,,,,,,,,,,,,,,,,,,,,,,,,,,,,,,,,,,,,,,,,,,,,,,,,,,,,,,,,,,,,,,,,,,,,,,,,,,,,,,,,,,,,,,,,,,,,,,,,,,,,,,,,,,,,,,,,,,,,,OK,2026-07-26,2026-07-26
,,,,KOE0000499,ACC00499,Shipper 499,26/07/2026,Consignee 499,Addr 499,,,,,,KOE,DPS,REG,1,1.0,,,,,,,,,,,,,,,,,,,,,,,,,,,,,,,DLV,,,,,,,,,,,,,,,,,,,,,,,,,,,,,,,,,,,,,,,,,,,,,,,,,,,,,,,,,,,,,,,,,,,,,,,,,,,,,,,,,,,,,,,,,,,,,,,,,,,,,,,,,,,,,,,,,,,,,,,,,,,,,,,,,,,,OK,2026-07-26,2026-07-26
