Tanggal Entry,SM NO,SM SCH DATE,REMARKS SM,SMU REMARKS DATE,SMU BAG,AWB,ket
2026-07-01 00:00:00,2747729867TMC,2026-07-01 00:00:00,LENGKAP,2026-07-01 10:29:00,'KOEEC02399560526,1,
2026-07-01 00:00:00,2747729872MOF,2026-07-01 00:00:00,LENGKAP,2026-07-01 10:28:00,'AA64588692,3,
2026-07-01 00:00:00,2747729872MOF,2026-07-01 00:00:00,LENGKAP,2026-07-01 10:28:00,'AA64588709,9,
2026-07-01 00:00:00,2747729872MOF,2026-07-01 00:00:00,LENGKAP,2026-07-01 10:28:00,'AA64588843,3,
2026-07-01 00:00:00,2747729872MOF,2026-07-01 00:00:00,LENGKAP,2026-07-01 10:28:00,'AA72259937,5,
2026-07-01 00:00:00,2747729935TMC,2026-07-01 00:00:00,LENGKAP,2026-07-01 10:30:00,'AA64588735,1,
2026-07-01 00:00:00,2747729935TMC,2026-07-01 00:00:00,LENGKAP,2026-07-01 10:30:00,'AA64588737,27,
2026-07-01 00:00:00,2747729935TMC,2026-07-01 00:00:00,LENGKAP,2026-07-01 10:30:00,'AA64588894,13,
2026-07-01 00:00:00,2747729939MOF,2026-07-01 00:00:00,LENGKAP,2026-07-01 14:51:00,'AA64588825,19,
2026-07-01 00:00:00,2747729939MOF,2026-07-01 00:00:00,LENGKAP,2026-07-01 14:51:00,'AA64588826,23,
2026-07-01 00:00:00,2747729939MOF,2026-07-01 00:00:00,LENGKAP,2026-07-01 14:51:00,'AA64588829,3,
2026-07-01 00:00:00,2747729939MOF,2026-07-01 00:00:00,LENGKAP,2026-07-01 14:51:00,'AA64588830,25,
2026-07-01 00:00:00,2747729939MOF,2026-07-01 00:00:00,LENGKAP,2026-07-01 14:51:00,'AA64588831,10,
2026-07-01 00:00:00,2747729939MOF,2026-07-01 00:00:00,LENGKAP,2026-07-01 14:51:00,'AA64588833,13,
2026-07-01 00:00:00,2747729939MOF,2026-07-01 00:00:00,LENGKAP,2026-07-01 14:51:00,'AA64588835,18,
2026-07-01 00:00:00,2747729939MOF,2026-07-01 00:00:00,LENGKAP,2026-07-01 14:51:00,'AA64588842,7,
2026-07-01 00:00:00,2747729939MOF,2026-07-01 00:00:00,LENGKAP,2026-07-01 14:51:00,'AA64588845,19,
2026-07-01 00:00:00,2747729950TMC,2026-07-01 00:00:00,LENGKAP,2026-07-01 10:30:00,'AA64588893,15,
2026-07-01 00:00:00,2747729950TMC,2026-07-01 00:00:00,LENGKAP,2026-07-01 10:30:00,'AA64588911,13,
2026-07-01 00:00:00,2747729990KOE,2026-07-01 00:00:00,LENGKAP,2026-07-01 14:20:00,'AA72299358,16,
2026-07-01 00:00:00,2747730018TMC,2026-07-01 00:00:00,LENGKAP,2026-07-01 16:19:00,'AA72259977,1,
2026-07-01 00:00:00,51300088535ENE,2026-07-01 00:00:00,LENGKAP,2026-07-01 12:03:00,'YS15284610,19,
2026-07-01 00:00:00,51300088535LBJ,2026-07-01 00:00:00,LENGKAP,2026-07-01 10:29:00,'YS15284611,25,
2026-07-01 00:00:00,51300093936ENE,2026-07-01 00:00:00,LENGKAP,2026-07-01 10:29:00,'AA64588867,10,
2026-07-01 00:00:00,51300093936ENE,2026-07-01 00:00:00,LENGKAP,2026-07-01 10:29:00,'AA64588868,10,
2026-07-01 00:00:00,51300093936ENE,2026-07-01 00:00:00,LENGKAP,2026-07-01 10:29:00,'AA64588869,14,
2026-07-01 00:00:00,8612454,2026-07-01 00:00:00,LENGKAP,,'AD99202335,1,
2026-07-01 00:00:00,8612454,2026-07-01 00:00:00,LENGKAP,,'AD99202336,1,
2026-07-01 00:00:00,8612454,2026-07-01 00:00:00,LENGKAP,,'AD99202337,1,
2026-07-01 00:00:00,8612454,2026-07-01 00:00:00,LENGKAP,,'AD99202338,1,
2026-07-01 00:00:00,8612454,2026-07-01 00:00:00,LENGKAP,,'AD99202339,1,
2026-07-01 00:00:00,8612454,2026-07-01 00:00:00,LENGKAP,,'AD99202340,1,
2026-07-01 00:00:00,8612454,2026-07-01 00:00:00,LENGKAP,,'AD99202341,1,
2026-07-01 00:00:00,8612454,2026-07-01 00:00:00,LENGKAP,,'AD99202342,1,
2026-07-01 00:00:00,8612454,2026-07-01 00:00:00,LENGKAP,,'AD99202343,1,
2026-07-01 00:00:00,8612454,2026-07-01 00:00:00,LENGKAP,,'AD99202344,1,
2026-07-01 00:00:00,8612454,2026-07-01 00:00:00,LENGKAP,,'AD99202345,1,
2026-07-01 00:00:00,8612454,2026-07-01 00:00:00,LENGKAP,,'AD99202346,1,
2026-07-01 00:00:00,8612454,2026-07-01 00:00:00,LENGKAP,,'AD99202347,1,
2026-07-01 00:00:00,8612454,2026-07-01 00:00:00,LENGKAP,,'AD99202348,1,
2026-07-01 00:00:00,8612454,2026-07-01 00:00:00,LENGKAP,,'AD99202349,1,
2026-07-01 00:00:00,8612454,2026-07-01 00:00:00,LENGKAP,,'AD99202350,1,
2026-07-01 00:00:00,8612454,2026-07-01 00:00:00,LENGKAP,,'AD99202351,1,
2026-07-01 00:00:00,8612454,2026-07-01 00:00:00,LENGKAP,,'AD99202352,1,
2026-07-01 00:00:00,8612454,2026-07-01 00:00:00,LENGKAP,,'AD99202353,1,
2026-07-01 00:00:00,8612454,2026-07-01 00:00:00,LENGKAP,,'AD99202354,1,
2026-07-01 00:00:00,8612454,2026-07-01 00:00:00,LENGKAP,,'AD99202355,1,
2026-07-01 00:00:00,8612454,2026-07-01 00:00:00,LENGKAP,,'AD99202356,1,
2026-07-01 00:00:00,8612454,2026-07-01 00:00:00,LENGKAP,,'AD99202357,1,
2026-07-01 00:00:00,8612454,2026-07-01 00:00:00,LENGKAP,,'AD99202358,1,
2026-07-01 00:00:00,8612454,2026-07-01 00:00:00,LENGKAP,,'AD99202359,1,
2026-07-01 00:00:00,8612454,2026-07-01 00:00:00,LENGKAP,,'AD99202365,1,
2026-07-01 00:00:00,8612454,2026-07-01 00:00:00,LENGKAP,,'AD99202366,1,
2026-07-01 00:00:00,8612454,2026-07-01 00:00:00,LENGKAP,,'AD99202367,1,
2026-07-01 00:00:00,8612454,2026-07-01 00:00:00,LENGKAP,,'AD99202368,1,
2026-07-01 00:00:00,8612454,2026-07-01 00:00:00,LENGKAP,,'AD99202369,1,
2026-07-01 00:00:00,8612454,2026-07-01 00:00:00,LENGKAP,,'AD99202370,1,
2026-07-01 00:00:00,8612454,2026-07-01 00:00:00,LENGKAP,,'AD99202371,1,
2026-07-01 00:00:00,8612454,2026-07-01 00:00:00,LENGKAP,,'AD99202372,1,
2026-07-01 00:00:00,8612454,2026-07-01 00:00:00,LENGKAP,,'AD99202373,1,
2026-07-01 00:00:00,8612454,2026-07-01 00:00:00,LENGKAP,,'AD99202374,1,
2026-07-01 00:00:00,8612454,2026-07-01 00:00:00,LENGKAP,,'AD99202376,1,
2026-07-01 00:00:00,8612454,2026-07-01 00:00:00,LENGKAP,,'TR51638725,1,
2026-07-01 00:00:00,8612454,2026-07-01 00:00:00,LENGKAP,,'TR51638726,1,
2026-07-01 00:00:00,88811831562,2026-07-01 00:00:00,LENGKAP,2026-07-01 23:56:00,'AA69471245,2,
2026-07-01 00:00:00,88811831562,2026-07-01 00:00:00,LENGKAP,2026-07-01 23:56:00,'AA69471252,17,
2026-07-01 00:00:00,88811831562,2026-07-01 00:00:00,LENGKAP,2026-07-01 23:56:00,'AA72259966,1,
2026-07-01 00:00:00,88811831562,2026-07-01 00:00:00,LENGKAP,2026-07-01 23:56:00,'AD106578989,1,
2026-07-01 00:00:00,88811831562,2026-07-01 00:00:00,LENGKAP,2026-07-01 23:56:00,'AD99202289,1,
2026-07-01 00:00:00,88811831595,2026-07-01 00:00:00,LENGKAP,2026-07-01 16:06:00,'AA69471223,23,
2026-07-01 00:00:00,88811831595,2026-07-01 00:00:00,LENGKAP,2026-07-01 16:06:00,'AA69471227,8,
2026-07-01 00:00:00,88811831595,2026-07-01 00:00:00,LENGKAP,2026-07-01 16:06:00,'AA69471247,20,
2026-07-01 00:00:00,88811831595,2026-07-01 00:00:00,LENGKAP,2026-07-01 16:06:00,'AA69471251,21,
2026-07-01 00:00:00,88811831654,2026-07-01 00:00:00,LENGKAP,2026-07-02 00:39:00,'AA72259973,31,
2026-07-01 00:00:00,88811831654,2026-07-01 00:00:00,LENGKAP,2026-07-02 00:39:00,'AD106578991,10,
2026-07-01 00:00:00,88811831654,2026-07-01 00:00:00,LENGKAP,2026-07-02 00:39:00,'AD106578998,6,
2026-07-01 00:00:00,88811831691,2026-07-01 00:00:00,LENGKAP,2026-07-01 11:28:00,'AA69471221,21,
2026-07-01 00:00:00,88811831691,2026-07-01 00:00:00,LENGKAP,2026-07-01 11:28:00,'AA69471222,39,
2026-07-01 00:00:00,88811831691,2026-07-01 00:00:00,LENGKAP,2026-07-01 11:28:00,'AA69471224,3,
2026-07-01 00:00:00,88811831691,2026-07-01 00:00:00,LENGKAP,2026-07-01 11:28:00,'AA69471225,4,
2026-07-01 00:00:00,88811831691,2026-07-01 00:00:00,LENGKAP,2026-07-01 11:28:00,'AA69471226,14,
2026-07-01 00:00:00,88811831691,2026-07-01 00:00:00,LENGKAP,2026-07-01 11:28:00,'AA69471228,37,
2026-07-01 00:00:00,88811831691,2026-07-01 00:00:00,LENGKAP,2026-07-01 11:28:00,'AA69471230,3,
2026-07-01 00:00:00,88811831691,2026-07-01 00:00:00,LENGKAP,2026-07-01 11:28:00,'AA69471234,4,
2026-07-01 00:00:00,88811831691,2026-07-01 00:00:00,LENGKAP,2026-07-01 11:28:00,'AA69471241,6,
2026-07-01 00:00:00,88811831691,2026-07-01 00:00:00,LENGKAP,2026-07-01 11:28:00,'AA69471242,6,
2026-07-01 00:00:00,88811831691,2026-07-01 00:00:00,LENGKAP,2026-07-01 11:28:00,'AD102696502,1,
2026-07-01 00:00:00,88811831691,2026-07-01 00:00:00,LENGKAP,2026-07-01 11:28:00,'AD102696510,8,
2026-07-01 00:00:00,88811831783,2026-07-01 00:00:00,LENGKAP,2026-07-01 16:26:00,'AA69471248,1,
2026-07-01 00:00:00,88811831783,2026-07-01 00:00:00,LENGKAP,2026-07-01 16:26:00,'AA72259968,6,
2026-07-01 00:00:00,88811831783,2026-07-01 00:00:00,LENGKAP,2026-07-01 16:26:00,'AA72259969,16,
2026-07-01 00:00:00,88811831783,2026-07-01 00:00:00,LENGKAP,2026-07-01 16:26:00,'AA72259970,1,
2026-07-01 00:00:00,88811831783,2026-07-01 00:00:00,LENGKAP,2026-07-01 16:26:00,'AA72259971,21,
2026-07-01 00:00:00,88811831783,2026-07-01 00:00:00,LENGKAP,2026-07-01 16:26:00,'AA72259972,8,
2026-07-01 00:00:00,88811831783,2026-07-01 00:00:00,LENGKAP,2026-07-01 16:26:00,'AA72259978,27,
2026-07-01 00:00:00,88811831783,2026-07-01 00:00:00,LENGKAP,2026-07-01 16:26:00,'AA72259979,1,
2026-07-01 00:00:00,88811831783,2026-07-01 00:00:00,LENGKAP,2026-07-01 16:26:00,'AA72259980,5,
2026-07-01 00:00:00,88811831783,2026-07-01 00:00:00,LENGKAP,2026-07-01 16:26:00,'AA72259981,6,
2026-07-01 00:00:00,88811831783,2026-07-01 00:00:00,LENGKAP,2026-07-01 16:26:00,'AA72259982,8,
2026-07-01 00:00:00,88811831783,2026-07-01 00:00:00,LENGKAP,2026-07-01 16:26:00,'AA72259983,5,
2026-07-01 00:00:00,88811831783,2026-07-01 00:00:00,LENGKAP,2026-07-01 16:26:00,'AD106578990,21,
2026-07-01 00:00:00,88811831783,2026-07-01 00:00:00,LENGKAP,2026-07-01 16:26:00,'AD106578992,17,
2026-07-01 00:00:00,88811831820,2026-07-01 00:00:00,LENGKAP,2026-07-01 11:28:00,'AD102696506,20,
2026-07-01 00:00:00,88811831820,2026-07-01 00:00:00,LENGKAP,2026-07-01 11:28:00,'YS15281191,21,
2026-07-01 00:00:00,88811831820,2026-07-01 00:00:00,LENGKAP,2026-07-01 11:28:00,'YS15281209,34,
2026-07-01 00:00:00,88811831820,2026-07-01 00:00:00,LENGKAP,2026-07-01 11:28:00,'YS15281210,21,
2026-07-01 00:00:00,88811831820,2026-07-01 00:00:00,LENGKAP,2026-07-01 11:28:00,'YS15281211,15,
2026-07-01 00:00:00,88811831820,2026-07-01 00:00:00,LENGKAP,2026-07-01 11:28:00,'YS15281212,1,
2026-07-01 00:00:00,88811831820,2026-07-01 00:00:00,LENGKAP,2026-07-01 11:28:00,'YS15281213,1,
2026-07-01 00:00:00,88811831820,2026-07-01 00:00:00,LENGKAP,2026-07-01 11:28:00,'YT1820450,10,
2026-07-01 00:00:00,88811831820,2026-07-01 00:00:00,LENGKAP,2026-07-01 11:28:00,'YT1820452,5,
2026-07-01 00:00:00,88811831820,2026-07-01 00:00:00,LENGKAP,2026-07-01 11:28:00,'YT1820454,8,
2026-07-01 00:00:00,88811831820,2026-07-01 00:00:00,LENGKAP,2026-07-01 11:28:00,'YT1820464,5,
2026-07-01 00:00:00,88811831890,2026-07-01 00:00:00,LENGKAP,2026-07-01 16:25:00,'AA72259984,19,
2026-07-01 00:00:00,88811831890,2026-07-01 00:00:00,LENGKAP,2026-07-01 16:25:00,'AA72259985,1,
2026-07-01 00:00:00,99000835461,2026-07-01 00:00:00,LENGKAP,2019-09-08 12:28:00,'YS19298493,5,
2026-07-01 00:00:00,99000835461,2026-07-01 00:00:00,LENGKAP,2019-09-08 12:28:00,'YS19298494,1,
2026-07-01 00:00:00,99000835461,2026-07-01 00:00:00,LENGKAP,2019-09-08 12:28:00,'YT1267473,8,
2026-07-01 00:00:00,99000846495,2026-07-01 00:00:00,LENGKAP,2026-07-01 18:59:00,'YS15281214,4,
2026-07-01 00:00:00,ABU202SSLN,2026-07-01 00:00:00,LENGKAP,,'RTKOE26014891421,1,
2026-07-01 00:00:00,ABU202SSLN,2026-07-01 00:00:00,LENGKAP,,'RTKOE26014891463,1,
2026-07-01 00:00:00,ABU202SSLN,2026-07-01 00:00:00,LENGKAP,,'RTKOE26014891489,1,
2026-07-01 00:00:00,ABU202SSLN,2026-07-01 00:00:00,LENGKAP,,'YT1267474,6,
2026-07-01 00:00:00,ABU202SSLN,2026-07-01 00:00:00,LENGKAP,,'YT1820468,12,
2026-07-01 00:00:00,ABU36222,2026-07-01 00:00:00,LENGKAP,2026-07-02 10:34:00,'AD99202362,1,
2026-07-01 00:00:00,ABU3603613,2026-07-01 00:00:00,LENGKAP,2026-07-01 19:31:00,'AD99202360,6,
2026-07-01 00:00:00,ABU3603613,2026-07-01 00:00:00,LENGKAP,2026-07-01 19:31:00,'AD99202375,3,
2026-07-01 00:00:00,ABU3603613,2026-07-01 00:00:00,LENGKAP,2026-07-01 19:31:00,'AD99202377,1,
2026-07-01 00:00:00,ABU3603613,2026-07-01 00:00:00,LENGKAP,2026-07-01 19:31:00,'TR51638724,1,
2026-07-01 00:00:00,ABU36333,2026-07-01 00:00:00,LENGKAP,,'AD99202363,1,
2026-07-01 00:00:00,ABU395396,2026-07-01 00:00:00,LENGKAP,,'AD99202395,1,
2026-07-01 00:00:00,ABU395396,2026-07-01 00:00:00,LENGKAP,,'AD99202396,1,
2026-07-01 00:00:00,ABU3977,2026-07-01 00:00:00,LENGKAP,2026-07-02 10:36:00,'AD99202397,4,
2026-07-01 00:00:00,ABU727392,2026-07-01 00:00:00,LENGKAP,,'AD99202378,1,
2026-07-01 00:00:00,ABU727392,2026-07-01 00:00:00,LENGKAP,,'AD99202379,1,
2026-07-01 00:00:00,ABU727392,2026-07-01 00:00:00,LENGKAP,,'AD99202380,1,
2026-07-01 00:00:00,ABU727392,2026-07-01 00:00:00,LENGKAP,,'AD99202381,1,
2026-07-01 00:00:00,ABU727392,2026-07-01 00:00:00,LENGKAP,,'AD99202382,1,
2026-07-01 00:00:00,ABU727392,2026-07-01 00:00:00,LENGKAP,,'AD99202383,1,
2026-07-01 00:00:00,ABU727392,2026-07-01 00:00:00,LENGKAP,,'AD99202384,1,
2026-07-01 00:00:00,ABU727392,2026-07-01 00:00:00,LENGKAP,,'AD99202385,1,
2026-07-01 00:00:00,ABU727392,2026-07-01 00:00:00,LENGKAP,,'AD99202386,1,
2026-07-01 00:00:00,ABU727392,2026-07-01 00:00:00,LENGKAP,,'AD99202387,1,
2026-07-01 00:00:00,ABU727392,2026-07-01 00:00:00,LENGKAP,,'AD99202388,1,
2026-07-01 00:00:00,ABU727392,2026-07-01 00:00:00,LENGKAP,,'AD99202389,1,
2026-07-01 00:00:00,ABU727392,2026-07-01 00:00:00,LENGKAP,,'AD99202390,1,
2026-07-01 00:00:00,ABU727392,2026-07-01 00:00:00,LENGKAP,,'AD99202391,1,
2026-07-01 00:00:00,ABU727392,2026-07-01 00:00:00,LENGKAP,,'AD99202392,1,
2026-07-01 00:00:00,ABU727392,2026-07-01 00:00:00,LENGKAP,,'TR51638727,1,
2026-07-01 00:00:00,ABU728729,2026-07-01 00:00:00,LENGKAP,2026-07-02 07:36:00,'AD99202393,10,
2026-07-01 00:00:00,ABU728729,2026-07-01 00:00:00,LENGKAP,2026-07-02 07:36:00,'AD99202394,1,
2026-07-01 00:00:00,ABU728729,2026-07-01 00:00:00,LENGKAP,2026-07-02 07:36:00,'TR51638728,1,
2026-07-01 00:00:00,ABU728729,2026-07-01 00:00:00,LENGKAP,2026-07-02 07:36:00,'TR51638729,1,
2026-07-01 00:00:00,JTRKAI8219738,2026-07-01 00:00:00,LENGKAP,2026-07-01 08:14:00,'AA56461933,1,
2026-07-01 00:00:00,JTRKAI8219738,2026-07-01 00:00:00,LENGKAP,2026-07-01 08:14:00,'AA56461934,1,
2026-07-01 00:00:00,JTRKAI8219738,2026-07-01 00:00:00,LENGKAP,2026-07-01 08:14:00,'AD99176055,1,
2026-07-01 00:00:00,JTRKAI8219738,2026-07-01 00:00:00,LENGKAP,2026-07-01 08:14:00,'AD99176056,1,
2026-07-01 00:00:00,JTRKAI8219738,2026-07-01 00:00:00,LENGKAP,2026-07-01 08:14:00,'AD99176057,1,
2026-07-01 00:00:00,JTRKAI8219738,2026-07-01 00:00:00,LENGKAP,2026-07-01 08:14:00,'AD99176058,1,
2026-07-01 00:00:00,JTRKAI8219738,2026-07-01 00:00:00,LENGKAP,2026-07-01 08:14:00,'AD99176059,1,
2026-07-01 00:00:00,JTRKAI8219738,2026-07-01 00:00:00,LENGKAP,2026-07-01 08:14:00,'AD99176060,1,
2026-07-01 00:00:00,JTRKAI8219738,2026-07-01 00:00:00,LENGKAP,2026-07-01 08:14:00,'AD99176061,1,
2026-07-01 00:00:00,JTRKAI8219738,2026-07-01 00:00:00,LENGKAP,2026-07-01 08:14:00,'AD99176062,1,
2026-07-01 00:00:00,JTRKAI8219738,2026-07-01 00:00:00,LENGKAP,2026-07-01 08:14:00,'AD99176063,1,
2026-07-01 00:00:00,JTRKAI8219738,2026-07-01 00:00:00,LENGKAP,2026-07-01 08:14:00,'AD99176064,1,
2026-07-01 00:00:00,JTRKAI8219738,2026-07-01 00:00:00,LENGKAP,2026-07-01 08:14:00,'AD99176065,1,
2026-07-01 00:00:00,JTRKAI8219738,2026-07-01 00:00:00,LENGKAP,2026-07-01 08:14:00,'AD99176067,1,
2026-07-01 00:00:00,JTRKAI8219738,2026-07-01 00:00:00,LENGKAP,2026-07-01 08:14:00,'AD99176068,1,
2026-07-01 00:00:00,JTRKAI8219738,2026-07-01 00:00:00,LENGKAP,2026-07-01 08:14:00,'AD99176069,1,
2026-07-01 00:00:00,JTRKAI8219738,2026-07-01 00:00:00,LENGKAP,2026-07-01 08:14:00,'AD99176070,1,
2026-07-01 00:00:00,JTRKAI8219738,2026-07-01 00:00:00,LENGKAP,2026-07-01 08:14:00,'AD99176071,1,
2026-07-01 00:00:00,JTRKAI8219738,2026-07-01 00:00:00,LENGKAP,2026-07-01 08:14:00,'AD99176072,1,
2026-07-01 00:00:00,JTRKAI8219738,2026-07-01 00:00:00,LENGKAP,2026-07-01 08:14:00,'TR51637116,1,
2026-07-01 00:00:00,JTRKOE78648272,2026-07-01 00:00:00,LENGKAP,2026-07-01 10:31:00,'AA64588896,19,
2026-07-01 00:00:00,JTRKOE78648272,2026-07-01 00:00:00,LENGKAP,2026-07-01 10:31:00,'AA64588903,6,
2026-07-01 00:00:00,JTRKOE7864826,2026-07-01 00:00:00,LENGKAP,2026-07-02 07:37:00,'AA64588717,15,
2026-07-01 00:00:00,JTRKOE7864826,2026-07-01 00:00:00,LENGKAP,2026-07-02 07:37:00,'AA64588729,18,
2026-07-01 00:00:00,JTRKOE7864826,2026-07-01 00:00:00,LENGKAP,2026-07-02 07:37:00,'AA64588740,25,
2026-07-01 00:00:00,JTRKOE7864826,2026-07-01 00:00:00,LENGKAP,2026-07-02 07:37:00,'AA64588743,6,
2026-07-01 00:00:00,JTRKOE7864826,2026-07-01 00:00:00,LENGKAP,2026-07-02 07:37:00,'AA64588895,15,
2026-07-01 00:00:00,JTRKOE7864826,2026-07-01 00:00:00,LENGKAP,2026-07-02 07:37:00,'AA64588898,18,
2026-07-01 00:00:00,JTRKOE7864826,2026-07-01 00:00:00,LENGKAP,2026-07-02 07:37:00,'AA64588901,16,
2026-07-01 00:00:00,JTRKOE7864826,2026-07-01 00:00:00,LENGKAP,2026-07-02 07:37:00,'TR81305076,4,
2026-07-01 00:00:00,JTRKOE78648272,2026-07-01 00:00:00,LENGKAP,2026-07-01 10:31:00,'AA64588908,25,
2026-07-01 00:00:00,JTRKOE78648272,2026-07-01 00:00:00,LENGKAP,2026-07-01 10:31:00,'KOEEC02401116926,1,
2026-07-01 00:00:00,JTRKOE7864828,2026-07-01 00:00:00,LENGKAP,2026-07-02 09:14:00,'AA64588747,15,
2026-07-01 00:00:00,JTRKOE7864828,2026-07-01 00:00:00,LENGKAP,2026-07-02 09:14:00,'AA64588748,10,
2026-07-01 00:00:00,JTRKOE7864828,2026-07-01 00:00:00,LENGKAP,2026-07-02 09:14:00,'AA64588909,26,
2026-07-01 00:00:00,JTRKOE7864828,2026-07-01 00:00:00,LENGKAP,2026-07-02 09:14:00,'AA64588926,10,
2026-07-01 00:00:00,JTRKOE7864828,2026-07-01 00:00:00,LENGKAP,2026-07-02 09:14:00,'AA64588928,1,
2026-07-01 00:00:00,KAI8219739,2026-07-01 00:00:00,LENGKAP,2026-07-01 17:36:00,'AA56461939,1,
2026-07-01 00:00:00,KAI8219739,2026-07-01 00:00:00,LENGKAP,2026-07-01 17:36:00,'AD99176066,1,
2026-07-01 00:00:00,KAI01072026SS,2026-07-01 00:00:00,LENGKAP,2026-07-01 13:30:00,'TR51637117,1,
2026-07-01 00:00:00,KAI8219739,2026-07-01 00:00:00,LENGKAP,2026-07-01 17:36:00,'AD99176073,1,
2026-07-01 00:00:00,KAI8219739,2026-07-01 00:00:00,LENGKAP,2026-07-01 17:36:00,'AD99176074,1,
2026-07-01 00:00:00,KAI8219739,2026-07-01 00:00:00,LENGKAP,2026-07-01 17:36:00,'AD99176075,1,
2026-07-01 00:00:00,KAI8219739,2026-07-01 00:00:00,LENGKAP,2026-07-01 17:36:00,'AD99176076,1,
2026-07-01 00:00:00,KAI8219739,2026-07-01 00:00:00,LENGKAP,2026-07-01 17:36:00,'AD99176077,1,
2026-07-01 00:00:00,KAI8219739,2026-07-01 00:00:00,LENGKAP,2026-07-01 17:36:00,'AD99176078,1,
2026-07-01 00:00:00,KAI8219739,2026-07-01 00:00:00,LENGKAP,2026-07-01 17:36:00,'AD99176079,1,
2026-07-01 00:00:00,KAI8219739,2026-07-01 00:00:00,LENGKAP,2026-07-01 17:36:00,'AD99176080,1,
2026-07-01 00:00:00,KAI8219739,2026-07-01 00:00:00,LENGKAP,2026-07-01 17:36:00,'AD99176081,1,
2026-07-01 00:00:00,KAI8219739,2026-07-01 00:00:00,LENGKAP,2026-07-01 17:36:00,'AD99176082,1,
2026-07-01 00:00:00,KAI8219739,2026-07-01 00:00:00,LENGKAP,2026-07-01 17:36:00,'AD99176083,1,
2026-07-01 00:00:00,KAI8219739,2026-07-01 00:00:00,LENGKAP,2026-07-01 17:36:00,'AD99176084,1,
2026-07-01 00:00:00,KAI8219739,2026-07-01 00:00:00,LENGKAP,2026-07-01 17:36:00,'AD99176085,1,
2026-07-01 00:00:00,KAI8219739,2026-07-01 00:00:00,LENGKAP,2026-07-01 17:36:00,'AD99176086,1,
2026-07-01 00:00:00,KAI8219739,2026-07-01 00:00:00,LENGKAP,2026-07-01 17:36:00,'AD99176087,1,
2026-07-01 00:00:00,KAI8219739,2026-07-01 00:00:00,LENGKAP,2026-07-01 17:36:00,'AD99176088,1,
2026-07-01 00:00:00,KAI8219739,2026-07-01 00:00:00,LENGKAP,2026-07-01 17:36:00,'AD99176089,1,
2026-07-01 00:00:00,KAI8219739,2026-07-01 00:00:00,LENGKAP,2026-07-01 17:36:00,'AD99176090,1,
2026-07-01 00:00:00,KAI8219739,2026-07-01 00:00:00,LENGKAP,2026-07-01 17:36:00,'AD99176091,1,
2026-07-01 00:00:00,KAI8219739,2026-07-01 00:00:00,LENGKAP,2026-07-01 17:36:00,'AD99176092,1,
2026-07-01 00:00:00,KAI8219739,2026-07-01 00:00:00,LENGKAP,2026-07-01 17:36:00,'AD99176093,1,
2026-07-01 00:00:00,KAI8219739,2026-07-01 00:00:00,LENGKAP,2026-07-01 17:36:00,'AD99176094,1,
2026-07-01 00:00:00,KAI8219739,2026-07-01 00:00:00,LENGKAP,2026-07-01 17:36:00,'AD99176095,1,
2026-07-01 00:00:00,KEF0107261,2026-07-01 00:00:00,LENGKAP,,'AA63886245,1,
2026-07-01 00:00:00,KEF0107261,2026-07-01 00:00:00,LENGKAP,,'AA63886246,1,
2026-07-01 00:00:00,KEF0107261,2026-07-01 00:00:00,LENGKAP,,'AA63886247,1,
2026-07-01 00:00:00,KEF0107261,2026-07-01 00:00:00,LENGKAP,,'AA63886248,1,
2026-07-01 00:00:00,KEF0107261,2026-07-01 00:00:00,LENGKAP,,'AA63886249,1,
2026-07-01 00:00:00,KEF0107261,2026-07-01 00:00:00,LENGKAP,,'AA63886250,1,
2026-07-01 00:00:00,KEF0107261,2026-07-01 00:00:00,LENGKAP,,'AA63886251,1,
2026-07-01 00:00:00,KEF0107261,2026-07-01 00:00:00,LENGKAP,,'AA63886255,1,
2026-07-01 00:00:00,KEF0107261,2026-07-01 00:00:00,LENGKAP,,'AA63886256,1,
2026-07-01 00:00:00,KEF0107261,2026-07-01 00:00:00,LENGKAP,,'AA63886257,1,
2026-07-01 00:00:00,KEF0107261,2026-07-01 00:00:00,LENGKAP,,'AA63886258,1,
2026-07-01 00:00:00,KEF0107261,2026-07-01 00:00:00,LENGKAP,,'AA63886259,1,
2026-07-01 00:00:00,KEF0107261,2026-07-01 00:00:00,LENGKAP,,'AA63886260,1,
2026-07-01 00:00:00,KEF0107261,2026-07-01 00:00:00,LENGKAP,,'TR00041175,1,
2026-07-01 00:00:00,KEF0107261,2026-07-01 00:00:00,LENGKAP,,'TR00041176,1,
2026-07-01 00:00:00,KEF0107261,2026-07-01 00:00:00,LENGKAP,,'TR00041177,1,
2026-07-01 00:00:00,KEF0107261,2026-07-01 00:00:00,LENGKAP,,'TR00041178,1,
2026-07-01 00:00:00,KEF0107261,2026-07-01 00:00:00,LENGKAP,,'TR00041179,1,
2026-07-01 00:00:00,KEF0107261,2026-07-01 00:00:00,LENGKAP,,'TR00041180,1,
2026-07-01 00:00:00,KEF0107261,2026-07-01 00:00:00,LENGKAP,,'TR00041181,1,
2026-07-01 00:00:00,KEF0107261,2026-07-01 00:00:00,LENGKAP,,'TR00041182,1,
2026-07-01 00:00:00,KEF0107263,2026-07-01 00:00:00,LENGKAP,,'AD106585236,1,
2026-07-01 00:00:00,KEF0107264,2026-07-01 00:00:00,LENGKAP,2026-07-01 16:56:00,'AD106585237,1,
2026-07-01 00:00:00,KEF0107262,2026-07-01 00:00:00,LENGKAP,2026-07-01 19:38:00,'AD106585232,1,
2026-07-01 00:00:00,KEF0107262,2026-07-01 00:00:00,LENGKAP,2026-07-01 19:38:00,'AD106585233,1,
2026-07-01 00:00:00,KEF0107262,2026-07-01 00:00:00,LENGKAP,2026-07-01 19:38:00,'AD106585235,7,
2026-07-01 00:00:00,KEF0107264,2026-07-01 00:00:00,LENGKAP,2026-07-01 16:56:00,'AD106585238,1,
2026-07-01 00:00:00,KEF0107265,2026-07-01 00:00:00,LENGKAP,,'AA63886261,1,
2026-07-01 00:00:00,KEF0107265,2026-07-01 00:00:00,LENGKAP,,'AA63886262,1,
2026-07-01 00:00:00,KEF0107265,2026-07-01 00:00:00,LENGKAP,,'AA63886263,1,
2026-07-01 00:00:00,KEF0107265,2026-07-01 00:00:00,LENGKAP,,'AA63886264,1,
2026-07-01 00:00:00,KEF0107266,2026-07-01 00:00:00,LENGKAP,,'AA63886265,1,
2026-07-01 00:00:00,KEF0107266,2026-07-01 00:00:00,LENGKAP,,'AA63886266,1,
2026-07-01 00:00:00,KEF0107266,2026-07-01 00:00:00,LENGKAP,,'AA63886267,1,
2026-07-01 00:00:00,KEF0107266,2026-07-01 00:00:00,LENGKAP,,'AA63886268,1,
2026-07-01 00:00:00,KEF0107266,2026-07-01 00:00:00,LENGKAP,,'AA63886269,1,
2026-07-01 00:00:00,KEF0107266,2026-07-01 00:00:00,LENGKAP,,'AA63886270,1,
2026-07-01 00:00:00,KEF0107266,2026-07-01 00:00:00,LENGKAP,,'AA63886271,1,
2026-07-01 00:00:00,KEF0107266,2026-07-01 00:00:00,LENGKAP,,'AA63886272,1,
2026-07-01 00:00:00,KEF0107266,2026-07-01 00:00:00,LENGKAP,,'AA63886273,1,
2026-07-01 00:00:00,KEF0107266,2026-07-01 00:00:00,LENGKAP,,'AA63886274,1,
2026-07-01 00:00:00,KEF0107266,2026-07-01 00:00:00,LENGKAP,,'AA63886275,1,
2026-07-01 00:00:00,KEF0107266,2026-07-01 00:00:00,LENGKAP,,'AA63886276,1,
2026-07-01 00:00:00,KEF0107268,2026-07-01 00:00:00,LENGKAP,,'AD106585240,2,
2026-07-01 00:00:00,KEF0107268,2026-07-01 00:00:00,LENGKAP,,'AD106585245,1,
2026-07-01 00:00:00,KEF0107267,2026-07-01 00:00:00,LENGKAP,2026-07-02 07:46:00,'AD106585239,4,
2026-07-01 00:00:00,KEF0107267,2026-07-01 00:00:00,LENGKAP,2026-07-02 07:46:00,'AD106585242,1,
2026-07-01 00:00:00,KEF0107267,2026-07-01 00:00:00,LENGKAP,2026-07-02 07:46:00,'AD106585243,1,
2026-07-01 00:00:00,KEF0107267,2026-07-01 00:00:00,LENGKAP,2026-07-02 07:46:00,'AD106585244,1,
2026-07-01 00:00:00,KEF0107268,2026-07-01 00:00:00,LENGKAP,,'AD106585246,1,
2026-07-01 00:00:00,KEF01072691,2026-07-01 00:00:00,LENGKAP,,'AA63886252,1,
2026-07-01 00:00:00,KEF01072691,2026-07-01 00:00:00,LENGKAP,,'AA63886253,1,
2026-07-01 00:00:00,KEF01072691,2026-07-01 00:00:00,LENGKAP,,'AA63886254,1,
2026-07-01 00:00:00,KOE0107202611,2026-07-01 00:00:00,LENGKAP,2026-07-01 16:54:00,'360100029918326,1,
2026-07-01 00:00:00,KOE0107202611,2026-07-01 00:00:00,LENGKAP,2026-07-01 16:54:00,'360240016628226,1,
2026-07-01 00:00:00,KOE0107202612,2026-07-01 00:00:00,LENGKAP,2026-07-02 09:29:00,'360140010023726,1,
2026-07-01 00:00:00,KOE0107202612,2026-07-01 00:00:00,LENGKAP,2026-07-02 09:29:00,'360140010032626,1,
2026-07-01 00:00:00,KOE0107202612,2026-07-01 00:00:00,LENGKAP,2026-07-02 09:29:00,'360240016623726,1,
2026-07-01 00:00:00,KOE0107202613,2026-07-01 00:00:00,LENGKAP,2026-07-02 10:37:00,'360140010022826,1,
2026-07-01 00:00:00,KOE0107202613,2026-07-01 00:00:00,LENGKAP,2026-07-02 10:37:00,'360140010025526,1,
2026-07-01 00:00:00,KOE0107202613,2026-07-01 00:00:00,LENGKAP,2026-07-02 10:37:00,'360140010026426,1,
2026-07-01 00:00:00,KOE0107202613,2026-07-01 00:00:00,LENGKAP,2026-07-02 10:37:00,'360240016626426,1,
2026-07-01 00:00:00,KOE0107202614,2026-07-01 00:00:00,LENGKAP,2026-07-01 15:32:00,'360100030837926,1,
2026-07-01 00:00:00,KOE0107202614,2026-07-01 00:00:00,LENGKAP,2026-07-01 15:32:00,'360140010019326,1,
2026-07-01 00:00:00,KOE0107202614,2026-07-01 00:00:00,LENGKAP,2026-07-01 15:32:00,'360140010029126,1,
2026-07-01 00:00:00,KOE30654926,2026-07-01 00:00:00,LENGKAP,2026-07-01 10:41:00,'360100030654926,1,
2026-07-01 00:00:00,KOE30654926,2026-07-01 00:00:00,LENGKAP,2026-07-01 10:41:00,'360100030655826,1,
2026-07-01 00:00:00,KOE481367,2026-07-01 00:00:00,LENGKAP,2026-07-01 23:08:00,'360290017836726,1,
2026-07-01 00:00:00,KOE481367,2026-07-01 00:00:00,LENGKAP,2026-07-01 23:08:00,'AA69481367,8,
2026-07-01 00:00:00,KOE69471255,2026-07-01 00:00:00,LENGKAP,,'AA69471255,2,
2026-07-01 00:00:00,MLA8578489,2026-07-01 00:00:00,LENGKAP,2026-07-01 19:23:00,'AD106441214,4,
2026-07-01 00:00:00,MLA8578490,2026-07-01 00:00:00,LENGKAP,,'AD106441217,1,
2026-07-01 00:00:00,MLA8578491,2026-07-01 00:00:00,LENGKAP,2026-07-02 10:39:00,'AD106441218,3,
2026-07-01 00:00:00,MLA8578492,2026-07-01 00:00:00,LENGKAP,,'AD106441216,5,
2026-07-01 00:00:00,MLA8578493,2026-07-01 00:00:00,LENGKAP,,'AA72283628,1,
2026-07-01 00:00:00,MLA8578493,2026-07-01 00:00:00,LENGKAP,,'AA72283629,1,
2026-07-01 00:00:00,MLA8578493,2026-07-01 00:00:00,LENGKAP,,'AA72283630,1,
2026-07-01 00:00:00,MLA8578493,2026-07-01 00:00:00,LENGKAP,,'AA72283631,1,
2026-07-01 00:00:00,MLA8578493,2026-07-01 00:00:00,LENGKAP,,'AA72283632,1,
2026-07-01 00:00:00,MLA8578493,2026-07-01 00:00:00,LENGKAP,,'AA72283633,1,
2026-07-01 00:00:00,MLA8578493,2026-07-01 00:00:00,LENGKAP,,'AA72283634,1,
2026-07-01 00:00:00,MLA8578493,2026-07-01 00:00:00,LENGKAP,,'AA72283635,1,
2026-07-01 00:00:00,MLA8578493,2026-07-01 00:00:00,LENGKAP,,'AA72283636,1,
2026-07-01 00:00:00,MLA8578493,2026-07-01 00:00:00,LENGKAP,,'AA72283637,1,
2026-07-01 00:00:00,KOE0207202603,2026-07-02 00:00:00,LENGKAP,2026-07-02 10:34:00,'360100031009926,1,
2026-07-01 00:00:00,KOE0207202603,2026-07-02 00:00:00,LENGKAP,2026-07-02 10:34:00,'6601075843531,1,
2026-07-01 00:00:00,KOE0207202603,2026-07-02 00:00:00,LENGKAP,2026-07-02 10:34:00,'6601075843532,1,
2026-07-01 00:00:00,KOE0207202603,2026-07-02 00:00:00,LENGKAP,2026-07-02 10:34:00,'8000109631602,1,
2026-07-01 00:00:00,KOE0207202603,2026-07-02 00:00:00,LENGKAP,2026-07-02 10:34:00,'AA64588767,21,
2026-07-01 00:00:00,KOE0207202603,2026-07-02 00:00:00,LENGKAP,2026-07-02 10:34:00,'AA64588786,27,
2026-07-01 00:00:00,KOE0207202603,2026-07-02 00:00:00,LENGKAP,2026-07-02 10:34:00,'CM22034369744,1,
2026-07-01 00:00:00,KOE0207202603,2026-07-02 00:00:00,LENGKAP,2026-07-02 10:34:00,'KOEEC02402782826,1,
2026-07-01 00:00:00,KOE0207202603,2026-07-02 00:00:00,LENGKAP,2026-07-02 10:34:00,'KOEEC02402962426,1,
2026-07-01 00:00:00,MLA8578494,2026-07-01 00:00:00,LENGKAP,,'AA72283638,1,
2026-07-01 00:00:00,MLA8578494,2026-07-01 00:00:00,LENGKAP,,'AA72283639,1,
2026-07-01 00:00:00,MLA8578494,2026-07-01 00:00:00,LENGKAP,,'AA72283640,1,
2026-07-01 00:00:00,MLA8578494,2026-07-01 00:00:00,LENGKAP,,'AA72283641,1,
2026-07-01 00:00:00,MLA8578494,2026-07-01 00:00:00,LENGKAP,,'AA72283642,1,
2026-07-01 00:00:00,MLA8578494,2026-07-01 00:00:00,LENGKAP,,'AA72283643,1,
2026-07-01 00:00:00,MLA8578496,2026-07-01 00:00:00,LENGKAP,2026-07-02 08:36:00,'AD106441219,1,
2026-07-01 00:00:00,OLS01072026,2026-07-01 00:00:00,LENGKAP,2026-07-01 17:13:00,'KOECK00038962226,1,
2026-07-01 00:00:00,OLS022206,2026-07-01 00:00:00,LENGKAP,,'AD104095792,1,
2026-07-01 00:00:00,SOE8109745,2026-07-01 00:00:00,LENGKAP,,'AA64482616,1,
2026-07-01 00:00:00,SOE8612239,2026-07-01 00:00:00,LENGKAP,2026-07-01 16:17:00,'AA64482613,1,
2026-07-01 00:00:00,SOE8612239,2026-07-01 00:00:00,LENGKAP,2026-07-01 16:17:00,'AD106442371,1,
2026-07-01 00:00:00,KOE0207202607,2026-07-02 00:00:00,LENGKAP,2026-07-02 10:26:00,'AA64588757,1,
2026-07-01 00:00:00,SOE8612239,2026-07-01 00:00:00,LENGKAP,2026-07-01 16:17:00,'AD106442372,5,
2026-07-01 00:00:00,SOE8612239,2026-07-01 00:00:00,LENGKAP,2026-07-01 16:17:00,'AD106442373,3,
2026-07-01 00:00:00,KOE30656726,2026-07-01 00:00:00,LENGKAP,2026-07-01 10:03:00,'360100030656726,1,
2026-07-01 00:00:00,SOE8612240,2026-07-01 00:00:00,LENGKAP,2026-07-02 09:31:00,'AD106442374,2,
2026-07-01 00:00:00,SOE8612242,2026-07-01 00:00:00,LENGKAP,2026-07-01 17:51:00,'AA64482614,1,
2026-07-01 00:00:00,SOE8612242,2026-07-01 00:00:00,LENGKAP,2026-07-01 17:51:00,'AD106442376,1,
2026-07-01 00:00:00,SOE8612242,2026-07-01 00:00:00,LENGKAP,2026-07-01 17:51:00,'AD106442377,2,
2026-07-01 00:00:00,TMC8109478,2026-07-01 00:00:00,LENGKAP,2026-07-01 18:12:00,'AA64588738,12,
2026-07-01 00:00:00,TMC8109478,2026-07-01 00:00:00,LENGKAP,2026-07-01 18:12:00,'AD99249987,13,
2026-07-01 00:00:00,WKB8610818,2026-07-01 00:00:00,LENGKAP,2026-07-01 16:34:00,'AA69423691,1,
2026-07-01 00:00:00,WKB8610818,2026-07-01 00:00:00,LENGKAP,2026-07-01 16:34:00,'AA69423697,1,
2026-07-01 00:00:00,WKB8610818,2026-07-01 00:00:00,LENGKAP,2026-07-01 16:34:00,'AA69423698,1,
2026-07-01 00:00:00,WKB8610818,2026-07-01 00:00:00,LENGKAP,2026-07-01 16:34:00,'AA69423699,1,
2026-07-01 00:00:00,WKB8610818,2026-07-01 00:00:00,LENGKAP,2026-07-01 16:34:00,'AA69423700,1,
2026-07-01 00:00:00,WKB8610818,2026-07-01 00:00:00,LENGKAP,2026-07-01 16:34:00,'AA69423893,1,
2026-07-01 00:00:00,WKB8610818,2026-07-01 00:00:00,LENGKAP,2026-07-01 16:34:00,'AD106343517,1,
2026-07-01 00:00:00,WKB8610818,2026-07-01 00:00:00,LENGKAP,2026-07-01 16:34:00,'AD106343518,1,
2026-07-01 00:00:00,WKB8610818,2026-07-01 00:00:00,LENGKAP,2026-07-01 16:34:00,'AD106343519,1,
2026-07-01 00:00:00,WKB8610818,2026-07-01 00:00:00,LENGKAP,2026-07-01 16:34:00,'AD106343520,1,
2026-07-01 00:00:00,WKB8610818,2026-07-01 00:00:00,LENGKAP,2026-07-01 16:34:00,'AD106343803,1,
2026-07-01 00:00:00,WKB8610818,2026-07-01 00:00:00,LENGKAP,2026-07-01 16:34:00,'AD106343804,1,
2026-07-01 00:00:00,WKB8610818,2026-07-01 00:00:00,LENGKAP,2026-07-01 16:34:00,'AD106597359,1,
2026-07-01 00:00:00,WKB8610819,2026-07-01 00:00:00,LENGKAP,2026-07-02 06:11:00,'AD106343515,1,
2026-07-01 00:00:00,ABU39888,2026-07-02 00:00:00,LENGKAP,,'AD99202398,3,
2026-07-01 00:00:00,KEF0107269,2026-07-02 00:00:00,LENGKAP,,'AD106585241,1,
2026-07-01 00:00:00,MLA8578495,2026-07-01 00:00:00,LENGKAP,2026-07-02 07:46:00,'AD106441220,3,
2026-07-01 00:00:00,KOE0207202601,2026-07-02 00:00:00,LENGKAP,2026-07-02 08:30:00,'360100031007126,1,
2026-07-01 00:00:00,MLO8610290,2026-07-01 00:00:00,LENGKAP,2026-07-01 16:37:00,'AD97568174,1,
2026-07-01 00:00:00,KOE0207202601,2026-07-02 00:00:00,LENGKAP,2026-07-02 08:30:00,'360290017752726,1,
2026-07-01 00:00:00,OLS022205,2026-07-01 00:00:00,LENGKAP,2026-07-02 09:31:00,'AD104095790,1,
2026-07-01 00:00:00,KOE0207202601,2026-07-02 00:00:00,LENGKAP,2026-07-02 08:30:00,'360290017810726,1,
2026-07-01 00:00:00,RTI6893839,2026-07-01 00:00:00,LENGKAP,2026-07-01 15:54:00,'AD99250527,2,
2026-07-01 00:00:00,RTI6893839,2026-07-01 00:00:00,LENGKAP,2026-07-01 15:54:00,'AD99250528,1,
2026-07-01 00:00:00,RTI6893839,2026-07-01 00:00:00,LENGKAP,2026-07-01 15:54:00,'AD99250529,1,
2026-07-01 00:00:00,RTI6893839,2026-07-01 00:00:00,LENGKAP,2026-07-01 15:54:00,'AD99250530,1,
2026-07-01 00:00:00,RTI6893839,2026-07-01 00:00:00,LENGKAP,2026-07-01 15:54:00,'AD99250531,1,
2026-07-01 00:00:00,RTI6893839,2026-07-01 00:00:00,LENGKAP,2026-07-01 15:54:00,'AD99250532,1,
2026-07-01 00:00:00,RTI6893839,2026-07-01 00:00:00,LENGKAP,2026-07-01 15:54:00,'AD99250533,1,
2026-07-01 00:00:00,RTI6893839,2026-07-01 00:00:00,LENGKAP,2026-07-01 15:54:00,'AD99250534,1,
2026-07-01 00:00:00,RTI6893839,2026-07-01 00:00:00,LENGKAP,2026-07-01 15:54:00,'AD99250535,1,
2026-07-01 00:00:00,RTI6893839,2026-07-01 00:00:00,LENGKAP,2026-07-01 15:54:00,'AD99250536,1,
2026-07-01 00:00:00,RTI6893839,2026-07-01 00:00:00,LENGKAP,2026-07-01 15:54:00,'AD99250537,1,
2026-07-01 00:00:00,RTI6893839,2026-07-01 00:00:00,LENGKAP,2026-07-01 15:54:00,'AD99250538,1,
2026-07-01 00:00:00,RTI6893839,2026-07-01 00:00:00,LENGKAP,2026-07-01 15:54:00,'AD99250539,1,
2026-07-01 00:00:00,RTI6893839,2026-07-01 00:00:00,LENGKAP,2026-07-01 15:54:00,'AD99250540,1,
2026-07-01 00:00:00,RTI6893839,2026-07-01 00:00:00,LENGKAP,2026-07-01 15:54:00,'AD99250541,1,
2026-07-01 00:00:00,RTI6893839,2026-07-01 00:00:00,LENGKAP,2026-07-01 15:54:00,'AD99250542,1,
2026-07-01 00:00:00,RTI6893839,2026-07-01 00:00:00,LENGKAP,2026-07-01 15:54:00,'CM38416872186,1,
2026-07-01 00:00:00,RTI6893839,2026-07-01 00:00:00,LENGKAP,2026-07-01 15:54:00,'TR64766651,1,
2026-07-01 00:00:00,SAB8610133,2026-07-01 00:00:00,LENGKAP,2026-07-02 09:49:00,'AD106506758,1,
2026-07-01 00:00:00,SAB8610133,2026-07-01 00:00:00,LENGKAP,2026-07-02 09:49:00,'AD106506759,1,
2026-07-01 00:00:00,SAB8610133,2026-07-01 00:00:00,LENGKAP,2026-07-02 09:49:00,'AD106506760,1,
2026-07-01 00:00:00,SAB8610133,2026-07-01 00:00:00,LENGKAP,2026-07-02 09:49:00,'AD106506761,1,
2026-07-01 00:00:00,SAB8610133,2026-07-01 00:00:00,LENGKAP,2026-07-02 09:49:00,'AD106506762,1,
2026-07-01 00:00:00,SAB8610133,2026-07-01 00:00:00,LENGKAP,2026-07-02 09:49:00,'AD106506763,1,
2026-07-01 00:00:00,SAB8610133,2026-07-01 00:00:00,LENGKAP,2026-07-02 09:49:00,'AD106506764,1,
2026-07-01 00:00:00,SAB8610133,2026-07-01 00:00:00,LENGKAP,2026-07-02 09:49:00,'AD106506765,1,
2026-07-01 00:00:00,SAB8610133,2026-07-01 00:00:00,LENGKAP,2026-07-02 09:49:00,'AD106506766,1,
2026-07-01 00:00:00,SAB8610133,2026-07-01 00:00:00,LENGKAP,2026-07-02 09:49:00,'AD106506767,1,
2026-07-01 00:00:00,SAB8610133,2026-07-01 00:00:00,LENGKAP,2026-07-02 09:49:00,'AD106506768,1,
2026-07-01 00:00:00,SAB8610133,2026-07-01 00:00:00,LENGKAP,2026-07-02 09:49:00,'AD106506769,1,
2026-07-01 00:00:00,SAB8610133,2026-07-01 00:00:00,LENGKAP,2026-07-02 09:49:00,'AD106506770,1,
2026-07-01 00:00:00,SAB8610133,2026-07-01 00:00:00,LENGKAP,2026-07-02 09:49:00,'AD106506771,1,
2026-07-01 00:00:00,SAB8610133,2026-07-01 00:00:00,LENGKAP,2026-07-02 09:49:00,'AD106506772,1,
2026-07-01 00:00:00,SAB8610133,2026-07-01 00:00:00,LENGKAP,2026-07-02 09:49:00,'AD106506773,1,
2026-07-01 00:00:00,SAB8610133,2026-07-01 00:00:00,LENGKAP,2026-07-02 09:49:00,'AD106506774,1,
2026-07-01 00:00:00,SAB8610133,2026-07-01 00:00:00,LENGKAP,2026-07-02 09:49:00,'AD106506775,1,
2026-07-01 00:00:00,SAB8610133,2026-07-01 00:00:00,LENGKAP,2026-07-02 09:49:00,'AD106506776,1,
2026-07-01 00:00:00,SAB8610133,2026-07-01 00:00:00,LENGKAP,2026-07-02 09:49:00,'AD106506777,1,
2026-07-01 00:00:00,SAB8610133,2026-07-01 00:00:00,LENGKAP,2026-07-02 09:49:00,'AD106506778,1,
2026-07-01 00:00:00,SAB8610133,2026-07-01 00:00:00,LENGKAP,2026-07-02 09:49:00,'AD106506779,1,
2026-07-01 00:00:00,SAB8610133,2026-07-01 00:00:00,LENGKAP,2026-07-02 09:49:00,'AD106506780,1,
2026-07-01 00:00:00,KOE0207202601,2026-07-02 00:00:00,LENGKAP,2026-07-02 08:30:00,'360340003637826,1,
2026-07-01 00:00:00,KOE0207202601,2026-07-02 00:00:00,LENGKAP,2026-07-02 08:30:00,'360340006726326,1,
2026-07-01 00:00:00,KOE0207202601,2026-07-02 00:00:00,LENGKAP,2026-07-02 08:30:00,'6601075849831,1,
2026-07-01 00:00:00,KOE0207202601,2026-07-02 00:00:00,LENGKAP,2026-07-02 08:30:00,'6601075849832,1,
2026-07-01 00:00:00,KOE0207202601,2026-07-02 00:00:00,LENGKAP,2026-07-02 08:30:00,'AA64588784,32,
2026-07-01 00:00:00,KOE0207202601,2026-07-02 00:00:00,LENGKAP,2026-07-02 08:30:00,'AA64588792,33,
2026-07-01 00:00:00,SOE8612241,2026-07-01 00:00:00,LENGKAP,2026-07-02 10:41:00,'AD106442375,1,
2026-07-01 00:00:00,KOE0207202601,2026-07-02 00:00:00,LENGKAP,2026-07-02 08:30:00,'AD97568171,1,
2026-07-01 00:00:00,KOE0207202601,2026-07-02 00:00:00,LENGKAP,2026-07-02 08:30:00,'KOEEC02402235826,1,
2026-07-01 00:00:00,KOE0207202601,2026-07-02 00:00:00,LENGKAP,2026-07-02 08:30:00,'KOEEC02402644026,1,
2026-07-01 00:00:00,TMC8109477,2026-07-01 00:00:00,LENGKAP,2026-07-02 09:17:00,'AA64588733,21,
2026-07-01 00:00:00,TMC8109477,2026-07-01 00:00:00,LENGKAP,2026-07-02 09:17:00,'AA64588912,16,
2026-07-01 00:00:00,TMC8109477,2026-07-01 00:00:00,LENGKAP,2026-07-02 09:17:00,'AD99249988,3,
2026-07-01 00:00:00,KOE0207202601,2026-07-02 00:00:00,LENGKAP,2026-07-02 08:30:00,'KOEEC02402773026,1,
2026-07-01 00:00:00,KOE0207202602,2026-07-02 00:00:00,LENGKAP,2026-07-02 09:25:00,'AA64588759,2,
2026-07-01 00:00:00,TMC8109479,2026-07-01 00:00:00,LENGKAP,2026-07-02 06:11:00,'AA64588718,1,
2026-07-01 00:00:00,TMC8109479,2026-07-01 00:00:00,LENGKAP,2026-07-02 06:11:00,'AA64588719,26,
2026-07-01 00:00:00,TMC8109479,2026-07-01 00:00:00,LENGKAP,2026-07-02 06:11:00,'AA64588720,15,
2026-07-01 00:00:00,TMC8109479,2026-07-01 00:00:00,LENGKAP,2026-07-02 06:11:00,'AA64588731,23,
2026-07-01 00:00:00,TMC8109479,2026-07-01 00:00:00,LENGKAP,2026-07-02 06:11:00,'AA64588749,1,
2026-07-01 00:00:00,TMC8109479,2026-07-01 00:00:00,LENGKAP,2026-07-02 06:11:00,'AA64588897,16,
2026-07-01 00:00:00,TMC8109479,2026-07-01 00:00:00,LENGKAP,2026-07-02 06:11:00,'AA64588900,20,
2026-07-01 00:00:00,TMC8109479,2026-07-01 00:00:00,LENGKAP,2026-07-02 06:11:00,'AD99249986,10,
2026-07-01 00:00:00,TMC8579645,2026-07-01 00:00:00,LENGKAP,2026-07-02 00:45:00,'AA69424890,1,
2026-07-01 00:00:00,TMC8579645,2026-07-01 00:00:00,LENGKAP,2026-07-02 00:45:00,'AA69424913,1,
2026-07-01 00:00:00,TMC8579645,2026-07-01 00:00:00,LENGKAP,2026-07-02 00:45:00,'AA69424914,1,
2026-07-01 00:00:00,TMC8579645,2026-07-01 00:00:00,LENGKAP,2026-07-02 00:45:00,'AA69424919,1,
2026-07-01 00:00:00,TMC8579645,2026-07-01 00:00:00,LENGKAP,2026-07-02 00:45:00,'AA69424920,1,
2026-07-01 00:00:00,TMC8579645,2026-07-01 00:00:00,LENGKAP,2026-07-02 00:45:00,'AA69424970,1,
2026-07-01 00:00:00,TMC8579645,2026-07-01 00:00:00,LENGKAP,2026-07-02 00:45:00,'AD95605535,1,
2026-07-01 00:00:00,TMC8579645,2026-07-01 00:00:00,LENGKAP,2026-07-02 00:45:00,'AD95605536,1,
2026-07-01 00:00:00,TMC8579645,2026-07-01 00:00:00,LENGKAP,2026-07-02 00:45:00,'AD95605537,1,
2026-07-01 00:00:00,TMC8579645,2026-07-01 00:00:00,LENGKAP,2026-07-02 00:45:00,'AD99250162,1,
2026-07-01 00:00:00,TMC8579645,2026-07-01 00:00:00,LENGKAP,2026-07-02 00:45:00,'AD99250163,3,
2026-07-01 00:00:00,TMC8579645,2026-07-01 00:00:00,LENGKAP,2026-07-02 00:45:00,'AD99250164,1,
2026-07-01 00:00:00,TMC8579646,2026-07-01 00:00:00,LENGKAP,2026-07-02 06:12:00,'AD99250145,1,
2026-07-01 00:00:00,TMC8579646,2026-07-01 00:00:00,LENGKAP,2026-07-02 06:12:00,'AD99250161,2,
2026-07-01 00:00:00,WBK3345192,2026-07-01 00:00:00,LENGKAP,2026-07-02 00:44:00,'AD106339516,1,
2026-07-01 00:00:00,WBK3345192,2026-07-01 00:00:00,LENGKAP,2026-07-02 00:44:00,'AD106339517,1,
2026-07-01 00:00:00,WGP8218363,2026-07-02 00:00:00,LENGKAP,2026-07-02 09:15:00,'AD106580432,1,
2026-07-01 00:00:00,WGP8218363,2026-07-02 00:00:00,LENGKAP,2026-07-02 09:15:00,'AD106580439,1,
2026-07-01 00:00:00,KOE0207202602,2026-07-02 00:00:00,LENGKAP,2026-07-02 09:25:00,'AA64588790,35,
2026-07-01 00:00:00,KOE0207202602,2026-07-02 00:00:00,LENGKAP,2026-07-02 09:25:00,'CM87937786745,1,
2026-07-01 00:00:00,KOE0207202604,2026-07-02 00:00:00,LENGKAP,2026-07-01 23:20:00,'4500019396691,1,
2026-07-01 00:00:00,KOE0207202604,2026-07-02 00:00:00,LENGKAP,2026-07-01 23:20:00,'4500019396692,1,
2026-07-01 00:00:00,KOE0207202604,2026-07-02 00:00:00,LENGKAP,2026-07-01 23:20:00,'6601075847441,1,
2026-07-01 00:00:00,KOE0207202604,2026-07-02 00:00:00,LENGKAP,2026-07-01 23:20:00,'6601075847442,1,
2026-07-01 00:00:00,KOE0207202604,2026-07-02 00:00:00,LENGKAP,2026-07-01 23:20:00,'AA64588765,15,
2026-07-01 00:00:00,KOE0207202604,2026-07-02 00:00:00,LENGKAP,2026-07-01 23:20:00,'AA64588788,24,
2026-07-01 00:00:00,KOE0207202604,2026-07-02 00:00:00,LENGKAP,2026-07-01 23:20:00,'KOEEC02402663626,1,
2026-07-01 00:00:00,KOE0207202604,2026-07-02 00:00:00,LENGKAP,2026-07-01 23:20:00,'KOEEC02402952626,1,
2026-07-01 00:00:00,KOE0207202605,2026-07-02 00:00:00,LENGKAP,2026-07-01 23:20:00,'AA64588763,16,
2026-07-01 00:00:00,KOE0207202605,2026-07-02 00:00:00,LENGKAP,2026-07-01 23:20:00,'AD106441215,2,
2026-07-01 00:00:00,KOE0207202606,2026-07-02 00:00:00,LENGKAP,2026-07-01 23:20:00,'AA64588761,1,
2026-07-01 00:00:00,KOE0207202606,2026-07-02 00:00:00,LENGKAP,2026-07-01 23:20:00,'AD99202361,2,
2026-07-01 00:00:00,WGP8218364,2026-07-02 00:00:00,LENGKAP,2026-07-01 22:09:00,'AD106580435,1,
2026-07-01 00:00:00,WGP8218364,2026-07-02 00:00:00,LENGKAP,2026-07-01 22:09:00,'AD106580440,1,
2026-07-01 00:00:00,WGP8218364,2026-07-02 00:00:00,LENGKAP,2026-07-01 22:09:00,'AD106580442,1,
2026-07-02 00:00:00,2747730024,2026-07-01 00:00:00,LENGKAP,2026-07-02 14:06:00,'AA72299359,25,
2026-07-02 00:00:00,2747730024,2026-07-01 00:00:00,LENGKAP,2026-07-02 14:06:00,'AA72299360,10,
2026-07-02 00:00:00,51300088620ENE,2026-07-02 00:00:00,LENGKAP,2026-07-02 07:58:00,'YS15284614,16,
2026-07-02 00:00:00,51300088642LBJ,2026-07-02 00:00:00,LENGKAP,2026-07-02 07:58:00,'YS15284615,17,
2026-07-02 00:00:00,51300096714ENE,2026-07-02 00:00:00,LENGKAP,2026-07-02 08:42:00,'YS15284613,1,
2026-07-02 00:00:00,51300096725WGP,2026-07-02 00:00:00,LENGKAP,2026-07-02 16:40:00,'YS15284612,1,
2026-07-02 00:00:00,51300096946LBJ,2026-07-02 00:00:00,LENGKAP,2026-07-02 08:42:00,'AA64588880,1,
2026-07-02 00:00:00,88811855815,2026-07-02 00:00:00,LENGKAP,2017-01-23 23:05:00,'YS15281215,8,
2026-07-02 00:00:00,88811855815,2026-07-02 00:00:00,LENGKAP,2017-01-23 23:05:00,'YS15281216,16,
2026-07-02 00:00:00,88811855815,2026-07-02 00:00:00,LENGKAP,2017-01-23 23:05:00,'YS15281217,19,
2026-07-02 00:00:00,88811855815,2026-07-02 00:00:00,LENGKAP,2017-01-23 23:05:00,'YS15281218,21,
2026-07-02 00:00:00,2747730175,2026-07-02 00:00:00,LENGKAP,2026-07-02 23:15:00,'AA72299375,16,
2026-07-02 00:00:00,2747730175,2026-07-02 00:00:00,LENGKAP,2026-07-02 23:15:00,'AA72299376,8,
2026-07-02 00:00:00,88811855815,2026-07-02 00:00:00,LENGKAP,2017-01-23 23:05:00,'YS15281219,18,
2026-07-02 00:00:00,88811855815,2026-07-02 00:00:00,LENGKAP,2017-01-23 23:05:00,'YT1820463,8,
2026-07-02 00:00:00,88811855815,2026-07-02 00:00:00,LENGKAP,2017-01-23 23:05:00,'YT1820465,22,
2026-07-02 00:00:00,88811855815,2026-07-02 00:00:00,LENGKAP,2017-01-23 23:05:00,'YT1820468,12,
2026-07-02 00:00:00,88811855933,2026-07-02 00:00:00,LENGKAP,2017-01-24 08:07:00,'AA69471218,14,
2026-07-02 00:00:00,88811855620,2026-07-02 00:00:00,LENGKAP,2026-07-02 11:45:00,'AA69471198,4,
2026-07-02 00:00:00,88811855620,2026-07-02 00:00:00,LENGKAP,2026-07-02 11:45:00,'AA69471202,5,
2026-07-02 00:00:00,88811855620,2026-07-02 00:00:00,LENGKAP,2026-07-02 11:45:00,'AA69471206,3,
2026-07-02 00:00:00,88811855620,2026-07-02 00:00:00,LENGKAP,2026-07-02 11:45:00,'AA69471210,7,
2026-07-02 00:00:00,88811855620,2026-07-02 00:00:00,LENGKAP,2026-07-02 11:45:00,'AA69471214,39,
2026-07-02 00:00:00,88811855620,2026-07-02 00:00:00,LENGKAP,2026-07-02 11:45:00,'AA69471233,5,
2026-07-02 00:00:00,88811855620,2026-07-02 00:00:00,LENGKAP,2026-07-02 11:45:00,'AA69471235,23,
2026-07-02 00:00:00,88811855620,2026-07-02 00:00:00,LENGKAP,2026-07-02 11:45:00,'AA69471236,35,
2026-07-02 00:00:00,88811855620,2026-07-02 00:00:00,LENGKAP,2026-07-02 11:45:00,'AA69471237,1,
2026-07-02 00:00:00,88811855620,2026-07-02 00:00:00,LENGKAP,2026-07-02 11:45:00,'AA69471239,2,
2026-07-02 00:00:00,88811855620,2026-07-02 00:00:00,LENGKAP,2026-07-02 11:45:00,'AA69471240,3,
2026-07-02 00:00:00,88811855620,2026-07-02 00:00:00,LENGKAP,2026-07-02 11:45:00,'AA69471243,19,
2026-07-02 00:00:00,88811855620,2026-07-02 00:00:00,LENGKAP,2026-07-02 11:45:00,'AD102696512,17,
2026-07-02 00:00:00,88811855712,2026-07-02 00:00:00,LENGKAP,2026-07-02 16:39:00,'AA63886244,1,
2026-07-02 00:00:00,88811855712,2026-07-02 00:00:00,LENGKAP,2026-07-02 16:39:00,'AA64490501,4,
2026-07-02 00:00:00,88811855712,2026-07-02 00:00:00,LENGKAP,2026-07-02 16:39:00,'AA64490502,7,
2026-07-02 00:00:00,88811855712,2026-07-02 00:00:00,LENGKAP,2026-07-02 16:39:00,'AA64490503,14,
2026-07-02 00:00:00,88811855712,2026-07-02 00:00:00,LENGKAP,2026-07-02 16:39:00,'AA72259993,3,
2026-07-02 00:00:00,88811855712,2026-07-02 00:00:00,LENGKAP,2026-07-02 16:39:00,'AA72259994,39,
2026-07-02 00:00:00,88811855712,2026-07-02 00:00:00,LENGKAP,2026-07-02 16:39:00,'AA72259995,13,
2026-07-02 00:00:00,88811855712,2026-07-02 00:00:00,LENGKAP,2026-07-02 16:39:00,'AA72259996,7,
2026-07-02 00:00:00,88811855712,2026-07-02 00:00:00,LENGKAP,2026-07-02 16:39:00,'AD102696509,1,
2026-07-02 00:00:00,88811855712,2026-07-02 00:00:00,LENGKAP,2026-07-02 16:39:00,'AD106578994,33,
2026-07-02 00:00:00,88811855933,2026-07-02 00:00:00,LENGKAP,2017-01-24 08:07:00,'AA69471231,3,
2026-07-02 00:00:00,88811855933,2026-07-02 00:00:00,LENGKAP,2017-01-24 08:07:00,'AA69471244,1,
2026-07-02 00:00:00,88811855933,2026-07-02 00:00:00,LENGKAP,2017-01-24 08:07:00,'AD102696505,1,
2026-07-02 00:00:00,93801012561,2026-07-02 00:00:00,LENGKAP,2019-11-23 17:01:00,'AD106578995,16,
2026-07-02 00:00:00,93801012561,2026-07-02 00:00:00,LENGKAP,2019-11-23 17:01:00,'YS15281220,3,
2026-07-02 00:00:00,ABU399410,2026-07-02 00:00:00,LENGKAP,,'AD99202399,1,
2026-07-02 00:00:00,ABU399410,2026-07-02 00:00:00,LENGKAP,,'AD99202400,1,
2026-07-02 00:00:00,ABU399410,2026-07-02 00:00:00,LENGKAP,,'AD99202401,1,
2026-07-02 00:00:00,88811855874,2026-07-02 00:00:00,LENGKAP,2026-07-03 00:19:00,'AD106578993,23,
2026-07-02 00:00:00,ABU399410,2026-07-02 00:00:00,LENGKAP,,'AD99202402,1,
2026-07-02 00:00:00,ABU399410,2026-07-02 00:00:00,LENGKAP,,'AD99202403,1,
2026-07-02 00:00:00,ABU399410,2026-07-02 00:00:00,LENGKAP,,'AD99202404,1,
2026-07-02 00:00:00,ABU399410,2026-07-02 00:00:00,LENGKAP,,'AD99202405,1,
2026-07-02 00:00:00,88811855992,2026-07-02 00:00:00,LENGKAP,2026-07-02 23:58:00,'AA64490504,9,
2026-07-02 00:00:00,88811855992,2026-07-02 00:00:00,LENGKAP,2026-07-02 23:58:00,'AA69471229,11,
2026-07-02 00:00:00,88811855992,2026-07-02 00:00:00,LENGKAP,2026-07-02 23:58:00,'AD99176042,1,
2026-07-02 00:00:00,ABU399410,2026-07-02 00:00:00,LENGKAP,,'AD99202406,1,
2026-07-02 00:00:00,ABU399410,2026-07-02 00:00:00,LENGKAP,,'AD99202407,1,
2026-07-02 00:00:00,99000860204,2026-07-02 00:00:00,LENGKAP,2026-07-02 11:04:00,'AD106578996,1,
2026-07-02 00:00:00,99000860204,2026-07-02 00:00:00,LENGKAP,2026-07-02 11:04:00,'YS19298495,8,
2026-07-02 00:00:00,99000860204,2026-07-02 00:00:00,LENGKAP,2026-07-02 11:04:00,'YS19298496,2,
2026-07-02 00:00:00,99000860204,2026-07-02 00:00:00,LENGKAP,2026-07-02 11:04:00,'YT1267467,4,
2026-07-02 00:00:00,99000860204,2026-07-02 00:00:00,LENGKAP,2026-07-02 11:04:00,'YT1267474,6,
2026-07-02 00:00:00,99000870984,2026-07-02 00:00:00,LENGKAP,2026-07-02 19:17:00,'AA69471212,11,
2026-07-02 00:00:00,99000870984,2026-07-02 00:00:00,LENGKAP,2026-07-02 19:17:00,'YS15281221,3,
2026-07-02 00:00:00,99000870984,2026-07-02 00:00:00,LENGKAP,2026-07-02 19:17:00,'YS15281222,1,
2026-07-02 00:00:00,ABU399410,2026-07-02 00:00:00,LENGKAP,,'AD99202408,1,
2026-07-02 00:00:00,ABU399410,2026-07-02 00:00:00,LENGKAP,,'AD99202409,1,
2026-07-02 00:00:00,ABU399410,2026-07-02 00:00:00,LENGKAP,,'AD99202410,1,
2026-07-02 00:00:00,ABU399410,2026-07-02 00:00:00,LENGKAP,,'AD99202413,1,
2026-07-02 00:00:00,ABU399410,2026-07-02 00:00:00,LENGKAP,,'AD99202414,1,
2026-07-02 00:00:00,ABU399410,2026-07-02 00:00:00,LENGKAP,,'AD99202415,1,
2026-07-02 00:00:00,ABU399410,2026-07-02 00:00:00,LENGKAP,,'TR51638730,1,
2026-07-02 00:00:00,ABU399410,2026-07-02 00:00:00,LENGKAP,,'TR51638731,1,
2026-07-02 00:00:00,ABU411,2026-07-02 00:00:00,LENGKAP,2026-07-03 08:25:00,'AD99202411,1,
2026-07-02 00:00:00,JTRKOE7864731,2026-07-02 00:00:00,LENGKAP,2026-07-02 07:57:00,'AA64588915,27,
2026-07-02 00:00:00,JTRKOE7864731,2026-07-02 00:00:00,LENGKAP,2026-07-02 07:57:00,'AA64588918,20,
2026-07-02 00:00:00,JTRKOE7864731,2026-07-02 00:00:00,LENGKAP,2026-07-02 07:57:00,'AA64588920,21,
2026-07-02 00:00:00,JTRKOE7864731,2026-07-02 00:00:00,LENGKAP,2026-07-02 07:57:00,'AA64588923,14,
2026-07-02 00:00:00,JTRKOE7864731,2026-07-02 00:00:00,LENGKAP,2026-07-02 07:57:00,'AA64588925,16,
2026-07-02 00:00:00,JTRKOE7864731,2026-07-02 00:00:00,LENGKAP,2026-07-02 07:57:00,'AA64588995,35,
2026-07-02 00:00:00,JTRKOE7864829,2026-07-02 00:00:00,LENGKAP,2026-07-02 07:57:00,'AA64588921,19,
2026-07-02 00:00:00,JTRKOE7864829,2026-07-02 00:00:00,LENGKAP,2026-07-02 07:57:00,'AA64588922,1,
2026-07-02 00:00:00,JTRKOE7864829,2026-07-02 00:00:00,LENGKAP,2026-07-02 07:57:00,'AA64588939,3,
2026-07-02 00:00:00,ABU412416,2026-07-02 00:00:00,LENGKAP,2026-07-02 20:18:00,'AD99202412,1,
2026-07-02 00:00:00,ABU412416,2026-07-02 00:00:00,LENGKAP,2026-07-02 20:18:00,'AD99202416,1,
2026-07-02 00:00:00,JTRKOE7864829,2026-07-02 00:00:00,LENGKAP,2026-07-02 07:57:00,'AA64588940,22,
2026-07-02 00:00:00,JTRKOE7864829,2026-07-02 00:00:00,LENGKAP,2026-07-02 07:57:00,'AA64588941,10,
2026-07-02 00:00:00,JTRKOE7864830,2026-07-02 00:00:00,LENGKAP,,'AA64588847,1,
2026-07-02 00:00:00,JTRKOE7864830,2026-07-02 00:00:00,LENGKAP,,'AA64588848,1,
2026-07-02 00:00:00,JTRKOE7864830,2026-07-02 00:00:00,LENGKAP,,'AA64588849,1,
2026-07-02 00:00:00,JTRKOE7864830,2026-07-02 00:00:00,LENGKAP,,'AA64588850,1,
2026-07-02 00:00:00,JTRKOE7864830,2026-07-02 00:00:00,LENGKAP,,'AA64588851,1,
2026-07-02 00:00:00,JTRKOE7864830,2026-07-02 00:00:00,LENGKAP,,'AA64588852,1,
2026-07-02 00:00:00,JTRKOE7864830,2026-07-02 00:00:00,LENGKAP,,'AA64588853,1,
2026-07-02 00:00:00,JTRKOE7864830,2026-07-02 00:00:00,LENGKAP,,'AA64588854,24,
2026-07-02 00:00:00,JTRKOE7864830,2026-07-02 00:00:00,LENGKAP,,'AA64588855,10,
2026-07-02 00:00:00,JTRKOE7864830,2026-07-02 00:00:00,LENGKAP,,'AA64588857,17,
2026-07-02 00:00:00,JTRKOE7864830,2026-07-02 00:00:00,LENGKAP,,'AA64588858,17,
2026-07-02 00:00:00,JTRKOE7864830,2026-07-02 00:00:00,LENGKAP,,'AA64588859,15,
2026-07-02 00:00:00,JTRKOE7864830,2026-07-02 00:00:00,LENGKAP,,'AA64588860,1,
2026-07-02 00:00:00,JTRKOE7864830,2026-07-02 00:00:00,LENGKAP,,'AA64588865,5,
2026-07-02 00:00:00,JTRKOE7864830,2026-07-02 00:00:00,LENGKAP,,'AA64588866,2,
2026-07-02 00:00:00,JTRKOE7864830,2026-07-02 00:00:00,LENGKAP,,'AA64588871,8,
2026-07-02 00:00:00,JTRKOE7864830,2026-07-02 00:00:00,LENGKAP,,'AA64588872,15,
2026-07-02 00:00:00,JTRKOE7864830,2026-07-02 00:00:00,LENGKAP,,'AA64588873,27,
2026-07-02 00:00:00,JTRKOE7864830,2026-07-02 00:00:00,LENGKAP,,'AA64588875,15,
2026-07-02 00:00:00,JTRKOE7864830,2026-07-02 00:00:00,LENGKAP,,'AA64588878,8,
2026-07-02 00:00:00,JTRKOE7864830,2026-07-02 00:00:00,LENGKAP,,'AA64588879,26,
2026-07-02 00:00:00,JTRKOE7864830,2026-07-02 00:00:00,LENGKAP,,'AA64588881,1,
2026-07-02 00:00:00,JTRKOE7864830,2026-07-02 00:00:00,LENGKAP,,'AA64588882,1,
2026-07-02 00:00:00,JTRKOE7864830,2026-07-02 00:00:00,LENGKAP,,'AA64588884,16,
2026-07-02 00:00:00,JTRKOE7864830,2026-07-02 00:00:00,LENGKAP,,'AA64588885,9,
2026-07-02 00:00:00,JTRKOE7864830,2026-07-02 00:00:00,LENGKAP,,'AA64588933,6,
2026-07-02 00:00:00,JTRKOE7864830,2026-07-02 00:00:00,LENGKAP,,'AA64588935,14,
2026-07-02 00:00:00,JTRKOE7864830,2026-07-02 00:00:00,LENGKAP,,'AA64588937,7,
2026-07-02 00:00:00,JTRKOE7864832,2026-07-02 00:00:00,LENGKAP,2026-07-06 11:21:00,'AA64588864,21,
2026-07-02 00:00:00,JTRKOE7864832,2026-07-02 00:00:00,LENGKAP,2026-07-06 11:21:00,'AA64588870,1,
2026-07-02 00:00:00,JTRKOE7864832,2026-07-02 00:00:00,LENGKAP,2026-07-06 11:21:00,'AA64588883,27,
2026-07-02 00:00:00,JTRKOE7864832,2026-07-02 00:00:00,LENGKAP,2026-07-06 11:21:00,'AA64588934,15,
2026-07-02 00:00:00,JTRKOE7864833,2026-07-02 00:00:00,LENGKAP,2026-07-02 08:03:00,'AA64588846,13,
2026-07-02 00:00:00,JTRKOE7864833,2026-07-02 00:00:00,LENGKAP,2026-07-02 08:03:00,'AA64588856,15,
2026-07-02 00:00:00,JTRKOE7864833,2026-07-02 00:00:00,LENGKAP,2026-07-02 08:03:00,'AA64588862,12,
2026-07-02 00:00:00,JTRKOE7864833,2026-07-02 00:00:00,LENGKAP,2026-07-02 08:03:00,'AA64588874,16,
2026-07-02 00:00:00,JTRKOE7864833,2026-07-02 00:00:00,LENGKAP,2026-07-02 08:03:00,'AA64588876,1,
2026-07-02 00:00:00,JTRKOE7864833,2026-07-02 00:00:00,LENGKAP,2026-07-02 08:03:00,'AA64588877,19,
2026-07-02 00:00:00,JTRKOE7864833,2026-07-02 00:00:00,LENGKAP,2026-07-02 08:03:00,'AA64588886,10,
2026-07-02 00:00:00,JTRKOE8217594,2026-07-02 00:00:00,LENGKAP,2026-07-02 08:03:00,'360100030956426,1,
2026-07-02 00:00:00,JTRKOE8217594,2026-07-02 00:00:00,LENGKAP,2026-07-02 08:03:00,'360220007250026,1,
2026-07-02 00:00:00,JTRKOE8217594,2026-07-02 00:00:00,LENGKAP,2026-07-02 08:03:00,360540005065226,1,
2026-07-02 00:00:00,JTRKOE8217594,2026-07-02 00:00:00,LENGKAP,2026-07-02 08:03:00,'8000109631619,1,
2026-07-02 00:00:00,JTRKOE8217594,2026-07-02 00:00:00,LENGKAP,2026-07-02 08:03:00,'KOEEC02399132726,1,
2026-07-02 00:00:00,JTRKOE8217594,2026-07-02 00:00:00,LENGKAP,2026-07-02 08:03:00,'KOEEC02400683826,1,
2026-07-02 00:00:00,JTRKOE8217594,2026-07-02 00:00:00,LENGKAP,2026-07-02 08:03:00,'KOEEC02403415126,1,
2026-07-02 00:00:00,JTRKOE8217594,2026-07-02 00:00:00,LENGKAP,2026-07-02 08:03:00,'KOEEC02403434726,1,
2026-07-02 00:00:00,JTRKOE8217595,2026-07-02 00:00:00,LENGKAP,2026-07-03 10:25:00,'360240016455026,1,
2026-07-02 00:00:00,JTRKOE8217595,2026-07-02 00:00:00,LENGKAP,2026-07-03 10:25:00,'KOEEC02401095726,1,
2026-07-02 00:00:00,JTRKOE8217595,2026-07-02 00:00:00,LENGKAP,2026-07-03 10:25:00,'TR81305083,2,
2026-07-02 00:00:00,JTRKOE8217595,2026-07-02 00:00:00,LENGKAP,2026-07-03 10:25:00,'TR81305084,3,
2026-07-02 00:00:00,JTRKOE8217596,2026-07-02 00:00:00,LENGKAP,2026-07-02 08:03:00,'360700011692726,1,
2026-07-02 00:00:00,JTRKOE8217596,2026-07-02 00:00:00,LENGKAP,2026-07-02 08:03:00,'TR42322767,1,
2026-07-02 00:00:00,JTRKOE8217596,2026-07-02 00:00:00,LENGKAP,2026-07-02 08:03:00,'TR81305077,3,
2026-07-02 00:00:00,JTRKOE8217596,2026-07-02 00:00:00,LENGKAP,2026-07-02 08:03:00,'TR81305078,5,
2026-07-02 00:00:00,JTRKOE8217597,2026-07-02 00:00:00,LENGKAP,2026-07-02 08:04:00,'KOEEC02401146326,1,
2026-07-02 00:00:00,JTRKOE8217597,2026-07-02 00:00:00,LENGKAP,2026-07-02 08:04:00,'TR64766651,1,
2026-07-02 00:00:00,JTRKOE8217597,2026-07-02 00:00:00,LENGKAP,2026-07-02 08:04:00,'TR81305075,4,
2026-07-02 00:00:00,JTRKOE8217598,2026-07-02 00:00:00,LENGKAP,2026-07-02 08:05:00,'KOEEC02401165926,1,
2026-07-02 00:00:00,JTRKOE8217598,2026-07-02 00:00:00,LENGKAP,2026-07-02 08:05:00,'KOEEC02401195326,1,
2026-07-02 00:00:00,JTRKOE8217598,2026-07-02 00:00:00,LENGKAP,2026-07-02 08:05:00,'KOEEC02401206726,1,
2026-07-02 00:00:00,JTRKOE8217598,2026-07-02 00:00:00,LENGKAP,2026-07-02 08:05:00,'KOEEC02401216526,1,
2026-07-02 00:00:00,JTRKOE8217598,2026-07-02 00:00:00,LENGKAP,2026-07-02 08:05:00,'KOEEC02403016726,1,
2026-07-02 00:00:00,JTRKOE8217599,2026-07-02 00:00:00,LENGKAP,2026-07-02 08:05:00,'KOEEC02401175726,1,
2026-07-02 00:00:00,JTRKOE8577521,2026-07-02 00:00:00,LENGKAP,2026-07-02 01:05:00,'AD104114014,3,
2026-07-02 00:00:00,JTRKOE8577521,2026-07-02 00:00:00,LENGKAP,2026-07-02 01:05:00,'AD104114015,12,
2026-07-02 00:00:00,KEF0207261,2026-07-02 00:00:00,LENGKAP,,'AA63886277,1,
2026-07-02 00:00:00,KEF0207261,2026-07-02 00:00:00,LENGKAP,,'AA63886278,1,
2026-07-02 00:00:00,KEF0207261,2026-07-02 00:00:00,LENGKAP,,'AA63886279,1,
2026-07-02 00:00:00,KEF0207261,2026-07-02 00:00:00,LENGKAP,,'AA63886280,1,
2026-07-02 00:00:00,KEF0207261,2026-07-02 00:00:00,LENGKAP,,'AA63886281,1,
2026-07-02 00:00:00,KEF0207261,2026-07-02 00:00:00,LENGKAP,,'AA63886282,1,
2026-07-02 00:00:00,KEF0207261,2026-07-02 00:00:00,LENGKAP,,'AA63886283,1,
2026-07-02 00:00:00,KEF0207261,2026-07-02 00:00:00,LENGKAP,,'AA63886284,1,
2026-07-02 00:00:00,KEF0207261,2026-07-02 00:00:00,LENGKAP,,'AA63886285,1,
2026-07-02 00:00:00,KEF0207261,2026-07-02 00:00:00,LENGKAP,,'AA63886286,1,
2026-07-02 00:00:00,KEF0207261,2026-07-02 00:00:00,LENGKAP,,'AA63886287,1,
2026-07-02 00:00:00,KEF0207261,2026-07-02 00:00:00,LENGKAP,,'AA63886288,1,
2026-07-02 00:00:00,KEF0207262,2026-07-02 00:00:00,LENGKAP,2026-07-02 20:11:00,'AD106585247,1,
2026-07-02 00:00:00,KEF0207262,2026-07-02 00:00:00,LENGKAP,2026-07-02 20:11:00,'AD106585248,1,
2026-07-02 00:00:00,KEF0207262,2026-07-02 00:00:00,LENGKAP,2026-07-02 20:11:00,'AD106585249,2,
2026-07-02 00:00:00,KOE2121,2026-07-02 00:00:00,LENGKAP,2026-07-02 08:53:00,'RTKOE26014891401,1,
2026-07-02 00:00:00,KOE30652126,2026-07-02 00:00:00,LENGKAP,,'360100030652126,1,
2026-07-02 00:00:00,KOE666849726,2026-07-02 00:00:00,LENGKAP,,'KOEAA03666849726,1,
2026-07-02 00:00:00,MLA8578497,2026-07-02 00:00:00,LENGKAP,,'AA72283644,1,
2026-07-02 00:00:00,MLA8578497,2026-07-02 00:00:00,LENGKAP,,'AA72283645,1,
2026-07-02 00:00:00,MLA8578497,2026-07-02 00:00:00,LENGKAP,,'AA72283646,1,
2026-07-02 00:00:00,MLA8578497,2026-07-02 00:00:00,LENGKAP,,'AA72283647,1,
2026-07-02 00:00:00,OLS0207202602,2026-07-02 00:00:00,LENGKAP,2026-07-02 16:05:00,'AD104095791,1,
2026-07-02 00:00:00,OLS0207202602,2026-07-02 00:00:00,LENGKAP,2026-07-02 16:05:00,'AD104095793,2,
2026-07-02 00:00:00,KEF0207263,2026-07-03 00:00:00,LENGKAP,2026-07-03 09:09:00,'AD106585253,1,
2026-07-02 00:00:00,KEF0207264,2026-07-03 00:00:00,LENGKAP,2026-07-03 09:44:00,'AD106585254,1,
2026-07-02 00:00:00,SOE8109746,2026-07-02 00:00:00,LENGKAP,,'AA64482618,1,
2026-07-02 00:00:00,SOE8612243,2026-07-02 00:00:00,LENGKAP,2026-07-02 20:13:00,'AD106442378,7,
2026-07-02 00:00:00,SOE8612243,2026-07-02 00:00:00,LENGKAP,2026-07-02 20:13:00,'AD106442379,1,
2026-07-02 00:00:00,SOE8612245,2026-07-02 00:00:00,LENGKAP,2026-07-03 10:22:00,'AD106442381,1,
2026-07-02 00:00:00,TMC8579647,2026-07-02 00:00:00,LENGKAP,2026-07-02 15:59:00,'AA69424935,1,
2026-07-02 00:00:00,TMC8579647,2026-07-02 00:00:00,LENGKAP,2026-07-02 15:59:00,'AA69424936,1,
2026-07-02 00:00:00,TMC8579647,2026-07-02 00:00:00,LENGKAP,2026-07-02 15:59:00,'AA69424937,1,
2026-07-02 00:00:00,TMC8579647,2026-07-02 00:00:00,LENGKAP,2026-07-02 15:59:00,'AA69424938,2,
2026-07-02 00:00:00,TMC8579647,2026-07-02 00:00:00,LENGKAP,2026-07-02 15:59:00,'AA69424969,1,
2026-07-02 00:00:00,TMC8579647,2026-07-02 00:00:00,LENGKAP,2026-07-02 15:59:00,'AD99250167,1,
2026-07-02 00:00:00,TMC8579647,2026-07-02 00:00:00,LENGKAP,2026-07-02 15:59:00,'AD99250168,1,
2026-07-02 00:00:00,TMC8579647,2026-07-02 00:00:00,LENGKAP,2026-07-02 15:59:00,'AD99250169,1,
2026-07-02 00:00:00,TMC8579647,2026-07-02 00:00:00,LENGKAP,2026-07-02 15:59:00,'AD99250170,1,
2026-07-02 00:00:00,2747730142MOF,2026-07-03 00:00:00,LENGKAP,2026-07-02 08:12:00,'AA72259974,2,
2026-07-02 00:00:00,2747730142MOF,2026-07-03 00:00:00,LENGKAP,2026-07-02 08:12:00,'AA72259975,5,
2026-07-02 00:00:00,2747730145TMC,2026-07-03 00:00:00,LENGKAP,2026-07-02 08:12:00,'AA72259986,1,
2026-07-02 00:00:00,2747730145TMC,2026-07-03 00:00:00,LENGKAP,2026-07-02 08:12:00,'AA72259987,3,
2026-07-02 00:00:00,2747730145TMC,2026-07-03 00:00:00,LENGKAP,2026-07-02 08:12:00,'AA72259988,2,
2026-07-02 00:00:00,2747730145TMC,2026-07-03 00:00:00,LENGKAP,2026-07-02 08:12:00,'AA72259989,2,
2026-07-02 00:00:00,2747730145TMC,2026-07-03 00:00:00,LENGKAP,2026-07-02 08:12:00,'AA72259991,2,
2026-07-02 00:00:00,2747730145TMC,2026-07-03 00:00:00,LENGKAP,2026-07-02 08:12:00,'AA72259992,1,
2026-07-02 00:00:00,2747730145TMC,2026-07-03 00:00:00,LENGKAP,2026-07-02 08:12:00,'YS15284616,12,
2026-07-02 00:00:00,KOE0307202601,2026-07-03 00:00:00,LENGKAP,2026-07-03 00:03:00,'360100031117826,1,
2026-07-02 00:00:00,KOE0307202601,2026-07-03 00:00:00,LENGKAP,2026-07-03 00:03:00,'360100031200626,1,
2026-07-02 00:00:00,KOE0307202601,2026-07-03 00:00:00,LENGKAP,2026-07-03 00:03:00,'360290017895526,1,
2026-07-02 00:00:00,KOE0307202601,2026-07-03 00:00:00,LENGKAP,2026-07-03 00:03:00,'4500019471811,1,
2026-07-02 00:00:00,KOE0307202601,2026-07-03 00:00:00,LENGKAP,2026-07-03 00:03:00,'4500019471812,1,
2026-07-02 00:00:00,KOE0307202601,2026-07-03 00:00:00,LENGKAP,2026-07-03 00:03:00,'660107572559,1,
2026-07-02 00:00:00,KOE0307202601,2026-07-03 00:00:00,LENGKAP,2026-07-03 00:03:00,'8000120312337,1,
2026-07-02 00:00:00,KOE0307202601,2026-07-03 00:00:00,LENGKAP,2026-07-03 00:03:00,'AA64585722,1,
2026-07-02 00:00:00,KOE0307202601,2026-07-03 00:00:00,LENGKAP,2026-07-03 00:03:00,'AA64588753,46,
2026-07-02 00:00:00,KOE0307202601,2026-07-03 00:00:00,LENGKAP,2026-07-03 00:03:00,'AA64588755,34,
2026-07-02 00:00:00,KOE0307202601,2026-07-03 00:00:00,LENGKAP,2026-07-03 00:03:00,'KOEEC02404116026,1,
2026-07-02 00:00:00,KOE0307202601,2026-07-03 00:00:00,LENGKAP,2026-07-03 00:03:00,'KOEEC02404383826,1,
2026-07-02 00:00:00,KOE0307202601,2026-07-03 00:00:00,LENGKAP,2026-07-03 00:03:00,'KOEEC02404434426,1,
2026-07-02 00:00:00,KOE0307202601,2026-07-03 00:00:00,LENGKAP,2026-07-03 00:03:00,'KOEEC02405084726,1,
2026-07-02 00:00:00,KOE0307202602,2026-07-03 00:00:00,LENGKAP,2026-07-03 09:43:00,'360100031203326,1,
2026-07-02 00:00:00,KOE0307202602,2026-07-03 00:00:00,LENGKAP,2026-07-03 09:43:00,'360140010140526,1,
2026-07-02 00:00:00,KOE0307202602,2026-07-03 00:00:00,LENGKAP,2026-07-03 09:43:00,'360660002640726,1,
2026-07-02 00:00:00,KOE0307202602,2026-07-03 00:00:00,LENGKAP,2026-07-03 09:43:00,'8000109631534,1,
2026-07-02 00:00:00,KOE0307202602,2026-07-03 00:00:00,LENGKAP,2026-07-03 09:43:00,'AA64585714,41,
2026-07-02 00:00:00,KOE0307202602,2026-07-03 00:00:00,LENGKAP,2026-07-03 09:43:00,'AA64585720,3,
2026-07-02 00:00:00,KOE0307202602,2026-07-03 00:00:00,LENGKAP,2026-07-03 09:43:00,'CSS3601182359411,1,
2026-07-02 00:00:00,KOE0307202602,2026-07-03 00:00:00,LENGKAP,2026-07-03 09:43:00,'KOEEC02404145426,1,
2026-07-02 00:00:00,KOE0307202603,2026-07-03 00:00:00,LENGKAP,2026-07-03 00:04:00,'11003983849488,1,
2026-07-02 00:00:00,KOE0307202603,2026-07-03 00:00:00,LENGKAP,2026-07-03 00:04:00,'11003984428921,1,
2026-07-02 00:00:00,KOE0307202603,2026-07-03 00:00:00,LENGKAP,2026-07-03 00:04:00,'360100031074926,1,
2026-07-02 00:00:00,KOE0307202603,2026-07-03 00:00:00,LENGKAP,2026-07-03 00:04:00,'360100031138326,1,
2026-07-02 00:00:00,KOE0307202606,2026-07-03 00:00:00,LENGKAP,2026-07-03 07:57:00,'AA64585718,2,
2026-07-02 00:00:00,KOE0307202606,2026-07-03 00:00:00,LENGKAP,2026-07-03 07:57:00,'AD99202394,1,
2026-07-02 00:00:00,KOE0307202603,2026-07-03 00:00:00,LENGKAP,2026-07-03 00:04:00,'360100031212226,1,
2026-07-02 00:00:00,KOE0307202603,2026-07-03 00:00:00,LENGKAP,2026-07-03 00:04:00,'360240016781526,1,
2026-07-02 00:00:00,KOE481374,2026-07-02 00:00:00,LENGKAP,2026-07-02 23:39:00,'AA69481374,4,
2026-07-02 00:00:00,KOE481374,2026-07-02 00:00:00,LENGKAP,2026-07-02 23:39:00,'KOEEC02404075226,1,
2026-07-02 00:00:00,KOE0307202603,2026-07-03 00:00:00,LENGKAP,2026-07-03 00:04:00,'660107578563,1,
2026-07-02 00:00:00,KOE0307202603,2026-07-03 00:00:00,LENGKAP,2026-07-03 00:04:00,'AA64588751,37,
2026-07-02 00:00:00,KOE0307202603,2026-07-03 00:00:00,LENGKAP,2026-07-03 00:04:00,'AA64588796,55,
2026-07-02 00:00:00,KOE0307202603,2026-07-03 00:00:00,LENGKAP,2026-07-03 00:04:00,'KOEEC02404135626,1,
2026-07-02 00:00:00,KOE0307202603,2026-07-03 00:00:00,LENGKAP,2026-07-03 00:04:00,'KOEEC02404393626,1,
2026-07-02 00:00:00,MLA8578498,2026-07-02 00:00:00,LENGKAP,2026-07-02 20:16:00,'AD106441221,1,
2026-07-02 00:00:00,KOE0307202603,2026-07-03 00:00:00,LENGKAP,2026-07-03 00:04:00,'KOEEC02404444226,1,
2026-07-02 00:00:00,KOE0307202604,2026-07-03 00:00:00,LENGKAP,2026-07-03 00:04:00,'360100031211326,1,
2026-07-02 00:00:00,KOE0307202604,2026-07-03 00:00:00,LENGKAP,2026-07-03 00:04:00,'360100031213126,1,
2026-07-02 00:00:00,KOE0307202604,2026-07-03 00:00:00,LENGKAP,2026-07-03 00:04:00,'360340006703026,1,
2026-07-02 00:00:00,KOE0307202604,2026-07-03 00:00:00,LENGKAP,2026-07-03 00:04:00,'360520006850326,1,
2026-07-02 00:00:00,SOE8612244,2026-07-02 00:00:00,LENGKAP,2026-07-03 09:13:00,'AD106442380,1,
2026-07-02 00:00:00,KOE0307202604,2026-07-03 00:00:00,LENGKAP,2026-07-03 00:04:00,'AA64588794,47,
2026-07-02 00:00:00,KOE0307202604,2026-07-03 00:00:00,LENGKAP,2026-07-03 00:04:00,'KOEEC02404006626,1,
2026-07-02 00:00:00,KOE0307202604,2026-07-03 00:00:00,LENGKAP,2026-07-03 00:04:00,'KOEEC02404125826,1,
2026-07-02 00:00:00,KOE0307202604,2026-07-03 00:00:00,LENGKAP,2026-07-03 00:04:00,'KOEEC02404414826,1,
2026-07-02 00:00:00,KOE0307202604,2026-07-03 00:00:00,LENGKAP,2026-07-03 00:04:00,'KOEEC02404504626,1,
2026-07-02 00:00:00,KOE0307202604,2026-07-03 00:00:00,LENGKAP,2026-07-03 00:04:00,'KOEEC02404514426,1,
2026-07-02 00:00:00,KOE0307202604,2026-07-03 00:00:00,LENGKAP,2026-07-03 00:04:00,'KOEEC02404762626,1,
2026-07-02 00:00:00,KOE0307202604,2026-07-03 00:00:00,LENGKAP,2026-07-03 00:04:00,'KOEEC02404903026,1,
2026-07-02 00:00:00,KOE0307202605,2026-07-03 00:00:00,LENGKAP,2026-07-03 00:04:00,'AA64585716,29,
2026-07-02 00:00:00,KOE0307202605,2026-07-03 00:00:00,LENGKAP,2026-07-03 00:04:00,'AD104114484,2,
2026-07-02 00:00:00,WBK3345193,2026-07-02 00:00:00,LENGKAP,2026-07-02 22:58:00,'AD106339518,1,
2026-07-02 00:00:00,WBK3345193,2026-07-02 00:00:00,LENGKAP,2026-07-02 22:58:00,'AD106339519,1,
2026-07-02 00:00:00,WBK3345193,2026-07-02 00:00:00,LENGKAP,2026-07-02 22:58:00,'AD106339520,1,
2026-07-02 00:00:00,WBK3345193,2026-07-02 00:00:00,LENGKAP,2026-07-02 22:58:00,'TR51634089,1,
2026-07-02 00:00:00,WGP8218365,2026-07-03 00:00:00,LENGKAP,2026-07-02 22:16:00,'AD106580455,1,
2026-07-02 00:00:00,WGP8218365,2026-07-03 00:00:00,LENGKAP,2026-07-02 22:16:00,'AD106580460,1,
2026-07-02 00:00:00,WGP8218366,2026-07-03 00:00:00,LENGKAP,2026-07-03 08:08:00,'AD106580461,1,
2026-07-02 00:00:00,WGPJTR8108518,2026-07-02 00:00:00,LENGKAP,2026-07-03 12:47:00,'AA72299378,7,
2026-07-02 00:00:00,WGPJTR8108518,2026-07-02 00:00:00,LENGKAP,2026-07-03 12:47:00,'AA72299379,13,
2026-07-02 00:00:00,WGPJTR8108518,2026-07-02 00:00:00,LENGKAP,2026-07-03 12:47:00,'AA72299380,20,
2026-07-02 00:00:00,WKB8610820,2026-07-02 00:00:00,LENGKAP,2026-07-02 22:58:00,'AA69423665,1,
2026-07-02 00:00:00,WKB8610820,2026-07-02 00:00:00,LENGKAP,2026-07-02 22:58:00,'AA69423666,1,
2026-07-02 00:00:00,WKB8610820,2026-07-02 00:00:00,LENGKAP,2026-07-02 22:58:00,'AA69423667,1,
2026-07-02 00:00:00,WKB8610820,2026-07-02 00:00:00,LENGKAP,2026-07-02 22:58:00,'AA69423668,1,
2026-07-02 00:00:00,WKB8610820,2026-07-02 00:00:00,LENGKAP,2026-07-02 22:58:00,'AA69423683,1,
2026-07-02 00:00:00,WKB8610820,2026-07-02 00:00:00,LENGKAP,2026-07-02 22:58:00,'AA69423684,1,
2026-07-02 00:00:00,WKB8610820,2026-07-02 00:00:00,LENGKAP,2026-07-02 22:58:00,'AA69423692,1,
2026-07-02 00:00:00,WKB8610820,2026-07-02 00:00:00,LENGKAP,2026-07-02 22:58:00,'AA69423701,1,
2026-07-02 00:00:00,WKB8610820,2026-07-02 00:00:00,LENGKAP,2026-07-02 22:58:00,'AA69423702,1,
2026-07-02 00:00:00,WKB8610820,2026-07-02 00:00:00,LENGKAP,2026-07-02 22:58:00,'AA69423703,1,
2026-07-02 00:00:00,WKB8610820,2026-07-02 00:00:00,LENGKAP,2026-07-02 22:58:00,'AA69423704,1,
2026-07-02 00:00:00,WKB8610820,2026-07-02 00:00:00,LENGKAP,2026-07-02 22:58:00,'AD106343513,1,
2026-07-02 00:00:00,WKB8610820,2026-07-02 00:00:00,LENGKAP,2026-07-02 22:58:00,'AD106343514,1,
2026-07-02 00:00:00,WKB8610820,2026-07-02 00:00:00,LENGKAP,2026-07-02 22:58:00,'AD106343777,1,
2026-07-02 00:00:00,WKB8610820,2026-07-02 00:00:00,LENGKAP,2026-07-02 22:58:00,'AD106343778,1,
2026-07-02 00:00:00,WKB8610820,2026-07-02 00:00:00,LENGKAP,2026-07-02 22:58:00,'AD106343781,1,
2026-07-02 00:00:00,WKB8610820,2026-07-02 00:00:00,LENGKAP,2026-07-02 22:58:00,'AD106343782,1,
2026-07-02 00:00:00,WKB8610820,2026-07-02 00:00:00,LENGKAP,2026-07-02 22:58:00,'AD106343783,1,
2026-07-02 00:00:00,WKB8610820,2026-07-02 00:00:00,LENGKAP,2026-07-02 22:58:00,'AD106343784,1,
2026-07-03 00:00:00,2747730281TMC,2026-07-03 00:00:00,LENGKAP,2026-07-03 08:29:00,'YS15284621,5,
2026-07-03 00:00:00,2747730323KOE,2026-07-03 00:00:00,LENGKAP,2026-07-03 15:28:00,'AA72299395,26,
2026-07-03 00:00:00,2747730324MOF,2026-07-03 00:00:00,LENGKAP,2026-07-03 14:19:00,'AA64490508,1,
2026-07-03 00:00:00,2747730324MOF,2026-07-03 00:00:00,LENGKAP,2026-07-03 14:19:00,'AA64490509,1,
2026-07-03 00:00:00,2747730324MOF,2026-07-03 00:00:00,LENGKAP,2026-07-03 14:19:00,'AA64490511,3,
2026-07-03 00:00:00,2747730324MOF,2026-07-03 00:00:00,LENGKAP,2026-07-03 14:19:00,'AA64585506,1,
2026-07-03 00:00:00,2747730324MOF,2026-07-03 00:00:00,LENGKAP,2026-07-03 14:19:00,'AA64585521,4,
2026-07-03 00:00:00,2747730333,2026-07-03 00:00:00,LENGKAP,2026-07-03 23:12:00,'AA72299396,15,
2026-07-03 00:00:00,2747730333,2026-07-03 00:00:00,LENGKAP,2026-07-03 23:12:00,'AA72299397,7,
2026-07-03 00:00:00,51300097241ENE,2026-07-03 00:00:00,LENGKAP,2026-07-03 09:32:00,'YS15284619,27,
2026-07-03 00:00:00,51300097252LBJ,2026-07-03 00:00:00,LENGKAP,2026-07-03 08:35:00,'YS15284620,18,
2026-07-03 00:00:00,51300099654ENE,2026-07-03 00:00:00,LENGKAP,2026-07-03 08:35:00,'AA64585501,18,
2026-07-03 00:00:00,51300099654ENE,2026-07-03 00:00:00,LENGKAP,2026-07-03 08:35:00,'AA64585502,14,
2026-07-03 00:00:00,51300099654ENE,2026-07-03 00:00:00,LENGKAP,2026-07-03 08:35:00,'AA64585504,11,
2026-07-03 00:00:00,51300099654ENE,2026-07-03 00:00:00,LENGKAP,2026-07-03 08:35:00,'AA64585505,2,
2026-07-03 00:00:00,51300099654ENE,2026-07-03 00:00:00,LENGKAP,2026-07-03 08:35:00,'AA64585507,12,
2026-07-03 00:00:00,51300099654ENE,2026-07-03 00:00:00,LENGKAP,2026-07-03 08:35:00,'AA64585508,1,
2026-07-03 00:00:00,51300099654ENE,2026-07-03 00:00:00,LENGKAP,2026-07-03 08:35:00,'AA64585509,8,
2026-07-03 00:00:00,51300099654ENE,2026-07-03 00:00:00,LENGKAP,2026-07-03 08:35:00,'AA64585511,16,
2026-07-03 00:00:00,51300099654ENE,2026-07-03 00:00:00,LENGKAP,2026-07-03 08:35:00,'AA64585512,23,
2026-07-03 00:00:00,51300099654ENE,2026-07-03 00:00:00,LENGKAP,2026-07-03 08:35:00,'AA64585513,11,
2026-07-03 00:00:00,51300099654ENE,2026-07-03 00:00:00,LENGKAP,2026-07-03 08:35:00,'AA64585514,13,
2026-07-03 00:00:00,51300099654ENE,2026-07-03 00:00:00,LENGKAP,2026-07-03 08:35:00,'AA64585515,16,
2026-07-03 00:00:00,51300099654ENE,2026-07-03 00:00:00,LENGKAP,2026-07-03 08:35:00,'AA64585516,7,
2026-07-03 00:00:00,51300099654ENE,2026-07-03 00:00:00,LENGKAP,2026-07-03 08:35:00,'AA64585519,13,
2026-07-03 00:00:00,51300099665LKA,2026-07-03 00:00:00,LENGKAP,2026-07-03 08:35:00,'AA64585503,21,
2026-07-03 00:00:00,51300099665LKA,2026-07-03 00:00:00,LENGKAP,2026-07-03 08:35:00,'AA64585510,15,
2026-07-03 00:00:00,51300099665LKA,2026-07-03 00:00:00,LENGKAP,2026-07-03 08:35:00,'AA64585518,11,
2026-07-03 00:00:00,51300099735ENE,2026-07-03 00:00:00,LENGKAP,2026-07-03 13:27:00,'AA64585520,8,
2026-07-03 00:00:00,51300099735ENE,2026-07-03 00:00:00,LENGKAP,2026-07-03 13:27:00,'AA64585522,15,
2026-07-03 00:00:00,51300099842,2026-07-03 00:00:00,LENGKAP,2026-07-03 18:43:00,'AA72299391,5,
2026-07-03 00:00:00,51300099842,2026-07-03 00:00:00,LENGKAP,2026-07-03 18:43:00,'AA72299392,18,
2026-07-03 00:00:00,88811880584,2026-07-03 00:00:00,LENGKAP,2026-07-03 10:39:00,'360100030681626,1,
2026-07-03 00:00:00,88811880584,2026-07-03 00:00:00,LENGKAP,2026-07-03 10:39:00,'AA69471197,4,
2026-07-03 00:00:00,88811880584,2026-07-03 00:00:00,LENGKAP,2026-07-03 10:39:00,'AA69471201,43,
2026-07-03 00:00:00,88811880584,2026-07-03 00:00:00,LENGKAP,2026-07-03 10:39:00,'AA69471205,5,
2026-07-03 00:00:00,88811880584,2026-07-03 00:00:00,LENGKAP,2026-07-03 10:39:00,'AA69471207,5,
2026-07-03 00:00:00,88811880584,2026-07-03 00:00:00,LENGKAP,2026-07-03 10:39:00,'AA69471209,5,
2026-07-03 00:00:00,88811880584,2026-07-03 00:00:00,LENGKAP,2026-07-03 10:39:00,'AA69471211,26,
2026-07-03 00:00:00,88811880584,2026-07-03 00:00:00,LENGKAP,2026-07-03 10:39:00,'AA69471213,4,
2026-07-03 00:00:00,88811880584,2026-07-03 00:00:00,LENGKAP,2026-07-03 10:39:00,'AA69471216,22,
2026-07-03 00:00:00,88811880584,2026-07-03 00:00:00,LENGKAP,2026-07-03 10:39:00,'AA69471217,3,
2026-07-03 00:00:00,88811880584,2026-07-03 00:00:00,LENGKAP,2026-07-03 10:39:00,'AA69471219,10,
2026-07-03 00:00:00,88811880584,2026-07-03 00:00:00,LENGKAP,2026-07-03 10:39:00,'AA69471220,23,
2026-07-03 00:00:00,88811880584,2026-07-03 00:00:00,LENGKAP,2026-07-03 10:39:00,'AD102696508,17,
2026-07-03 00:00:00,88811880584,2026-07-03 00:00:00,LENGKAP,2026-07-03 10:39:00,'AD99202391,1,
2026-07-03 00:00:00,88811880584,2026-07-03 00:00:00,LENGKAP,2026-07-03 10:39:00,'YT1820466,21,
2026-07-03 00:00:00,88811880794,2026-07-03 00:00:00,LENGKAP,2026-07-03 18:45:00,'AA64490505,18,
2026-07-03 00:00:00,88811880794,2026-07-03 00:00:00,LENGKAP,2026-07-03 18:45:00,'AA64490506,1,
2026-07-03 00:00:00,88811880794,2026-07-03 00:00:00,LENGKAP,2026-07-03 18:45:00,'AA64490507,8,
2026-07-03 00:00:00,88811880794,2026-07-03 00:00:00,LENGKAP,2026-07-03 18:45:00,'AA64490512,16,
2026-07-03 00:00:00,88811880794,2026-07-03 00:00:00,LENGKAP,2026-07-03 18:45:00,'AA64490513,6,
2026-07-03 00:00:00,88811880794,2026-07-03 00:00:00,LENGKAP,2026-07-03 18:45:00,'AA64490514,13,
2026-07-03 00:00:00,88811880794,2026-07-03 00:00:00,LENGKAP,2026-07-03 18:45:00,'AA64490515,18,
2026-07-03 00:00:00,88811880794,2026-07-03 00:00:00,LENGKAP,2026-07-03 18:45:00,'AA64490516,20,
2026-07-03 00:00:00,88811880794,2026-07-03 00:00:00,LENGKAP,2026-07-03 18:45:00,'AD99242001,22,
2026-07-03 00:00:00,88811880794,2026-07-03 00:00:00,LENGKAP,2026-07-03 18:45:00,'AD99242003,1,
2026-07-03 00:00:00,88811880912,2026-07-03 00:00:00,LENGKAP,2026-07-04 00:21:00,'AD106578999,16,
2026-07-03 00:00:00,88811880912,2026-07-03 00:00:00,LENGKAP,2026-07-04 00:21:00,'AD106579000,1,
2026-07-03 00:00:00,88811880912,2026-07-03 00:00:00,LENGKAP,2026-07-04 00:21:00,'AD99242002,21,
2026-07-03 00:00:00,88811881015,2026-07-03 00:00:00,LENGKAP,2026-07-03 10:39:00,'YS15281223,1,
2026-07-03 00:00:00,88811881015,2026-07-03 00:00:00,LENGKAP,2026-07-03 10:39:00,'YS15281224,27,
2026-07-03 00:00:00,88811881015,2026-07-03 00:00:00,LENGKAP,2026-07-03 10:39:00,'YS15281225,11,
2026-07-03 00:00:00,88811881015,2026-07-03 00:00:00,LENGKAP,2026-07-03 10:39:00,'YS15281226,25,
2026-07-03 00:00:00,88811881015,2026-07-03 00:00:00,LENGKAP,2026-07-03 10:39:00,'YS15281227,13,
2026-07-03 00:00:00,88811881015,2026-07-03 00:00:00,LENGKAP,2026-07-03 10:39:00,'YS15281228,1,
2026-07-03 00:00:00,88811881015,2026-07-03 00:00:00,LENGKAP,2026-07-03 10:39:00,'YS15281229,1,
2026-07-03 00:00:00,88811881015,2026-07-03 00:00:00,LENGKAP,2026-07-03 10:39:00,'YS15281230,13,
2026-07-03 00:00:00,88811881015,2026-07-03 00:00:00,LENGKAP,2026-07-03 10:39:00,'YT1820441,7,
2026-07-03 00:00:00,88811881015,2026-07-03 00:00:00,LENGKAP,2026-07-03 10:39:00,'YT1820442,4,
2026-07-03 00:00:00,93801040045,2026-07-03 00:00:00,LENGKAP,2026-07-03 12:33:00,'YS40164501,7,
2026-07-03 00:00:00,99000884402,2026-07-03 00:00:00,LENGKAP,2026-07-03 11:09:00,'YS40164502,7,
2026-07-03 00:00:00,99000884402,2026-07-03 00:00:00,LENGKAP,2026-07-03 11:09:00,'YS40164503,2,
2026-07-03 00:00:00,99000884402,2026-07-03 00:00:00,LENGKAP,2026-07-03 11:09:00,'YT1267468,7,
2026-07-03 00:00:00,ABU03072601,2026-07-03 00:00:00,LENGKAP,2026-07-03 12:00:00,'AD99202447,1,
2026-07-03 00:00:00,ABU417453,2026-07-03 00:00:00,LENGKAP,2026-07-04 09:54:00,'AD99202417,17,
2026-07-03 00:00:00,ABU417453,2026-07-03 00:00:00,LENGKAP,2026-07-04 09:54:00,'AD99202418,1,
2026-07-03 00:00:00,ABU417453,2026-07-03 00:00:00,LENGKAP,2026-07-04 09:54:00,'AD99202452,1,
2026-07-03 00:00:00,ABU417453,2026-07-03 00:00:00,LENGKAP,2026-07-04 09:54:00,'AD99202453,1,
2026-07-03 00:00:00,ABU417453,2026-07-03 00:00:00,LENGKAP,2026-07-04 09:54:00,'TR51638733,1,
2026-07-03 00:00:00,ABU419732,2026-07-03 00:00:00,LENGKAP,2026-07-05 11:27:00,'AD99202419,1,
2026-07-03 00:00:00,ABU419732,2026-07-03 00:00:00,LENGKAP,2026-07-05 11:27:00,'AD99202420,1,
2026-07-03 00:00:00,ABU419732,2026-07-03 00:00:00,LENGKAP,2026-07-05 11:27:00,'AD99202421,1,
2026-07-03 00:00:00,ABU419732,2026-07-03 00:00:00,LENGKAP,2026-07-05 11:27:00,'AD99202422,1,
2026-07-03 00:00:00,ABU419732,2026-07-03 00:00:00,LENGKAP,2026-07-05 11:27:00,'AD99202423,1,
2026-07-03 00:00:00,ABU419732,2026-07-03 00:00:00,LENGKAP,2026-07-05 11:27:00,'AD99202424,1,
2026-07-03 00:00:00,ABU419732,2026-07-03 00:00:00,LENGKAP,2026-07-05 11:27:00,'AD99202425,1,
2026-07-03 00:00:00,ABU419732,2026-07-03 00:00:00,LENGKAP,2026-07-05 11:27:00,'AD99202426,1,
2026-07-03 00:00:00,ABU419732,2026-07-03 00:00:00,LENGKAP,2026-07-05 11:27:00,'AD99202427,1,
2026-07-03 00:00:00,ABU419732,2026-07-03 00:00:00,LENGKAP,2026-07-05 11:27:00,'AD99202428,1,
2026-07-03 00:00:00,ABU419732,2026-07-03 00:00:00,LENGKAP,2026-07-05 11:27:00,'AD99202429,1,
2026-07-03 00:00:00,ABU419732,2026-07-03 00:00:00,LENGKAP,2026-07-05 11:27:00,'AD99202430,1,
2026-07-03 00:00:00,ABU419732,2026-07-03 00:00:00,LENGKAP,2026-07-05 11:27:00,'AD99202431,1,
2026-07-03 00:00:00,ABU419732,2026-07-03 00:00:00,LENGKAP,2026-07-05 11:27:00,'AD99202432,1,
2026-07-03 00:00:00,ABU419732,2026-07-03 00:00:00,LENGKAP,2026-07-05 11:27:00,'AD99202433,1,
2026-07-03 00:00:00,ABU419732,2026-07-03 00:00:00,LENGKAP,2026-07-05 11:27:00,'AD99202434,1,
2026-07-03 00:00:00,ABU419732,2026-07-03 00:00:00,LENGKAP,2026-07-05 11:27:00,'AD99202435,1,
2026-07-03 00:00:00,ABU419732,2026-07-03 00:00:00,LENGKAP,2026-07-05 11:27:00,'AD99202436,1,
2026-07-03 00:00:00,ABU419732,2026-07-03 00:00:00,LENGKAP,2026-07-05 11:27:00,'AD99202437,1,
2026-07-03 00:00:00,ABU419732,2026-07-03 00:00:00,LENGKAP,2026-07-05 11:27:00,'AD99202438,1,
2026-07-03 00:00:00,ABU419732,2026-07-03 00:00:00,LENGKAP,2026-07-05 11:27:00,'AD99202439,1,
2026-07-03 00:00:00,ABU419732,2026-07-03 00:00:00,LENGKAP,2026-07-05 11:27:00,'AD99202440,1,
2026-07-03 00:00:00,ABU419732,2026-07-03 00:00:00,LENGKAP,2026-07-05 11:27:00,'AD99202441,1,
2026-07-03 00:00:00,ABU419732,2026-07-03 00:00:00,LENGKAP,2026-07-05 11:27:00,'AD99202442,1,
2026-07-03 00:00:00,ABU419732,2026-07-03 00:00:00,LENGKAP,2026-07-05 11:27:00,'AD99202448,1,
2026-07-03 00:00:00,ABU419732,2026-07-03 00:00:00,LENGKAP,2026-07-05 11:27:00,'AD99202449,1,
2026-07-03 00:00:00,ABU419732,2026-07-03 00:00:00,LENGKAP,2026-07-05 11:27:00,'AD99202450,1,
2026-07-03 00:00:00,ABU419732,2026-07-03 00:00:00,LENGKAP,2026-07-05 11:27:00,'AD99202451,1,
2026-07-03 00:00:00,ABU419732,2026-07-03 00:00:00,LENGKAP,2026-07-05 11:27:00,'TR51638732,1,
2026-07-03 00:00:00,ABU4434445,2026-07-03 00:00:00,LENGKAP,2026-07-05 11:39:00,'AD99202443,1,
2026-07-03 00:00:00,ABU4434445,2026-07-03 00:00:00,LENGKAP,2026-07-05 11:39:00,'AD99202444,1,
2026-07-03 00:00:00,ABU4434445,2026-07-03 00:00:00,LENGKAP,2026-07-05 11:39:00,'AD99202445,1,
2026-07-03 00:00:00,ABU446454,2026-07-03 00:00:00,LENGKAP,2026-07-04 09:56:00,'AD99202446,1,
2026-07-03 00:00:00,ABU446454,2026-07-03 00:00:00,LENGKAP,2026-07-04 09:56:00,'AD99202454,1,
2026-07-03 00:00:00,JTRKOE7864834,2026-07-03 00:00:00,LENGKAP,2026-07-03 12:38:00,'AA64588983,16,
2026-07-03 00:00:00,JTRKOE7864834,2026-07-03 00:00:00,LENGKAP,2026-07-03 12:38:00,'AA64588984,10,
2026-07-03 00:00:00,JTRKOE7864834,2026-07-03 00:00:00,LENGKAP,2026-07-03 12:38:00,'AA64588999,20,
2026-07-03 00:00:00,JTRKOE7864834,2026-07-03 00:00:00,LENGKAP,2026-07-03 12:38:00,'AA64589000,30,
2026-07-03 00:00:00,JTRKOE7864834,2026-07-03 00:00:00,LENGKAP,2026-07-03 12:38:00,'YS15284618,1,
2026-07-03 00:00:00,JTRKOE7864835,2026-07-03 00:00:00,LENGKAP,2026-07-04 08:43:00,'AA64588919,13,
2026-07-03 00:00:00,JTRKOE7864835,2026-07-03 00:00:00,LENGKAP,2026-07-04 08:43:00,'AA64588924,25,
2026-07-03 00:00:00,JTRKOE7864835,2026-07-03 00:00:00,LENGKAP,2026-07-04 08:43:00,'AA64588975,25,
2026-07-03 00:00:00,JTRKOE7864835,2026-07-03 00:00:00,LENGKAP,2026-07-04 08:43:00,'AA64588985,14,
2026-07-03 00:00:00,JTRKOE7864835,2026-07-03 00:00:00,LENGKAP,2026-07-04 08:43:00,'AA64588996,21,
2026-07-03 00:00:00,JTRKOE7864835,2026-07-03 00:00:00,LENGKAP,2026-07-04 08:43:00,'AA64588998,20,
2026-07-03 00:00:00,JTRKOE7864835,2026-07-03 00:00:00,LENGKAP,2026-07-04 08:43:00,'TR81305079,2,
2026-07-03 00:00:00,JTRKOE7864835,2026-07-03 00:00:00,LENGKAP,2026-07-04 08:43:00,'TR81305080,3,
2026-07-03 00:00:00,JTRKOE7864835,2026-07-03 00:00:00,LENGKAP,2026-07-04 08:43:00,'TR81305081,1,
2026-07-03 00:00:00,JTRKOE7864835,2026-07-03 00:00:00,LENGKAP,2026-07-04 08:43:00,'TR81305087,1,
2026-07-03 00:00:00,JTRKOE7864835,2026-07-03 00:00:00,LENGKAP,2026-07-04 08:43:00,'TR81305136,2,
2026-07-03 00:00:00,JTRKOE7864835,2026-07-03 00:00:00,LENGKAP,2026-07-04 08:43:00,'YS15284617,1,
2026-07-03 00:00:00,JTRKOE7864836,2026-07-03 00:00:00,LENGKAP,2026-07-04 09:12:00,'AA64585608,9,
2026-07-03 00:00:00,JTRKOE7864836,2026-07-03 00:00:00,LENGKAP,2026-07-04 09:12:00,'AA64588942,17,
2026-07-03 00:00:00,JTRKOE7864836,2026-07-03 00:00:00,LENGKAP,2026-07-04 09:12:00,'AA64588981,28,
2026-07-03 00:00:00,JTRKOE8610374,2026-07-03 00:00:00,LENGKAP,2026-07-03 22:52:00,'072520004404026,1,
2026-07-03 00:00:00,JTRKOE8610374,2026-07-03 00:00:00,LENGKAP,2026-07-03 22:52:00,'AD104114017,10,
2026-07-03 00:00:00,JTRKOE8610374,2026-07-03 00:00:00,LENGKAP,2026-07-03 22:52:00,'AD104114019,4,
2026-07-03 00:00:00,JTRKOE8610374,2026-07-03 00:00:00,LENGKAP,2026-07-03 22:52:00,'AD99210821,4,
2026-07-03 00:00:00,JTRKOE8610374,2026-07-03 00:00:00,LENGKAP,2026-07-03 22:52:00,'AD99210822,3,
2026-07-03 00:00:00,JTRKOE8610374,2026-07-03 00:00:00,LENGKAP,2026-07-03 22:52:00,'AD99210824,9,
2026-07-03 00:00:00,JTRKOE8610374,2026-07-03 00:00:00,LENGKAP,2026-07-03 22:52:00,'AD99210826,7,
2026-07-03 00:00:00,JTRKOE8610374,2026-07-03 00:00:00,LENGKAP,2026-07-03 22:52:00,'AD99210828,4,
2026-07-03 00:00:00,JTRKOE8610374,2026-07-03 00:00:00,LENGKAP,2026-07-03 22:52:00,'AD99210829,5,
2026-07-03 00:00:00,JTRKOE8610374,2026-07-03 00:00:00,LENGKAP,2026-07-03 22:52:00,'AD99210832,8,
2026-07-03 00:00:00,JTRKOE8610374,2026-07-03 00:00:00,LENGKAP,2026-07-03 22:52:00,'AD99210834,2,
2026-07-03 00:00:00,JTRKOE8610374,2026-07-03 00:00:00,LENGKAP,2026-07-03 22:52:00,'JT79137023094,1,
2026-07-03 00:00:00,JTRKOE8610374,2026-07-03 00:00:00,LENGKAP,2026-07-03 22:52:00,'JT79285981184,1,
2026-07-03 00:00:00,JTRKOE8610376,2026-07-03 00:00:00,LENGKAP,2026-07-03 22:53:00,'AD99210823,6,
2026-07-03 00:00:00,JTRKOE8610376,2026-07-03 00:00:00,LENGKAP,2026-07-03 22:53:00,'AD99210830,6,
2026-07-03 00:00:00,JTRKOE8610376,2026-07-03 00:00:00,LENGKAP,2026-07-03 22:53:00,'AD99210831,3,
2026-07-03 00:00:00,JTRKOE8610376,2026-07-03 00:00:00,LENGKAP,2026-07-03 22:53:00,'JT12170606732,1,
2026-07-03 00:00:00,JTRKOE8610377,2026-07-03 00:00:00,LENGKAP,2026-07-03 22:54:00,'050140005014526,1,
2026-07-03 00:00:00,JTRKOE8610377,2026-07-03 00:00:00,LENGKAP,2026-07-03 22:54:00,'AD99210825,8,
2026-07-03 00:00:00,JTRKOE8610377,2026-07-03 00:00:00,LENGKAP,2026-07-03 22:54:00,'AD99210827,5,
2026-07-03 00:00:00,JTRKOE8610377,2026-07-03 00:00:00,LENGKAP,2026-07-03 22:54:00,'AD99210833,3,
2026-07-03 00:00:00,KEF0307262,2026-07-03 00:00:00,LENGKAP,2026-07-03 22:06:00,'AD106585250,1,
2026-07-03 00:00:00,KEF0307262,2026-07-03 00:00:00,LENGKAP,2026-07-03 22:06:00,'AD106585251,1,
2026-07-03 00:00:00,KEF0307262,2026-07-03 00:00:00,LENGKAP,2026-07-03 22:06:00,'AD106585255,1,
2026-07-03 00:00:00,KEF0307262,2026-07-03 00:00:00,LENGKAP,2026-07-03 22:06:00,'AD106585257,1,
2026-07-03 00:00:00,KEF0307262,2026-07-03 00:00:00,LENGKAP,2026-07-03 22:06:00,'YS17415030,1,
2026-07-03 00:00:00,KEF0307264,2026-07-03 00:00:00,LENGKAP,2026-07-03 18:00:00,'AD106585259,1,
2026-07-03 00:00:00,KEF0307266,2026-07-03 00:00:00,LENGKAP,2026-07-04 08:08:00,'AD106585260,5,
2026-07-03 00:00:00,KEF0307267,2026-07-03 00:00:00,LENGKAP,2026-07-04 08:01:00,'AD106585261,1,
2026-07-03 00:00:00,KOE0307202607,2026-07-03 00:00:00,LENGKAP,2026-07-03 00:04:00,'AA64585712,4,
2026-07-03 00:00:00,KOE0307202612,2026-07-03 00:00:00,LENGKAP,2026-07-04 11:11:00,'360100024254626,1,
2026-07-03 00:00:00,KOE0307202612,2026-07-03 00:00:00,LENGKAP,2026-07-04 11:11:00,'360290016373826,1,
2026-07-03 00:00:00,KOE0307202613,2026-07-03 00:00:00,LENGKAP,2026-07-04 17:07:00,'AD99176073,1,
2026-07-03 00:00:00,KOE0307202615,2026-07-03 00:00:00,LENGKAP,,'360100031219526,1,
2026-07-03 00:00:00,MLA8578201,2026-07-03 00:00:00,LENGKAP,2026-07-04 10:06:00,'AD106441223,2,
2026-07-03 00:00:00,MLA85784500,2026-07-03 00:00:00,LENGKAP,2026-07-03 21:59:00,'AD106441222,6,
2026-07-03 00:00:00,MLA85784500,2026-07-03 00:00:00,LENGKAP,2026-07-03 21:59:00,'AD106441224,1,
2026-07-03 00:00:00,RTI6893840,2026-07-03 00:00:00,LENGKAP,2026-07-03 15:48:00,'AD99250543,1,
2026-07-03 00:00:00,RTI6893840,2026-07-03 00:00:00,LENGKAP,2026-07-03 15:48:00,'AD99250544,1,
2026-07-03 00:00:00,RTI6893840,2026-07-03 00:00:00,LENGKAP,2026-07-03 15:48:00,'AD99250545,1,
2026-07-03 00:00:00,RTI6893840,2026-07-03 00:00:00,LENGKAP,2026-07-03 15:48:00,'AD99250546,1,
2026-07-03 00:00:00,RTI6893840,2026-07-03 00:00:00,LENGKAP,2026-07-03 15:48:00,'AD99250547,1,
2026-07-03 00:00:00,RTI6893840,2026-07-03 00:00:00,LENGKAP,2026-07-03 15:48:00,'AD99250548,1,
2026-07-03 00:00:00,RTI6893840,2026-07-03 00:00:00,LENGKAP,2026-07-03 15:48:00,'AD99250549,1,
2026-07-03 00:00:00,RTI6893840,2026-07-03 00:00:00,LENGKAP,2026-07-03 15:48:00,'AD99250550,1,
2026-07-03 00:00:00,RTI6893840,2026-07-03 00:00:00,LENGKAP,2026-07-03 15:48:00,'AD99250551,1,
2026-07-03 00:00:00,RTI6893840,2026-07-03 00:00:00,LENGKAP,2026-07-03 15:48:00,'AD99250552,1,
2026-07-03 00:00:00,RTI6893840,2026-07-03 00:00:00,LENGKAP,2026-07-03 15:48:00,'AD99250553,1,
2026-07-03 00:00:00,RTI6893840,2026-07-03 00:00:00,LENGKAP,2026-07-03 15:48:00,'AD99250554,1,
2026-07-03 00:00:00,RTI6893840,2026-07-03 00:00:00,LENGKAP,2026-07-03 15:48:00,'AD99250555,1,
2026-07-03 00:00:00,RTI6893840,2026-07-03 00:00:00,LENGKAP,2026-07-03 15:48:00,'AD99250556,4,
2026-07-03 00:00:00,RTI6893840,2026-07-03 00:00:00,LENGKAP,2026-07-03 15:48:00,'AD99250557,1,
2026-07-03 00:00:00,RTI6893840,2026-07-03 00:00:00,LENGKAP,2026-07-03 15:48:00,'AD99250558,1,
2026-07-03 00:00:00,RTI6893840,2026-07-03 00:00:00,LENGKAP,2026-07-03 15:48:00,'AD99250559,1,
2026-07-03 00:00:00,RTI6893840,2026-07-03 00:00:00,LENGKAP,2026-07-03 15:48:00,'AD99250560,1,
2026-07-03 00:00:00,RTI6893840,2026-07-03 00:00:00,LENGKAP,2026-07-03 15:48:00,'AD99250561,1,
2026-07-03 00:00:00,RTI6893840,2026-07-03 00:00:00,LENGKAP,2026-07-03 15:48:00,'AD99250562,1,
2026-07-03 00:00:00,RTI6893840,2026-07-03 00:00:00,LENGKAP,2026-07-03 15:48:00,'AD99250563,1,
2026-07-03 00:00:00,RTI6893840,2026-07-03 00:00:00,LENGKAP,2026-07-03 15:48:00,'AD99250564,1,
2026-07-03 00:00:00,RTI6893840,2026-07-03 00:00:00,LENGKAP,2026-07-03 15:48:00,'AD99250565,1,
2026-07-03 00:00:00,RTI6893840,2026-07-03 00:00:00,LENGKAP,2026-07-03 15:48:00,'AD99250566,2,
2026-07-03 00:00:00,RTI6893840,2026-07-03 00:00:00,LENGKAP,2026-07-03 15:48:00,'AD99250567,2,
2026-07-03 00:00:00,RTI6893840,2026-07-03 00:00:00,LENGKAP,2026-07-03 15:48:00,'AD99250568,1,
2026-07-03 00:00:00,RTI6893840,2026-07-03 00:00:00,LENGKAP,2026-07-03 15:48:00,'AD99250569,1,
2026-07-03 00:00:00,RTI6893840,2026-07-03 00:00:00,LENGKAP,2026-07-03 15:48:00,'CSS3601180536849,1,
2026-07-03 00:00:00,SOE8612246,2026-07-03 00:00:00,LENGKAP,2026-07-04 11:14:00,'AD106442382,1,
2026-07-03 00:00:00,SOE8612248,2026-07-03 00:00:00,LENGKAP,2026-07-03 17:11:00,'AA64482620,2,
2026-07-03 00:00:00,SOE8612248,2026-07-03 00:00:00,LENGKAP,2026-07-03 17:11:00,'AD106442384,1,
2026-07-03 00:00:00,SOE8612248,2026-07-03 00:00:00,LENGKAP,2026-07-03 17:11:00,'AD106442385,5,
2026-07-03 00:00:00,TMC8109482,2026-07-03 00:00:00,LENGKAP,2026-07-03 22:25:00,'AA64490510,2,
2026-07-03 00:00:00,TMC8109482,2026-07-03 00:00:00,LENGKAP,2026-07-03 22:25:00,'AA72259986,1,
2026-07-03 00:00:00,TMC8109482,2026-07-03 00:00:00,LENGKAP,2026-07-03 22:25:00,'AA72259987,3,
2026-07-03 00:00:00,TMC8109482,2026-07-03 00:00:00,LENGKAP,2026-07-03 22:25:00,'AA72259988,2,
2026-07-03 00:00:00,TMC8109482,2026-07-03 00:00:00,LENGKAP,2026-07-03 22:25:00,'YS15284616,12,
2026-07-03 00:00:00,TMC8579649,2026-07-03 00:00:00,LENGKAP,2026-07-03 22:26:00,'AD99250154,1,
2026-07-03 00:00:00,TMC8579649,2026-07-03 00:00:00,LENGKAP,2026-07-03 22:26:00,'AD99250183,2,
2026-07-03 00:00:00,WKB8610821,2026-07-03 00:00:00,LENGKAP,2026-07-03 16:05:00,'AA69423658,1,
2026-07-03 00:00:00,WKB8610821,2026-07-03 00:00:00,LENGKAP,2026-07-03 16:05:00,'AA69423659,1,
2026-07-03 00:00:00,WKB8610821,2026-07-03 00:00:00,LENGKAP,2026-07-03 16:05:00,'AA69423660,1,
2026-07-03 00:00:00,WKB8610821,2026-07-03 00:00:00,LENGKAP,2026-07-03 16:05:00,'AA69423673,1,
2026-07-03 00:00:00,WKB8610821,2026-07-03 00:00:00,LENGKAP,2026-07-03 16:05:00,'AA69423674,1,
2026-07-03 00:00:00,WKB8610821,2026-07-03 00:00:00,LENGKAP,2026-07-03 16:05:00,'AA69423675,1,
2026-07-03 00:00:00,WKB8610821,2026-07-03 00:00:00,LENGKAP,2026-07-03 16:05:00,'AA69423676,1,
2026-07-03 00:00:00,WKB8610821,2026-07-03 00:00:00,LENGKAP,2026-07-03 16:05:00,'AA69423681,1,
2026-07-03 00:00:00,WKB8610821,2026-07-03 00:00:00,LENGKAP,2026-07-03 16:05:00,'AA69423682,1,
2026-07-03 00:00:00,WKB8610821,2026-07-03 00:00:00,LENGKAP,2026-07-03 16:05:00,'AA69423709,1,
2026-07-03 00:00:00,WKB8610821,2026-07-03 00:00:00,LENGKAP,2026-07-03 16:05:00,'AA69423712,1,
2026-07-03 00:00:00,WKB8610821,2026-07-03 00:00:00,LENGKAP,2026-07-03 16:05:00,'AD106343516,1,
2026-07-03 00:00:00,KEF0307261,2026-07-03 00:00:00,LENGKAP,2026-07-03 22:47:00,'AA63886289,1,
2026-07-03 00:00:00,KEF0307261,2026-07-03 00:00:00,LENGKAP,2026-07-03 22:47:00,'AA63886290,1,
2026-07-03 00:00:00,KEF0307261,2026-07-03 00:00:00,LENGKAP,2026-07-03 22:47:00,'AA63886291,1,
2026-07-03 00:00:00,KEF0307261,2026-07-03 00:00:00,LENGKAP,2026-07-03 22:47:00,'AA63886292,1,
2026-07-03 00:00:00,KEF0307261,2026-07-03 00:00:00,LENGKAP,2026-07-03 22:47:00,'AA63886293,1,
2026-07-03 00:00:00,KEF0307261,2026-07-03 00:00:00,LENGKAP,2026-07-03 22:47:00,'AA63886294,1,
2026-07-03 00:00:00,KEF0307261,2026-07-03 00:00:00,LENGKAP,2026-07-03 22:47:00,'AA63886295,1,
2026-07-03 00:00:00,KEF0307261,2026-07-03 00:00:00,LENGKAP,2026-07-03 22:47:00,'AA63886296,1,
2026-07-03 00:00:00,KEF0307261,2026-07-03 00:00:00,LENGKAP,2026-07-03 22:47:00,'AA63886297,1,
2026-07-03 00:00:00,KEF0307261,2026-07-03 00:00:00,LENGKAP,2026-07-03 22:47:00,'TR00041183,1,
2026-07-03 00:00:00,KEF0307261,2026-07-03 00:00:00,LENGKAP,2026-07-03 22:47:00,'TR00041184,1,
2026-07-03 00:00:00,WKB8610821,2026-07-03 00:00:00,LENGKAP,2026-07-03 16:05:00,'AD106343779,1,
2026-07-03 00:00:00,WKB8610821,2026-07-03 00:00:00,LENGKAP,2026-07-03 16:05:00,'AD106343780,1,
2026-07-03 00:00:00,WKB8610821,2026-07-03 00:00:00,LENGKAP,2026-07-03 16:05:00,'AD106343968,1,
2026-07-03 00:00:00,KEF0307263,2026-07-03 00:00:00,LENGKAP,2026-07-05 11:57:00,'AD106585252,1,
2026-07-03 00:00:00,KEF0307263,2026-07-03 00:00:00,LENGKAP,2026-07-05 11:57:00,'AD106585258,1,
2026-07-03 00:00:00,JTRKOE7864838,2026-07-04 00:00:00,LENGKAP,,'KOEEC02405244726,1,
2026-07-03 00:00:00,JTRKOE7864838,2026-07-04 00:00:00,LENGKAP,,'KOEEC02405293726,1,
2026-07-03 00:00:00,JTRKOE7864838,2026-07-04 00:00:00,LENGKAP,,'KOEEC02405314926,1,
2026-07-03 00:00:00,KOE0307202614,2026-07-03 00:00:00,LENGKAP,2026-07-03 13:50:00,'360340006104526,1,
2026-07-03 00:00:00,JTRKOE7864838,2026-07-04 00:00:00,LENGKAP,,'KOEEC02405324726,1,
2026-07-03 00:00:00,KOE0407202601,2026-07-04 00:00:00,LENGKAP,2026-07-04 09:36:00,'360100030127826,1,
2026-07-03 00:00:00,KOE0407202601,2026-07-04 00:00:00,LENGKAP,2026-07-04 09:36:00,'360100030914526,1,
2026-07-03 00:00:00,KOE0407202601,2026-07-04 00:00:00,LENGKAP,2026-07-04 09:36:00,'360100031363926,1,
2026-07-03 00:00:00,KOE0407202601,2026-07-04 00:00:00,LENGKAP,2026-07-04 09:36:00,'360240016921626,1,
2026-07-03 00:00:00,KOE0407202601,2026-07-04 00:00:00,LENGKAP,2026-07-04 09:36:00,'360290018065726,1,
2026-07-03 00:00:00,KOE0407202601,2026-07-04 00:00:00,LENGKAP,2026-07-04 09:36:00,'360660002646126,1,
2026-07-03 00:00:00,KOE0407202601,2026-07-04 00:00:00,LENGKAP,2026-07-04 09:36:00,'360700011835526,1,
2026-07-03 00:00:00,KOE0407202601,2026-07-04 00:00:00,LENGKAP,2026-07-04 09:36:00,'550130070693,1,
2026-07-03 00:00:00,KOE0407202601,2026-07-04 00:00:00,LENGKAP,2026-07-04 09:36:00,'660107609881,1,
2026-07-03 00:00:00,KOE0407202601,2026-07-04 00:00:00,LENGKAP,2026-07-04 09:36:00,'AA64585711,20,
2026-07-03 00:00:00,KOE0407202601,2026-07-04 00:00:00,LENGKAP,2026-07-04 09:36:00,'AA64585728,39,
2026-07-03 00:00:00,KOE0407202601,2026-07-04 00:00:00,LENGKAP,2026-07-04 09:36:00,'AD104114488,2,
2026-07-03 00:00:00,KOE0407202601,2026-07-04 00:00:00,LENGKAP,2026-07-04 09:36:00,'KOEAA03666929726,1,
2026-07-03 00:00:00,KOE0407202601,2026-07-04 00:00:00,LENGKAP,2026-07-04 09:36:00,'KOEEC02405791726,1,
2026-07-03 00:00:00,KOE0407202601,2026-07-04 00:00:00,LENGKAP,2026-07-04 09:36:00,'KOEEC02406193826,1,
2026-07-03 00:00:00,KOE0407202601,2026-07-04 00:00:00,LENGKAP,2026-07-04 09:36:00,'KOEEC02406215026,1,
2026-07-03 00:00:00,KOE0407202601,2026-07-04 00:00:00,LENGKAP,2026-07-04 09:36:00,'KOEEC02406353826,1,
2026-07-03 00:00:00,KOE0407202602,2026-07-04 00:00:00,LENGKAP,2026-07-04 11:09:00,'360100031377326,1,
2026-07-03 00:00:00,KOE0407202602,2026-07-04 00:00:00,LENGKAP,2026-07-04 11:09:00,'450001945528,1,
2026-07-03 00:00:00,KOE0407202602,2026-07-04 00:00:00,LENGKAP,2026-07-04 11:09:00,'AA56461934,1,
2026-07-03 00:00:00,KOE0407202602,2026-07-04 00:00:00,LENGKAP,2026-07-04 11:09:00,'AA64585717,17,
2026-07-03 00:00:00,KOE0407202602,2026-07-04 00:00:00,LENGKAP,2026-07-04 11:09:00,'AA64585725,1,
2026-07-03 00:00:00,KOE0407202602,2026-07-04 00:00:00,LENGKAP,2026-07-04 11:09:00,'KOEEC02405822726,1,
2026-07-03 00:00:00,JTRKOE7864839,2026-07-04 00:00:00,LENGKAP,2026-07-05 16:38:00,'360100031265826,1,
2026-07-03 00:00:00,JTRKOE7864839,2026-07-04 00:00:00,LENGKAP,2026-07-05 16:38:00,'360170004705825,1,
2026-07-03 00:00:00,JTRKOE7864839,2026-07-04 00:00:00,LENGKAP,2026-07-05 16:38:00,'AA64585601,17,
2026-07-03 00:00:00,JTRKOE7864839,2026-07-04 00:00:00,LENGKAP,2026-07-05 16:38:00,'AA64585602,8,
2026-07-03 00:00:00,JTRKOE7864839,2026-07-04 00:00:00,LENGKAP,2026-07-05 16:38:00,'AA64585603,14,
2026-07-03 00:00:00,JTRKOE7864839,2026-07-04 00:00:00,LENGKAP,2026-07-05 16:38:00,'AA64585604,18,
2026-07-03 00:00:00,JTRKOE7864839,2026-07-04 00:00:00,LENGKAP,2026-07-05 16:38:00,'AA64585606,15,
2026-07-03 00:00:00,JTRKOE7864839,2026-07-04 00:00:00,LENGKAP,2026-07-05 16:38:00,'AA64585607,1,
2026-07-03 00:00:00,JTRKOE7864839,2026-07-04 00:00:00,LENGKAP,2026-07-05 16:38:00,'AA64588976,10,
2026-07-03 00:00:00,JTRKOE7864839,2026-07-04 00:00:00,LENGKAP,2026-07-05 16:38:00,'AA64588977,19,
2026-07-03 00:00:00,JTRKOE7864839,2026-07-04 00:00:00,LENGKAP,2026-07-05 16:38:00,'AA64588978,14,
2026-07-03 00:00:00,JTRKOE7864839,2026-07-04 00:00:00,LENGKAP,2026-07-05 16:38:00,'AA64588979,20,
2026-07-03 00:00:00,JTRKOE7864839,2026-07-04 00:00:00,LENGKAP,2026-07-05 16:38:00,'AA64588980,25,
2026-07-03 00:00:00,JTRKOE7864839,2026-07-04 00:00:00,LENGKAP,2026-07-05 16:38:00,'AA64588988,9,
2026-07-03 00:00:00,JTRKOE7864839,2026-07-04 00:00:00,LENGKAP,2026-07-05 16:38:00,'TR81305138,3,
2026-07-03 00:00:00,JTRKOE7864839,2026-07-04 00:00:00,LENGKAP,2026-07-05 16:38:00,'TR81305142,1,
2026-07-03 00:00:00,KAI8219740,2026-07-04 00:00:00,LENGKAP,2026-07-03 19:42:00,'AA56461935,1,
2026-07-03 00:00:00,KOE0407202607,2026-07-04 00:00:00,LENGKAP,2026-07-04 07:14:00,'AA64585723,1,
2026-07-03 00:00:00,KOE201451141,2026-07-03 00:00:00,LENGKAP,2026-07-03 23:15:00,'360100031370026,1,
2026-07-03 00:00:00,KOE201451141,2026-07-03 00:00:00,LENGKAP,2026-07-03 23:15:00,'AA69471137,2,
2026-07-03 00:00:00,KOE201451141,2026-07-03 00:00:00,LENGKAP,2026-07-03 23:15:00,'AA69471141,5,
2026-07-03 00:00:00,KAI8219740,2026-07-04 00:00:00,LENGKAP,2026-07-03 19:42:00,'AA56461936,1,
2026-07-03 00:00:00,MLA8578202,2026-07-03 00:00:00,LENGKAP,2026-07-05 11:43:00,'AA72283663,1,
2026-07-03 00:00:00,MLA8578202,2026-07-03 00:00:00,LENGKAP,2026-07-05 11:43:00,'AA72283664,1,
2026-07-03 00:00:00,MLA8578202,2026-07-03 00:00:00,LENGKAP,2026-07-05 11:43:00,'AA72283665,1,
2026-07-03 00:00:00,MLA8578202,2026-07-03 00:00:00,LENGKAP,2026-07-05 11:43:00,'AA72283666,1,
2026-07-03 00:00:00,MLA8578202,2026-07-03 00:00:00,LENGKAP,2026-07-05 11:43:00,'AA72283667,1,
2026-07-03 00:00:00,MLA8578202,2026-07-03 00:00:00,LENGKAP,2026-07-05 11:43:00,'AA72283668,1,
2026-07-03 00:00:00,MLA8578202,2026-07-03 00:00:00,LENGKAP,2026-07-05 11:43:00,'AA72283669,1,
2026-07-03 00:00:00,MLA8578202,2026-07-03 00:00:00,LENGKAP,2026-07-05 11:43:00,'AA72283670,1,
2026-07-03 00:00:00,MLA8578202,2026-07-03 00:00:00,LENGKAP,2026-07-05 11:43:00,'AA72283671,1,
2026-07-03 00:00:00,MLA8578203,2026-07-03 00:00:00,LENGKAP,2026-07-04 09:55:00,'AD106441225,3,
2026-07-03 00:00:00,MLA8578204,2026-07-03 00:00:00,LENGKAP,2026-07-05 11:58:00,'AD106441226,1,
2026-07-03 00:00:00,KAI8219740,2026-07-04 00:00:00,LENGKAP,2026-07-03 19:42:00,'AA56461937,1,
2026-07-03 00:00:00,KAI8219740,2026-07-04 00:00:00,LENGKAP,2026-07-03 19:42:00,'AA56461938,1,
2026-07-03 00:00:00,MLA8578499,2026-07-03 00:00:00,LENGKAP,2026-07-03 22:54:00,'AA72283652,4,
2026-07-03 00:00:00,MLA8578499,2026-07-03 00:00:00,LENGKAP,2026-07-03 22:54:00,'AA72283653,4,
2026-07-03 00:00:00,MLA8578499,2026-07-03 00:00:00,LENGKAP,2026-07-03 22:54:00,'AA72283654,1,
2026-07-03 00:00:00,MLA8578499,2026-07-03 00:00:00,LENGKAP,2026-07-03 22:54:00,'AA72283655,1,
2026-07-03 00:00:00,MLA8578499,2026-07-03 00:00:00,LENGKAP,2026-07-03 22:54:00,'AA72283656,1,
2026-07-03 00:00:00,MLA8578499,2026-07-03 00:00:00,LENGKAP,2026-07-03 22:54:00,'AA72283657,1,
2026-07-03 00:00:00,MLA8578499,2026-07-03 00:00:00,LENGKAP,2026-07-03 22:54:00,'AA72283658,1,
2026-07-03 00:00:00,MLA8578499,2026-07-03 00:00:00,LENGKAP,2026-07-03 22:54:00,'AA72283659,1,
2026-07-03 00:00:00,MLA8578499,2026-07-03 00:00:00,LENGKAP,2026-07-03 22:54:00,'AA72283660,1,
2026-07-03 00:00:00,MLA8578499,2026-07-03 00:00:00,LENGKAP,2026-07-03 22:54:00,'AA72283661,1,
2026-07-03 00:00:00,MLA8578499,2026-07-03 00:00:00,LENGKAP,2026-07-03 22:54:00,'AA72283662,1,
2026-07-03 00:00:00,MLO8610291,2026-07-03 00:00:00,LENGKAP,2026-07-03 16:43:00,'AA62637347,1,
2026-07-03 00:00:00,MLO8610291,2026-07-03 00:00:00,LENGKAP,2026-07-03 16:43:00,'AD97568173,1,
2026-07-03 00:00:00,MLO8610291,2026-07-03 00:00:00,LENGKAP,2026-07-03 16:43:00,'AD97568175,1,
2026-07-03 00:00:00,MLO8610291,2026-07-03 00:00:00,LENGKAP,2026-07-03 16:43:00,'AD97568176,1,
2026-07-03 00:00:00,KAI8219740,2026-07-04 00:00:00,LENGKAP,2026-07-03 19:42:00,'AD99176096,1,
2026-07-03 00:00:00,KAI8219740,2026-07-04 00:00:00,LENGKAP,2026-07-03 19:42:00,'AD99176097,1,
2026-07-03 00:00:00,KAI8219740,2026-07-04 00:00:00,LENGKAP,2026-07-03 19:42:00,'AD99176098,1,
2026-07-03 00:00:00,KAI8219740,2026-07-04 00:00:00,LENGKAP,2026-07-03 19:42:00,'AD99176099,1,
2026-07-03 00:00:00,KAI8219740,2026-07-04 00:00:00,LENGKAP,2026-07-03 19:42:00,'AD99176100,1,
2026-07-03 00:00:00,KAI8219740,2026-07-04 00:00:00,LENGKAP,2026-07-03 19:42:00,'AD99176101,1,
2026-07-03 00:00:00,KAI8219740,2026-07-04 00:00:00,LENGKAP,2026-07-03 19:42:00,'AD99176102,1,
2026-07-03 00:00:00,KAI8219740,2026-07-04 00:00:00,LENGKAP,2026-07-03 19:42:00,'AD99176103,1,
2026-07-03 00:00:00,KAI8219740,2026-07-04 00:00:00,LENGKAP,2026-07-03 19:42:00,'AD99176104,1,
2026-07-03 00:00:00,KAI8219740,2026-07-04 00:00:00,LENGKAP,2026-07-03 19:42:00,'AD99176105,1,
2026-07-03 00:00:00,KAI8219740,2026-07-04 00:00:00,LENGKAP,2026-07-03 19:42:00,'AD99176106,1,
2026-07-03 00:00:00,KAI8219740,2026-07-04 00:00:00,LENGKAP,2026-07-03 19:42:00,'AD99176107,1,
2026-07-03 00:00:00,KAI8219740,2026-07-04 00:00:00,LENGKAP,2026-07-03 19:42:00,'AD99176108,1,
2026-07-03 00:00:00,KAI8219740,2026-07-04 00:00:00,LENGKAP,2026-07-03 19:42:00,'AD99176109,1,
2026-07-03 00:00:00,KAI8219740,2026-07-04 00:00:00,LENGKAP,2026-07-03 19:42:00,'AD99176110,1,
2026-07-03 00:00:00,KAI8219740,2026-07-04 00:00:00,LENGKAP,2026-07-03 19:42:00,'AD99176111,1,
2026-07-03 00:00:00,KAI8219740,2026-07-04 00:00:00,LENGKAP,2026-07-03 19:42:00,'AD99176112,1,
2026-07-03 00:00:00,KAI8219740,2026-07-04 00:00:00,LENGKAP,2026-07-03 19:42:00,'AD99176113,1,
2026-07-03 00:00:00,KAI8219740,2026-07-04 00:00:00,LENGKAP,2026-07-03 19:42:00,'AD99176114,1,
2026-07-03 00:00:00,KAI8219740,2026-07-04 00:00:00,LENGKAP,2026-07-03 19:42:00,'AD99176115,1,
2026-07-03 00:00:00,KAI8219740,2026-07-04 00:00:00,LENGKAP,2026-07-03 19:42:00,'AD99176116,1,
2026-07-03 00:00:00,KAI8219740,2026-07-04 00:00:00,LENGKAP,2026-07-03 19:42:00,'AD99176117,1,
2026-07-03 00:00:00,KAI8219740,2026-07-04 00:00:00,LENGKAP,2026-07-03 19:42:00,'AD99176118,1,
2026-07-03 00:00:00,KAI8219740,2026-07-04 00:00:00,LENGKAP,2026-07-03 19:42:00,'AD99176119,1,
2026-07-03 00:00:00,KAI8219740,2026-07-04 00:00:00,LENGKAP,2026-07-03 19:42:00,'AD99176120,1,
2026-07-03 00:00:00,KAI8219740,2026-07-04 00:00:00,LENGKAP,2026-07-03 19:42:00,'AD99176121,1,
2026-07-03 00:00:00,KAI8219740,2026-07-04 00:00:00,LENGKAP,2026-07-03 19:42:00,'AD99176122,1,
2026-07-03 00:00:00,KAI8219740,2026-07-04 00:00:00,LENGKAP,2026-07-03 19:42:00,'AD99176123,1,
2026-07-03 00:00:00,SAB8610134,2026-07-03 00:00:00,LENGKAP,2026-07-04 09:56:00,'AD106506781,1,
2026-07-03 00:00:00,SAB8610134,2026-07-03 00:00:00,LENGKAP,2026-07-04 09:56:00,'AD106506782,1,
2026-07-03 00:00:00,SAB8610134,2026-07-03 00:00:00,LENGKAP,2026-07-04 09:56:00,'AD106506783,1,
2026-07-03 00:00:00,SAB8610134,2026-07-03 00:00:00,LENGKAP,2026-07-04 09:56:00,'AD106506784,1,
2026-07-03 00:00:00,SAB8610134,2026-07-03 00:00:00,LENGKAP,2026-07-04 09:56:00,'AD106506785,1,
2026-07-03 00:00:00,SAB8610134,2026-07-03 00:00:00,LENGKAP,2026-07-04 09:56:00,'AD106506786,1,
2026-07-03 00:00:00,SAB8610134,2026-07-03 00:00:00,LENGKAP,2026-07-04 09:56:00,'AD106506787,1,
2026-07-03 00:00:00,SAB8610134,2026-07-03 00:00:00,LENGKAP,2026-07-04 09:56:00,'AD106506788,1,
2026-07-03 00:00:00,SAB8610134,2026-07-03 00:00:00,LENGKAP,2026-07-04 09:56:00,'AD106506789,1,
2026-07-03 00:00:00,SAB8610134,2026-07-03 00:00:00,LENGKAP,2026-07-04 09:56:00,'AD106506790,1,
2026-07-03 00:00:00,SAB8610134,2026-07-03 00:00:00,LENGKAP,2026-07-04 09:56:00,'AD106506791,1,
2026-07-03 00:00:00,SAB8610134,2026-07-03 00:00:00,LENGKAP,2026-07-04 09:56:00,'AD106506792,1,
2026-07-03 00:00:00,SAB8610134,2026-07-03 00:00:00,LENGKAP,2026-07-04 09:56:00,'AD106506793,1,
2026-07-03 00:00:00,SAB8610134,2026-07-03 00:00:00,LENGKAP,2026-07-04 09:56:00,'AD106506794,1,
2026-07-03 00:00:00,SAB8610134,2026-07-03 00:00:00,LENGKAP,2026-07-04 09:56:00,'AD106506795,1,
2026-07-03 00:00:00,SAB8610134,2026-07-03 00:00:00,LENGKAP,2026-07-04 09:56:00,'AD106506796,1,
2026-07-03 00:00:00,SAB8610134,2026-07-03 00:00:00,LENGKAP,2026-07-04 09:56:00,'AD106506797,1,
2026-07-03 00:00:00,SAB8610134,2026-07-03 00:00:00,LENGKAP,2026-07-04 09:56:00,'AD106506798,1,
2026-07-03 00:00:00,SAB8610134,2026-07-03 00:00:00,LENGKAP,2026-07-04 09:56:00,'AD106506799,1,
2026-07-03 00:00:00,SAB8610134,2026-07-03 00:00:00,LENGKAP,2026-07-04 09:56:00,'AD106506800,1,
2026-07-03 00:00:00,SAB8610134,2026-07-03 00:00:00,LENGKAP,2026-07-04 09:56:00,'AD106506801,1,
2026-07-03 00:00:00,SAB8610134,2026-07-03 00:00:00,LENGKAP,2026-07-04 09:56:00,'AD106506802,1,
2026-07-03 00:00:00,SAB8610134,2026-07-03 00:00:00,LENGKAP,2026-07-04 09:56:00,'AD106506803,1,
2026-07-03 00:00:00,SAB8610134,2026-07-03 00:00:00,LENGKAP,2026-07-04 09:56:00,'AD106506804,1,
2026-07-03 00:00:00,SAB8610134,2026-07-03 00:00:00,LENGKAP,2026-07-04 09:56:00,'AD106506805,1,
2026-07-03 00:00:00,SAB8610134,2026-07-03 00:00:00,LENGKAP,2026-07-04 09:56:00,'AD106506806,1,
2026-07-03 00:00:00,SAB8610134,2026-07-03 00:00:00,LENGKAP,2026-07-04 09:56:00,'AD106506807,1,
2026-07-03 00:00:00,SAB8610134,2026-07-03 00:00:00,LENGKAP,2026-07-04 09:56:00,'AD106506808,1,
2026-07-03 00:00:00,SAB8610134,2026-07-03 00:00:00,LENGKAP,2026-07-04 09:56:00,'AD106506809,1,
2026-07-03 00:00:00,SAB8610134,2026-07-03 00:00:00,LENGKAP,2026-07-04 09:56:00,'AD106506810,1,
2026-07-03 00:00:00,SAB8610134,2026-07-03 00:00:00,LENGKAP,2026-07-04 09:56:00,'AD106506811,1,
2026-07-03 00:00:00,SAB8610134,2026-07-03 00:00:00,LENGKAP,2026-07-04 09:56:00,'AD106506812,1,
2026-07-03 00:00:00,SAB8610134,2026-07-03 00:00:00,LENGKAP,2026-07-04 09:56:00,'AD106506813,1,
2026-07-03 00:00:00,KAI8219740,2026-07-04 00:00:00,LENGKAP,2026-07-03 19:42:00,'AD99176124,1,
2026-07-03 00:00:00,SOE8612247,2026-07-03 00:00:00,LENGKAP,2026-07-04 10:06:00,'AD106442383,1,
2026-07-03 00:00:00,KAI8219740,2026-07-04 00:00:00,LENGKAP,2026-07-03 19:42:00,'AD99176125,1,
2026-07-03 00:00:00,KAI8219740,2026-07-04 00:00:00,LENGKAP,2026-07-03 19:42:00,'AD99176126,1,
2026-07-03 00:00:00,KAI8219740,2026-07-04 00:00:00,LENGKAP,2026-07-03 19:42:00,'AD99176127,1,
2026-07-03 00:00:00,SOE8612249,2026-07-03 00:00:00,LENGKAP,2026-07-04 09:56:00,'AD106442386,1,
2026-07-03 00:00:00,TMC8109480,2026-07-03 00:00:00,LENGKAP,2026-07-04 07:48:00,'AA72259991,2,
2026-07-03 00:00:00,TMC8109481,2026-07-03 00:00:00,LENGKAP,2026-07-04 08:21:00,'AA72259992,1,
2026-07-03 00:00:00,KAI8219740,2026-07-04 00:00:00,LENGKAP,2026-07-03 19:42:00,'AD99176128,1,
2026-07-03 00:00:00,KAI8219740,2026-07-04 00:00:00,LENGKAP,2026-07-03 19:42:00,'AD99176129,1,
2026-07-03 00:00:00,KAI8219740,2026-07-04 00:00:00,LENGKAP,2026-07-03 19:42:00,'AD99176130,1,
2026-07-03 00:00:00,KAI8219740,2026-07-04 00:00:00,LENGKAP,2026-07-03 19:42:00,'AD99176131,1,
2026-07-03 00:00:00,KAI8219740,2026-07-04 00:00:00,LENGKAP,2026-07-03 19:42:00,'AD99176132,1,
2026-07-03 00:00:00,TMC8579648,2026-07-03 00:00:00,LENGKAP,2026-07-03 22:36:00,'AA69424911,1,
2026-07-03 00:00:00,TMC8579648,2026-07-03 00:00:00,LENGKAP,2026-07-03 22:36:00,'AA69424967,1,
2026-07-03 00:00:00,TMC8579648,2026-07-03 00:00:00,LENGKAP,2026-07-03 22:36:00,'AA69424968,1,
2026-07-03 00:00:00,TMC8579648,2026-07-03 00:00:00,LENGKAP,2026-07-03 22:36:00,'AD99250148,1,
2026-07-03 00:00:00,TMC8579648,2026-07-03 00:00:00,LENGKAP,2026-07-03 22:36:00,'AD99250165,1,
2026-07-03 00:00:00,TMC8579648,2026-07-03 00:00:00,LENGKAP,2026-07-03 22:36:00,'AD99250166,1,
2026-07-03 00:00:00,TMC8579648,2026-07-03 00:00:00,LENGKAP,2026-07-03 22:36:00,'AD99250171,1,
2026-07-03 00:00:00,TMC8579648,2026-07-03 00:00:00,LENGKAP,2026-07-03 22:36:00,'AD99250172,1,
2026-07-03 00:00:00,TMC8579648,2026-07-03 00:00:00,LENGKAP,2026-07-03 22:36:00,'AD99250173,1,
2026-07-03 00:00:00,TMC8579648,2026-07-03 00:00:00,LENGKAP,2026-07-03 22:36:00,'AD99250174,1,
2026-07-03 00:00:00,TMC8579648,2026-07-03 00:00:00,LENGKAP,2026-07-03 22:36:00,'AD99250175,1,
2026-07-03 00:00:00,TMC8579648,2026-07-03 00:00:00,LENGKAP,2026-07-03 22:36:00,'AD99250177,1,
2026-07-03 00:00:00,TMC8579648,2026-07-03 00:00:00,LENGKAP,2026-07-03 22:36:00,'AD99250178,1,
2026-07-03 00:00:00,TMC8579648,2026-07-03 00:00:00,LENGKAP,2026-07-03 22:36:00,'AD99250187,1,
2026-07-03 00:00:00,KAI8219740,2026-07-04 00:00:00,LENGKAP,2026-07-03 19:42:00,'AD99176133,1,
2026-07-03 00:00:00,KAI8219740,2026-07-04 00:00:00,LENGKAP,2026-07-03 19:42:00,'AD99176134,1,
2026-07-03 00:00:00,TMC8579650,2026-07-03 00:00:00,LENGKAP,2026-07-04 07:49:00,'AD99250184,1,
2026-07-03 00:00:00,WBK3345194,2026-07-03 00:00:00,LENGKAP,2026-07-03 22:36:00,'AD106339521,1,
2026-07-03 00:00:00,WBK3345194,2026-07-03 00:00:00,LENGKAP,2026-07-03 22:36:00,'AD106339522,1,
2026-07-03 00:00:00,WBK3345194,2026-07-03 00:00:00,LENGKAP,2026-07-03 22:36:00,'AD106339523,1,
2026-07-03 00:00:00,WBK3345194,2026-07-03 00:00:00,LENGKAP,2026-07-03 22:36:00,'AD106339524,1,
2026-07-03 00:00:00,WBK3345194,2026-07-03 00:00:00,LENGKAP,2026-07-03 22:36:00,'AD106339525,1,
2026-07-03 00:00:00,KOE0407202603,2026-07-04 00:00:00,LENGKAP,2026-07-03 23:36:00,'360660002200926,1,
2026-07-03 00:00:00,KOE0407202603,2026-07-04 00:00:00,LENGKAP,2026-07-03 23:36:00,'AA56461933,1,
2026-07-03 00:00:00,KOE0407202603,2026-07-04 00:00:00,LENGKAP,2026-07-03 23:36:00,'AA64585715,24,
2026-07-03 00:00:00,KOE0407202603,2026-07-04 00:00:00,LENGKAP,2026-07-03 23:36:00,'AA64585724,32,
2026-07-03 00:00:00,KOE0407202603,2026-07-04 00:00:00,LENGKAP,2026-07-03 23:36:00,'KOEEC02405812926,1,
2026-07-03 00:00:00,KOE0407202604,2026-07-04 00:00:00,LENGKAP,2026-07-03 23:36:00,'360100031263026,1,
2026-07-03 00:00:00,KOE0407202604,2026-07-04 00:00:00,LENGKAP,2026-07-03 23:36:00,'AA64585713,11,
2026-07-03 00:00:00,KOE0407202604,2026-07-04 00:00:00,LENGKAP,2026-07-03 23:36:00,'AA64585726,26,
2026-07-03 00:00:00,KOE0407202604,2026-07-04 00:00:00,LENGKAP,2026-07-03 23:36:00,'AA64585727,2,
2026-07-03 00:00:00,KOE0407202604,2026-07-04 00:00:00,LENGKAP,2026-07-03 23:36:00,'KOEEC02405672526,1,
2026-07-03 00:00:00,KOE0407202604,2026-07-04 00:00:00,LENGKAP,2026-07-03 23:36:00,'KOEEC02405803126,1,
2026-07-03 00:00:00,KOE0407202604,2026-07-04 00:00:00,LENGKAP,2026-07-03 23:36:00,'KOEEC02406224826,1,
2026-07-03 00:00:00,KOE0407202604,2026-07-04 00:00:00,LENGKAP,2026-07-03 23:36:00,'KOEEC02406383226,1,
2026-07-03 00:00:00,KOE0407202605,2026-07-04 00:00:00,LENGKAP,2026-07-03 23:36:00,'360100031378226,1,
2026-07-03 00:00:00,KOE0407202605,2026-07-04 00:00:00,LENGKAP,2026-07-03 23:36:00,'AA64585719,10,
2026-07-03 00:00:00,KOE0407202605,2026-07-04 00:00:00,LENGKAP,2026-07-03 23:36:00,'AD106585256,1,
2026-07-03 00:00:00,KOE0407202606,2026-07-04 00:00:00,LENGKAP,2026-07-03 23:36:00,'AA64585721,3,
2026-07-04 00:00:00,ABU47666,2026-07-03 00:00:00,LENGKAP,2026-07-04 09:58:00,'AD99202476,4,
2026-07-04 00:00:00,ABU48000,2026-07-03 00:00:00,LENGKAP,2026-07-05 11:43:00,'AD99202480,1,
2026-07-04 00:00:00,2747730496,2026-07-04 00:00:00,LENGKAP,2026-07-04 14:30:00,'AA72299413,24,
2026-07-04 00:00:00,2747730516,2026-07-04 00:00:00,LENGKAP,2026-07-04 23:16:00,'AA72299414,15,
2026-07-04 00:00:00,2747730516,2026-07-04 00:00:00,LENGKAP,2026-07-04 23:16:00,'AA72299415,12,
2026-07-04 00:00:00,2747730587MOF,2026-07-05 00:00:00,LENGKAP,2026-07-05 13:45:00,'AA64490517,3,
2026-07-04 00:00:00,2747730597TMC,2026-07-05 00:00:00,LENGKAP,2026-07-05 16:29:00,'AA64490530,1,
2026-07-04 00:00:00,2747730597TMC,2026-07-05 00:00:00,LENGKAP,2026-07-05 16:29:00,'AA64490531,2,
2026-07-04 00:00:00,2747730597TMC,2026-07-05 00:00:00,LENGKAP,2026-07-05 16:29:00,'AA64490532,3,
2026-07-04 00:00:00,51300097296LBJ,2026-07-04 00:00:00,LENGKAP,2026-07-04 14:20:00,'YS15284624,15,
2026-07-04 00:00:00,51300101754LBJ,2026-07-04 00:00:00,LENGKAP,2026-07-04 14:21:00,'YS15284622,1,
2026-07-04 00:00:00,51300105055KOE,2026-07-05 00:00:00,LENGKAP,2026-07-05 10:20:00,'AA72299421,24,
2026-07-04 00:00:00,51300105055KOE,2026-07-05 00:00:00,LENGKAP,2026-07-05 10:20:00,'AA72299425,20,
2026-07-04 00:00:00,51300105055KOE,2026-07-05 00:00:00,LENGKAP,2026-07-05 10:20:00,'AD106343966,1,
2026-07-04 00:00:00,51300105070,2026-07-05 00:00:00,LENGKAP,2026-07-05 16:17:00,'AA72299428,11,
2026-07-04 00:00:00,51300105081,2026-07-05 00:00:00,LENGKAP,2026-07-05 19:16:00,'AA72299426,13,
2026-07-04 00:00:00,51300105081,2026-07-05 00:00:00,LENGKAP,2026-07-05 19:16:00,'AA72299427,8,
2026-07-04 00:00:00,51300097274ENE,2026-07-04 00:00:00,LENGKAP,,'YS15284623,31,
2026-07-04 00:00:00,51300102281LKA,2026-07-04 00:00:00,LENGKAP,2026-07-04 11:41:00,'YS15284625,18,
2026-07-04 00:00:00,88811906672,2026-07-04 00:00:00,LENGKAP,2026-07-04 12:13:00,'YS15281231,19,
2026-07-04 00:00:00,88811906672,2026-07-04 00:00:00,LENGKAP,2026-07-04 12:13:00,'YS15281232,7,
2026-07-04 00:00:00,88811906672,2026-07-04 00:00:00,LENGKAP,2026-07-04 12:13:00,'YS15281233,17,
2026-07-04 00:00:00,88811906672,2026-07-04 00:00:00,LENGKAP,2026-07-04 12:13:00,'YS15281234,23,
2026-07-04 00:00:00,88811906672,2026-07-04 00:00:00,LENGKAP,2026-07-04 12:13:00,'YS15281235,1,
2026-07-04 00:00:00,88811906672,2026-07-04 00:00:00,LENGKAP,2026-07-04 12:13:00,'YS15281236,1,
2026-07-04 00:00:00,88811906672,2026-07-04 00:00:00,LENGKAP,2026-07-04 12:13:00,'YS15281238,13,
2026-07-04 00:00:00,88811906716,2026-07-04 00:00:00,LENGKAP,2026-07-04 12:13:00,'AA69471130,12,
2026-07-04 00:00:00,88811906716,2026-07-04 00:00:00,LENGKAP,2026-07-04 12:13:00,'AA69471133,36,
2026-07-04 00:00:00,88811906716,2026-07-04 00:00:00,LENGKAP,2026-07-04 12:13:00,'AA69471134,2,
2026-07-04 00:00:00,88811906716,2026-07-04 00:00:00,LENGKAP,2026-07-04 12:13:00,'AA69471142,16,
2026-07-04 00:00:00,88811906716,2026-07-04 00:00:00,LENGKAP,2026-07-04 12:13:00,'AA69471145,1,
2026-07-04 00:00:00,88811906716,2026-07-04 00:00:00,LENGKAP,2026-07-04 12:13:00,'AA69471146,19,
2026-07-04 00:00:00,88811906716,2026-07-04 00:00:00,LENGKAP,2026-07-04 12:13:00,'AA69471199,2,
2026-07-04 00:00:00,88811906716,2026-07-04 00:00:00,LENGKAP,2026-07-04 12:13:00,'AA69471203,1,
2026-07-04 00:00:00,88811906716,2026-07-04 00:00:00,LENGKAP,2026-07-04 12:13:00,'AD102696511,16,
2026-07-04 00:00:00,88811906716,2026-07-04 00:00:00,LENGKAP,2026-07-04 12:13:00,'YT1820443,14,
2026-07-04 00:00:00,88811906716,2026-07-04 00:00:00,LENGKAP,2026-07-04 12:13:00,'YT1820444,5,
2026-07-04 00:00:00,88811906716,2026-07-04 00:00:00,LENGKAP,2026-07-04 12:13:00,'YT1820445,9,
2026-07-04 00:00:00,88811906716,2026-07-04 00:00:00,LENGKAP,2026-07-04 12:13:00,'YT1820446,3,
2026-07-04 00:00:00,88811906716,2026-07-04 00:00:00,LENGKAP,2026-07-04 12:13:00,'YT1820447,3,
2026-07-04 00:00:00,88811906580,2026-07-04 00:00:00,LENGKAP,2017-01-28 11:09:00,'AD99242004,23,
2026-07-04 00:00:00,88811906580,2026-07-04 00:00:00,LENGKAP,2017-01-28 11:09:00,'AD99242005,1,
2026-07-04 00:00:00,88811906790,2026-07-04 00:00:00,LENGKAP,2026-07-04 22:05:00,'AA64490518,9,
2026-07-04 00:00:00,88811906790,2026-07-04 00:00:00,LENGKAP,2026-07-04 22:05:00,'AA64490519,6,
2026-07-04 00:00:00,88811906790,2026-07-04 00:00:00,LENGKAP,2026-07-04 22:05:00,'AA64490520,6,
2026-07-04 00:00:00,88811906790,2026-07-04 00:00:00,LENGKAP,2026-07-04 22:05:00,'AA64490521,17,
2026-07-04 00:00:00,88811906790,2026-07-04 00:00:00,LENGKAP,2026-07-04 22:05:00,'AA64490522,18,
2026-07-04 00:00:00,88811906790,2026-07-04 00:00:00,LENGKAP,2026-07-04 22:05:00,'AA64490523,7,
2026-07-04 00:00:00,88811906790,2026-07-04 00:00:00,LENGKAP,2026-07-04 22:05:00,'AA64490524,14,
2026-07-04 00:00:00,88811906790,2026-07-04 00:00:00,LENGKAP,2026-07-04 22:05:00,'AA64490526,20,
2026-07-04 00:00:00,88811906790,2026-07-04 00:00:00,LENGKAP,2026-07-04 22:05:00,'AA64490527,14,
2026-07-04 00:00:00,88811906790,2026-07-04 00:00:00,LENGKAP,2026-07-04 22:05:00,'AA64490529,1,
2026-07-04 00:00:00,88811906790,2026-07-04 00:00:00,LENGKAP,2026-07-04 22:05:00,'AD99242006,20,
2026-07-04 00:00:00,88811906860,2026-07-04 00:00:00,LENGKAP,2026-07-04 18:39:00,'AA69471127,10,
2026-07-04 00:00:00,88811906860,2026-07-04 00:00:00,LENGKAP,2026-07-04 18:39:00,'AA69471128,6,
2026-07-04 00:00:00,88811906860,2026-07-04 00:00:00,LENGKAP,2026-07-04 18:39:00,'AA69471129,31,
2026-07-04 00:00:00,88811906860,2026-07-04 00:00:00,LENGKAP,2026-07-04 18:39:00,'AA69471138,31,
2026-07-04 00:00:00,88811906963,2026-07-04 00:00:00,LENGKAP,2026-07-05 01:09:00,'AA64490525,2,
2026-07-04 00:00:00,88811906963,2026-07-04 00:00:00,LENGKAP,2026-07-05 01:09:00,'AA64490528,7,
2026-07-04 00:00:00,88811906963,2026-07-04 00:00:00,LENGKAP,2026-07-05 01:09:00,'AA69471125,7,
2026-07-04 00:00:00,93801069369,2026-07-04 00:00:00,LENGKAP,2026-07-04 12:20:00,'AD99242009,9,
2026-07-04 00:00:00,93801069369,2026-07-04 00:00:00,LENGKAP,2026-07-04 12:20:00,'YS40164504,5,
2026-07-04 00:00:00,99000909694,2026-07-04 00:00:00,LENGKAP,2026-07-04 11:16:00,'YS40164505,14,
2026-07-04 00:00:00,99000909694,2026-07-04 00:00:00,LENGKAP,2026-07-04 11:16:00,'YT1267469,4,
2026-07-04 00:00:00,88811906790,2026-07-04 00:00:00,LENGKAP,2026-07-04 22:05:00,'AD99242007,6,
2026-07-04 00:00:00,88811906790,2026-07-04 00:00:00,LENGKAP,2026-07-04 22:05:00,'AD99242008,14,
2026-07-04 00:00:00,ABU04072601,2026-07-04 00:00:00,LENGKAP,2026-07-04 11:20:00,'AD99202483,1,
2026-07-04 00:00:00,ABU04072601,2026-07-04 00:00:00,LENGKAP,2026-07-04 11:20:00,'AD99202484,1,
2026-07-04 00:00:00,ABU04072601,2026-07-04 00:00:00,LENGKAP,2026-07-04 11:20:00,'AD99202485,1,
2026-07-04 00:00:00,ABU04072601,2026-07-04 00:00:00,LENGKAP,2026-07-04 11:20:00,'AD99202486,1,
2026-07-04 00:00:00,ABU04072601,2026-07-04 00:00:00,LENGKAP,2026-07-04 11:20:00,'AD99202487,1,
2026-07-04 00:00:00,ABU04072601,2026-07-04 00:00:00,LENGKAP,2026-07-04 11:20:00,'AD99202488,1,
2026-07-04 00:00:00,ABU04072601,2026-07-04 00:00:00,LENGKAP,2026-07-04 11:20:00,'AD99202489,1,
2026-07-04 00:00:00,ABU04072601,2026-07-04 00:00:00,LENGKAP,2026-07-04 11:20:00,'AD99202490,1,
2026-07-04 00:00:00,ABU04072601,2026-07-04 00:00:00,LENGKAP,2026-07-04 11:20:00,'AD99202491,1,
2026-07-04 00:00:00,ABU04072601,2026-07-04 00:00:00,LENGKAP,2026-07-04 11:20:00,'AD99202492,4,
2026-07-04 00:00:00,ABU04072601,2026-07-04 00:00:00,LENGKAP,2026-07-04 11:20:00,'AD99202493,1,
2026-07-04 00:00:00,ABU04072601,2026-07-04 00:00:00,LENGKAP,2026-07-04 11:20:00,'AD99202494,1,
2026-07-04 00:00:00,ABU04072601,2026-07-04 00:00:00,LENGKAP,2026-07-04 11:20:00,'AD99202495,1,
2026-07-04 00:00:00,ABU04072601,2026-07-04 00:00:00,LENGKAP,2026-07-04 11:20:00,'AD99202496,1,
2026-07-04 00:00:00,ABU04072601,2026-07-04 00:00:00,LENGKAP,2026-07-04 11:20:00,'AD99202497,1,
2026-07-04 00:00:00,ABU04072602,2026-07-04 00:00:00,LENGKAP,2026-07-04 21:32:00,'AD99202498,6,
2026-07-04 00:00:00,ABU481482,2026-07-04 00:00:00,LENGKAP,2026-07-04 11:07:00,'AD99202481,3,
2026-07-04 00:00:00,ABU481482,2026-07-04 00:00:00,LENGKAP,2026-07-04 11:07:00,'AD99202482,1,
2026-07-04 00:00:00,KOE896126,2026-07-04 00:00:00,LENGKAP,2026-07-04 23:33:00,'360700011896126,1,
2026-07-04 00:00:00,RTI6893841,2026-07-04 00:00:00,LENGKAP,2026-07-04 14:51:00,'AD99250570,1,
2026-07-04 00:00:00,RTI6893841,2026-07-04 00:00:00,LENGKAP,2026-07-04 14:51:00,'AD99250571,1,
2026-07-04 00:00:00,RTI6893841,2026-07-04 00:00:00,LENGKAP,2026-07-04 14:51:00,'AD99250572,1,
2026-07-04 00:00:00,RTI6893841,2026-07-04 00:00:00,LENGKAP,2026-07-04 14:51:00,'AD99250573,1,
2026-07-04 00:00:00,RTI6893841,2026-07-04 00:00:00,LENGKAP,2026-07-04 14:51:00,'AD99250574,1,
2026-07-04 00:00:00,RTI6893841,2026-07-04 00:00:00,LENGKAP,2026-07-04 14:51:00,'AD99250575,1,
2026-07-04 00:00:00,RTI6893841,2026-07-04 00:00:00,LENGKAP,2026-07-04 14:51:00,'AD99250576,1,
2026-07-04 00:00:00,RTI6893841,2026-07-04 00:00:00,LENGKAP,2026-07-04 14:51:00,'AD99250577,1,
2026-07-04 00:00:00,RTI6893841,2026-07-04 00:00:00,LENGKAP,2026-07-04 14:51:00,'AD99250578,1,
2026-07-04 00:00:00,RTI6893841,2026-07-04 00:00:00,LENGKAP,2026-07-04 14:51:00,'AD99250579,1,
2026-07-04 00:00:00,RTI6893841,2026-07-04 00:00:00,LENGKAP,2026-07-04 14:51:00,'AD99250580,1,
2026-07-04 00:00:00,RTI6893841,2026-07-04 00:00:00,LENGKAP,2026-07-04 14:51:00,'AD99250581,1,
2026-07-04 00:00:00,RTI6893841,2026-07-04 00:00:00,LENGKAP,2026-07-04 14:51:00,'AD99250582,1,
2026-07-04 00:00:00,RTI6893841,2026-07-04 00:00:00,LENGKAP,2026-07-04 14:51:00,'AD99250583,1,
2026-07-04 00:00:00,RTI6893841,2026-07-04 00:00:00,LENGKAP,2026-07-04 14:51:00,'TR64766652,1,
2026-07-04 00:00:00,TMC8242452,2026-07-04 00:00:00,LENGKAP,2026-07-04 16:04:00,'AD99250198,1,
2026-07-04 00:00:00,TMC8242453,2026-07-04 00:00:00,LENGKAP,2026-07-04 16:04:00,'AD99250179,1,
2026-07-04 00:00:00,WGPJTR8611609,2026-07-04 00:00:00,LENGKAP,2026-07-06 09:47:00,'360420001095026,1,
2026-07-04 00:00:00,WGPJTR8611609,2026-07-04 00:00:00,LENGKAP,2026-07-06 09:47:00,'360510001561626,1,
2026-07-04 00:00:00,WGPJTR8611609,2026-07-04 00:00:00,LENGKAP,2026-07-06 09:47:00,'360510001992526,1,
2026-07-04 00:00:00,WGPJTR8611609,2026-07-04 00:00:00,LENGKAP,2026-07-06 09:47:00,'360510003410526,1,
2026-07-04 00:00:00,WGPJTR8611609,2026-07-04 00:00:00,LENGKAP,2026-07-06 09:47:00,'360510003411426,1,
2026-07-04 00:00:00,WGPJTR8611609,2026-07-04 00:00:00,LENGKAP,2026-07-06 09:47:00,'360510003513126,1,
2026-07-04 00:00:00,WGPJTR8611609,2026-07-04 00:00:00,LENGKAP,2026-07-06 09:47:00,'CSS3601182460596,1,
2026-07-04 00:00:00,WGPJTR8611609,2026-07-04 00:00:00,LENGKAP,2026-07-06 09:47:00,'JT37539527262,1,
2026-07-04 00:00:00,WGPJTR8611609,2026-07-04 00:00:00,LENGKAP,2026-07-06 09:47:00,'TR42330780,1,
2026-07-04 00:00:00,WGPJTR8611609,2026-07-04 00:00:00,LENGKAP,2026-07-06 09:47:00,'TR51634089,1,
2026-07-04 00:00:00,WGPJTR8611609,2026-07-04 00:00:00,LENGKAP,2026-07-06 09:47:00,'TR51634090,1,
2026-07-04 00:00:00,ABU04072603,2026-07-05 00:00:00,LENGKAP,2026-07-04 18:20:00,'AD99200001,1,
2026-07-04 00:00:00,ABU04072603,2026-07-05 00:00:00,LENGKAP,2026-07-04 18:20:00,'AD99200002,1,
2026-07-04 00:00:00,ABU04072603,2026-07-05 00:00:00,LENGKAP,2026-07-04 18:20:00,'AD99200003,1,
2026-07-04 00:00:00,ABU04072603,2026-07-05 00:00:00,LENGKAP,2026-07-04 18:20:00,'AD99200004,1,
2026-07-04 00:00:00,ABU04072603,2026-07-05 00:00:00,LENGKAP,2026-07-04 18:20:00,'AD99200005,1,
2026-07-04 00:00:00,ABU04072603,2026-07-05 00:00:00,LENGKAP,2026-07-04 18:20:00,'AD99200006,1,
2026-07-04 00:00:00,ABU04072603,2026-07-05 00:00:00,LENGKAP,2026-07-04 18:20:00,'AD99200007,1,
2026-07-04 00:00:00,ABU04072603,2026-07-05 00:00:00,LENGKAP,2026-07-04 18:20:00,'AD99200008,1,
2026-07-05 00:00:00,MLA8578212,2026-07-05 00:00:00,LENGKAP,,'AD106441232,1,
2026-07-05 00:00:00,RTI6893842,2026-07-05 00:00:00,LENGKAP,2026-07-05 15:07:00,'AD99250584,1,
2026-07-05 00:00:00,RTI6893842,2026-07-05 00:00:00,LENGKAP,2026-07-05 15:07:00,'AD99250585,1,
2026-07-05 00:00:00,RTI6893842,2026-07-05 00:00:00,LENGKAP,2026-07-05 15:07:00,'AD99250586,1,
2026-07-05 00:00:00,RTI6893842,2026-07-05 00:00:00,LENGKAP,2026-07-05 15:07:00,'AD99250587,1,
2026-07-05 00:00:00,RTI6893842,2026-07-05 00:00:00,LENGKAP,2026-07-05 15:07:00,'AD99250588,1,
2026-07-05 00:00:00,RTI6893842,2026-07-05 00:00:00,LENGKAP,2026-07-05 15:07:00,'AD99250589,1,
2026-07-05 00:00:00,RTI6893842,2026-07-05 00:00:00,LENGKAP,2026-07-05 15:07:00,'AD99250590,1,
2026-07-05 00:00:00,RTI6893842,2026-07-05 00:00:00,LENGKAP,2026-07-05 15:07:00,'AD99250591,2,
2026-07-05 00:00:00,RTI6893842,2026-07-05 00:00:00,LENGKAP,2026-07-05 15:07:00,'AD99250592,1,
2026-07-05 00:00:00,RTI6893842,2026-07-05 00:00:00,LENGKAP,2026-07-05 15:07:00,'AD99250593,1,
2026-07-05 00:00:00,RTI6893842,2026-07-05 00:00:00,LENGKAP,2026-07-05 15:07:00,'TR64766653,1,
2026-07-05 00:00:00,SDASSL050726,2026-07-05 00:00:00,LENGKAP,2026-07-05 17:53:00,'AD112220173,1,
2026-07-05 00:00:00,TMC8109484,2026-07-05 00:00:00,LENGKAP,2026-07-06 05:55:00,'KOEEC02407234326,1,
2026-07-04 00:00:00,ABU04072603,2026-07-05 00:00:00,LENGKAP,2026-07-04 18:20:00,'AD99200009,1,
2026-07-05 00:00:00,TMC8109489,2026-07-05 00:00:00,LENGKAP,2026-07-06 06:08:00,'AD106506790,1,
2026-07-04 00:00:00,ABU04072603,2026-07-05 00:00:00,LENGKAP,2026-07-04 18:20:00,'AD99202276,1,
2026-07-04 00:00:00,ABU04072603,2026-07-05 00:00:00,LENGKAP,2026-07-04 18:20:00,'AD99202277,1,
2026-07-04 00:00:00,ABU04072603,2026-07-05 00:00:00,LENGKAP,2026-07-04 18:20:00,'AD99202278,1,
2026-07-04 00:00:00,ABU04072603,2026-07-05 00:00:00,LENGKAP,2026-07-04 18:20:00,'AD99202279,1,
2026-07-04 00:00:00,ABU04072603,2026-07-05 00:00:00,LENGKAP,2026-07-04 18:20:00,'AD99202280,1,
2026-07-04 00:00:00,ABU04072603,2026-07-05 00:00:00,LENGKAP,2026-07-04 18:20:00,'AD99202281,1,
2026-07-04 00:00:00,ABU04072603,2026-07-05 00:00:00,LENGKAP,2026-07-04 18:20:00,'AD99202282,2,
2026-07-04 00:00:00,ABU04072603,2026-07-05 00:00:00,LENGKAP,2026-07-04 18:20:00,'AD99202283,1,
2026-07-04 00:00:00,ABU04072603,2026-07-05 00:00:00,LENGKAP,2026-07-04 18:20:00,'AD99202284,1,
2026-07-05 00:00:00,TMC8109483,2026-07-05 00:00:00,LENGKAP,2026-07-06 08:48:00,'AA64490530,1,
2026-07-05 00:00:00,TMC8109483,2026-07-05 00:00:00,LENGKAP,2026-07-06 08:48:00,'AA64490531,2,
2026-07-04 00:00:00,ABU04072603,2026-07-05 00:00:00,LENGKAP,2026-07-04 18:20:00,'AD99202285,1,
2026-07-05 00:00:00,TMC8109486,2026-07-05 00:00:00,LENGKAP,2026-07-06 08:47:00,'AA64482625,1,
2026-07-04 00:00:00,ABU04072603,2026-07-05 00:00:00,LENGKAP,2026-07-04 18:20:00,'AD99202286,1,
2026-07-05 00:00:00,TMC8109488,2026-07-05 00:00:00,LENGKAP,2026-07-06 05:57:00,'AA64482627,1,
2026-07-05 00:00:00,TMC8109488,2026-07-05 00:00:00,LENGKAP,2026-07-06 05:57:00,'AA64585612,1,
2026-07-05 00:00:00,TMC8109488,2026-07-05 00:00:00,LENGKAP,2026-07-06 05:57:00,'AA64585623,11,
2026-07-05 00:00:00,TMC8109488,2026-07-05 00:00:00,LENGKAP,2026-07-06 05:57:00,'AD106506787,1,
2026-07-05 00:00:00,TMC8109488,2026-07-05 00:00:00,LENGKAP,2026-07-06 05:57:00,'AD106506799,1,
2026-07-04 00:00:00,ABU04072603,2026-07-05 00:00:00,LENGKAP,2026-07-04 18:20:00,'AD99202287,1,
2026-07-05 00:00:00,TMC8242454,2026-07-05 00:00:00,LENGKAP,2026-07-06 09:17:00,'AA69424895,1,
2026-07-05 00:00:00,TMC8242454,2026-07-05 00:00:00,LENGKAP,2026-07-06 09:17:00,'AA69424951,1,
2026-07-05 00:00:00,TMC8242454,2026-07-05 00:00:00,LENGKAP,2026-07-06 09:17:00,'AA69424952,1,
2026-07-05 00:00:00,TMC8242454,2026-07-05 00:00:00,LENGKAP,2026-07-06 09:17:00,'AA69424954,1,
2026-07-05 00:00:00,TMC8242454,2026-07-05 00:00:00,LENGKAP,2026-07-06 09:17:00,'AA69424972,1,
2026-07-04 00:00:00,ABU04072603,2026-07-05 00:00:00,LENGKAP,2026-07-04 18:20:00,'AD99202288,1,
2026-07-04 00:00:00,ABU04072603,2026-07-05 00:00:00,LENGKAP,2026-07-04 18:20:00,'AD99202499,1,
2026-07-04 00:00:00,ABU04072603,2026-07-05 00:00:00,LENGKAP,2026-07-04 18:20:00,'AD99202500,1,
2026-07-04 00:00:00,ABU04072603,2026-07-05 00:00:00,LENGKAP,2026-07-04 18:20:00,'TR51638736,1,
2026-07-05 00:00:00,WGP8218371,2026-07-06 00:00:00,LENGKAP,2026-07-05 17:45:00,'360100031265826,1,
2026-07-05 00:00:00,WGP8218371,2026-07-06 00:00:00,LENGKAP,2026-07-05 17:45:00,'AA64585603,14,
2026-07-05 00:00:00,WGP8218371,2026-07-06 00:00:00,LENGKAP,2026-07-05 17:45:00,'AA64588980,25,
2026-07-05 00:00:00,WGP8218371,2026-07-06 00:00:00,LENGKAP,2026-07-05 17:45:00,'AD106506763,1,
2026-07-05 00:00:00,WGP8218372,2026-07-06 00:00:00,LENGKAP,2026-07-06 08:52:00,'AA64585604,18,
2026-07-05 00:00:00,WGP8218372,2026-07-06 00:00:00,LENGKAP,2026-07-06 08:52:00,'AA64585607,1,
2026-07-05 00:00:00,WGP8218372,2026-07-06 00:00:00,LENGKAP,2026-07-06 08:52:00,'AA64588979,20,
2026-07-05 00:00:00,WGP8218372,2026-07-06 00:00:00,LENGKAP,2026-07-06 08:52:00,'TR81305142,1,
2026-07-04 00:00:00,ABU04072603,2026-07-05 00:00:00,LENGKAP,2026-07-04 18:20:00,'TR51638737,1,
2026-07-04 00:00:00,ABU04072603,2026-07-05 00:00:00,LENGKAP,2026-07-04 18:20:00,'TR51638738,1,
2026-07-04 00:00:00,ABU04072603,2026-07-05 00:00:00,LENGKAP,2026-07-04 18:20:00,'TR51638739,1,
2026-07-04 00:00:00,ABU04072603,2026-07-05 00:00:00,LENGKAP,2026-07-04 18:20:00,'TR51638740,1,
2026-07-05 00:00:00,51300097300ENE,2026-07-05 00:00:00,LENGKAP,,'YS15284626,27,
2026-07-06 00:00:00,51300106256LKA,2026-07-06 00:00:00,LENGKAP,2026-07-06 11:57:00,'AA64490566,11,
2026-07-05 00:00:00,JTRKAI8219741,2026-07-05 00:00:00,LENGKAP,2026-07-05 15:01:00,'AA56461940,1,
2026-07-05 00:00:00,JTRKAI8219741,2026-07-05 00:00:00,LENGKAP,2026-07-05 15:01:00,'AD99176135,1,
2026-07-05 00:00:00,JTRKAI8219741,2026-07-05 00:00:00,LENGKAP,2026-07-05 15:01:00,'AD99176136,1,
2026-07-05 00:00:00,JTRKAI8219741,2026-07-05 00:00:00,LENGKAP,2026-07-05 15:01:00,'AD99176137,1,
2026-07-05 00:00:00,JTRKAI8219741,2026-07-05 00:00:00,LENGKAP,2026-07-05 15:01:00,'AD99176138,1,
2026-07-05 00:00:00,JTRKAI8219741,2026-07-05 00:00:00,LENGKAP,2026-07-05 15:01:00,'AD99176139,1,
2026-07-05 00:00:00,JTRKAI8219741,2026-07-05 00:00:00,LENGKAP,2026-07-05 15:01:00,'AD99176140,1,
2026-07-05 00:00:00,JTRKAI8219741,2026-07-05 00:00:00,LENGKAP,2026-07-05 15:01:00,'AD99176141,1,
2026-07-05 00:00:00,JTRKAI8219741,2026-07-05 00:00:00,LENGKAP,2026-07-05 15:01:00,'AD99176142,1,
2026-07-05 00:00:00,JTRKAI8219741,2026-07-05 00:00:00,LENGKAP,2026-07-05 15:01:00,'RTKOE26014893329,1,
2026-07-05 00:00:00,JTRKAI8219741,2026-07-05 00:00:00,LENGKAP,2026-07-05 15:01:00,'TR51637119,1,
2026-07-05 00:00:00,JTRKOE7864842,2026-07-05 00:00:00,LENGKAP,,'AA64585523,1,
2026-07-05 00:00:00,JTRKOE7864842,2026-07-05 00:00:00,LENGKAP,,'AA64585524,1,
2026-07-05 00:00:00,JTRKOE7864842,2026-07-05 00:00:00,LENGKAP,,'AA64585525,7,
2026-07-05 00:00:00,JTRKOE7864842,2026-07-05 00:00:00,LENGKAP,,'AA64585526,12,
2026-07-05 00:00:00,JTRKOE7864842,2026-07-05 00:00:00,LENGKAP,,'AA64585527,12,
2026-07-05 00:00:00,JTRKOE7864842,2026-07-05 00:00:00,LENGKAP,,'AA64585528,12,
2026-07-06 00:00:00,51300108673KOE,2026-07-07 00:00:00,LENGKAP,2026-07-07 08:26:00,'AA72299461,19,
2026-07-06 00:00:00,51300108673KOE,2026-07-07 00:00:00,LENGKAP,2026-07-07 08:26:00,'AA72299462,12,
2026-07-05 00:00:00,JTRKOE7864842,2026-07-05 00:00:00,LENGKAP,,'AA64585529,16,
2026-07-05 00:00:00,JTRKOE7864842,2026-07-05 00:00:00,LENGKAP,,'AA64585530,1,
2026-07-05 00:00:00,JTRKOE7864842,2026-07-05 00:00:00,LENGKAP,,'AA64585531,1,
2026-07-05 00:00:00,JTRKOE7864842,2026-07-05 00:00:00,LENGKAP,,'AA64585532,10,
2026-07-06 00:00:00,88811939222,2026-07-06 00:00:00,LENGKAP,2026-07-06 13:29:00,'AA69471140,1,
2026-07-06 00:00:00,88811939222,2026-07-06 00:00:00,LENGKAP,2026-07-06 13:29:00,'AA69471161,6,
2026-07-06 00:00:00,88811939222,2026-07-06 00:00:00,LENGKAP,2026-07-06 13:29:00,'AA69471164,16,
2026-07-06 00:00:00,88811939222,2026-07-06 00:00:00,LENGKAP,2026-07-06 13:29:00,'AA69471165,6,
2026-07-06 00:00:00,88811939222,2026-07-06 00:00:00,LENGKAP,2026-07-06 13:29:00,'AA69471170,3,
2026-07-06 00:00:00,88811939222,2026-07-06 00:00:00,LENGKAP,2026-07-06 13:29:00,'AD102696518,3,
2026-07-06 00:00:00,88811939222,2026-07-06 00:00:00,LENGKAP,2026-07-06 13:29:00,'AD102696522,9,
2026-07-06 00:00:00,88811939222,2026-07-06 00:00:00,LENGKAP,2026-07-06 13:29:00,'AD102696526,5,
2026-07-06 00:00:00,88811939255,2026-07-06 00:00:00,LENGKAP,2026-07-06 16:14:00,'AA69471144,14,
2026-07-06 00:00:00,88811939255,2026-07-06 00:00:00,LENGKAP,2026-07-06 16:14:00,'AA69471162,5,
2026-07-06 00:00:00,88811939255,2026-07-06 00:00:00,LENGKAP,2026-07-06 16:14:00,'AA69471168,13,
2026-07-05 00:00:00,JTRKOE7864842,2026-07-05 00:00:00,LENGKAP,,'AA64585533,18,
2026-07-05 00:00:00,JTRKOE7864842,2026-07-05 00:00:00,LENGKAP,,'AA64585534,13,
2026-07-05 00:00:00,JTRKOE7864842,2026-07-05 00:00:00,LENGKAP,,'AA64585535,9,
2026-07-05 00:00:00,JTRKOE7864842,2026-07-05 00:00:00,LENGKAP,,'AA64585536,8,
2026-07-05 00:00:00,JTRKOE7864842,2026-07-05 00:00:00,LENGKAP,,'AA64585539,5,
2026-07-05 00:00:00,JTRKOE7864842,2026-07-05 00:00:00,LENGKAP,,'AA64585540,10,
2026-07-05 00:00:00,JTRKOE7864842,2026-07-05 00:00:00,LENGKAP,,'AA64585541,14,
2026-07-05 00:00:00,JTRKOE7864842,2026-07-05 00:00:00,LENGKAP,,'AA64585542,9,
2026-07-05 00:00:00,JTRKOE7864842,2026-07-05 00:00:00,LENGKAP,,'AA64585543,14,
2026-07-05 00:00:00,JTRKOE7864842,2026-07-05 00:00:00,LENGKAP,,'AA64585544,11,
2026-07-06 00:00:00,88811940036,2026-07-06 00:00:00,LENGKAP,2026-07-07 01:28:00,'AA64490541,4,
2026-07-06 00:00:00,88811940036,2026-07-06 00:00:00,LENGKAP,2026-07-07 01:28:00,'AA64490542,6,
2026-07-06 00:00:00,88811940036,2026-07-06 00:00:00,LENGKAP,2026-07-07 01:28:00,'AA69471167,6,
2026-07-05 00:00:00,JTRKOE7864842,2026-07-05 00:00:00,LENGKAP,,'AA64585545,16,
2026-07-05 00:00:00,JTRKOE7864842,2026-07-05 00:00:00,LENGKAP,,'AA64585546,18,
2026-07-05 00:00:00,JTRKOE7864842,2026-07-05 00:00:00,LENGKAP,,'AA64585547,11,
2026-07-05 00:00:00,JTRKOE7864842,2026-07-05 00:00:00,LENGKAP,,'AA64585548,4,
2026-07-05 00:00:00,JTRKOE7864842,2026-07-05 00:00:00,LENGKAP,,'AA64585549,23,
2026-07-05 00:00:00,JTRKOE7864842,2026-07-05 00:00:00,LENGKAP,,'AA64585550,8,
2026-07-05 00:00:00,JTRKOE7864842,2026-07-05 00:00:00,LENGKAP,,'AA64585551,9,
2026-07-05 00:00:00,JTRKOE7864842,2026-07-05 00:00:00,LENGKAP,,'AA64585552,8,
2026-07-05 00:00:00,JTRKOE7864842,2026-07-05 00:00:00,LENGKAP,,'AA64585553,1,
2026-07-05 00:00:00,JTRKOE7864842,2026-07-05 00:00:00,LENGKAP,,'AA64585554,16,
2026-07-05 00:00:00,JTRKOE7864842,2026-07-05 00:00:00,LENGKAP,,'AA64585555,10,
2026-07-05 00:00:00,JTRKOE7864842,2026-07-05 00:00:00,LENGKAP,,'AA64585557,10,
2026-07-05 00:00:00,JTRKOE7864842,2026-07-05 00:00:00,LENGKAP,,'AA64585558,6,
2026-07-05 00:00:00,JTRKOE7864842,2026-07-05 00:00:00,LENGKAP,,'AA64585559,17,
2026-07-05 00:00:00,JTRKOE7864842,2026-07-05 00:00:00,LENGKAP,,'AA64585560,15,
2026-07-05 00:00:00,JTRKOE8241203,2026-07-05 00:00:00,LENGKAP,,'360100031259626,1,
2026-07-05 00:00:00,JTRKOE8241203,2026-07-05 00:00:00,LENGKAP,,'360100031304126,1,
2026-07-05 00:00:00,JTRKOE8241203,2026-07-05 00:00:00,LENGKAP,,'360100031445126,1,
2026-07-05 00:00:00,JTRKOE8241203,2026-07-05 00:00:00,LENGKAP,,'360100031463826,1,
2026-07-05 00:00:00,JTRKOE8241203,2026-07-05 00:00:00,LENGKAP,,'360100031578026,1,
2026-07-05 00:00:00,JTRKOE8241203,2026-07-05 00:00:00,LENGKAP,,'360140009392226,1,
2026-07-05 00:00:00,JTRKOE8241203,2026-07-05 00:00:00,LENGKAP,,'360160006054226,1,
2026-07-05 00:00:00,JTRKOE8241203,2026-07-05 00:00:00,LENGKAP,,'360540005204426,1,
2026-07-05 00:00:00,JTRKOE8241203,2026-07-05 00:00:00,LENGKAP,,'8000109631497,1,
2026-07-05 00:00:00,JTRKOE8241203,2026-07-05 00:00:00,LENGKAP,,'8000109631558,1,
2026-07-05 00:00:00,JTRKOE8241203,2026-07-05 00:00:00,LENGKAP,,'8000109631589,1,
2026-07-05 00:00:00,JTRKOE8241203,2026-07-05 00:00:00,LENGKAP,,'KOEEC02404922626,1,
2026-07-05 00:00:00,JTRKOE8241203,2026-07-05 00:00:00,LENGKAP,,'KOEEC02404961826,1,
2026-07-05 00:00:00,JTRKOE8241203,2026-07-05 00:00:00,LENGKAP,,'KOEEC02406543226,1,
2026-07-05 00:00:00,JTRKOE8241203,2026-07-05 00:00:00,LENGKAP,,'KOEEC02406553026,1,
2026-07-05 00:00:00,JTRKOE8241203,2026-07-05 00:00:00,LENGKAP,,'TR81305085,5,
2026-07-05 00:00:00,JTRKOE8241203,2026-07-05 00:00:00,LENGKAP,,'TR81305086,3,
2026-07-05 00:00:00,JTRKOE8241203,2026-07-05 00:00:00,LENGKAP,,'TR81305130,3,
2026-07-05 00:00:00,JTRKOE8241203,2026-07-05 00:00:00,LENGKAP,,'TR81305134,2,
2026-07-05 00:00:00,JTRKOE8241205,2026-07-05 00:00:00,LENGKAP,,'KOEEC02407413926,1,
2026-07-05 00:00:00,JTRKOE8241205,2026-07-05 00:00:00,LENGKAP,,'TR81305124,5,
2026-07-05 00:00:00,JTRKOE8241205,2026-07-05 00:00:00,LENGKAP,,'TR81305125,3,
2026-07-05 00:00:00,JTRKOE8241205,2026-07-05 00:00:00,LENGKAP,,'TR81305128,4,
2026-07-05 00:00:00,JTRKOE8241206,2026-07-05 00:00:00,LENGKAP,,'2600100798002M01,1,
2026-07-05 00:00:00,JTRKOE8241206,2026-07-05 00:00:00,LENGKAP,,'2600100798002M02,1,
2026-07-05 00:00:00,JTRKOE8241206,2026-07-05 00:00:00,LENGKAP,,'360100031446026,1,
2026-07-05 00:00:00,JTRKOE8241206,2026-07-05 00:00:00,LENGKAP,,'360100031577126,1,
2026-07-05 00:00:00,JTRKOE8241206,2026-07-05 00:00:00,LENGKAP,,'360220007830926,1,
2026-07-05 00:00:00,JTRKOE8241206,2026-07-05 00:00:00,LENGKAP,,'8000109631510,1,
2026-07-06 00:00:00,93801113814,2026-07-06 00:00:00,LENGKAP,2026-07-06 13:49:00,'AA69471172,5,
2026-07-06 00:00:00,93801113814,2026-07-06 00:00:00,LENGKAP,2026-07-06 13:49:00,'AD102696516,1,
2026-07-06 00:00:00,93801113814,2026-07-06 00:00:00,LENGKAP,2026-07-06 13:49:00,'YS15281250,1,
2026-07-06 00:00:00,99000948076,2026-07-06 00:00:00,LENGKAP,2026-07-06 11:58:00,'AA69471169,2,
2026-07-06 00:00:00,99000948076,2026-07-06 00:00:00,LENGKAP,2026-07-06 11:58:00,'AD102696515,9,
2026-07-06 00:00:00,99000948076,2026-07-06 00:00:00,LENGKAP,2026-07-06 11:58:00,'YS15281251,1,
2026-07-06 00:00:00,99000948135,2026-07-06 00:00:00,LENGKAP,2026-07-07 09:46:00,'AA69471166,4,
2026-07-06 00:00:00,99000956594,2026-07-06 00:00:00,LENGKAP,2026-07-06 21:52:00,'YS15281242,5,
2026-07-06 00:00:00,99000956594,2026-07-06 00:00:00,LENGKAP,2026-07-06 21:52:00,'YS15281252,1,
2026-07-06 00:00:00,ABU016041,2026-07-06 00:00:00,LENGKAP,2026-07-06 22:35:00,'AD99200041,1,
2026-07-06 00:00:00,ABU043068,2026-07-06 00:00:00,LENGKAP,2026-07-07 09:27:00,'AD99200043,1,
2026-07-06 00:00:00,ABU043068,2026-07-06 00:00:00,LENGKAP,2026-07-07 09:27:00,'AD99200044,1,
2026-07-06 00:00:00,ABU043068,2026-07-06 00:00:00,LENGKAP,2026-07-07 09:27:00,'AD99200045,1,
2026-07-06 00:00:00,ABU043068,2026-07-06 00:00:00,LENGKAP,2026-07-07 09:27:00,'AD99200046,1,
2026-07-06 00:00:00,ABU043068,2026-07-06 00:00:00,LENGKAP,2026-07-07 09:27:00,'AD99200047,1,
2026-07-06 00:00:00,ABU043068,2026-07-06 00:00:00,LENGKAP,2026-07-07 09:27:00,'AD99200048,1,
2026-07-06 00:00:00,ABU043068,2026-07-06 00:00:00,LENGKAP,2026-07-07 09:27:00,'AD99200049,1,
2026-07-06 00:00:00,ABU043068,2026-07-06 00:00:00,LENGKAP,2026-07-07 09:27:00,'AD99200050,1,
2026-07-06 00:00:00,ABU043068,2026-07-06 00:00:00,LENGKAP,2026-07-07 09:27:00,'AD99200051,1,
2026-07-06 00:00:00,ABU043068,2026-07-06 00:00:00,LENGKAP,2026-07-07 09:27:00,'AD99200052,1,
2026-07-06 00:00:00,ABU043068,2026-07-06 00:00:00,LENGKAP,2026-07-07 09:27:00,'AD99200053,1,
2026-07-06 00:00:00,ABU043068,2026-07-06 00:00:00,LENGKAP,2026-07-07 09:27:00,'AD99200054,1,
2026-07-06 00:00:00,ABU043068,2026-07-06 00:00:00,LENGKAP,2026-07-07 09:27:00,'AD99200055,1,
2026-07-06 00:00:00,ABU043068,2026-07-06 00:00:00,LENGKAP,2026-07-07 09:27:00,'AD99200056,1,
2026-07-06 00:00:00,ABU043068,2026-07-06 00:00:00,LENGKAP,2026-07-07 09:27:00,'AD99200057,1,
2026-07-06 00:00:00,ABU043068,2026-07-06 00:00:00,LENGKAP,2026-07-07 09:27:00,'AD99200058,1,
2026-07-06 00:00:00,ABU043068,2026-07-06 00:00:00,LENGKAP,2026-07-07 09:27:00,'AD99200059,1,
2026-07-06 00:00:00,ABU043068,2026-07-06 00:00:00,LENGKAP,2026-07-07 09:27:00,'AD99200060,1,
2026-07-06 00:00:00,ABU043068,2026-07-06 00:00:00,LENGKAP,2026-07-07 09:27:00,'AD99200061,1,
2026-07-06 00:00:00,ABU043068,2026-07-06 00:00:00,LENGKAP,2026-07-07 09:27:00,'AD99200062,1,
2026-07-06 00:00:00,ABU043068,2026-07-06 00:00:00,LENGKAP,2026-07-07 09:27:00,'AD99200063,1,
2026-07-06 00:00:00,ABU043068,2026-07-06 00:00:00,LENGKAP,2026-07-07 09:27:00,'AD99200064,1,
2026-07-06 00:00:00,ABU043068,2026-07-06 00:00:00,LENGKAP,2026-07-07 09:27:00,'AD99200065,1,
2026-07-06 00:00:00,ABU043068,2026-07-06 00:00:00,LENGKAP,2026-07-07 09:27:00,'AD99200066,1,
2026-07-06 00:00:00,ABU043068,2026-07-06 00:00:00,LENGKAP,2026-07-07 09:27:00,'AD99200067,1,
2026-07-06 00:00:00,ABU043068,2026-07-06 00:00:00,LENGKAP,2026-07-07 09:27:00,'AD99200068,1,
2026-07-06 00:00:00,ABU043068,2026-07-06 00:00:00,LENGKAP,2026-07-07 09:27:00,'AD99200075,1,
2026-07-06 00:00:00,ABU043068,2026-07-06 00:00:00,LENGKAP,2026-07-07 09:27:00,'TR51638742,1,
2026-07-05 00:00:00,JTRKOE8241206,2026-07-05 00:00:00,LENGKAP,,'KOEEC02407392726,1,
2026-07-05 00:00:00,JTRKOE8241206,2026-07-05 00:00:00,LENGKAP,,'KOEEC02407712726,1,
2026-07-05 00:00:00,JTRKOE8241206,2026-07-05 00:00:00,LENGKAP,,'TR64766652,1,
2026-07-05 00:00:00,JTRKOE8241206,2026-07-05 00:00:00,LENGKAP,,'TR81305126,4,
2026-07-05 00:00:00,JTRKOE8241206,2026-07-05 00:00:00,LENGKAP,,'TR81305132,3,
2026-07-05 00:00:00,JTRKOE8241207,2026-07-05 00:00:00,LENGKAP,,'KOEEC02407423726,1,
2026-07-05 00:00:00,JTRKOE8241207,2026-07-05 00:00:00,LENGKAP,,'KOEEC02407433526,1,
2026-07-05 00:00:00,KEF0507261,2026-07-05 00:00:00,LENGKAP,,'AA63886321,1,
2026-07-05 00:00:00,KEF0507261,2026-07-05 00:00:00,LENGKAP,,'AA63886322,1,
2026-07-06 00:00:00,JTRKOE7864843,2026-07-06 00:00:00,LENGKAP,2026-07-07 09:41:00,'360100031383526,1,
2026-07-06 00:00:00,JTRKOE7864843,2026-07-06 00:00:00,LENGKAP,2026-07-07 09:41:00,'AA64585622,25,
2026-07-06 00:00:00,JTRKOE7864843,2026-07-06 00:00:00,LENGKAP,2026-07-07 09:41:00,'AA64585626,15,
2026-07-06 00:00:00,JTRKOE7864843,2026-07-06 00:00:00,LENGKAP,2026-07-07 09:41:00,'AA64585777,26,
2026-07-06 00:00:00,JTRKOE7864843,2026-07-06 00:00:00,LENGKAP,2026-07-07 09:41:00,'AA64585778,18,
2026-07-05 00:00:00,KEF0507261,2026-07-05 00:00:00,LENGKAP,,'AA63886323,1,
2026-07-05 00:00:00,KEF0507261,2026-07-05 00:00:00,LENGKAP,,'AA63886324,1,
2026-07-05 00:00:00,KEF0507261,2026-07-05 00:00:00,LENGKAP,,'AA63886325,1,
2026-07-05 00:00:00,KEF0507261,2026-07-05 00:00:00,LENGKAP,,'AA63886326,1,
2026-07-05 00:00:00,KEF0507261,2026-07-05 00:00:00,LENGKAP,,'AA63886327,1,
2026-07-05 00:00:00,KEF0507261,2026-07-05 00:00:00,LENGKAP,,'AA63886328,1,
2026-07-05 00:00:00,KEF0507261,2026-07-05 00:00:00,LENGKAP,,'AA63886329,1,
2026-07-05 00:00:00,KEF0507261,2026-07-05 00:00:00,LENGKAP,,'AA63886330,1,
2026-07-05 00:00:00,KEF0507261,2026-07-05 00:00:00,LENGKAP,,'AA63886331,1,
2026-07-05 00:00:00,KEF0507261,2026-07-05 00:00:00,LENGKAP,,'TR00041185,1,
2026-07-05 00:00:00,KOE0607202602,2026-07-05 00:00:00,LENGKAP,2026-07-05 21:52:00,'AA64490547,7,
2026-07-05 00:00:00,KOE0607202602,2026-07-05 00:00:00,LENGKAP,2026-07-05 21:52:00,'AD104114492,3,
2026-07-05 00:00:00,KOE0607202602,2026-07-05 00:00:00,LENGKAP,2026-07-05 21:52:00,'KOEAA03666959126,1,
2026-07-05 00:00:00,KOE0607202607,2026-07-05 00:00:00,LENGKAP,2026-07-05 21:52:00,'AA64490546,1,
2026-07-05 00:00:00,MLA8578208,2026-07-05 00:00:00,LENGKAP,,'AA72283675,1,
2026-07-05 00:00:00,MLA8578208,2026-07-05 00:00:00,LENGKAP,,'AA72283676,1,
2026-07-05 00:00:00,MLA8578208,2026-07-05 00:00:00,LENGKAP,,'AA72283677,1,
2026-07-05 00:00:00,MLA8578208,2026-07-05 00:00:00,LENGKAP,,'AA72283678,1,
2026-07-05 00:00:00,MLA8578208,2026-07-05 00:00:00,LENGKAP,,'AA72283679,1,
2026-07-05 00:00:00,MLA8578208,2026-07-05 00:00:00,LENGKAP,,'AA72283680,1,
2026-07-05 00:00:00,MLA8578209,2026-07-05 00:00:00,LENGKAP,,'AD106441230,3,
2026-07-07 00:00:00,JTRKOE8241201,2026-07-04 00:00:00,LENGKAP,,'2600095232602M01,1,
2026-07-07 00:00:00,JTRKOE8241201,2026-07-04 00:00:00,LENGKAP,,'2600095232602M02,1,
2026-07-05 00:00:00,TMC8109487,2026-07-05 00:00:00,LENGKAP,2026-07-05 17:13:00,'AD106506785,1,
2026-07-07 00:00:00,JTRKOE8241201,2026-07-04 00:00:00,LENGKAP,,'2600096422402M01,1,
2026-07-07 00:00:00,JTRKOE8241201,2026-07-04 00:00:00,LENGKAP,,'2600096422402M02,1,
2026-07-07 00:00:00,JTRKOE8241201,2026-07-04 00:00:00,LENGKAP,,'2600096726703M01,1,
2026-07-07 00:00:00,JTRKOE8241201,2026-07-04 00:00:00,LENGKAP,,'2600096726703M02,1,
2026-07-07 00:00:00,JTRKOE8241201,2026-07-04 00:00:00,LENGKAP,,'2600096726703M03,1,
2026-07-07 00:00:00,JTRKOE8241201,2026-07-04 00:00:00,LENGKAP,,'2600096732902M01,1,
2026-07-07 00:00:00,JTRKOE8241201,2026-07-04 00:00:00,LENGKAP,,'2600096732902M02,1,
2026-07-07 00:00:00,JTRKOE8241201,2026-07-04 00:00:00,LENGKAP,,'2600098212402M01,1,
2026-07-07 00:00:00,JTRKOE8241201,2026-07-04 00:00:00,LENGKAP,,'2600098212402M02,1,
2026-07-07 00:00:00,JTRKOE8241201,2026-07-04 00:00:00,LENGKAP,,'2600098332902M01,1,
2026-07-07 00:00:00,JTRKOE8241201,2026-07-04 00:00:00,LENGKAP,,'2600098332902M02,1,
2026-07-07 00:00:00,JTRKOE8241201,2026-07-04 00:00:00,LENGKAP,,'360020003693626,1,
2026-07-05 00:00:00,WGP8218370,2026-07-06 00:00:00,LENGKAP,2026-07-05 17:45:00,'360700011791726,1,
2026-07-05 00:00:00,WGP8218370,2026-07-06 00:00:00,LENGKAP,2026-07-05 17:45:00,'AA63886277,1,
2026-07-05 00:00:00,WGP8218370,2026-07-06 00:00:00,LENGKAP,2026-07-05 17:45:00,'AA64585602,8,
2026-07-05 00:00:00,WGP8218370,2026-07-06 00:00:00,LENGKAP,2026-07-05 17:45:00,'AA64588978,14,
2026-07-06 00:00:00,51300106186LBJ,2026-07-06 00:00:00,LENGKAP,2026-07-06 08:07:00,'YS40164509,6,
2026-07-06 00:00:00,51300106245ENE,2026-07-06 00:00:00,LENGKAP,2026-07-06 08:07:00,'AA64490553,11,
2026-07-06 00:00:00,51300106245ENE,2026-07-06 00:00:00,LENGKAP,2026-07-06 08:07:00,'AA64490564,13,
2026-07-06 00:00:00,51300106245ENE,2026-07-06 00:00:00,LENGKAP,2026-07-06 08:07:00,'AA64490565,16,
2026-07-06 00:00:00,51300106245ENE,2026-07-06 00:00:00,LENGKAP,2026-07-06 08:07:00,'AA64490569,1,
2026-07-06 00:00:00,88811940003,2026-07-06 00:00:00,LENGKAP,2026-07-06 06:50:00,'AA69471150,1,
2026-07-06 00:00:00,88811940003,2026-07-06 00:00:00,LENGKAP,2026-07-06 06:50:00,'AA69471157,2,
2026-07-06 00:00:00,88811940003,2026-07-06 00:00:00,LENGKAP,2026-07-06 06:50:00,'AA69471159,17,
2026-07-06 00:00:00,88811940003,2026-07-06 00:00:00,LENGKAP,2026-07-06 06:50:00,'AA69471160,4,
2026-07-06 00:00:00,88811940003,2026-07-06 00:00:00,LENGKAP,2026-07-06 06:50:00,'AA69471163,6,
2026-07-06 00:00:00,88811940003,2026-07-06 00:00:00,LENGKAP,2026-07-06 06:50:00,'AA69471171,25,
2026-07-06 00:00:00,88811940003,2026-07-06 00:00:00,LENGKAP,2026-07-06 06:50:00,'AA69471174,1,
2026-07-06 00:00:00,88811940003,2026-07-06 00:00:00,LENGKAP,2026-07-06 06:50:00,'AD102696501,1,
2026-07-06 00:00:00,88811940003,2026-07-06 00:00:00,LENGKAP,2026-07-06 06:50:00,'AD102696507,1,
2026-07-06 00:00:00,88811940003,2026-07-06 00:00:00,LENGKAP,2026-07-06 06:50:00,'AD99200009,1,
2026-07-06 00:00:00,ABU071,2026-07-06 00:00:00,LENGKAP,2026-07-07 10:48:00,'AD99200071,8,
2026-07-06 00:00:00,ABU0722,2026-07-06 00:00:00,LENGKAP,2026-07-07 08:16:00,'AD99200072,1,
2026-07-06 00:00:00,ABU741039,2026-07-06 00:00:00,LENGKAP,2026-07-06 21:02:00,'AD99200023,1,
2026-07-06 00:00:00,ABU741039,2026-07-06 00:00:00,LENGKAP,2026-07-06 21:02:00,'AD99200039,1,
2026-07-06 00:00:00,ABU741039,2026-07-06 00:00:00,LENGKAP,2026-07-06 21:02:00,'AD99200042,1,
2026-07-06 00:00:00,ABU741039,2026-07-06 00:00:00,LENGKAP,2026-07-06 21:02:00,'TR51638741,1,
2026-07-06 00:00:00,ABU741042,2026-07-06 00:00:00,LENGKAP,,'AD99200069,12,
2026-07-06 00:00:00,ABU741042,2026-07-06 00:00:00,LENGKAP,,'AD99200070,1,
2026-07-06 00:00:00,JTRKOE8241208,2026-07-06 00:00:00,LENGKAP,2026-07-06 08:06:00,'AA64490584,11,
2026-07-07 00:00:00,JTRKOE8241201,2026-07-04 00:00:00,LENGKAP,,'360100030062526,1,
2026-07-07 00:00:00,JTRKOE8241201,2026-07-04 00:00:00,LENGKAP,,'360100030193726,1,
2026-07-07 00:00:00,JTRKOE8241201,2026-07-04 00:00:00,LENGKAP,,'360100030203526,1,
2026-07-07 00:00:00,JTRKOE8241201,2026-07-04 00:00:00,LENGKAP,,'360100030251626,1,
2026-07-07 00:00:00,JTRKOE8241201,2026-07-04 00:00:00,LENGKAP,,'360100030502326,1,
2026-07-07 00:00:00,JTRKOE8241201,2026-07-04 00:00:00,LENGKAP,,'360100030513026,1,
2026-07-07 00:00:00,JTRKOE8241201,2026-07-04 00:00:00,LENGKAP,,'360100030520126,1,
2026-07-07 00:00:00,JTRKOE8241201,2026-07-04 00:00:00,LENGKAP,,'360100030644226,1,
2026-07-07 00:00:00,JTRKOE8241201,2026-07-04 00:00:00,LENGKAP,,'360100030851026,1,
2026-07-07 00:00:00,JTRKOE8241201,2026-07-04 00:00:00,LENGKAP,,'360100030852926,1,
2026-07-07 00:00:00,JTRKOE8241201,2026-07-04 00:00:00,LENGKAP,,'360100030970626,1,
2026-07-06 00:00:00,KEF0607262,2026-07-06 00:00:00,LENGKAP,2026-07-06 20:57:00,'AD106585268,8,
2026-07-06 00:00:00,KEF0607262,2026-07-06 00:00:00,LENGKAP,2026-07-06 20:57:00,'AD106585269,1,
2026-07-06 00:00:00,KEF0607262,2026-07-06 00:00:00,LENGKAP,2026-07-06 20:57:00,'AD106585270,1,
2026-07-07 00:00:00,JTRKOE8241201,2026-07-04 00:00:00,LENGKAP,,'360100030973326,1,
2026-07-06 00:00:00,KEF0607264,2026-07-06 00:00:00,LENGKAP,,'AD106585272,2,
2026-07-06 00:00:00,KOE060720261,2026-07-06 00:00:00,LENGKAP,2026-07-06 12:07:00,'AA69471173,9,
2026-07-06 00:00:00,KOE060720263,2026-07-06 00:00:00,LENGKAP,2026-07-07 10:49:00,'AA69471175,8,
2026-07-07 00:00:00,JTRKOE8241201,2026-07-04 00:00:00,LENGKAP,,'360100031028626,1,
2026-07-07 00:00:00,JTRKOE8241201,2026-07-04 00:00:00,LENGKAP,,'360100031034826,1,
2026-07-07 00:00:00,JTRKOE8241201,2026-07-04 00:00:00,LENGKAP,,'360100031060526,1,
2026-07-07 00:00:00,JTRKOE8241201,2026-07-04 00:00:00,LENGKAP,,'360100031092726,1,
2026-07-07 00:00:00,JTRKOE8241201,2026-07-04 00:00:00,LENGKAP,,'360100031206026,1,
2026-07-07 00:00:00,JTRKOE8241201,2026-07-04 00:00:00,LENGKAP,,'360100031216826,1,
2026-07-07 00:00:00,JTRKOE8241201,2026-07-04 00:00:00,LENGKAP,,'360100031231926,1,
2026-07-07 00:00:00,JTRKOE8241201,2026-07-04 00:00:00,LENGKAP,,'360100031233726,1,
2026-07-07 00:00:00,JTRKOE8241201,2026-07-04 00:00:00,LENGKAP,,'360140005858724,1,
2026-07-07 00:00:00,JTRKOE8241201,2026-07-04 00:00:00,LENGKAP,,'360140009910526,1,
2026-07-07 00:00:00,JTRKOE8241201,2026-07-04 00:00:00,LENGKAP,,'360140009995326,1,
2026-07-06 00:00:00,MLA8578214,2026-07-06 00:00:00,LENGKAP,2026-07-07 10:50:00,'AD106441234,1,
2026-07-06 00:00:00,MLA8578215,2026-07-06 00:00:00,LENGKAP,2026-07-07 08:14:00,'AD106441235,2,
2026-07-06 00:00:00,MLA8578215,2026-07-06 00:00:00,LENGKAP,2026-07-07 08:14:00,'AD106441236,1,
2026-07-06 00:00:00,MLA8578216,2026-07-06 00:00:00,LENGKAP,2026-07-06 14:44:00,'AD106441237,1,
2026-07-06 00:00:00,SAB8610135,2026-07-06 00:00:00,LENGKAP,2026-07-07 09:59:00,'AD106506814,1,
2026-07-06 00:00:00,SAB8610135,2026-07-06 00:00:00,LENGKAP,2026-07-07 09:59:00,'AD106506815,1,
2026-07-06 00:00:00,SAB8610135,2026-07-06 00:00:00,LENGKAP,2026-07-07 09:59:00,'AD106506816,1,
2026-07-06 00:00:00,SAB8610135,2026-07-06 00:00:00,LENGKAP,2026-07-07 09:59:00,'AD106506817,1,
2026-07-06 00:00:00,SAB8610135,2026-07-06 00:00:00,LENGKAP,2026-07-07 09:59:00,'AD106506818,1,
2026-07-06 00:00:00,SAB8610135,2026-07-06 00:00:00,LENGKAP,2026-07-07 09:59:00,'AD106506819,1,
2026-07-06 00:00:00,SAB8610135,2026-07-06 00:00:00,LENGKAP,2026-07-07 09:59:00,'AD106506820,1,
2026-07-06 00:00:00,SAB8610135,2026-07-06 00:00:00,LENGKAP,2026-07-07 09:59:00,'AD106506821,1,
2026-07-06 00:00:00,SAB8610135,2026-07-06 00:00:00,LENGKAP,2026-07-07 09:59:00,'AD106506822,1,
2026-07-06 00:00:00,SAB8610135,2026-07-06 00:00:00,LENGKAP,2026-07-07 09:59:00,'AD106506823,1,
2026-07-06 00:00:00,SAB8610135,2026-07-06 00:00:00,LENGKAP,2026-07-07 09:59:00,'AD106506824,1,
2026-07-06 00:00:00,SAB8610135,2026-07-06 00:00:00,LENGKAP,2026-07-07 09:59:00,'AD106506825,1,
2026-07-06 00:00:00,SAB8610135,2026-07-06 00:00:00,LENGKAP,2026-07-07 09:59:00,'AD106506826,1,
2026-07-06 00:00:00,SAB8610135,2026-07-06 00:00:00,LENGKAP,2026-07-07 09:59:00,'AD106506827,1,
2026-07-06 00:00:00,SAB8610135,2026-07-06 00:00:00,LENGKAP,2026-07-07 09:59:00,'AD106506828,1,
2026-07-06 00:00:00,SAB8610135,2026-07-06 00:00:00,LENGKAP,2026-07-07 09:59:00,'AD106506829,1,
2026-07-06 00:00:00,SAB8610135,2026-07-06 00:00:00,LENGKAP,2026-07-07 09:59:00,'AD106506830,1,
2026-07-06 00:00:00,SAB8610135,2026-07-06 00:00:00,LENGKAP,2026-07-07 09:59:00,'AD106506831,1,
2026-07-06 00:00:00,SAB8610135,2026-07-06 00:00:00,LENGKAP,2026-07-07 09:59:00,'AD106506832,1,
2026-07-06 00:00:00,SAB8610135,2026-07-06 00:00:00,LENGKAP,2026-07-07 09:59:00,'AD106506833,1,
2026-07-06 00:00:00,SAB8610135,2026-07-06 00:00:00,LENGKAP,2026-07-07 09:59:00,'AD106506834,1,
2026-07-06 00:00:00,SAB8610135,2026-07-06 00:00:00,LENGKAP,2026-07-07 09:59:00,'AD106506835,1,
2026-07-06 00:00:00,SAB8610135,2026-07-06 00:00:00,LENGKAP,2026-07-07 09:59:00,'AD106506836,1,
2026-07-06 00:00:00,SAB8610135,2026-07-06 00:00:00,LENGKAP,2026-07-07 09:59:00,'AD106506837,1,
2026-07-06 00:00:00,SAB8610135,2026-07-06 00:00:00,LENGKAP,2026-07-07 09:59:00,'AD106506838,1,
2026-07-06 00:00:00,SAB8610135,2026-07-06 00:00:00,LENGKAP,2026-07-07 09:59:00,'AD106506839,1,
2026-07-06 00:00:00,SAB8610135,2026-07-06 00:00:00,LENGKAP,2026-07-07 09:59:00,'AD106506840,1,
2026-07-06 00:00:00,SAB8610135,2026-07-06 00:00:00,LENGKAP,2026-07-07 09:59:00,'AD106506841,1,
2026-07-06 00:00:00,SAB8610135,2026-07-06 00:00:00,LENGKAP,2026-07-07 09:59:00,'AD106506842,1,
2026-07-06 00:00:00,SAB8610135,2026-07-06 00:00:00,LENGKAP,2026-07-07 09:59:00,'AD106506843,1,
2026-07-06 00:00:00,SAB8610135,2026-07-06 00:00:00,LENGKAP,2026-07-07 09:59:00,'AD106506844,1,
2026-07-06 00:00:00,SAB8610135,2026-07-06 00:00:00,LENGKAP,2026-07-07 09:59:00,'AD106506845,1,
2026-07-06 00:00:00,SAB8610135,2026-07-06 00:00:00,LENGKAP,2026-07-07 09:59:00,'AD106506846,1,
2026-07-06 00:00:00,SAB8610135,2026-07-06 00:00:00,LENGKAP,2026-07-07 09:59:00,'AD106506847,1,
2026-07-06 00:00:00,SAB8610135,2026-07-06 00:00:00,LENGKAP,2026-07-07 09:59:00,'AD106506848,1,
2026-07-06 00:00:00,SAB8610135,2026-07-06 00:00:00,LENGKAP,2026-07-07 09:59:00,'AD106506849,1,
2026-07-06 00:00:00,SAB8610135,2026-07-06 00:00:00,LENGKAP,2026-07-07 09:59:00,'AD106506850,1,
2026-07-06 00:00:00,SAB8610135,2026-07-06 00:00:00,LENGKAP,2026-07-07 09:59:00,'AD106506851,1,
2026-07-06 00:00:00,SOE8578502,2026-07-06 00:00:00,LENGKAP,2026-07-06 12:55:00,'AD106442389,1,
2026-07-06 00:00:00,SOE8578504,2026-07-06 00:00:00,LENGKAP,2026-07-06 20:52:00,'AA64482634,1,
2026-07-06 00:00:00,SOE8578504,2026-07-06 00:00:00,LENGKAP,2026-07-06 20:52:00,'AA64482635,1,
2026-07-06 00:00:00,SOE8578504,2026-07-06 00:00:00,LENGKAP,2026-07-06 20:52:00,'AD106442391,1,
2026-07-06 00:00:00,SOE8578504,2026-07-06 00:00:00,LENGKAP,2026-07-06 20:52:00,'AD106442392,3,
2026-07-06 00:00:00,SOE8578505,2026-07-06 00:00:00,LENGKAP,2026-07-06 17:18:00,'AD106442393,1,
2026-07-06 00:00:00,KEF0607261,2026-07-06 00:00:00,LENGKAP,2026-07-06 22:38:00,'AA63886347,1,
2026-07-06 00:00:00,KEF0607261,2026-07-06 00:00:00,LENGKAP,2026-07-06 22:38:00,'TR00041187,1,
2026-07-06 00:00:00,KEF0607261,2026-07-06 00:00:00,LENGKAP,2026-07-06 22:38:00,'TR00041188,1,
2026-07-06 00:00:00,TMC8242457,2026-07-06 00:00:00,LENGKAP,2026-07-06 22:48:00,'AD99250180,1,
2026-07-06 00:00:00,TMC8242457,2026-07-06 00:00:00,LENGKAP,2026-07-06 22:48:00,'AD99250192,2,
2026-07-06 00:00:00,WBK3345197,2026-07-06 00:00:00,LENGKAP,2026-07-06 22:48:00,'AD106339532,1,
2026-07-07 00:00:00,JTRKOE8241201,2026-07-04 00:00:00,LENGKAP,,'360140009996226,1,
2026-07-07 00:00:00,JTRKOE8241201,2026-07-04 00:00:00,LENGKAP,,'360160005793026,1,
2026-07-06 00:00:00,KEF0607265,2026-07-06 00:00:00,LENGKAP,2026-07-07 09:42:00,'AA63886348,1,
2026-07-06 00:00:00,KEF0607265,2026-07-06 00:00:00,LENGKAP,2026-07-07 09:42:00,'AA63886349,1,
2026-07-06 00:00:00,KEF0607265,2026-07-06 00:00:00,LENGKAP,2026-07-07 09:42:00,'AA63886350,1,
2026-07-06 00:00:00,KEF0607265,2026-07-06 00:00:00,LENGKAP,2026-07-07 09:42:00,'AA63886351,1,
2026-07-06 00:00:00,KEF0607265,2026-07-06 00:00:00,LENGKAP,2026-07-07 09:42:00,'AA63886352,1,
2026-07-06 00:00:00,KEF0607265,2026-07-06 00:00:00,LENGKAP,2026-07-07 09:42:00,'AA63886353,1,
2026-07-06 00:00:00,KEF0607265,2026-07-06 00:00:00,LENGKAP,2026-07-07 09:42:00,'AA63886354,1,
2026-07-06 00:00:00,KEF0607265,2026-07-06 00:00:00,LENGKAP,2026-07-07 09:42:00,'AA63886355,1,
2026-07-06 00:00:00,KEF0607265,2026-07-06 00:00:00,LENGKAP,2026-07-07 09:42:00,'AA63886356,1,
2026-07-06 00:00:00,KEF0607265,2026-07-06 00:00:00,LENGKAP,2026-07-07 09:42:00,'AA63886357,1,
2026-07-06 00:00:00,KEF0607265,2026-07-06 00:00:00,LENGKAP,2026-07-07 09:42:00,'AA63886358,1,
2026-07-06 00:00:00,KEF0607265,2026-07-06 00:00:00,LENGKAP,2026-07-07 09:42:00,'AA63886359,1,
2026-07-06 00:00:00,KEF0607265,2026-07-06 00:00:00,LENGKAP,2026-07-07 09:42:00,'AA63886360,1,
2026-07-06 00:00:00,KEF0607265,2026-07-06 00:00:00,LENGKAP,2026-07-07 09:42:00,'AA63886361,1,
2026-07-06 00:00:00,KEF0607265,2026-07-06 00:00:00,LENGKAP,2026-07-07 09:42:00,'AA63886362,1,
2026-07-06 00:00:00,KEF0607265,2026-07-06 00:00:00,LENGKAP,2026-07-07 09:42:00,'AA63886363,1,
2026-07-06 00:00:00,KEF0607265,2026-07-06 00:00:00,LENGKAP,2026-07-07 09:42:00,'AA63886364,1,
2026-07-06 00:00:00,KEF0607265,2026-07-06 00:00:00,LENGKAP,2026-07-07 09:42:00,'AA63886365,1,
2026-07-06 00:00:00,KEF0607265,2026-07-06 00:00:00,LENGKAP,2026-07-07 09:42:00,'TR00041189,6,
2026-07-06 00:00:00,KEF0607266,2026-07-06 00:00:00,LENGKAP,2026-07-07 08:27:00,'AD106585273,4,
2026-07-06 00:00:00,KEF0607266,2026-07-06 00:00:00,LENGKAP,2026-07-07 08:27:00,'AD106585274,1,
2026-07-06 00:00:00,KEF0607266,2026-07-06 00:00:00,LENGKAP,2026-07-07 08:27:00,'AD106585275,1,
2026-07-06 00:00:00,KEF0607266,2026-07-06 00:00:00,LENGKAP,2026-07-07 08:27:00,'AD106585277,1,
2026-07-07 00:00:00,JTRKOE8241201,2026-07-04 00:00:00,LENGKAP,,'360170002600826,1,
2026-07-07 00:00:00,JTRKOE8241201,2026-07-04 00:00:00,LENGKAP,,'360220007595426,1,
2026-07-06 00:00:00,KOE060720262,2026-07-06 00:00:00,LENGKAP,2026-07-07 10:57:00,'AA69471176,11,
2026-07-07 00:00:00,JTRKOE8241201,2026-07-04 00:00:00,LENGKAP,,'360220007734626,1,
2026-07-06 00:00:00,KOE060720264,2026-07-06 00:00:00,LENGKAP,2026-07-06 15:13:00,'AA69471178,2,
2026-07-07 00:00:00,JTRKOE8241201,2026-07-04 00:00:00,LENGKAP,,'360240016568426,1,
2026-07-06 00:00:00,KOE471042,2026-07-06 00:00:00,LENGKAP,2026-07-07 00:27:00,'AA69471042,3,
2026-07-06 00:00:00,KOE776026,2026-07-06 00:00:00,LENGKAP,2026-07-07 00:27:00,'360100031776026,1,
2026-07-07 00:00:00,JTRKOE8241201,2026-07-04 00:00:00,LENGKAP,,'360240016729026,1,
2026-07-07 00:00:00,JTRKOE8241201,2026-07-04 00:00:00,LENGKAP,,'360290017358526,1,
2026-07-07 00:00:00,JTRKOE8241201,2026-07-04 00:00:00,LENGKAP,,'360290017687726,1,
2026-07-07 00:00:00,JTRKOE8241201,2026-07-04 00:00:00,LENGKAP,,'360290017704626,1,
2026-07-07 00:00:00,JTRKOE8241201,2026-07-04 00:00:00,LENGKAP,,'360290017866026,1,
2026-07-07 00:00:00,JTRKOE8241201,2026-07-04 00:00:00,LENGKAP,,'360340005152826,1,
2026-07-07 00:00:00,JTRKOE8241201,2026-07-04 00:00:00,LENGKAP,,'360340005340126,1,
2026-07-07 00:00:00,JTRKOE8241201,2026-07-04 00:00:00,LENGKAP,,'360340005559726,1,
2026-07-07 00:00:00,JTRKOE8241201,2026-07-04 00:00:00,LENGKAP,,'360340006335626,1,
2026-07-07 00:00:00,JTRKOE8241201,2026-07-04 00:00:00,LENGKAP,,'360340006393526,1,
2026-07-07 00:00:00,JTRKOE8241201,2026-07-04 00:00:00,LENGKAP,,'360340006619326,1,
2026-07-07 00:00:00,JTRKOE8241201,2026-07-04 00:00:00,LENGKAP,,'360440000843326,1,
2026-07-07 00:00:00,JTRKOE8241201,2026-07-04 00:00:00,LENGKAP,,'360520006710326,1,
2026-07-07 00:00:00,JTRKOE8241201,2026-07-04 00:00:00,LENGKAP,,'360540005151726,1,
2026-07-06 00:00:00,OLS0607202602,2026-07-06 00:00:00,LENGKAP,2026-07-06 23:39:00,'AD104095800,1,
2026-07-06 00:00:00,OLS06072603,2026-07-06 00:00:00,LENGKAP,2026-07-07 10:52:00,'AD104095796,1,
2026-07-06 00:00:00,OLS06072604,2026-07-06 00:00:00,LENGKAP,2026-07-07 10:58:00,'AD104095795,1,
2026-07-07 00:00:00,JTRKOE8241201,2026-07-04 00:00:00,LENGKAP,,'360540005188426,1,
2026-07-07 00:00:00,JTRKOE8241201,2026-07-04 00:00:00,LENGKAP,,'360680000537326,1,
2026-07-07 00:00:00,JTRKOE8241201,2026-07-04 00:00:00,LENGKAP,,'360730000575626,1,
2026-07-07 00:00:00,JTRKOE8241201,2026-07-04 00:00:00,LENGKAP,,'AA72283583,1,
2026-07-07 00:00:00,JTRKOE8241201,2026-07-04 00:00:00,LENGKAP,,'CSS3601180814334,1,
2026-07-07 00:00:00,JTRKOE8241201,2026-07-04 00:00:00,LENGKAP,,'FP-3550485496,1,
2026-07-07 00:00:00,JTRKOE8241201,2026-07-04 00:00:00,LENGKAP,,'JT00527269743,1,
2026-07-07 00:00:00,JTRKOE8241201,2026-07-04 00:00:00,LENGKAP,,'JT18949060410,1,
2026-07-07 00:00:00,JTRKOE8241201,2026-07-04 00:00:00,LENGKAP,,'JT20225421871,1,
2026-07-07 00:00:00,JTRKOE8241201,2026-07-04 00:00:00,LENGKAP,,'JT21074745863,1,
2026-07-07 00:00:00,JTRKOE8241201,2026-07-04 00:00:00,LENGKAP,,'JT21842177920,1,
2026-07-07 00:00:00,JTRKOE8241201,2026-07-04 00:00:00,LENGKAP,,'JT32083815081,1,
2026-07-07 00:00:00,JTRKOE8241201,2026-07-04 00:00:00,LENGKAP,,'JT32805684612,1,
2026-07-07 00:00:00,JTRKOE8241201,2026-07-04 00:00:00,LENGKAP,,'JT41359361921,1,
2026-07-07 00:00:00,JTRKOE8241201,2026-07-04 00:00:00,LENGKAP,,'JT45794864268,1,
2026-07-07 00:00:00,JTRKOE8241201,2026-07-04 00:00:00,LENGKAP,,'JT51909638694,1,
2026-07-07 00:00:00,JTRKOE8241201,2026-07-04 00:00:00,LENGKAP,,'JT52279527874,1,
2026-07-07 00:00:00,JTRKOE8241201,2026-07-04 00:00:00,LENGKAP,,'JT56013833726,1,
2026-07-07 00:00:00,JTRKOE8241201,2026-07-04 00:00:00,LENGKAP,,'JT57730459913,1,
2026-07-07 00:00:00,JTRKOE8241201,2026-07-04 00:00:00,LENGKAP,,'JT62548961760,1,
2026-07-07 00:00:00,JTRKOE8241201,2026-07-04 00:00:00,LENGKAP,,'JT64715457788,1,
2026-07-07 00:00:00,JTRKOE8241201,2026-07-04 00:00:00,LENGKAP,,'JT72427769828,1,
2026-07-07 00:00:00,JTRKOE8241201,2026-07-04 00:00:00,LENGKAP,,'JT77438620101,1,
2026-07-07 00:00:00,JTRKOE8241201,2026-07-04 00:00:00,LENGKAP,,'JT79080718114,1,
2026-07-07 00:00:00,JTRKOE8241201,2026-07-04 00:00:00,LENGKAP,,'JT81916582452,1,
2026-07-07 00:00:00,JTRKOE8241201,2026-07-04 00:00:00,LENGKAP,,'JT86844259900,1,
2026-07-07 00:00:00,JTRKOE8241201,2026-07-04 00:00:00,LENGKAP,,'JT88954431861,1,
2026-07-07 00:00:00,JTRKOE8241201,2026-07-04 00:00:00,LENGKAP,,'JT93700907616,1,
2026-07-07 00:00:00,JTRKOE8241201,2026-07-04 00:00:00,LENGKAP,,'JT94257587930,1,
2026-07-07 00:00:00,JTRKOE8241201,2026-07-04 00:00:00,LENGKAP,,'KOEBM00452643626,1,
2026-07-07 00:00:00,JTRKOE8241201,2026-07-04 00:00:00,LENGKAP,,'KOEEC02395622126,1,
2026-07-07 00:00:00,JTRKOE8241201,2026-07-04 00:00:00,LENGKAP,,'KOEEC02400525426,1,
2026-07-07 00:00:00,JTRKOE8241201,2026-07-04 00:00:00,OFF KOEEC02400535226-2C BELUM MASUK,,'KOEEC02400535226,1,FU TEAM SUX BY ADM.FIRSTMILE
2026-07-07 00:00:00,JTRKOE8241201,2026-07-04 00:00:00,LENGKAP,,'KOEEC02400982626,1,
2026-07-07 00:00:00,JTRKOE8241201,2026-07-04 00:00:00,LENGKAP,,'KOEEC02401325926,1,
2026-07-07 00:00:00,JTRKOE8241201,2026-07-04 00:00:00,LENGKAP,,'KOEEC02402534626,1,
2026-07-07 00:00:00,JTRKOE8241201,2026-07-04 00:00:00,LENGKAP,,'KOEEC02403852726,1,
2026-07-07 00:00:00,JTRKOE8241201,2026-07-04 00:00:00,LENGKAP,,'RTKOE26014892444,1,
2026-07-06 00:00:00,SOE8109749,2026-07-06 00:00:00,LENGKAP,2026-07-06 22:45:00,'AA64482638,2,
2026-07-06 00:00:00,SOE8578501,2026-07-06 00:00:00,LENGKAP,2026-07-07 10:58:00,'AD106442388,1,
2026-07-07 00:00:00,JTRKOE8241201,2026-07-04 00:00:00,LENGKAP,,'TR00041172,1,
2026-07-06 00:00:00,SOE8578503,2026-07-06 00:00:00,LENGKAP,2026-07-07 10:53:00,'AD106442390,1,
2026-07-07 00:00:00,JTRKOE8241201,2026-07-04 00:00:00,LENGKAP,,'TR00041173,1,
2026-07-07 00:00:00,JTRKOE8241201,2026-07-04 00:00:00,LENGKAP,,'TR00041175,1,
2026-07-07 00:00:00,JTRKOE8241201,2026-07-04 00:00:00,LENGKAP,,'TR00041176,1,
2026-07-07 00:00:00,JTRKOE8241201,2026-07-04 00:00:00,LENGKAP,,'TR00041178,1,
2026-07-07 00:00:00,JTRKOE8241201,2026-07-04 00:00:00,LENGKAP,,'TR00041179,1,
2026-07-06 00:00:00,SOE8578506,2026-07-06 00:00:00,LENGKAP,2026-07-07 09:04:00,'AD106442394,1,
2026-07-06 00:00:00,TMC8242456,2026-07-06 00:00:00,LENGKAP,2026-07-07 08:34:00,'AD99250182,1,
2026-07-07 00:00:00,JTRKOE8241201,2026-07-04 00:00:00,LENGKAP,,'TR00041180,1,
2026-07-07 00:00:00,JTRKOE8241201,2026-07-04 00:00:00,LENGKAP,,'TR00041181,1,
2026-07-06 00:00:00,WBK3345196,2026-07-06 00:00:00,LENGKAP,2026-07-07 08:33:00,'AD106339531,1,
2026-07-07 00:00:00,JTRKOE8241201,2026-07-04 00:00:00,LENGKAP,,'TR42322586,1,
2026-07-06 00:00:00,WGP8218373,2026-07-07 00:00:00,LENGKAP,2026-07-07 09:35:00,'AD97568177,1,
2026-07-06 00:00:00,WKB8610823,2026-07-06 00:00:00,LENGKAP,2026-07-06 21:56:00,'TR42322588,1,
2026-07-06 00:00:00,WKB8610823,2026-07-06 00:00:00,LENGKAP,2026-07-06 21:56:00,'TR42322609,1,
2026-07-07 00:00:00,JTRKOE8241201,2026-07-04 00:00:00,LENGKAP,,'TR51637113,1,
2026-07-07 00:00:00,JTRKOE8241201,2026-07-04 00:00:00,LENGKAP,,'TR51637115,1,
2026-07-07 00:00:00,JTRKOE8241201,2026-07-04 00:00:00,LENGKAP,,'TR51637117,1,
2026-07-07 00:00:00,JTRKOE8241201,2026-07-04 00:00:00,LENGKAP,,'TR51638715,1,
2026-07-07 00:00:00,JTRKOE8241201,2026-07-04 00:00:00,LENGKAP,,'TR51638716,1,
2026-07-07 00:00:00,JTRKOE8241201,2026-07-04 00:00:00,LENGKAP,,'TR51638717,1,
2026-07-07 00:00:00,JTRKOE8241201,2026-07-04 00:00:00,LENGKAP,,'TR51638719,1,
2026-07-07 00:00:00,JTRKOE8241201,2026-07-04 00:00:00,LENGKAP,,'TR51638721,1,
2026-07-07 00:00:00,JTRKOE8241201,2026-07-04 00:00:00,LENGKAP,,'TR51638722,1,
2026-07-07 00:00:00,JTRKOE8241201,2026-07-04 00:00:00,LENGKAP,,'TR51638723,1,
2026-07-07 00:00:00,JTRKOE8241201,2026-07-04 00:00:00,LENGKAP,,'TR51638725,1,
2026-07-07 00:00:00,JTRKOE8241201,2026-07-04 00:00:00,LENGKAP,,'TR51638726,1,
2026-07-07 00:00:00,JTRKOE8241201,2026-07-04 00:00:00,LENGKAP,,'TR51638727,1,
2026-07-07 00:00:00,JTRKOE8241201,2026-07-04 00:00:00,LENGKAP,,'TR51638730,1,
2026-07-07 00:00:00,JTRKOE8241201,2026-07-04 00:00:00,LENGKAP,,'TR51638731,1,
2026-07-07 00:00:00,JTRKOE8241201,2026-07-04 00:00:00,LENGKAP,,'TR64766646,1,
2026-07-07 00:00:00,JTRKOE8241201,2026-07-04 00:00:00,LENGKAP,,'TR64766648,1,
2026-07-07 00:00:00,JTRKOE8241201,2026-07-04 00:00:00,LENGKAP,,'TR64766649,1,
2026-07-07 00:00:00,99000967293,2026-07-07 00:00:00,LENGKAP,2026-07-07 11:13:00,'YS40164510,15,
2026-07-07 00:00:00,99000967293,2026-07-07 00:00:00,LENGKAP,2026-07-07 11:13:00,'YT1267461,10,
2026-07-07 00:00:00,99000967293,2026-07-07 00:00:00,LENGKAP,2026-07-07 11:13:00,'YT1267462,5,
2026-07-07 00:00:00,ABU076743,2026-07-07 00:00:00,LENGKAP,2026-07-07 21:59:00,'AD99200076,1,
2026-07-07 00:00:00,ABU076743,2026-07-07 00:00:00,LENGKAP,2026-07-07 21:59:00,'AD99200077,1,
2026-07-07 00:00:00,ABU076743,2026-07-07 00:00:00,LENGKAP,2026-07-07 21:59:00,'AD99200078,1,
2026-07-07 00:00:00,ABU076743,2026-07-07 00:00:00,LENGKAP,2026-07-07 21:59:00,'AD99200079,1,
2026-07-07 00:00:00,ABU076743,2026-07-07 00:00:00,LENGKAP,2026-07-07 21:59:00,'AD99200080,1,
2026-07-07 00:00:00,ABU076743,2026-07-07 00:00:00,LENGKAP,2026-07-07 21:59:00,'AD99200081,1,
2026-07-07 00:00:00,ABU076743,2026-07-07 00:00:00,LENGKAP,2026-07-07 21:59:00,'AD99200082,1,
2026-07-07 00:00:00,ABU076743,2026-07-07 00:00:00,LENGKAP,2026-07-07 21:59:00,'AD99200083,1,
2026-07-07 00:00:00,ABU076743,2026-07-07 00:00:00,LENGKAP,2026-07-07 21:59:00,'AD99200084,1,
2026-07-07 00:00:00,ABU076743,2026-07-07 00:00:00,LENGKAP,2026-07-07 21:59:00,'AD99200085,1,
2026-07-07 00:00:00,ABU076743,2026-07-07 00:00:00,LENGKAP,2026-07-07 21:59:00,'AD99200086,1,
2026-07-07 00:00:00,ABU076743,2026-07-07 00:00:00,LENGKAP,2026-07-07 21:59:00,'AD99200087,1,
2026-07-07 00:00:00,ABU076743,2026-07-07 00:00:00,LENGKAP,2026-07-07 21:59:00,'AD99200088,1,
2026-07-07 00:00:00,ABU076743,2026-07-07 00:00:00,LENGKAP,2026-07-07 21:59:00,'AD99200089,1,
2026-07-07 00:00:00,ABU076743,2026-07-07 00:00:00,LENGKAP,2026-07-07 21:59:00,'AD99200090,1,
2026-07-07 00:00:00,ABU076743,2026-07-07 00:00:00,LENGKAP,2026-07-07 21:59:00,'AD99200091,1,
2026-07-07 00:00:00,ABU076743,2026-07-07 00:00:00,LENGKAP,2026-07-07 21:59:00,'AD99200092,1,
2026-07-07 00:00:00,ABU076743,2026-07-07 00:00:00,LENGKAP,2026-07-07 21:59:00,'AD99200093,1,
2026-07-07 00:00:00,ABU076743,2026-07-07 00:00:00,LENGKAP,2026-07-07 21:59:00,'AD99200094,1,
2026-07-07 00:00:00,ABU076743,2026-07-07 00:00:00,LENGKAP,2026-07-07 21:59:00,'AD99200095,1,
2026-07-07 00:00:00,ABU076743,2026-07-07 00:00:00,LENGKAP,2026-07-07 21:59:00,'AD99200096,1,
2026-07-07 00:00:00,ABU076743,2026-07-07 00:00:00,LENGKAP,2026-07-07 21:59:00,'TR51638743,1,
2026-07-07 00:00:00,JTRKOE8241201,2026-07-04 00:00:00,LENGKAP,,'TR64766650,2,
2026-07-07 00:00:00,JTRKOE8241201,2026-07-04 00:00:00,LENGKAP,,'TR64995107,1,
2026-07-07 00:00:00,JTRKOE8241202,2026-07-04 00:00:00,LENGKAP,,'360020003575926,1,
2026-07-07 00:00:00,ABU744745,2026-07-07 00:00:00,LENGKAP,2026-07-08 10:18:00,'TR51638744,1,
2026-07-07 00:00:00,ABU744745,2026-07-07 00:00:00,LENGKAP,2026-07-08 10:18:00,'TR51638745,1,
2026-07-07 00:00:00,JTRKOE8241202,2026-07-04 00:00:00,LENGKAP,,'360100030205326,1,
2026-07-07 00:00:00,JTRKOE8241202,2026-07-04 00:00:00,LENGKAP,,'360100030863626,1,
2026-07-07 00:00:00,JTRKOE8241202,2026-07-04 00:00:00,LENGKAP,,'360540004977226,1,
2026-07-07 00:00:00,JTRKOE8241202,2026-07-04 00:00:00,LENGKAP,,'TR64995106,1,
2026-07-05 00:00:00,MLA8578210,2026-07-05 00:00:00,LENGKAP,,'AD106441233,1,
2026-07-05 00:00:00,MLA8578211,2026-07-05 00:00:00,LENGKAP,,'AD106441231,4,
2026-07-05 00:00:00,JTRKOE7864841,2026-07-06 00:00:00,LENGKAP,2026-07-06 08:06:00,'AA64585614,28,
2026-07-05 00:00:00,JTRKOE7864841,2026-07-06 00:00:00,LENGKAP,2026-07-06 08:06:00,'AA64585629,17,
2026-07-05 00:00:00,JTRKOE7864841,2026-07-06 00:00:00,LENGKAP,2026-07-06 08:06:00,'AA64585630,6,
2026-07-05 00:00:00,JTRKOE7864841,2026-07-06 00:00:00,LENGKAP,2026-07-06 08:06:00,'AA64585631,22,
2026-07-05 00:00:00,JTRKOE7864841,2026-07-06 00:00:00,LENGKAP,2026-07-06 08:06:00,'AA64585632,16,
2026-07-05 00:00:00,JTRKOE7864841,2026-07-06 00:00:00,LENGKAP,2026-07-06 08:06:00,'AA64585633,20,
2026-07-05 00:00:00,JTRKOE7864841,2026-07-06 00:00:00,LENGKAP,2026-07-06 08:06:00,'AA64585637,7,
2026-07-05 00:00:00,JTRKOE7864841,2026-07-06 00:00:00,LENGKAP,2026-07-06 08:06:00,'AA64585638,8,
2026-07-05 00:00:00,JTRKOE7864841,2026-07-06 00:00:00,LENGKAP,2026-07-06 08:06:00,'AA64585780,1,
2026-07-05 00:00:00,JTRKOE8241204,2026-07-06 00:00:00,LENGKAP,2026-07-06 08:06:00,'360100031443326,1,
2026-07-05 00:00:00,JTRKOE8241204,2026-07-06 00:00:00,LENGKAP,2026-07-06 08:06:00,'TR81305140,2,
2026-07-05 00:00:00,JTRKOE8241204,2026-07-06 00:00:00,LENGKAP,2026-07-06 08:06:00,'TR81305144,2,
2026-07-06 00:00:00,JTRKOE82412091,2026-07-06 00:00:00,LENGKAP,2026-07-06 08:06:00,'AA64490550,13,
2026-07-06 00:00:00,JTRKOE82412091,2026-07-06 00:00:00,LENGKAP,2026-07-06 08:06:00,'AA64490570,1,
2026-07-06 00:00:00,JTRKOE82412091,2026-07-06 00:00:00,LENGKAP,2026-07-06 08:06:00,'AA64490571,17,
2026-07-06 00:00:00,JTRKOE82412091,2026-07-06 00:00:00,LENGKAP,2026-07-06 08:06:00,'TR51638737,1,
2026-07-06 00:00:00,JTRKOE8610382,2026-07-06 00:00:00,LENGKAP,2026-07-06 02:02:00,'AD104114010,5,
2026-07-06 00:00:00,JTRKOE8610382,2026-07-06 00:00:00,LENGKAP,2026-07-06 02:02:00,'AD104114020,4,
2026-07-06 00:00:00,JTRKOE8610382,2026-07-06 00:00:00,LENGKAP,2026-07-06 02:02:00,'AD104114021,12,
2026-07-06 00:00:00,JTRKOE8610382,2026-07-06 00:00:00,LENGKAP,2026-07-06 02:02:00,'AD104114022,2,
2026-07-06 00:00:00,JTRKOE8610382,2026-07-06 00:00:00,LENGKAP,2026-07-06 02:02:00,'AD104114023,3,
2026-07-06 00:00:00,JTRKOE8610382,2026-07-06 00:00:00,LENGKAP,2026-07-06 02:02:00,'AD104114024,2,
2026-07-06 00:00:00,KAI060726SS01,2026-07-06 00:00:00,LENGKAP,2026-07-06 10:47:00,'TR51637120,1,
2026-07-06 00:00:00,KEF0607263,2026-07-06 00:00:00,LENGKAP,2026-07-07 08:18:00,'AD106585271,2,
2026-07-06 00:00:00,KOE060720265,2026-07-06 00:00:00,LENGKAP,2026-07-06 12:08:00,'AA69471177,5,
2026-07-06 00:00:00,MLA8578213,2026-07-06 00:00:00,LENGKAP,2026-07-06 14:43:00,'AA72283681,1,
2026-07-06 00:00:00,MLA8578213,2026-07-06 00:00:00,LENGKAP,2026-07-06 14:43:00,'AA72283682,1,
2026-07-06 00:00:00,MLA8578213,2026-07-06 00:00:00,LENGKAP,2026-07-06 14:43:00,'AA72283683,1,
2026-07-06 00:00:00,MLA8578213,2026-07-06 00:00:00,LENGKAP,2026-07-06 14:43:00,'AA72283684,1,
2026-07-06 00:00:00,MLA8578213,2026-07-06 00:00:00,LENGKAP,2026-07-06 14:43:00,'AA72283685,1,
2026-07-06 00:00:00,MLA8578213,2026-07-06 00:00:00,LENGKAP,2026-07-06 14:43:00,'AA72283686,1,
2026-07-06 00:00:00,MLA8578213,2026-07-06 00:00:00,LENGKAP,2026-07-06 14:43:00,'AA72283687,1,
2026-07-06 00:00:00,MLA8578213,2026-07-06 00:00:00,LENGKAP,2026-07-06 14:43:00,'AA72283688,1,
2026-07-06 00:00:00,MLA8578213,2026-07-06 00:00:00,LENGKAP,2026-07-06 14:43:00,'AA72283689,1,
2026-07-06 00:00:00,MLA8578213,2026-07-06 00:00:00,LENGKAP,2026-07-06 14:43:00,'AA72283690,1,
2026-07-06 00:00:00,51300108485ENE,2026-07-07 00:00:00,LENGKAP,2026-07-07 09:26:00,'YS15284628,30,
2026-07-06 00:00:00,51300108496LBJ,2026-07-07 00:00:00,LENGKAP,2026-07-07 09:26:00,'YS15284629,24,
2026-07-06 00:00:00,51300108640LKA,2026-07-07 00:00:00,LENGKAP,2026-07-07 09:26:00,'AA64585818,22,
2026-07-06 00:00:00,51300108640LKA,2026-07-07 00:00:00,LENGKAP,2026-07-07 09:26:00,'AA64585819,21,
2026-07-06 00:00:00,51300108640LKA,2026-07-07 00:00:00,LENGKAP,2026-07-07 09:26:00,'AA64585825,1,
2026-07-06 00:00:00,51300108706,2026-07-07 00:00:00,LENGKAP,,'AA72299463,25,
2026-07-06 00:00:00,51300108706,2026-07-07 00:00:00,LENGKAP,,'AA72299464,8,
2026-07-06 00:00:00,51300108732,2026-07-07 00:00:00,LENGKAP,,'AA72299459,18,
2026-07-06 00:00:00,51300108732,2026-07-07 00:00:00,LENGKAP,,'AA72299460,14,
2026-07-06 00:00:00,88811961202,2026-07-07 00:00:00,LENGKAP,,'AA69471180,4,
2026-07-06 00:00:00,88811961202,2026-07-07 00:00:00,LENGKAP,,'AA69471182,25,
2026-07-06 00:00:00,88811961202,2026-07-07 00:00:00,LENGKAP,,'AA69471184,19,
2026-07-06 00:00:00,88811961202,2026-07-07 00:00:00,LENGKAP,,'AA69471186,20,
2026-07-06 00:00:00,88811961202,2026-07-07 00:00:00,LENGKAP,,'AA69471188,14,
2026-07-06 00:00:00,88811961202,2026-07-07 00:00:00,LENGKAP,,'AA69471190,5,
2026-07-06 00:00:00,88811961202,2026-07-07 00:00:00,LENGKAP,,'AA69471191,21,
2026-07-06 00:00:00,88811961202,2026-07-07 00:00:00,LENGKAP,,'AA69471192,2,
2026-07-06 00:00:00,88811961202,2026-07-07 00:00:00,LENGKAP,,'AA69471193,4,
2026-07-06 00:00:00,88811961202,2026-07-07 00:00:00,LENGKAP,,'AA69471194,1,
2026-07-06 00:00:00,88811961202,2026-07-07 00:00:00,LENGKAP,,'AA69471195,7,
2026-07-06 00:00:00,88811961202,2026-07-07 00:00:00,LENGKAP,,'AA69471196,11,
2026-07-06 00:00:00,88811961202,2026-07-07 00:00:00,LENGKAP,,'AD99200016,1,
2026-07-06 00:00:00,88811961202,2026-07-07 00:00:00,LENGKAP,,'YT1820438,19,
2026-07-06 00:00:00,88811961202,2026-07-07 00:00:00,LENGKAP,,'YT1820448,6,
2026-07-06 00:00:00,88811961272,2026-07-07 00:00:00,LENGKAP,2017-01-28 11:20:00,'AA64490562,34,
2026-07-06 00:00:00,88811961272,2026-07-07 00:00:00,LENGKAP,2017-01-28 11:20:00,'AA64490575,2,
2026-07-06 00:00:00,88811961272,2026-07-07 00:00:00,LENGKAP,2017-01-28 11:20:00,'AA64490576,23,
2026-07-06 00:00:00,88811961272,2026-07-07 00:00:00,LENGKAP,2017-01-28 11:20:00,'AA64490577,6,
2026-07-06 00:00:00,88811961272,2026-07-07 00:00:00,LENGKAP,2017-01-28 11:20:00,'AA64490578,6,
2026-07-06 00:00:00,88811961272,2026-07-07 00:00:00,LENGKAP,2017-01-28 11:20:00,'AA64490579,8,
2026-07-06 00:00:00,88811961272,2026-07-07 00:00:00,LENGKAP,2017-01-28 11:20:00,'AA64490585,8,
2026-07-06 00:00:00,88811961272,2026-07-07 00:00:00,LENGKAP,2017-01-28 11:20:00,'AA64490586,10,
2026-07-06 00:00:00,88811961272,2026-07-07 00:00:00,LENGKAP,2017-01-28 11:20:00,'AA64490587,12,
2026-07-06 00:00:00,88811961272,2026-07-07 00:00:00,LENGKAP,2017-01-28 11:20:00,'AA64490588,1,
2026-07-06 00:00:00,88811961272,2026-07-07 00:00:00,LENGKAP,2017-01-28 11:20:00,'AA64490589,11,
2026-07-06 00:00:00,88811961272,2026-07-07 00:00:00,LENGKAP,2017-01-28 11:20:00,'AD99242014,33,
2026-07-06 00:00:00,88811961272,2026-07-07 00:00:00,LENGKAP,2017-01-28 11:20:00,'AD99242017,9,
2026-07-06 00:00:00,88811961342,2026-07-07 00:00:00,LENGKAP,,'AD102696525,1,
2026-07-06 00:00:00,88811961342,2026-07-07 00:00:00,LENGKAP,,'AD99242015,28,
2026-07-06 00:00:00,88811961342,2026-07-07 00:00:00,LENGKAP,,'AD99242016,13,
2026-07-06 00:00:00,88811961342,2026-07-07 00:00:00,LENGKAP,,'AD99242018,5,
2026-07-06 00:00:00,88811961342,2026-07-07 00:00:00,LENGKAP,,'AD99250590,1,
2026-07-06 00:00:00,88811961390,2026-07-07 00:00:00,LENGKAP,,'AA69471189,14,
2026-07-06 00:00:00,88811961390,2026-07-07 00:00:00,LENGKAP,,'YS15281237,1,
2026-07-06 00:00:00,88811961390,2026-07-07 00:00:00,LENGKAP,,'YS15281239,29,
2026-07-06 00:00:00,88811961390,2026-07-07 00:00:00,LENGKAP,,'YS15281240,37,
2026-07-06 00:00:00,88811961390,2026-07-07 00:00:00,LENGKAP,,'YS15281241,1,
2026-07-06 00:00:00,88811961390,2026-07-07 00:00:00,LENGKAP,,'YS15281243,1,
2026-07-06 00:00:00,88811961390,2026-07-07 00:00:00,LENGKAP,,'YS15281244,9,
2026-07-06 00:00:00,88811961390,2026-07-07 00:00:00,LENGKAP,,'YS15281253,30,
2026-07-06 00:00:00,88811961390,2026-07-07 00:00:00,LENGKAP,,'YS15281254,18,
2026-07-06 00:00:00,88811961390,2026-07-07 00:00:00,LENGKAP,,'YT1820433,9,
2026-07-06 00:00:00,88811961390,2026-07-07 00:00:00,LENGKAP,,'YT1820434,7,
2026-07-06 00:00:00,ABU0744,2026-07-07 00:00:00,LENGKAP,2026-07-07 10:53:00,'AD99200074,2,
2026-07-06 00:00:00,KEF0607267,2026-07-07 00:00:00,LENGKAP,2026-07-07 10:54:00,'AD106585276,1,
2026-07-07 00:00:00,ABU097099,2026-07-07 00:00:00,LENGKAP,2026-07-07 20:27:00,'AD99200097,1,
2026-07-07 00:00:00,ABU097099,2026-07-07 00:00:00,LENGKAP,2026-07-07 20:27:00,'AD99200098,1,
2026-07-07 00:00:00,ABU097099,2026-07-07 00:00:00,LENGKAP,2026-07-07 20:27:00,'AD99200099,1,
2026-07-07 00:00:00,ABUSSLN070726,2026-07-07 00:00:00,LENGKAP,2026-07-07 12:24:00,'AD99200100,1,
2026-07-07 00:00:00,ABUSSLN070726,2026-07-07 00:00:00,LENGKAP,2026-07-07 12:24:00,'AD99200101,1,
2026-07-07 00:00:00,ABUSSLN070726,2026-07-07 00:00:00,LENGKAP,2026-07-07 12:24:00,'AD99200102,1,
2026-07-07 00:00:00,ABUSSLN070726,2026-07-07 00:00:00,LENGKAP,2026-07-07 12:24:00,'AD99200103,1,
2026-07-07 00:00:00,ABUSSLN070726,2026-07-07 00:00:00,LENGKAP,2026-07-07 12:24:00,'AD99200104,1,
2026-07-07 00:00:00,ABUSSLN070726,2026-07-07 00:00:00,LENGKAP,2026-07-07 12:24:00,'AD99200105,1,
2026-07-07 00:00:00,JTRKAI8219742,2026-07-07 00:00:00,LENGKAP,2026-07-07 17:18:00,'AA56461941,1,
2026-07-07 00:00:00,JTRKAI8219742,2026-07-07 00:00:00,LENGKAP,2026-07-07 17:18:00,'AA56461942,1,
2026-07-07 00:00:00,JTRKAI8219742,2026-07-07 00:00:00,LENGKAP,2026-07-07 17:18:00,'AD99176143,1,
2026-07-07 00:00:00,JTRKAI8219742,2026-07-07 00:00:00,LENGKAP,2026-07-07 17:18:00,'AD99176144,1,
2026-07-07 00:00:00,JTRKAI8219742,2026-07-07 00:00:00,LENGKAP,2026-07-07 17:18:00,'AD99176145,1,
2026-07-07 00:00:00,JTRKAI8219742,2026-07-07 00:00:00,LENGKAP,2026-07-07 17:18:00,'AD99176146,1,
2026-07-07 00:00:00,JTRKAI8219742,2026-07-07 00:00:00,LENGKAP,2026-07-07 17:18:00,'AD99176147,1,
2026-07-07 00:00:00,JTRKAI8219742,2026-07-07 00:00:00,LENGKAP,2026-07-07 17:18:00,'AD99176148,1,
2026-07-07 00:00:00,JTRKAI8219742,2026-07-07 00:00:00,LENGKAP,2026-07-07 17:18:00,'AD99176149,1,
2026-07-07 00:00:00,JTRKAI8219742,2026-07-07 00:00:00,LENGKAP,2026-07-07 17:18:00,'AD99176150,1,
2026-07-07 00:00:00,JTRKAI8219742,2026-07-07 00:00:00,LENGKAP,2026-07-07 17:18:00,'AD99176151,1,
2026-07-07 00:00:00,JTRKAI8219742,2026-07-07 00:00:00,LENGKAP,2026-07-07 17:18:00,'AD99176152,1,
2026-07-07 00:00:00,JTRKAI8219742,2026-07-07 00:00:00,LENGKAP,2026-07-07 17:18:00,'AD99176153,1,
2026-07-07 00:00:00,JTRKAI8219742,2026-07-07 00:00:00,LENGKAP,2026-07-07 17:18:00,'AD99176154,1,
2026-07-07 00:00:00,JTRKAI8219742,2026-07-07 00:00:00,LENGKAP,2026-07-07 17:18:00,'AD99176155,1,
2026-07-07 00:00:00,JTRKAI8219742,2026-07-07 00:00:00,LENGKAP,2026-07-07 17:18:00,'AD99176156,1,
2026-07-07 00:00:00,JTRKAI8219742,2026-07-07 00:00:00,LENGKAP,2026-07-07 17:18:00,'AD99176157,1,
2026-07-07 00:00:00,JTRKAI8219742,2026-07-07 00:00:00,LENGKAP,2026-07-07 17:18:00,'AD99176158,1,
2026-07-07 00:00:00,JTRKAI8219742,2026-07-07 00:00:00,LENGKAP,2026-07-07 17:18:00,'AD99176159,1,
2026-07-07 00:00:00,JTRKAI8219742,2026-07-07 00:00:00,LENGKAP,2026-07-07 17:18:00,'AD99176160,1,
2026-07-07 00:00:00,JTRKAI8219742,2026-07-07 00:00:00,LENGKAP,2026-07-07 17:18:00,'AD99176161,1,
2026-07-07 00:00:00,JTRKAI8219742,2026-07-07 00:00:00,LENGKAP,2026-07-07 17:18:00,'AD99176162,1,
2026-07-07 00:00:00,JTRKAI8219742,2026-07-07 00:00:00,LENGKAP,2026-07-07 17:18:00,'AD99176163,1,
2026-07-07 00:00:00,JTRKAI8219742,2026-07-07 00:00:00,LENGKAP,2026-07-07 17:18:00,'AD99176164,1,
2026-07-07 00:00:00,JTRKAI8219742,2026-07-07 00:00:00,LENGKAP,2026-07-07 17:18:00,'AD99176165,1,
2026-07-07 00:00:00,JTRKAI8219742,2026-07-07 00:00:00,LENGKAP,2026-07-07 17:18:00,'AD99176166,1,
2026-07-07 00:00:00,JTRKAI8219742,2026-07-07 00:00:00,LENGKAP,2026-07-07 17:18:00,'AD99176167,1,
2026-07-07 00:00:00,JTRKAI8219742,2026-07-07 00:00:00,LENGKAP,2026-07-07 17:18:00,'AD99176168,1,
2026-07-07 00:00:00,JTRKAI8219742,2026-07-07 00:00:00,LENGKAP,2026-07-07 17:18:00,'AD99176169,1,
2026-07-07 00:00:00,JTRKAI8219742,2026-07-07 00:00:00,LENGKAP,2026-07-07 17:18:00,'AD99176170,1,
2026-07-07 00:00:00,JTRKAI8219742,2026-07-07 00:00:00,LENGKAP,2026-07-07 17:18:00,'AD99176171,1,
2026-07-07 00:00:00,JTRKAI8219742,2026-07-07 00:00:00,LENGKAP,2026-07-07 17:18:00,'AD99176172,1,
2026-07-07 00:00:00,JTRKAI8219742,2026-07-07 00:00:00,LENGKAP,2026-07-07 17:18:00,'AD99176173,1,
2026-07-07 00:00:00,JTRKAI8219742,2026-07-07 00:00:00,LENGKAP,2026-07-07 17:18:00,'AD99176174,1,
2026-07-07 00:00:00,JTRKAI8219742,2026-07-07 00:00:00,LENGKAP,2026-07-07 17:18:00,'AD99176175,1,
2026-07-07 00:00:00,JTRKAI8219742,2026-07-07 00:00:00,LENGKAP,2026-07-07 17:18:00,'AD99176176,1,
2026-07-07 00:00:00,JTRKAI8219742,2026-07-07 00:00:00,LENGKAP,2026-07-07 17:18:00,'AD99176177,1,
2026-07-07 00:00:00,JTRKAI8219742,2026-07-07 00:00:00,LENGKAP,2026-07-07 17:18:00,'AD99176178,1,
2026-07-07 00:00:00,JTRKAI8219742,2026-07-07 00:00:00,LENGKAP,2026-07-07 17:18:00,'AD99176179,1,
2026-07-07 00:00:00,JTRKAI8219742,2026-07-07 00:00:00,LENGKAP,2026-07-07 17:18:00,'AD99176180,1,
2026-07-07 00:00:00,JTRKAI8219742,2026-07-07 00:00:00,LENGKAP,2026-07-07 17:18:00,'AD99176181,1,
2026-07-07 00:00:00,JTRKAI8219742,2026-07-07 00:00:00,LENGKAP,2026-07-07 17:18:00,'AD99176182,1,
2026-07-07 00:00:00,JTRKAI8219742,2026-07-07 00:00:00,LENGKAP,2026-07-07 17:18:00,'AD99176183,1,
2026-07-07 00:00:00,JTRKAI8219742,2026-07-07 00:00:00,LENGKAP,2026-07-07 17:18:00,'AD99176184,1,
2026-07-07 00:00:00,JTRKAI8219742,2026-07-07 00:00:00,LENGKAP,2026-07-07 17:18:00,'AD99176185,1,
2026-07-07 00:00:00,JTRKAI8219742,2026-07-07 00:00:00,LENGKAP,2026-07-07 17:18:00,'AD99176186,1,
2026-07-07 00:00:00,JTRKAI8219742,2026-07-07 00:00:00,LENGKAP,2026-07-07 17:18:00,'AD99176187,1,
2026-07-07 00:00:00,JTRKAI8219742,2026-07-07 00:00:00,LENGKAP,2026-07-07 17:18:00,'AD99176188,1,
2026-07-07 00:00:00,JTRKAI8219742,2026-07-07 00:00:00,LENGKAP,2026-07-07 17:18:00,'AD99176189,1,
2026-07-07 00:00:00,JTRKAI8219742,2026-07-07 00:00:00,LENGKAP,2026-07-07 17:18:00,'AD99176190,1,
2026-07-07 00:00:00,JTRKAI8219742,2026-07-07 00:00:00,LENGKAP,2026-07-07 17:18:00,'AD99176191,1,
2026-07-07 00:00:00,JTRKAI8219742,2026-07-07 00:00:00,LENGKAP,2026-07-07 17:18:00,'AD99176192,1,
2026-07-07 00:00:00,JTRKAI8219742,2026-07-07 00:00:00,LENGKAP,2026-07-07 17:18:00,'AD99176193,1,
2026-07-07 00:00:00,JTRKAI8219742,2026-07-07 00:00:00,LENGKAP,2026-07-07 17:18:00,'AD99176194,1,
2026-07-07 00:00:00,JTRKAI8219742,2026-07-07 00:00:00,LENGKAP,2026-07-07 17:18:00,'TR51637118,1,
2026-07-07 00:00:00,JTRKAI8219742,2026-07-07 00:00:00,LENGKAP,2026-07-07 17:18:00,'TR51637121,1,
2026-07-07 00:00:00,JTRKOE7864844,2026-07-07 00:00:00,LENGKAP,2026-07-07 08:42:00,'AA64585627,11,
2026-07-07 00:00:00,JTRKOE7864844,2026-07-07 00:00:00,LENGKAP,2026-07-07 08:42:00,'AA64585628,22,
2026-07-07 00:00:00,JTRKOE7864844,2026-07-07 00:00:00,LENGKAP,2026-07-07 08:42:00,'AA64585635,24,
2026-07-07 00:00:00,JTRKOE7864844,2026-07-07 00:00:00,LENGKAP,2026-07-07 08:42:00,'AA64585775,23,
2026-07-07 00:00:00,JTRKOE7864844,2026-07-07 00:00:00,LENGKAP,2026-07-07 08:42:00,'AA64585776,10,
2026-07-07 00:00:00,JTRKOE7864844,2026-07-07 00:00:00,LENGKAP,2026-07-07 08:42:00,'AA64585796,18,
2026-07-07 00:00:00,JTRKOE7864844,2026-07-07 00:00:00,LENGKAP,2026-07-07 08:42:00,'TR81305135,2,
2026-07-07 00:00:00,JTRKOE7864844,2026-07-07 00:00:00,LENGKAP,2026-07-07 08:42:00,'TR81305137,3,
2026-07-07 00:00:00,JTRKOE7864844,2026-07-07 00:00:00,LENGKAP,2026-07-07 08:42:00,'TR81305146,4,
2026-07-07 00:00:00,JTRKOE7864844,2026-07-07 00:00:00,LENGKAP,2026-07-07 08:42:00,'TR81305148,2,
2026-07-07 00:00:00,JTRKOE7864845,2026-07-07 00:00:00,LENGKAP,2026-07-07 13:47:00,'AA64585708,39,
2026-07-07 00:00:00,JTRKOE7864845,2026-07-07 00:00:00,LENGKAP,2026-07-07 13:47:00,'AA64585783,31,
2026-07-07 00:00:00,JTRKOE7864845,2026-07-07 00:00:00,LENGKAP,2026-07-07 13:47:00,'AA64585784,10,
2026-07-07 00:00:00,JTRKOE7864845,2026-07-07 00:00:00,LENGKAP,2026-07-07 13:47:00,'AA64585795,4,
2026-07-07 00:00:00,JTRKOE7864845,2026-07-07 00:00:00,LENGKAP,2026-07-07 13:47:00,'AA64585809,4,
2026-07-07 00:00:00,KEF0707261,2026-07-07 00:00:00,LENGKAP,2026-07-07 12:21:00,'AA63886366,1,
2026-07-07 00:00:00,KEF0707261,2026-07-07 00:00:00,LENGKAP,2026-07-07 12:21:00,'AA63886367,1,
2026-07-07 00:00:00,KEF0707261,2026-07-07 00:00:00,LENGKAP,2026-07-07 12:21:00,'AA63886368,1,
2026-07-07 00:00:00,KEF0707261,2026-07-07 00:00:00,LENGKAP,2026-07-07 12:21:00,'TR00041190,1,
2026-07-07 00:00:00,KEF0707261,2026-07-07 00:00:00,LENGKAP,2026-07-07 12:21:00,'TR00041191,1,
2026-07-07 00:00:00,KEF0707261,2026-07-07 00:00:00,LENGKAP,2026-07-07 12:21:00,'TR00041192,1,
2026-07-07 00:00:00,KOE0707202610,2026-07-07 00:00:00,LENGKAP,2026-07-07 14:48:00,'360290018328026,1,
2026-07-07 00:00:00,KOE0707202610,2026-07-07 00:00:00,LENGKAP,2026-07-07 14:48:00,'360520006955726,1,
2026-07-07 00:00:00,KOE0707202610,2026-07-07 00:00:00,LENGKAP,2026-07-07 14:48:00,'3661902600001342,1,
2026-07-07 00:00:00,KOE0707202610,2026-07-07 00:00:00,LENGKAP,2026-07-07 14:48:00,'AA64585687,1,
2026-07-07 00:00:00,KOE0707202610,2026-07-07 00:00:00,LENGKAP,2026-07-07 14:48:00,'AA64585696,30,
2026-07-07 00:00:00,KOE0707202610,2026-07-07 00:00:00,LENGKAP,2026-07-07 14:48:00,'AA64585706,49,
2026-07-07 00:00:00,KOE0707202610,2026-07-07 00:00:00,LENGKAP,2026-07-07 14:48:00,'KOEEC02408353226,1,
2026-07-07 00:00:00,KOE0707202610,2026-07-07 00:00:00,LENGKAP,2026-07-07 14:48:00,'KOEEC02408562226,1,
2026-07-07 00:00:00,KOE0707202610,2026-07-07 00:00:00,LENGKAP,2026-07-07 14:48:00,'KOEEC02409233726,1,
2026-07-07 00:00:00,KOE0707202611,2026-07-07 00:00:00,LENGKAP,2026-07-07 10:55:00,'360100031456726,1,
2026-07-07 00:00:00,KOE0707202611,2026-07-07 00:00:00,LENGKAP,2026-07-07 10:55:00,'360290018369026,1,
2026-07-07 00:00:00,KOE0707202611,2026-07-07 00:00:00,LENGKAP,2026-07-07 10:55:00,'AA64585694,4,
2026-07-07 00:00:00,KOE0707202611,2026-07-07 00:00:00,LENGKAP,2026-07-07 10:55:00,'AA64585702,39,
2026-07-07 00:00:00,KOE0707202611,2026-07-07 00:00:00,LENGKAP,2026-07-07 10:55:00,'KOEEC02408382626,1,
2026-07-07 00:00:00,KOE0707202612,2026-07-07 00:00:00,LENGKAP,2026-07-07 10:42:00,'AA64585704,36,
2026-07-07 00:00:00,KOE0707202612,2026-07-07 00:00:00,LENGKAP,2026-07-07 10:42:00,'AA64585709,42,
2026-07-07 00:00:00,KOE0707202612,2026-07-07 00:00:00,LENGKAP,2026-07-07 10:42:00,'KOEEC02408372826,1,
2026-07-07 00:00:00,KOE0707202612,2026-07-07 00:00:00,LENGKAP,2026-07-07 10:42:00,'KOEEC02408572026,1,
2026-07-07 00:00:00,KOE0707202612,2026-07-07 00:00:00,LENGKAP,2026-07-07 10:42:00,'KOEEC02408702626,1,
2026-07-07 00:00:00,KOE0707202612,2026-07-07 00:00:00,LENGKAP,2026-07-07 10:42:00,'KOEEC02408712426,1,
2026-07-07 00:00:00,KOE0707202612,2026-07-07 00:00:00,LENGKAP,2026-07-07 10:42:00,'KOEEC02408722226,1,
2026-07-07 00:00:00,KEF0707262,2026-07-07 00:00:00,LENGKAP,2026-07-08 08:18:00,'AD106585278,1,
2026-07-07 00:00:00,KEF0707263,2026-07-07 00:00:00,LENGKAP,2026-07-07 20:56:00,'AD106585279,1,
2026-07-07 00:00:00,KEF0707264,2026-07-08 00:00:00,LENGKAP,2026-07-08 08:35:00,'AD106585281,1,
2026-07-07 00:00:00,KEF0707264,2026-07-08 00:00:00,LENGKAP,2026-07-08 08:35:00,'AD106585282,1,
2026-07-07 00:00:00,KEF0707264,2026-07-08 00:00:00,LENGKAP,2026-07-08 08:35:00,'AD106585283,1,
2026-07-07 00:00:00,KOE0707202612,2026-07-07 00:00:00,LENGKAP,2026-07-07 10:42:00,'KOEEC02408732026,1,
2026-07-07 00:00:00,KOE0707202612,2026-07-07 00:00:00,LENGKAP,2026-07-07 10:42:00,'KOEEC02408751626,1,
2026-07-07 00:00:00,KOE0707202613,2026-07-07 00:00:00,LENGKAP,2026-07-07 08:26:00,'360100031881226,1,
2026-07-07 00:00:00,KOE0707202613,2026-07-07 00:00:00,LENGKAP,2026-07-07 08:26:00,'360100031913426,1,
2026-07-07 00:00:00,KOE0707202613,2026-07-07 00:00:00,LENGKAP,2026-07-07 08:26:00,'360240017164026,1,
2026-07-07 00:00:00,KOE0707202613,2026-07-07 00:00:00,LENGKAP,2026-07-07 08:26:00,'360700011999726,1,
2026-07-07 00:00:00,KOE0707202613,2026-07-07 00:00:00,LENGKAP,2026-07-07 08:26:00,'8000120320073,1,
2026-07-07 00:00:00,KOE0707202613,2026-07-07 00:00:00,LENGKAP,2026-07-07 08:26:00,'AA64585710,29,
2026-07-07 00:00:00,KOE0707202613,2026-07-07 00:00:00,LENGKAP,2026-07-07 08:26:00,'KOEEC02408363026,1,
2026-07-07 00:00:00,KOE0707202613,2026-07-07 00:00:00,LENGKAP,2026-07-07 08:26:00,'KOEEC02408581826,1,
2026-07-07 00:00:00,KOE0707202615,2026-07-07 00:00:00,LENGKAP,2026-07-07 00:25:00,'AA64585690,1,
2026-07-07 00:00:00,KOE0707202616,2026-07-07 00:00:00,LENGKAP,2026-07-07 00:25:00,'AA64585698,2,
2026-07-07 00:00:00,KOE0707261,2026-07-07 00:00:00,LENGKAP,,'360100031903626,1,
2026-07-07 00:00:00,KOE070777SS1,2026-07-07 00:00:00,LENGKAP,,'AA64585700,15,
2026-07-07 00:00:00,KOE471046,2026-07-07 00:00:00,LENGKAP,2026-07-07 23:14:00,'AA69471046,9,
2026-07-07 00:00:00,MLA8578217,2026-07-07 00:00:00,LENGKAP,2026-07-07 09:15:00,'AA72283691,1,
2026-07-07 00:00:00,MLA8578217,2026-07-07 00:00:00,LENGKAP,2026-07-07 09:15:00,'AA72283692,1,
2026-07-07 00:00:00,MLA8578217,2026-07-07 00:00:00,LENGKAP,2026-07-07 09:15:00,'AA72283693,1,
2026-07-07 00:00:00,MLA8578217,2026-07-07 00:00:00,LENGKAP,2026-07-07 09:15:00,'AA72283694,1,
2026-07-07 00:00:00,MLA8578217,2026-07-07 00:00:00,LENGKAP,2026-07-07 09:15:00,'AA72283695,1,
2026-07-07 00:00:00,MLA8578217,2026-07-07 00:00:00,LENGKAP,2026-07-07 09:15:00,'AA72283696,1,
2026-07-07 00:00:00,MLA8578217,2026-07-07 00:00:00,LENGKAP,2026-07-07 09:15:00,'AA72283697,1,
2026-07-07 00:00:00,MLA8578217,2026-07-07 00:00:00,LENGKAP,2026-07-07 09:15:00,'AA72283698,1,
2026-07-07 00:00:00,MLA8578217,2026-07-07 00:00:00,LENGKAP,2026-07-07 09:15:00,'AA72283699,1,
2026-07-07 00:00:00,MLA8578217,2026-07-07 00:00:00,LENGKAP,2026-07-07 09:15:00,'AA72283700,1,
2026-07-07 00:00:00,MLA8578217,2026-07-07 00:00:00,LENGKAP,2026-07-07 09:15:00,'AA72283701,1,
2026-07-07 00:00:00,MLA8578217,2026-07-07 00:00:00,LENGKAP,2026-07-07 09:15:00,'AA72283702,1,
2026-07-07 00:00:00,MLA8578217,2026-07-07 00:00:00,LENGKAP,2026-07-07 09:15:00,'AA72283703,1,
2026-07-07 00:00:00,MLA8578218,2026-07-07 00:00:00,LENGKAP,2026-07-07 09:16:00,'AD106441239,1,
2026-07-07 00:00:00,MLA8578218,2026-07-07 00:00:00,LENGKAP,2026-07-07 09:16:00,'AD106441241,7,
2026-07-07 00:00:00,MLA8578218,2026-07-07 00:00:00,LENGKAP,2026-07-07 09:16:00,'AD106441242,3,
2026-07-07 00:00:00,KOE0707202614,2026-07-07 00:00:00,LENGKAP,2026-07-07 15:25:00,'AA64585692,19,
2026-07-07 00:00:00,KOE0707202614,2026-07-07 00:00:00,LENGKAP,2026-07-07 15:25:00,'AD104114030,2,
2026-07-07 00:00:00,KOE0707202614,2026-07-07 00:00:00,LENGKAP,2026-07-07 15:25:00,'JT21404354589,1,
2026-07-07 00:00:00,MLA8578219,2026-07-07 00:00:00,LENGKAP,2026-07-07 09:16:00,'AD106441240,1,
2026-07-07 00:00:00,MLA8578219,2026-07-07 00:00:00,LENGKAP,2026-07-07 09:16:00,'AD106441244,5,
2026-07-07 00:00:00,OLS07072026,2026-07-07 00:00:00,LENGKAP,2026-07-07 15:38:00,'KOECK00039165126,1,
2026-07-07 00:00:00,OLS07072601,2026-07-07 00:00:00,LENGKAP,2026-07-07 13:47:00,'AD104095803,2,
2026-07-07 00:00:00,RTI6893843,2026-07-07 00:00:00,LENGKAP,2026-07-07 15:42:00,'AD99250594,2,
2026-07-07 00:00:00,RTI6893843,2026-07-07 00:00:00,LENGKAP,2026-07-07 15:42:00,'AD99250595,1,
2026-07-07 00:00:00,RTI6893843,2026-07-07 00:00:00,LENGKAP,2026-07-07 15:42:00,'AD99250596,1,
2026-07-07 00:00:00,RTI6893843,2026-07-07 00:00:00,LENGKAP,2026-07-07 15:42:00,'AD99250597,1,
2026-07-07 00:00:00,RTI6893843,2026-07-07 00:00:00,LENGKAP,2026-07-07 15:42:00,'AD99250598,1,
2026-07-07 00:00:00,RTI6893843,2026-07-07 00:00:00,LENGKAP,2026-07-07 15:42:00,'AD99250599,1,
2026-07-07 00:00:00,RTI6893843,2026-07-07 00:00:00,LENGKAP,2026-07-07 15:42:00,'AD99250600,1,
2026-07-07 00:00:00,RTI6893843,2026-07-07 00:00:00,LENGKAP,2026-07-07 15:42:00,'AD99250601,1,
2026-07-07 00:00:00,RTI6893843,2026-07-07 00:00:00,LENGKAP,2026-07-07 15:42:00,'AD99250602,1,
2026-07-07 00:00:00,RTI6893843,2026-07-07 00:00:00,LENGKAP,2026-07-07 15:42:00,'AD99250603,1,
2026-07-07 00:00:00,RTI6893843,2026-07-07 00:00:00,LENGKAP,2026-07-07 15:42:00,'AD99250604,1,
2026-07-07 00:00:00,RTI6893843,2026-07-07 00:00:00,LENGKAP,2026-07-07 15:42:00,'AD99250605,1,
2026-07-07 00:00:00,RTI6893843,2026-07-07 00:00:00,LENGKAP,2026-07-07 15:42:00,'AD99250606,1,
2026-07-07 00:00:00,RTI6893843,2026-07-07 00:00:00,LENGKAP,2026-07-07 15:42:00,'AD99250607,1,
2026-07-07 00:00:00,RTI6893843,2026-07-07 00:00:00,LENGKAP,2026-07-07 15:42:00,'AD99250608,1,
2026-07-07 00:00:00,RTI6893843,2026-07-07 00:00:00,LENGKAP,2026-07-07 15:42:00,'AD99250609,1,
2026-07-07 00:00:00,RTI6893843,2026-07-07 00:00:00,LENGKAP,2026-07-07 15:42:00,'AD99250610,1,
2026-07-07 00:00:00,RTI6893843,2026-07-07 00:00:00,LENGKAP,2026-07-07 15:42:00,'AD99250611,2,
2026-07-07 00:00:00,RTI6893843,2026-07-07 00:00:00,LENGKAP,2026-07-07 15:42:00,'AD99250612,1,
2026-07-07 00:00:00,MLA8578220,2026-07-07 00:00:00,LENGKAP,2026-07-07 20:57:00,'AD106441243,3,
2026-07-07 00:00:00,MLA8578221,2026-07-07 00:00:00,LENGKAP,2026-07-07 20:57:00,'AD106441245,2,
2026-07-07 00:00:00,MLO8610294,2026-07-07 00:00:00,LENGKAP,2026-07-07 22:03:00,'AA62637344,1,
2026-07-07 00:00:00,MLO8610294,2026-07-07 00:00:00,LENGKAP,2026-07-07 22:03:00,'AD97568179,1,
2026-07-07 00:00:00,RTI6893843,2026-07-07 00:00:00,LENGKAP,2026-07-07 15:42:00,'AD99250613,1,
2026-07-07 00:00:00,RTI6893843,2026-07-07 00:00:00,LENGKAP,2026-07-07 15:42:00,'AD99250614,1,
2026-07-07 00:00:00,RTI6893843,2026-07-07 00:00:00,LENGKAP,2026-07-07 15:42:00,'AD99250615,1,
2026-07-07 00:00:00,RTI6893843,2026-07-07 00:00:00,LENGKAP,2026-07-07 15:42:00,'AD99250616,1,
2026-07-07 00:00:00,RTI6893843,2026-07-07 00:00:00,LENGKAP,2026-07-07 15:42:00,'AD99250617,1,
2026-07-07 00:00:00,RTI6893843,2026-07-07 00:00:00,LENGKAP,2026-07-07 15:42:00,'AD99250618,1,
2026-07-07 00:00:00,RTI6893843,2026-07-07 00:00:00,LENGKAP,2026-07-07 15:42:00,'AD99250619,1,
2026-07-07 00:00:00,RTI6893843,2026-07-07 00:00:00,LENGKAP,2026-07-07 15:42:00,'TR64766654,2,
2026-07-07 00:00:00,RTI6893843,2026-07-07 00:00:00,LENGKAP,2026-07-07 15:42:00,'TR64766655,2,
2026-07-07 00:00:00,SOE8578507,2026-07-07 00:00:00,LENGKAP,2026-07-07 16:31:00,'AA64482645,1,
2026-07-07 00:00:00,SOE8578507,2026-07-07 00:00:00,LENGKAP,2026-07-07 16:31:00,'AA64482646,1,
2026-07-07 00:00:00,SOE8578507,2026-07-07 00:00:00,LENGKAP,2026-07-07 16:31:00,'AA64482647,1,
2026-07-07 00:00:00,SOE8578507,2026-07-07 00:00:00,LENGKAP,2026-07-07 16:31:00,'AA64482648,1,
2026-07-07 00:00:00,SOE8578507,2026-07-07 00:00:00,LENGKAP,2026-07-07 16:31:00,'AD106442499,5,
2026-07-07 00:00:00,SOE8578508,2026-07-07 00:00:00,LENGKAP,2026-07-07 17:01:00,'AD106442497,3,
2026-07-07 00:00:00,SOE8578509,2026-07-07 00:00:00,LENGKAP,2026-07-08 12:19:00,'AD106442500,1,
2026-07-07 00:00:00,TMC8242458,2026-07-07 00:00:00,LENGKAP,2026-07-07 16:33:00,'360420000058726,1,
2026-07-07 00:00:00,TMC8242458,2026-07-07 00:00:00,LENGKAP,2026-07-07 16:33:00,'AA69424841,1,
2026-07-07 00:00:00,TMC8242458,2026-07-07 00:00:00,LENGKAP,2026-07-07 16:33:00,'AA69424842,1,
2026-07-07 00:00:00,TMC8242458,2026-07-07 00:00:00,LENGKAP,2026-07-07 16:33:00,'AA69424843,1,
2026-07-07 00:00:00,TMC8242458,2026-07-07 00:00:00,LENGKAP,2026-07-07 16:33:00,'AA69424844,1,
2026-07-07 00:00:00,TMC8242458,2026-07-07 00:00:00,LENGKAP,2026-07-07 16:33:00,'AA69424845,1,
2026-07-07 00:00:00,TMC8242458,2026-07-07 00:00:00,LENGKAP,2026-07-07 16:33:00,'AA69424846,1,
2026-07-07 00:00:00,TMC8242458,2026-07-07 00:00:00,LENGKAP,2026-07-07 16:33:00,'AA69424847,1,
2026-07-07 00:00:00,TMC8242458,2026-07-07 00:00:00,LENGKAP,2026-07-07 16:33:00,'AA69424848,1,
2026-07-07 00:00:00,TMC8242458,2026-07-07 00:00:00,LENGKAP,2026-07-07 16:33:00,'AA69424849,1,
2026-07-07 00:00:00,TMC8242458,2026-07-07 00:00:00,LENGKAP,2026-07-07 16:33:00,'AA69424850,5,
2026-07-07 00:00:00,TMC8242458,2026-07-07 00:00:00,LENGKAP,2026-07-07 16:33:00,'AA69424857,1,
2026-07-07 00:00:00,TMC8242458,2026-07-07 00:00:00,LENGKAP,2026-07-07 16:33:00,'AD99250211,1,
2026-07-07 00:00:00,TMC8242458,2026-07-07 00:00:00,LENGKAP,2026-07-07 16:33:00,'AD99250212,1,
2026-07-07 00:00:00,SOE8109750,2026-07-07 00:00:00,LENGKAP,2026-07-07 22:05:00,'AA64482643,4,
2026-07-07 00:00:00,TMC8242458,2026-07-07 00:00:00,LENGKAP,2026-07-07 16:33:00,'AD99250213,1,
2026-07-07 00:00:00,TMC8242458,2026-07-07 00:00:00,LENGKAP,2026-07-07 16:33:00,'AD99250215,1,
2026-07-07 00:00:00,TMC8242458,2026-07-07 00:00:00,LENGKAP,2026-07-07 16:33:00,'AD99250216,1,
2026-07-07 00:00:00,TMC8242458,2026-07-07 00:00:00,LENGKAP,2026-07-07 16:33:00,'AD99250272,1,
2026-07-07 00:00:00,27477308766MOF,2026-07-08 00:00:00,LENGKAP,2026-07-07 12:37:00,'AA64490567,1,
2026-07-07 00:00:00,27477308766MOF,2026-07-08 00:00:00,LENGKAP,2026-07-07 12:37:00,'AA64490581,5,
2026-07-07 00:00:00,27477308766MOF,2026-07-08 00:00:00,LENGKAP,2026-07-07 12:37:00,'AA64585830,8,
2026-07-07 00:00:00,SOE8578510,2026-07-07 00:00:00,LENGKAP,2026-07-08 10:20:00,'AD106442498,2,
2026-07-07 00:00:00,SOE8578511,2026-07-07 00:00:00,LENGKAP,2026-07-07 17:36:00,'AD106442495,1,
2026-07-07 00:00:00,2747730878TMC,2026-07-08 00:00:00,LENGKAP,2026-07-07 12:34:00,'AA64490580,1,
2026-07-07 00:00:00,2747730878TMC,2026-07-08 00:00:00,LENGKAP,2026-07-07 12:34:00,'AA64585812,3,
2026-07-07 00:00:00,2747730879TMC,2026-07-08 00:00:00,LENGKAP,2026-07-07 12:34:00,'AA64585773,15,
2026-07-07 00:00:00,2747730879TMC,2026-07-08 00:00:00,LENGKAP,2026-07-07 12:34:00,'AA64585774,10,
2026-07-07 00:00:00,2747730879TMC,2026-07-08 00:00:00,LENGKAP,2026-07-07 12:34:00,'AA64585791,25,
2026-07-07 00:00:00,2747730879TMC,2026-07-08 00:00:00,LENGKAP,2026-07-07 12:34:00,'AA64585792,1,
2026-07-07 00:00:00,2747730879TMC,2026-07-08 00:00:00,LENGKAP,2026-07-07 12:34:00,'AA64585811,21,
2026-07-07 00:00:00,2747730895TMC,2026-07-08 00:00:00,LENGKAP,2026-07-08 08:13:00,'AA64585770,10,
2026-07-07 00:00:00,2747730895TMC,2026-07-08 00:00:00,LENGKAP,2026-07-08 08:13:00,'AA64585771,17,
2026-07-07 00:00:00,2747730895TMC,2026-07-08 00:00:00,LENGKAP,2026-07-08 08:13:00,'AA64585772,12,
2026-07-07 00:00:00,2747730895TMC,2026-07-08 00:00:00,LENGKAP,2026-07-08 08:13:00,'AA64585787,15,
2026-07-07 00:00:00,2747730895TMC,2026-07-08 00:00:00,LENGKAP,2026-07-08 08:13:00,'AA64585790,10,
2026-07-07 00:00:00,2747730895TMC,2026-07-08 00:00:00,LENGKAP,2026-07-08 08:13:00,'AA64585793,9,
2026-07-07 00:00:00,2747730895TMC,2026-07-08 00:00:00,LENGKAP,2026-07-08 08:13:00,'AA64585794,20,
2026-07-07 00:00:00,51300108662ENE,2026-07-08 00:00:00,LENGKAP,2026-07-07 12:37:00,'AA64585831,14,
2026-07-07 00:00:00,JTRKOE7864847,2026-07-08 00:00:00,LENGKAP,2026-07-08 08:14:00,'AA64585741,36,
2026-07-07 00:00:00,JTRKOE7864847,2026-07-08 00:00:00,LENGKAP,2026-07-08 08:14:00,'AA64585757,32,
2026-07-07 00:00:00,JTRKOE7864847,2026-07-08 00:00:00,LENGKAP,2026-07-08 08:14:00,'AA64585805,23,
2026-07-07 00:00:00,WBK3345199,2026-07-07 00:00:00,LENGKAP,2026-07-07 22:25:00,'AD106339533,1,
2026-07-07 00:00:00,WBK3345199,2026-07-07 00:00:00,LENGKAP,2026-07-07 22:25:00,'AD106339534,1,
2026-07-07 00:00:00,WBK3345199,2026-07-07 00:00:00,LENGKAP,2026-07-07 22:25:00,'AD106339535,1,
2026-07-07 00:00:00,WBK3345199,2026-07-07 00:00:00,LENGKAP,2026-07-07 22:25:00,'AD106339536,1,
2026-07-07 00:00:00,WBK3345199,2026-07-07 00:00:00,LENGKAP,2026-07-07 22:25:00,'AD106339537,1,
2026-07-07 00:00:00,WBK3345199,2026-07-07 00:00:00,LENGKAP,2026-07-07 22:25:00,'AD106339538,1,
2026-07-07 00:00:00,WBK3345199,2026-07-07 00:00:00,LENGKAP,2026-07-07 22:25:00,'AD106339539,1,
2026-07-07 00:00:00,WGP8218374,2026-07-08 00:00:00,LENGKAP,2026-07-08 08:33:00,'AD106608056,1,
2026-07-07 00:00:00,WGP8218375,2026-07-08 00:00:00,LENGKAP,2026-07-08 07:39:00,'AD106608046,1,
2026-07-07 00:00:00,WGP8218375,2026-07-08 00:00:00,LENGKAP,2026-07-08 07:39:00,'AD106608055,1,
2026-07-07 00:00:00,WKB8610824,2026-07-07 00:00:00,LENGKAP,2026-07-07 22:24:00,'AA69423626,1,
2026-07-07 00:00:00,WKB8610824,2026-07-07 00:00:00,LENGKAP,2026-07-07 22:24:00,'AA69423657,1,
2026-07-07 00:00:00,WKB8610824,2026-07-07 00:00:00,LENGKAP,2026-07-07 22:24:00,'AA69423711,1,
2026-07-07 00:00:00,WKB8610824,2026-07-07 00:00:00,LENGKAP,2026-07-07 22:24:00,'AA69423847,1,
2026-07-07 00:00:00,WKB8610824,2026-07-07 00:00:00,LENGKAP,2026-07-07 22:24:00,'AA69423848,1,
2026-07-07 00:00:00,WKB8610824,2026-07-07 00:00:00,LENGKAP,2026-07-07 22:24:00,'AA69423849,1,
2026-07-07 00:00:00,WKB8610824,2026-07-07 00:00:00,LENGKAP,2026-07-07 22:24:00,'AA69423850,1,
2026-07-07 00:00:00,WKB8610824,2026-07-07 00:00:00,LENGKAP,2026-07-07 22:24:00,'AA69423851,1,
2026-07-07 00:00:00,WKB8610824,2026-07-07 00:00:00,LENGKAP,2026-07-07 22:24:00,'AA69423852,1,
2026-07-07 00:00:00,WKB8610824,2026-07-07 00:00:00,LENGKAP,2026-07-07 22:24:00,'AA69423853,1,
2026-07-07 00:00:00,WKB8610824,2026-07-07 00:00:00,LENGKAP,2026-07-07 22:24:00,'AA69423854,1,
2026-07-07 00:00:00,WKB8610824,2026-07-07 00:00:00,LENGKAP,2026-07-07 22:24:00,'AA69423855,1,
2026-07-07 00:00:00,WKB8610824,2026-07-07 00:00:00,LENGKAP,2026-07-07 22:24:00,'AA69423856,1,
2026-07-07 00:00:00,WKB8610824,2026-07-07 00:00:00,LENGKAP,2026-07-07 22:24:00,'AD106343812,1,
2026-07-07 00:00:00,WKB8610824,2026-07-07 00:00:00,LENGKAP,2026-07-07 22:24:00,'AD106343945,1,
2026-07-07 00:00:00,WKB8610824,2026-07-07 00:00:00,LENGKAP,2026-07-07 22:24:00,'AD106343946,1,
2026-07-07 00:00:00,WKB8610824,2026-07-07 00:00:00,LENGKAP,2026-07-07 22:24:00,'AD106343947,1,
2026-07-07 00:00:00,WKB8610824,2026-07-07 00:00:00,LENGKAP,2026-07-07 22:24:00,'AD106343948,1,
2026-07-07 00:00:00,WKB8610824,2026-07-07 00:00:00,LENGKAP,2026-07-07 22:24:00,'AD106343949,1,
2026-07-07 00:00:00,WKB8610824,2026-07-07 00:00:00,LENGKAP,2026-07-07 22:24:00,'AD106343950,1,
2026-07-07 00:00:00,WKB8610824,2026-07-07 00:00:00,LENGKAP,2026-07-07 22:24:00,'AD106343951,1,
2026-07-07 00:00:00,WKB8610824,2026-07-07 00:00:00,LENGKAP,2026-07-07 22:24:00,'AD106343952,1,
2026-07-07 00:00:00,WKB8610824,2026-07-07 00:00:00,LENGKAP,2026-07-07 22:24:00,'AD106343953,1,
2026-07-07 00:00:00,WKB8610824,2026-07-07 00:00:00,LENGKAP,2026-07-07 22:24:00,'AD106343956,1,
2026-07-07 00:00:00,WKB8610824,2026-07-07 00:00:00,LENGKAP,2026-07-07 22:24:00,'AD106343963,1,
2026-07-08 00:00:00,2747731009MOF,2026-07-08 00:00:00,LENGKAP,2026-07-08 10:06:00,'AA64585846,7,
2026-07-08 00:00:00,2747731014TMC,2026-07-08 00:00:00,LENGKAP,2026-07-08 08:13:00,'AA64585562,1,
2026-07-08 00:00:00,2747731042KOE,2026-07-08 00:00:00,LENGKAP,,'AA72299484,19,
2026-07-08 00:00:00,2747731042KOE,2026-07-08 00:00:00,LENGKAP,,'AD106608054,1,
2026-07-08 00:00:00,2747731044TMC,2026-07-08 00:00:00,LENGKAP,2026-07-08 20:50:00,'AA64585799,7,
2026-07-08 00:00:00,2747731044TMC,2026-07-08 00:00:00,LENGKAP,2026-07-08 20:50:00,'AA64585802,17,
2026-07-08 00:00:00,2747731044TMC,2026-07-08 00:00:00,LENGKAP,2026-07-08 20:50:00,'YS15284630,13,
2026-07-08 00:00:00,51300108500ENE,2026-07-08 00:00:00,LENGKAP,2026-07-09 10:47:00,'YS15284635,25,
2026-07-08 00:00:00,51300108511LBJ,2026-07-08 00:00:00,LENGKAP,2026-07-08 13:19:00,'YS15284631,7,
2026-07-08 00:00:00,51300111576LBJ,2026-07-08 00:00:00,LENGKAP,2026-07-08 08:15:00,'YS15284632,7,
2026-07-08 00:00:00,51300111576LBJ,2026-07-08 00:00:00,LENGKAP,2026-07-08 08:15:00,'YS15284633,13,
2026-07-08 00:00:00,51300111871ENE,2026-07-08 00:00:00,LENGKAP,2026-07-09 10:51:00,'AA64585847,29,
2026-07-08 00:00:00,99000992935,2026-07-08 00:00:00,LENGKAP,2019-09-15 22:11:00,'AA64490605,14,
2026-07-08 00:00:00,88811987091,2026-07-08 00:00:00,LENGKAP,2026-07-08 10:54:00,'AA64490612,2,
2026-07-08 00:00:00,88811987091,2026-07-08 00:00:00,LENGKAP,2026-07-08 10:54:00,'AA64490613,5,
2026-07-08 00:00:00,88811987091,2026-07-08 00:00:00,LENGKAP,2026-07-08 10:54:00,'AA64490614,2,
2026-07-08 00:00:00,88811987091,2026-07-08 00:00:00,LENGKAP,2026-07-08 10:54:00,'AA64490638,10,
2026-07-08 00:00:00,88811987091,2026-07-08 00:00:00,LENGKAP,2026-07-08 10:54:00,'AA64490639,34,
2026-07-08 00:00:00,88811987091,2026-07-08 00:00:00,LENGKAP,2026-07-08 10:54:00,'AA64490640,6,
2026-07-08 00:00:00,88811987091,2026-07-08 00:00:00,LENGKAP,2026-07-08 10:54:00,'AA69471183,1,
2026-07-08 00:00:00,88811987091,2026-07-08 00:00:00,LENGKAP,2026-07-08 10:54:00,'AA69471185,45,
2026-07-08 00:00:00,88811987091,2026-07-08 00:00:00,LENGKAP,2026-07-08 10:54:00,'AA69471187,1,
2026-07-08 00:00:00,88811987091,2026-07-08 00:00:00,LENGKAP,2026-07-08 10:54:00,'AD106506840,1,
2026-07-08 00:00:00,88811987091,2026-07-08 00:00:00,LENGKAP,2026-07-08 10:54:00,'YT1820001,9,
2026-07-08 00:00:00,88811987091,2026-07-08 00:00:00,LENGKAP,2026-07-08 10:54:00,'YT1820002,9,
2026-07-08 00:00:00,88811987091,2026-07-08 00:00:00,LENGKAP,2026-07-08 10:54:00,'YT1820003,11,
2026-07-08 00:00:00,88811987091,2026-07-08 00:00:00,LENGKAP,2026-07-08 10:54:00,'YT1820004,20,
2026-07-08 00:00:00,88811987091,2026-07-08 00:00:00,LENGKAP,2026-07-08 10:54:00,'YT1820005,3,
2026-07-08 00:00:00,88811987146,2026-07-08 00:00:00,LENGKAP,2026-07-08 16:38:00,'AA64490590,15,
2026-07-08 00:00:00,88811987146,2026-07-08 00:00:00,LENGKAP,2026-07-08 16:38:00,'AA64490591,9,
2026-07-08 00:00:00,88811987146,2026-07-08 00:00:00,LENGKAP,2026-07-08 16:38:00,'AA64490592,24,
2026-07-08 00:00:00,88811987146,2026-07-08 00:00:00,LENGKAP,2026-07-08 16:38:00,'AA64490597,31,
2026-07-08 00:00:00,88811987146,2026-07-08 00:00:00,LENGKAP,2026-07-08 16:38:00,'AA64490598,7,
2026-07-08 00:00:00,88811987146,2026-07-08 00:00:00,LENGKAP,2026-07-08 16:38:00,'AA64490599,17,
2026-07-08 00:00:00,88811987146,2026-07-08 00:00:00,LENGKAP,2026-07-08 16:38:00,'AD99242019,17,
2026-07-08 00:00:00,88811987231,2026-07-08 00:00:00,LENGKAP,2026-07-09 00:50:00,'AD99242020,20,
2026-07-08 00:00:00,88811987264,2026-07-08 00:00:00,LENGKAP,2026-07-08 16:39:00,'AA64490593,17,
2026-07-08 00:00:00,88811987264,2026-07-08 00:00:00,LENGKAP,2026-07-08 16:39:00,'AA64490594,2,
2026-07-08 00:00:00,88811987264,2026-07-08 00:00:00,LENGKAP,2026-07-08 16:39:00,'AA64490600,5,
2026-07-08 00:00:00,88811987264,2026-07-08 00:00:00,LENGKAP,2026-07-08 16:39:00,'AA64490601,7,
2026-07-08 00:00:00,88811987264,2026-07-08 00:00:00,LENGKAP,2026-07-08 16:39:00,'AA64490602,9,
2026-07-08 00:00:00,88811987264,2026-07-08 00:00:00,LENGKAP,2026-07-08 16:39:00,'AA64490603,1,
2026-07-08 00:00:00,88811987264,2026-07-08 00:00:00,LENGKAP,2026-07-08 16:39:00,'AA64490604,1,
2026-07-08 00:00:00,88811987264,2026-07-08 00:00:00,LENGKAP,2026-07-08 16:39:00,'AD99242021,17,
2026-07-08 00:00:00,88811987382,2026-07-08 00:00:00,LENGKAP,2026-07-08 17:24:00,'AA64490616,36,
2026-07-08 00:00:00,88811987382,2026-07-08 00:00:00,LENGKAP,2026-07-08 17:24:00,'AA64490637,1,
2026-07-08 00:00:00,88811987382,2026-07-08 00:00:00,LENGKAP,2026-07-08 17:24:00,'AA69471181,11,
2026-07-08 00:00:00,88811987382,2026-07-08 00:00:00,LENGKAP,2026-07-08 17:24:00,'AD102696528,1,
2026-07-08 00:00:00,88811987511,2026-07-08 00:00:00,LENGKAP,2026-07-08 23:43:00,'AA64490595,4,
2026-07-08 00:00:00,88811987511,2026-07-08 00:00:00,LENGKAP,2026-07-08 23:43:00,'AA64490596,6,
2026-07-08 00:00:00,88811987566,2026-07-08 00:00:00,LENGKAP,2026-07-08 10:55:00,'AA64490611,14,
2026-07-08 00:00:00,88811987566,2026-07-08 00:00:00,LENGKAP,2026-07-08 10:55:00,'AA69471179,25,
2026-07-08 00:00:00,88811987566,2026-07-08 00:00:00,LENGKAP,2026-07-08 10:55:00,'AD102696517,12,
2026-07-08 00:00:00,88811987566,2026-07-08 00:00:00,LENGKAP,2026-07-08 10:55:00,'AD102696521,14,
2026-07-08 00:00:00,88811987566,2026-07-08 00:00:00,LENGKAP,2026-07-08 10:55:00,'YS15281255,26,
2026-07-08 00:00:00,88811987566,2026-07-08 00:00:00,LENGKAP,2026-07-08 10:55:00,'YS15281256,16,
2026-07-08 00:00:00,88811987566,2026-07-08 00:00:00,LENGKAP,2026-07-08 10:55:00,'YS15281257,28,
2026-07-08 00:00:00,88811987566,2026-07-08 00:00:00,LENGKAP,2026-07-08 10:55:00,'YS15281258,16,
2026-07-08 00:00:00,88811987566,2026-07-08 00:00:00,LENGKAP,2026-07-08 10:55:00,'YS15281259,1,
2026-07-08 00:00:00,88811987566,2026-07-08 00:00:00,LENGKAP,2026-07-08 10:55:00,'YS15281260,1,
2026-07-08 00:00:00,88811987566,2026-07-08 00:00:00,LENGKAP,2026-07-08 10:55:00,'YS15281261,1,
2026-07-08 00:00:00,92000728453,2026-07-08 00:00:00,LENGKAP,2026-07-08 18:47:00,'AD99242022,13,
2026-07-08 00:00:00,92000728453,2026-07-08 00:00:00,LENGKAP,2026-07-08 18:47:00,'YS40164511,2,
2026-07-08 00:00:00,99000992935,2026-07-08 00:00:00,LENGKAP,2019-09-15 22:11:00,'YS40164512,16,
2026-07-08 00:00:00,ABU130000,2026-07-08 00:00:00,LENGKAP,2026-07-08 12:16:00,'AD99200130,1,
2026-07-08 00:00:00,ABU12666,2026-07-08 00:00:00,LENGKAP,2026-07-09 10:31:00,'AD99200126,2,
2026-07-08 00:00:00,ABU127137,2026-07-08 00:00:00,LENGKAP,2026-07-08 20:52:00,'AD99200127,9,
2026-07-08 00:00:00,ABU127137,2026-07-08 00:00:00,LENGKAP,2026-07-08 20:52:00,'AD99200128,1,
2026-07-08 00:00:00,ABU127137,2026-07-08 00:00:00,LENGKAP,2026-07-08 20:52:00,'AD99200137,1,
2026-07-08 00:00:00,ABU127137,2026-07-08 00:00:00,LENGKAP,2026-07-08 20:52:00,'KOEAB00531792526,1,
2026-07-08 00:00:00,KEF0807262,2026-07-08 00:00:00,LENGKAP,2026-07-08 12:36:00,'AA63886382,1,
2026-07-08 00:00:00,ABU746136,2026-07-08 00:00:00,LENGKAP,2026-07-08 23:23:00,'AD99200103,1,
2026-07-08 00:00:00,ABU746136,2026-07-08 00:00:00,LENGKAP,2026-07-08 23:23:00,'AD99200104,1,
2026-07-08 00:00:00,ABU746136,2026-07-08 00:00:00,LENGKAP,2026-07-08 23:23:00,'AD99200105,1,
2026-07-08 00:00:00,ABU746136,2026-07-08 00:00:00,LENGKAP,2026-07-08 23:23:00,'AD99200106,1,
2026-07-08 00:00:00,ABU746136,2026-07-08 00:00:00,LENGKAP,2026-07-08 23:23:00,'AD99200107,1,
2026-07-08 00:00:00,ABU746136,2026-07-08 00:00:00,LENGKAP,2026-07-08 23:23:00,'AD99200108,1,
2026-07-08 00:00:00,ABU746136,2026-07-08 00:00:00,LENGKAP,2026-07-08 23:23:00,'AD99200109,1,
2026-07-08 00:00:00,ABU746136,2026-07-08 00:00:00,LENGKAP,2026-07-08 23:23:00,'AD99200110,1,
2026-07-08 00:00:00,ABU746136,2026-07-08 00:00:00,LENGKAP,2026-07-08 23:23:00,'AD99200111,1,
2026-07-08 00:00:00,ABU746136,2026-07-08 00:00:00,LENGKAP,2026-07-08 23:23:00,'AD99200112,1,
2026-07-08 00:00:00,ABU746136,2026-07-08 00:00:00,LENGKAP,2026-07-08 23:23:00,'AD99200113,1,
2026-07-08 00:00:00,ABU746136,2026-07-08 00:00:00,LENGKAP,2026-07-08 23:23:00,'AD99200114,1,
2026-07-08 00:00:00,ABU746136,2026-07-08 00:00:00,LENGKAP,2026-07-08 23:23:00,'AD99200115,1,
2026-07-08 00:00:00,ABU746136,2026-07-08 00:00:00,LENGKAP,2026-07-08 23:23:00,'AD99200116,1,
2026-07-08 00:00:00,ABU746136,2026-07-08 00:00:00,LENGKAP,2026-07-08 23:23:00,'AD99200117,1,
2026-07-08 00:00:00,ABU746136,2026-07-08 00:00:00,LENGKAP,2026-07-08 23:23:00,'AD99200118,1,
2026-07-08 00:00:00,ABU746136,2026-07-08 00:00:00,LENGKAP,2026-07-08 23:23:00,'AD99200119,1,
2026-07-08 00:00:00,ABU746136,2026-07-08 00:00:00,LENGKAP,2026-07-08 23:23:00,'AD99200120,1,
2026-07-08 00:00:00,ABU746136,2026-07-08 00:00:00,LENGKAP,2026-07-08 23:23:00,'AD99200121,1,
2026-07-08 00:00:00,ABU746136,2026-07-08 00:00:00,LENGKAP,2026-07-08 23:23:00,'AD99200122,1,
2026-07-08 00:00:00,ABU746136,2026-07-08 00:00:00,LENGKAP,2026-07-08 23:23:00,'AD99200123,1,
2026-07-08 00:00:00,ABU746136,2026-07-08 00:00:00,LENGKAP,2026-07-08 23:23:00,'AD99200124,1,
2026-07-08 00:00:00,ABU746136,2026-07-08 00:00:00,LENGKAP,2026-07-08 23:23:00,'AD99200125,1,
2026-07-08 00:00:00,ABU746136,2026-07-08 00:00:00,LENGKAP,2026-07-08 23:23:00,'AD99200131,1,
2026-07-08 00:00:00,ABU746136,2026-07-08 00:00:00,LENGKAP,2026-07-08 23:23:00,'AD99200132,1,
2026-07-08 00:00:00,ABU746136,2026-07-08 00:00:00,LENGKAP,2026-07-08 23:23:00,'AD99200133,1,
2026-07-08 00:00:00,ABU746136,2026-07-08 00:00:00,LENGKAP,2026-07-08 23:23:00,'AD99200135,1,
2026-07-08 00:00:00,ABU746136,2026-07-08 00:00:00,LENGKAP,2026-07-08 23:23:00,'AD99200136,1,
2026-07-08 00:00:00,ABU746136,2026-07-08 00:00:00,LENGKAP,2026-07-08 23:23:00,'TR51638746,1,
2026-07-08 00:00:00,KEF0807261,2026-07-08 00:00:00,LENGKAP,2026-07-08 23:25:00,'AA63886369,1,
2026-07-08 00:00:00,KEF0807261,2026-07-08 00:00:00,LENGKAP,2026-07-08 23:25:00,'AA63886370,1,
2026-07-08 00:00:00,KEF0807261,2026-07-08 00:00:00,LENGKAP,2026-07-08 23:25:00,'AA63886371,1,
2026-07-08 00:00:00,KEF0807261,2026-07-08 00:00:00,LENGKAP,2026-07-08 23:25:00,'AA63886372,1,
2026-07-08 00:00:00,KEF0807261,2026-07-08 00:00:00,LENGKAP,2026-07-08 23:25:00,'AA63886373,1,
2026-07-08 00:00:00,KEF0807261,2026-07-08 00:00:00,LENGKAP,2026-07-08 23:25:00,'AA63886374,1,
2026-07-08 00:00:00,KEF0807261,2026-07-08 00:00:00,LENGKAP,2026-07-08 23:25:00,'AA63886375,1,
2026-07-08 00:00:00,KEF0807261,2026-07-08 00:00:00,LENGKAP,2026-07-08 23:25:00,'AA63886376,1,
2026-07-08 00:00:00,KEF0807261,2026-07-08 00:00:00,LENGKAP,2026-07-08 23:25:00,'AA63886377,1,
2026-07-08 00:00:00,KEF0807261,2026-07-08 00:00:00,LENGKAP,2026-07-08 23:25:00,'AA63886378,1,
2026-07-08 00:00:00,KEF0807261,2026-07-08 00:00:00,LENGKAP,2026-07-08 23:25:00,'AA63886379,1,
2026-07-08 00:00:00,KEF0807261,2026-07-08 00:00:00,LENGKAP,2026-07-08 23:25:00,'AA63886380,1,
2026-07-08 00:00:00,KEF0807261,2026-07-08 00:00:00,LENGKAP,2026-07-08 23:25:00,'AA63886381,1,
2026-07-08 00:00:00,KEF0807262,2026-07-08 00:00:00,LENGKAP,2026-07-08 12:36:00,'AA63886383,1,
2026-07-08 00:00:00,KEF0807262,2026-07-08 00:00:00,LENGKAP,2026-07-08 12:36:00,'AA63886384,1,
2026-07-08 00:00:00,KEF0807262,2026-07-08 00:00:00,LENGKAP,2026-07-08 12:36:00,'AA63886385,1,
2026-07-08 00:00:00,KEF0807262,2026-07-08 00:00:00,LENGKAP,2026-07-08 12:36:00,'AA63886386,1,
2026-07-08 00:00:00,KEF0807262,2026-07-08 00:00:00,LENGKAP,2026-07-08 12:36:00,'AA63886387,1,
2026-07-08 00:00:00,KEF0807262,2026-07-08 00:00:00,LENGKAP,2026-07-08 12:36:00,'AA63886388,1,
2026-07-08 00:00:00,KEF0807262,2026-07-08 00:00:00,LENGKAP,2026-07-08 12:36:00,'AA63886389,1,
2026-07-08 00:00:00,KEF0807262,2026-07-08 00:00:00,LENGKAP,2026-07-08 12:36:00,'AA63886390,1,
2026-07-08 00:00:00,KEF0807262,2026-07-08 00:00:00,LENGKAP,2026-07-08 12:36:00,'AA63886391,1,
2026-07-08 00:00:00,KEF0807262,2026-07-08 00:00:00,LENGKAP,2026-07-08 12:36:00,'AA63886392,1,
2026-07-08 00:00:00,KEF0807262,2026-07-08 00:00:00,LENGKAP,2026-07-08 12:36:00,'AA63886393,1,
2026-07-08 00:00:00,KEF0807262,2026-07-08 00:00:00,LENGKAP,2026-07-08 12:36:00,'AA63886394,1,
2026-07-08 00:00:00,KEF0807262,2026-07-08 00:00:00,LENGKAP,2026-07-08 12:36:00,'AA63886395,1,
2026-07-08 00:00:00,KEF0807262,2026-07-08 00:00:00,LENGKAP,2026-07-08 12:36:00,'AA63886396,1,
2026-07-08 00:00:00,KEF0807262,2026-07-08 00:00:00,LENGKAP,2026-07-08 12:36:00,'AA63886397,1,
2026-07-08 00:00:00,KEF0807262,2026-07-08 00:00:00,LENGKAP,2026-07-08 12:36:00,'AA63886398,1,
2026-07-08 00:00:00,KEF0807262,2026-07-08 00:00:00,LENGKAP,2026-07-08 12:36:00,'AA63886399,1,
2026-07-08 00:00:00,KEF0807262,2026-07-08 00:00:00,LENGKAP,2026-07-08 12:36:00,'AD106585287,1,
2026-07-08 00:00:00,KEF0807262,2026-07-08 00:00:00,LENGKAP,2026-07-08 12:36:00,'TR00041193,1,
2026-07-08 00:00:00,KEF0807263,2026-07-08 00:00:00,LENGKAP,2026-07-08 20:36:00,'AD106585280,2,
2026-07-08 00:00:00,KEF0807263,2026-07-08 00:00:00,LENGKAP,2026-07-08 20:36:00,'AD106585284,7,
2026-07-08 00:00:00,KEF0807264,2026-07-08 00:00:00,LENGKAP,2026-07-08 12:37:00,'AD106585285,1,
2026-07-08 00:00:00,KEF0807264,2026-07-08 00:00:00,LENGKAP,2026-07-08 12:37:00,'AD106585286,1,
2026-07-08 00:00:00,KEF0807266,2026-07-08 00:00:00,LENGKAP,2026-07-08 17:13:00,'AA63886400,1,
2026-07-08 00:00:00,KEF0807265,2026-07-08 00:00:00,LENGKAP,2026-07-08 17:15:00,'AD106585288,1,
2026-07-08 00:00:00,KEF0807265,2026-07-08 00:00:00,LENGKAP,2026-07-08 17:15:00,'AD106585289,1,
2026-07-08 00:00:00,KEF0807266,2026-07-08 00:00:00,LENGKAP,2026-07-08 17:13:00,'AA63886401,1,
2026-07-08 00:00:00,KEF0807266,2026-07-08 00:00:00,LENGKAP,2026-07-08 17:13:00,'AA63886402,1,
2026-07-08 00:00:00,KEF0807266,2026-07-08 00:00:00,LENGKAP,2026-07-08 17:13:00,'AA63886403,1,
2026-07-08 00:00:00,KEF0807266,2026-07-08 00:00:00,LENGKAP,2026-07-08 17:13:00,'AA63886404,1,
2026-07-08 00:00:00,KEF0807266,2026-07-08 00:00:00,LENGKAP,2026-07-08 17:13:00,'AA63886405,1,
2026-07-08 00:00:00,KEF0807266,2026-07-08 00:00:00,LENGKAP,2026-07-08 17:13:00,'AA63886406,1,
2026-07-08 00:00:00,KEF0807266,2026-07-08 00:00:00,LENGKAP,2026-07-08 17:13:00,'AA63886407,1,
2026-07-08 00:00:00,KEF0807266,2026-07-08 00:00:00,LENGKAP,2026-07-08 17:13:00,'AA63886408,1,
2026-07-08 00:00:00,KEF0807266,2026-07-08 00:00:00,LENGKAP,2026-07-08 17:13:00,'AA63886409,1,
2026-07-08 00:00:00,KEF0807268,2026-07-08 00:00:00,LENGKAP,2026-07-09 08:23:00,'AD106585290,6,
2026-07-08 00:00:00,KEF0807267,2026-07-08 00:00:00,LENGKAP,2026-07-09 10:16:00,'AA63886410,1,
2026-07-08 00:00:00,KEF0807267,2026-07-08 00:00:00,LENGKAP,2026-07-09 10:16:00,'AA63886411,1,
2026-07-08 00:00:00,KEF0807267,2026-07-08 00:00:00,LENGKAP,2026-07-09 10:16:00,'AA63886412,1,
2026-07-08 00:00:00,KEF0807267,2026-07-08 00:00:00,LENGKAP,2026-07-09 10:16:00,'AA63886413,1,
2026-07-08 00:00:00,KEF0807267,2026-07-08 00:00:00,LENGKAP,2026-07-09 10:16:00,'AA63886414,1,
2026-07-08 00:00:00,KEF0807267,2026-07-08 00:00:00,LENGKAP,2026-07-09 10:16:00,'AA63886415,1,
2026-07-08 00:00:00,KEF0807267,2026-07-08 00:00:00,LENGKAP,2026-07-09 10:16:00,'AA63886416,1,
2026-07-08 00:00:00,KEF0807267,2026-07-08 00:00:00,LENGKAP,2026-07-09 10:16:00,'AA63886417,1,
2026-07-08 00:00:00,KEF0807267,2026-07-08 00:00:00,LENGKAP,2026-07-09 10:16:00,'AA63886418,1,
2026-07-08 00:00:00,KEF0807267,2026-07-08 00:00:00,LENGKAP,2026-07-09 10:16:00,'AA63886419,1,
2026-07-08 00:00:00,KEF0807267,2026-07-08 00:00:00,LENGKAP,2026-07-09 10:16:00,'AA63886420,1,
2026-07-08 00:00:00,KOE080700,2026-07-08 00:00:00,LENGKAP,,'KOEAA03666998326,1,
2026-07-08 00:00:00,KOE080720261,2026-07-08 00:00:00,LENGKAP,2026-07-08 08:34:00,'360220007996926,1,
2026-07-08 00:00:00,KEF08072691,2026-07-09 00:00:00,LENGKAP,2026-07-09 10:37:00,'AD106585291,1,
2026-07-08 00:00:00,KEF08072691,2026-07-09 00:00:00,LENGKAP,2026-07-09 10:37:00,'AD106585292,1,
2026-07-08 00:00:00,KEF08072691,2026-07-09 00:00:00,LENGKAP,2026-07-09 10:37:00,'AD106585294,1,
2026-07-08 00:00:00,KOE080720261,2026-07-08 00:00:00,LENGKAP,2026-07-08 08:34:00,'3661902600001375,1,
2026-07-08 00:00:00,KOE080720261,2026-07-08 00:00:00,LENGKAP,2026-07-08 08:34:00,'AA64585683,31,
2026-07-08 00:00:00,KOE080720261,2026-07-08 00:00:00,LENGKAP,2026-07-08 08:34:00,'AA64585688,34,
2026-07-08 00:00:00,KOE080720261,2026-07-08 00:00:00,LENGKAP,2026-07-08 08:34:00,'AD106343961,1,
2026-07-08 00:00:00,KOE080720261,2026-07-08 00:00:00,LENGKAP,2026-07-08 08:34:00,'AD99250601,1,
2026-07-08 00:00:00,KOE080720261,2026-07-08 00:00:00,LENGKAP,2026-07-08 08:34:00,'KOEEC02409403526,1,
2026-07-08 00:00:00,KOE080720261,2026-07-08 00:00:00,LENGKAP,2026-07-08 08:34:00,'KOEEC02409860726,1,
2026-07-08 00:00:00,KOE080720261,2026-07-08 00:00:00,LENGKAP,2026-07-08 08:34:00,'KOEEC02410117026,1,
2026-07-08 00:00:00,KOE080720261,2026-07-08 00:00:00,LENGKAP,2026-07-08 08:34:00,'KOEEC02410246026,1,
2026-07-08 00:00:00,KOE080720261,2026-07-08 00:00:00,LENGKAP,2026-07-08 08:34:00,'KOEEC02410295026,1,
2026-07-08 00:00:00,KOE080720261,2026-07-08 00:00:00,LENGKAP,2026-07-08 08:34:00,'KOEEC02410554626,1,
2026-07-08 00:00:00,KOE080720261,2026-07-08 00:00:00,LENGKAP,2026-07-08 08:34:00,'KOEEC02410693426,1,
2026-07-08 00:00:00,KOE080720261,2026-07-08 00:00:00,LENGKAP,2026-07-08 08:34:00,'KOEEC02410892626,1,
2026-07-08 00:00:00,KOE0807202612,2026-07-08 00:00:00,LENGKAP,2026-07-09 10:40:00,'360100032110326,1,
2026-07-08 00:00:00,KOE0807202612,2026-07-08 00:00:00,LENGKAP,2026-07-09 10:40:00,'360140010435926,1,
2026-07-08 00:00:00,KOE0807202611,2026-07-08 00:00:00,LENGKAP,2026-07-08 17:16:00,'360140010436826,1,
2026-07-08 00:00:00,KOE0807202611,2026-07-08 00:00:00,LENGKAP,2026-07-08 17:16:00,'AA64490620,3,
2026-07-08 00:00:00,KOE080720262,2026-07-08 00:00:00,LENGKAP,2026-07-08 00:04:00,'360290018532226,1,
2026-07-08 00:00:00,KOE080720262,2026-07-08 00:00:00,LENGKAP,2026-07-08 00:04:00,'AA64585673,23,
2026-07-08 00:00:00,KOE0807202613,2026-07-08 00:00:00,LENGKAP,2026-07-08 16:50:00,'360140010438626,1,
2026-07-08 00:00:00,KOE0807202613,2026-07-08 00:00:00,LENGKAP,2026-07-08 16:50:00,'AA64490619,3,
2026-07-08 00:00:00,KOE0807202614,2026-07-08 00:00:00,LENGKAP,2026-07-08 13:24:00,'AA64490618,3,
2026-07-08 00:00:00,KOE080720262,2026-07-08 00:00:00,LENGKAP,2026-07-08 00:04:00,'AA64585674,1,
2026-07-08 00:00:00,KOE080720262,2026-07-08 00:00:00,LENGKAP,2026-07-08 00:04:00,'AA64585685,15,
2026-07-08 00:00:00,KOE080720262,2026-07-08 00:00:00,LENGKAP,2026-07-08 00:04:00,'AD106506851,1,
2026-07-08 00:00:00,KOE080720262,2026-07-08 00:00:00,LENGKAP,2026-07-08 00:04:00,'AD99250598,1,
2026-07-08 00:00:00,KOE080720262,2026-07-08 00:00:00,LENGKAP,2026-07-08 00:04:00,'KOEEC02410195426,1,
2026-07-08 00:00:00,KOE080720262,2026-07-08 00:00:00,LENGKAP,2026-07-08 00:04:00,'KOEEC02410206826,1,
2026-07-08 00:00:00,KOE080720262,2026-07-08 00:00:00,LENGKAP,2026-07-08 00:04:00,'KOEEC02410275426,1,
2026-07-08 00:00:00,KOE080720262,2026-07-08 00:00:00,LENGKAP,2026-07-08 00:04:00,'KOEEC02410355426,1,
2026-07-08 00:00:00,KOE080720263,2026-07-08 00:00:00,LENGKAP,2026-07-08 00:04:00,'360290018501926,1,
2026-07-08 00:00:00,KOE080720263,2026-07-08 00:00:00,LENGKAP,2026-07-08 00:04:00,'AA64585675,11,
2026-07-08 00:00:00,KOE080720263,2026-07-08 00:00:00,LENGKAP,2026-07-08 00:04:00,'AA64585681,32,
2026-07-08 00:00:00,KOE080720263,2026-07-08 00:00:00,LENGKAP,2026-07-08 00:04:00,'AA64585684,33,
2026-07-08 00:00:00,KOE080720263,2026-07-08 00:00:00,LENGKAP,2026-07-08 00:04:00,'AD106441245,2,
2026-07-08 00:00:00,KOE080720263,2026-07-08 00:00:00,LENGKAP,2026-07-08 00:04:00,'JT19736593163,1,
2026-07-08 00:00:00,KOE080720263,2026-07-08 00:00:00,LENGKAP,2026-07-08 00:04:00,'KOEEC02410335826,1,
2026-07-08 00:00:00,KOE080720263,2026-07-08 00:00:00,LENGKAP,2026-07-08 00:04:00,'KOEEC02410704826,1,
2026-07-08 00:00:00,KOE080720263,2026-07-08 00:00:00,LENGKAP,2026-07-08 00:04:00,'KOEEC02410724426,1,
2026-07-08 00:00:00,KOE080720266,2026-07-08 00:00:00,LENGKAP,2026-07-08 00:04:00,'AA64585679,1,
2026-07-08 00:00:00,KOE080720267,2026-07-08 00:00:00,LENGKAP,2026-07-08 00:04:00,'AA64585686,2,
2026-07-08 00:00:00,KOE080720264,2026-07-08 00:00:00,LENGKAP,2026-07-08 08:18:00,'360100031953526,1,
2026-07-08 00:00:00,KOE080720264,2026-07-08 00:00:00,LENGKAP,2026-07-08 08:18:00,'AA64585682,42,
2026-07-08 00:00:00,KOE080720264,2026-07-08 00:00:00,LENGKAP,2026-07-08 08:18:00,'AD106343962,1,
2026-07-08 00:00:00,KOE080720264,2026-07-08 00:00:00,LENGKAP,2026-07-08 08:18:00,'AD106441243,3,
2026-07-08 00:00:00,KOE080720264,2026-07-08 00:00:00,LENGKAP,2026-07-08 08:18:00,'AD99250203,1,
2026-07-08 00:00:00,KOE080720264,2026-07-08 00:00:00,LENGKAP,2026-07-08 08:18:00,'KOEEC02409741526,1,
2026-07-08 00:00:00,KOE080720264,2026-07-08 00:00:00,LENGKAP,2026-07-08 08:18:00,'KOEEC02409751326,1,
2026-07-08 00:00:00,KOE080720265,2026-07-08 00:00:00,LENGKAP,2026-07-08 15:14:00,'AA64482648,1,
2026-07-08 00:00:00,KOE080720265,2026-07-08 00:00:00,LENGKAP,2026-07-08 15:14:00,'AA64585677,9,
2026-07-08 00:00:00,KOE080720265,2026-07-08 00:00:00,LENGKAP,2026-07-08 15:14:00,'AD104114486,3,
2026-07-08 00:00:00,KOE0807SS1,2026-07-08 00:00:00,LENGKAP,,'8000109631459,1,
2026-07-08 00:00:00,KOE481365,2026-07-08 00:00:00,LENGKAP,2026-07-08 23:09:00,'AA69481365,5,
2026-07-08 00:00:00,KOE481365,2026-07-08 00:00:00,LENGKAP,2026-07-08 23:09:00,'AD106580980,1,
2026-07-08 00:00:00,KOE090720261,2026-07-09 00:00:00,LENGKAP,2026-07-09 09:13:00,'360100032246026,1,
2026-07-08 00:00:00,KOE090720261,2026-07-09 00:00:00,LENGKAP,2026-07-09 09:13:00,'360100032250326,1,
2026-07-08 00:00:00,KOE090720261,2026-07-09 00:00:00,LENGKAP,2026-07-09 09:13:00,'360240017349826,1,
2026-07-08 00:00:00,KOE090720261,2026-07-09 00:00:00,LENGKAP,2026-07-09 09:13:00,'360290018603626,1,
2026-07-08 00:00:00,KOE090720261,2026-07-09 00:00:00,LENGKAP,2026-07-09 09:13:00,'450001951661,1,
2026-07-08 00:00:00,KOE090720261,2026-07-09 00:00:00,LENGKAP,2026-07-09 09:13:00,'450001951763,1,
2026-07-08 00:00:00,KOE090720261,2026-07-09 00:00:00,LENGKAP,2026-07-09 09:13:00,'AA64585657,18,
2026-07-08 00:00:00,KOE090720261,2026-07-09 00:00:00,LENGKAP,2026-07-09 09:13:00,'AA64585669,50,
2026-07-08 00:00:00,KOE090720261,2026-07-09 00:00:00,LENGKAP,2026-07-09 09:13:00,'AD106608047,1,
2026-07-08 00:00:00,KOE090720261,2026-07-09 00:00:00,LENGKAP,2026-07-09 09:13:00,'KOEAA03667003426,1,
2026-07-08 00:00:00,KOE090720261,2026-07-09 00:00:00,LENGKAP,2026-07-09 09:13:00,'KOEAA03667271226,1,
2026-07-08 00:00:00,KOE090720261,2026-07-09 00:00:00,LENGKAP,2026-07-09 09:13:00,'KOEAA03667281026,1,
2026-07-08 00:00:00,KOE090720261,2026-07-09 00:00:00,LENGKAP,2026-07-09 09:13:00,'KOEEC02412095226,1,
2026-07-08 00:00:00,KOE090720261,2026-07-09 00:00:00,LENGKAP,2026-07-09 09:13:00,'KOEEC02412155626,1,
2026-07-08 00:00:00,KOE090720261,2026-07-09 00:00:00,LENGKAP,2026-07-09 09:13:00,'KOEEC02412544226,1,
2026-07-08 00:00:00,KOE7731068,2026-07-08 00:00:00,LENGKAP,2026-07-08 18:47:00,'AD104114025,4,
2026-07-08 00:00:00,KOE7731068,2026-07-08 00:00:00,LENGKAP,2026-07-08 18:47:00,'AD104114026,13,
2026-07-08 00:00:00,KOE7731068,2026-07-08 00:00:00,LENGKAP,2026-07-08 18:47:00,'AD104114027,8,
2026-07-08 00:00:00,KOE7731068,2026-07-08 00:00:00,LENGKAP,2026-07-08 18:47:00,'AD104114028,1,
2026-07-08 00:00:00,KOE7731068,2026-07-08 00:00:00,LENGKAP,2026-07-08 18:47:00,'AD104114033,8,
2026-07-08 00:00:00,KOE7731068,2026-07-08 00:00:00,LENGKAP,2026-07-08 18:47:00,'AD106370334,1,
2026-07-08 00:00:00,KOE7731068,2026-07-08 00:00:00,LENGKAP,2026-07-08 18:47:00,'AD106370380,1,
2026-07-08 00:00:00,KOE7731068,2026-07-08 00:00:00,LENGKAP,2026-07-08 18:47:00,'AD112899007,5,
2026-07-08 00:00:00,MLA8578226,2026-07-08 00:00:00,LENGKAP,2026-07-09 08:22:00,'AD106441252,2,
2026-07-08 00:00:00,MLA8578228,2026-07-08 00:00:00,LENGKAP,2026-07-09 10:33:00,'AD106441253,1,
2026-07-08 00:00:00,MLA8578229,2026-07-08 00:00:00,LENGKAP,,'AD106441254,1,
2026-07-08 00:00:00,OLS022207,2026-07-08 00:00:00,LENGKAP,2026-07-08 16:50:00,'AD104095804,1,
2026-07-08 00:00:00,OLS022208,2026-07-08 00:00:00,LENGKAP,2026-07-08 17:15:00,'AD104095806,2,
2026-07-08 00:00:00,OLS08072601,2026-07-08 00:00:00,LENGKAP,2026-07-08 15:39:00,'AD104095805,1,
2026-07-08 00:00:00,OLS08072604,2026-07-08 00:00:00,LENGKAP,2026-07-08 16:02:00,'AD104095809,2,
2026-07-08 00:00:00,OLS08072604,2026-07-08 00:00:00,LENGKAP,2026-07-08 16:02:00,'AD104095810,2,
2026-07-08 00:00:00,OLS08072604,2026-07-08 00:00:00,LENGKAP,2026-07-08 16:02:00,'AD104095811,1,
2026-07-08 00:00:00,OLS08072604,2026-07-08 00:00:00,LENGKAP,2026-07-08 16:02:00,'AD104095812,1,
2026-07-08 00:00:00,OLS08072604,2026-07-08 00:00:00,LENGKAP,2026-07-08 16:02:00,'AD104095813,1,
2026-07-08 00:00:00,OLS08072604,2026-07-08 00:00:00,LENGKAP,2026-07-08 16:02:00,'AD104095814,1,
2026-07-08 00:00:00,OLS08072604,2026-07-08 00:00:00,LENGKAP,2026-07-08 16:02:00,'AD104095815,1,
2026-07-08 00:00:00,SOE8578513,2026-07-08 00:00:00,LENGKAP,2026-07-09 08:21:00,'AA64482652,1,
2026-07-08 00:00:00,SOE8578513,2026-07-08 00:00:00,LENGKAP,2026-07-09 08:21:00,'AD106442397,2,
2026-07-08 00:00:00,TMC8109490,2026-07-08 00:00:00,LENGKAP,2026-07-08 20:46:00,'660107821520,1,
2026-07-08 00:00:00,TMC8109490,2026-07-08 00:00:00,LENGKAP,2026-07-08 20:46:00,'AA64585761,9,
2026-07-08 00:00:00,TMC8109490,2026-07-08 00:00:00,LENGKAP,2026-07-08 20:46:00,'AA64585771,17,
2026-07-08 00:00:00,TMC8109490,2026-07-08 00:00:00,LENGKAP,2026-07-08 20:46:00,'AA64585793,9,
2026-07-08 00:00:00,TMC8109490,2026-07-08 00:00:00,LENGKAP,2026-07-08 20:46:00,'AA64585798,14,
2026-07-08 00:00:00,TMC8109490,2026-07-08 00:00:00,LENGKAP,2026-07-08 20:46:00,'AA64585801,16,
2026-07-08 00:00:00,TMC8109490,2026-07-08 00:00:00,LENGKAP,2026-07-08 20:46:00,'AA69424837,15,
2026-07-08 00:00:00,TMC8109491,2026-07-08 00:00:00,LENGKAP,2026-07-08 20:45:00,'AA64482646,1,
2026-07-08 00:00:00,TMC8109491,2026-07-08 00:00:00,LENGKAP,2026-07-08 20:45:00,'AA64585566,1,
2026-07-08 00:00:00,TMC8109491,2026-07-08 00:00:00,LENGKAP,2026-07-08 20:45:00,'AA64585772,12,
2026-07-08 00:00:00,TMC8109491,2026-07-08 00:00:00,LENGKAP,2026-07-08 20:45:00,'AA64585790,10,
2026-07-08 00:00:00,TMC8109491,2026-07-08 00:00:00,LENGKAP,2026-07-08 20:45:00,'AA64585800,12,
2026-07-08 00:00:00,TMC8109491,2026-07-08 00:00:00,LENGKAP,2026-07-08 20:45:00,'AA72283701,1,
2026-07-08 00:00:00,TMC8109492,2026-07-08 00:00:00,LENGKAP,2026-07-08 20:45:00,'AA64482645,1,
2026-07-08 00:00:00,TMC8109492,2026-07-08 00:00:00,LENGKAP,2026-07-08 20:45:00,'AA64585565,9,
2026-07-08 00:00:00,TMC8109492,2026-07-08 00:00:00,LENGKAP,2026-07-08 20:45:00,'AA64585773,15,
2026-07-08 00:00:00,MLA8578222,2026-07-08 00:00:00,LENGKAP,2026-07-09 10:16:00,'AA72283704,1,
2026-07-08 00:00:00,MLA8578222,2026-07-08 00:00:00,LENGKAP,2026-07-09 10:16:00,'AA72283705,1,
2026-07-08 00:00:00,MLA8578222,2026-07-08 00:00:00,LENGKAP,2026-07-09 10:16:00,'AA72283706,1,
2026-07-08 00:00:00,MLA8578222,2026-07-08 00:00:00,LENGKAP,2026-07-09 10:16:00,'AA72283707,1,
2026-07-08 00:00:00,MLA8578222,2026-07-08 00:00:00,LENGKAP,2026-07-09 10:16:00,'AA72283708,1,
2026-07-08 00:00:00,MLA8578222,2026-07-08 00:00:00,LENGKAP,2026-07-09 10:16:00,'AA72283709,1,
2026-07-08 00:00:00,MLA8578222,2026-07-08 00:00:00,LENGKAP,2026-07-09 10:16:00,'AA72283710,1,
2026-07-08 00:00:00,MLA8578222,2026-07-08 00:00:00,LENGKAP,2026-07-09 10:16:00,'AA72283711,1,
2026-07-08 00:00:00,MLA8578222,2026-07-08 00:00:00,LENGKAP,2026-07-09 10:16:00,'AA72283712,1,
2026-07-08 00:00:00,MLA8578223,2026-07-08 00:00:00,LENGKAP,2026-07-09 09:18:00,'AD106441248,5,
2026-07-08 00:00:00,MLA8578223,2026-07-08 00:00:00,LENGKAP,2026-07-09 09:18:00,'AD106441249,1,
2026-07-08 00:00:00,MLA8578223,2026-07-08 00:00:00,LENGKAP,2026-07-09 09:18:00,'AD106441251,1,
2026-07-08 00:00:00,MLA8578224,2026-07-08 00:00:00,LENGKAP,2026-07-09 09:25:00,'AD106441250,2,
2026-07-08 00:00:00,MLA8578225,2026-07-08 00:00:00,LENGKAP,2026-07-09 10:17:00,'AA72283713,1,
2026-07-08 00:00:00,MLA8578225,2026-07-08 00:00:00,LENGKAP,2026-07-09 10:17:00,'AA72283714,1,
2026-07-08 00:00:00,MLA8578225,2026-07-08 00:00:00,LENGKAP,2026-07-09 10:17:00,'AA72283715,1,
2026-07-08 00:00:00,MLA8578225,2026-07-08 00:00:00,LENGKAP,2026-07-09 10:17:00,'AA72283716,1,
2026-07-08 00:00:00,MLA8578225,2026-07-08 00:00:00,LENGKAP,2026-07-09 10:17:00,'AA72283717,1,
2026-07-08 00:00:00,MLA8578225,2026-07-08 00:00:00,LENGKAP,2026-07-09 10:17:00,'AA72283718,1,
2026-07-08 00:00:00,MLA8578225,2026-07-08 00:00:00,LENGKAP,2026-07-09 10:17:00,'AA72283719,1,
2026-07-08 00:00:00,MLA8578225,2026-07-08 00:00:00,LENGKAP,2026-07-09 10:17:00,'AA72283720,1,
2026-07-08 00:00:00,MLA8578225,2026-07-08 00:00:00,LENGKAP,2026-07-09 10:17:00,'AA72283721,1,
2026-07-08 00:00:00,TMC8109492,2026-07-08 00:00:00,LENGKAP,2026-07-08 20:45:00,'AA64585774,10,
2026-07-08 00:00:00,MLA8578227,2026-07-08 00:00:00,LENGKAP,2026-07-09 10:17:00,'AD106441246,1,
2026-07-08 00:00:00,MLA8578227,2026-07-08 00:00:00,LENGKAP,2026-07-09 10:17:00,'AD106441247,1,
2026-07-08 00:00:00,TMC8109492,2026-07-08 00:00:00,LENGKAP,2026-07-08 20:45:00,'AA64585791,25,
2026-07-08 00:00:00,TMC8109492,2026-07-08 00:00:00,LENGKAP,2026-07-08 20:45:00,'AA64585792,1,
2026-07-08 00:00:00,MLO8610295,2026-07-08 00:00:00,LENGKAP,2026-07-08 23:32:00,'AA62637341,1,
2026-07-08 00:00:00,MLO8610295,2026-07-08 00:00:00,LENGKAP,2026-07-08 23:32:00,'AA62637342,1,
2026-07-08 00:00:00,MLO8610295,2026-07-08 00:00:00,LENGKAP,2026-07-08 23:32:00,'AD97568180,1,
2026-07-08 00:00:00,MLO8610295,2026-07-08 00:00:00,LENGKAP,2026-07-08 23:32:00,'AD97568181,1,
2026-07-08 00:00:00,TMC8109492,2026-07-08 00:00:00,LENGKAP,2026-07-08 20:45:00,'AA64585804,14,
2026-07-08 00:00:00,TMC8109492,2026-07-08 00:00:00,LENGKAP,2026-07-08 20:45:00,'AA69424838,8,
2026-07-08 00:00:00,TMC8109492,2026-07-08 00:00:00,LENGKAP,2026-07-08 20:45:00,'AD106506829,1,
2026-07-08 00:00:00,OLS08072602,2026-07-08 00:00:00,LENGKAP,2026-07-08 23:32:00,'AD104095807,1,
2026-07-08 00:00:00,OLS08072602,2026-07-08 00:00:00,LENGKAP,2026-07-08 23:32:00,'AD104095808,1,
2026-07-08 00:00:00,TMC8109492,2026-07-08 00:00:00,LENGKAP,2026-07-08 20:45:00,'AD106506836,1,
2026-07-08 00:00:00,TMC8109492,2026-07-08 00:00:00,LENGKAP,2026-07-08 20:45:00,'YS15284634,22,
2026-07-08 00:00:00,TMC8242459,2026-07-08 00:00:00,LENGKAP,2026-07-09 09:30:00,'AA69424855,1,
2026-07-08 00:00:00,TMC8242459,2026-07-08 00:00:00,LENGKAP,2026-07-09 09:30:00,'AA69424856,1,
2026-07-08 00:00:00,TMC8242459,2026-07-08 00:00:00,LENGKAP,2026-07-09 09:30:00,'AA69424858,1,
2026-07-08 00:00:00,TMC8242459,2026-07-08 00:00:00,LENGKAP,2026-07-09 09:30:00,'AA69424944,2,
2026-07-08 00:00:00,TMC8242459,2026-07-08 00:00:00,LENGKAP,2026-07-09 09:30:00,'AA69424991,1,
2026-07-08 00:00:00,SAB8610136,2026-07-08 00:00:00,LENGKAP,2026-07-09 09:45:00,'360280002056426,1,
2026-07-08 00:00:00,SAB8610136,2026-07-08 00:00:00,LENGKAP,2026-07-09 09:45:00,'AD106506852,1,
2026-07-08 00:00:00,SAB8610136,2026-07-08 00:00:00,LENGKAP,2026-07-09 09:45:00,'AD106506853,1,
2026-07-08 00:00:00,SAB8610136,2026-07-08 00:00:00,LENGKAP,2026-07-09 09:45:00,'AD106506854,1,
2026-07-08 00:00:00,SAB8610136,2026-07-08 00:00:00,LENGKAP,2026-07-09 09:45:00,'AD106506855,1,
2026-07-08 00:00:00,SAB8610136,2026-07-08 00:00:00,LENGKAP,2026-07-09 09:45:00,'AD106506856,1,
2026-07-08 00:00:00,SAB8610136,2026-07-08 00:00:00,LENGKAP,2026-07-09 09:45:00,'AD106506857,1,
2026-07-08 00:00:00,SAB8610136,2026-07-08 00:00:00,LENGKAP,2026-07-09 09:45:00,'AD106506858,1,
2026-07-08 00:00:00,SAB8610136,2026-07-08 00:00:00,LENGKAP,2026-07-09 09:45:00,'AD106506859,1,
2026-07-08 00:00:00,SAB8610136,2026-07-08 00:00:00,LENGKAP,2026-07-09 09:45:00,'AD106506860,1,
2026-07-08 00:00:00,SAB8610136,2026-07-08 00:00:00,LENGKAP,2026-07-09 09:45:00,'AD106506861,1,
2026-07-08 00:00:00,SAB8610136,2026-07-08 00:00:00,LENGKAP,2026-07-09 09:45:00,'AD106506862,1,
2026-07-08 00:00:00,SAB8610136,2026-07-08 00:00:00,LENGKAP,2026-07-09 09:45:00,'AD106506863,1,
2026-07-08 00:00:00,SAB8610136,2026-07-08 00:00:00,LENGKAP,2026-07-09 09:45:00,'AD106506864,1,
2026-07-08 00:00:00,SAB8610136,2026-07-08 00:00:00,LENGKAP,2026-07-09 09:45:00,'AD106506865,1,
2026-07-08 00:00:00,SAB8610136,2026-07-08 00:00:00,LENGKAP,2026-07-09 09:45:00,'AD106506866,1,
2026-07-08 00:00:00,SAB8610136,2026-07-08 00:00:00,LENGKAP,2026-07-09 09:45:00,'AD106506867,1,
2026-07-08 00:00:00,SAB8610136,2026-07-08 00:00:00,LENGKAP,2026-07-09 09:45:00,'AD106506868,1,
2026-07-08 00:00:00,SAB8610136,2026-07-08 00:00:00,LENGKAP,2026-07-09 09:45:00,'AD106506869,1,
2026-07-08 00:00:00,SAB8610136,2026-07-08 00:00:00,LENGKAP,2026-07-09 09:45:00,'AD106506870,1,
2026-07-08 00:00:00,SAB8610136,2026-07-08 00:00:00,LENGKAP,2026-07-09 09:45:00,'AD106506871,1,
2026-07-08 00:00:00,SAB8610136,2026-07-08 00:00:00,LENGKAP,2026-07-09 09:45:00,'AD106506872,1,
2026-07-08 00:00:00,SAB8610136,2026-07-08 00:00:00,LENGKAP,2026-07-09 09:45:00,'AD106506873,1,
2026-07-08 00:00:00,SAB8610136,2026-07-08 00:00:00,LENGKAP,2026-07-09 09:45:00,'AD106506874,1,
2026-07-08 00:00:00,SAB8610136,2026-07-08 00:00:00,LENGKAP,2026-07-09 09:45:00,'AD106506875,1,
2026-07-08 00:00:00,SAB8610136,2026-07-08 00:00:00,LENGKAP,2026-07-09 09:45:00,'AD106506876,1,
2026-07-08 00:00:00,SAB8610136,2026-07-08 00:00:00,LENGKAP,2026-07-09 09:45:00,'AD106506877,1,
2026-07-08 00:00:00,SAB8610136,2026-07-08 00:00:00,LENGKAP,2026-07-09 09:45:00,'AD106506878,1,
2026-07-08 00:00:00,SOE8578512,2026-07-08 00:00:00,LENGKAP,2026-07-08 20:52:00,'AA64482644,1,
2026-07-08 00:00:00,SOE8578512,2026-07-08 00:00:00,LENGKAP,2026-07-08 20:52:00,'AA64482649,1,
2026-07-08 00:00:00,SOE8578512,2026-07-08 00:00:00,LENGKAP,2026-07-08 20:52:00,'AA64482650,1,
2026-07-08 00:00:00,SOE8578512,2026-07-08 00:00:00,LENGKAP,2026-07-08 20:52:00,'AA64482651,1,
2026-07-08 00:00:00,SOE8578512,2026-07-08 00:00:00,LENGKAP,2026-07-08 20:52:00,'AD106442395,9,
2026-07-08 00:00:00,SOE8578512,2026-07-08 00:00:00,LENGKAP,2026-07-08 20:52:00,'AD106442496,1,
2026-07-08 00:00:00,TMC8242459,2026-07-08 00:00:00,LENGKAP,2026-07-09 09:30:00,'AA69424992,1,
2026-07-08 00:00:00,TMC8242459,2026-07-08 00:00:00,LENGKAP,2026-07-09 09:30:00,'AD99250207,1,
2026-07-08 00:00:00,TMC8242459,2026-07-08 00:00:00,LENGKAP,2026-07-09 09:30:00,'AD99250208,2,
2026-07-08 00:00:00,TMC8242459,2026-07-08 00:00:00,LENGKAP,2026-07-09 09:30:00,'AD99250209,1,
2026-07-08 00:00:00,TMC8242459,2026-07-08 00:00:00,LENGKAP,2026-07-09 09:30:00,'AD99250210,1,
2026-07-08 00:00:00,TMC8242459,2026-07-08 00:00:00,LENGKAP,2026-07-09 09:30:00,'AD99250219,1,
2026-07-08 00:00:00,TMC8242459,2026-07-08 00:00:00,LENGKAP,2026-07-09 09:30:00,'RTKOE26014900124,1,
2026-07-08 00:00:00,TMC8242460,2026-07-08 00:00:00,LENGKAP,2026-07-08 15:53:00,'AD99250214,2,
2026-07-09 00:00:00,ABU173174,2026-07-08 00:00:00,LENGKAP,2026-07-09 08:26:00,'AD99200174,1,
2026-07-08 00:00:00,KEF0807269,2026-07-09 00:00:00,LENGKAP,2026-07-09 09:11:00,'AD106585293,1,
2026-07-08 00:00:00,KOE090720262,2026-07-09 00:00:00,LENGKAP,2026-07-08 23:50:00,'360100032209526,1,
2026-07-08 00:00:00,KOE090720262,2026-07-09 00:00:00,LENGKAP,2026-07-08 23:50:00,'360220008067126,1,
2026-07-08 00:00:00,KOE090720262,2026-07-09 00:00:00,LENGKAP,2026-07-08 23:50:00,'AA64585647,2,
2026-07-08 00:00:00,KOE090720262,2026-07-09 00:00:00,LENGKAP,2026-07-08 23:50:00,'AA64585655,15,
2026-07-08 00:00:00,KOE090720262,2026-07-09 00:00:00,LENGKAP,2026-07-08 23:50:00,'AA64585665,24,
2026-07-08 00:00:00,KOE090720262,2026-07-09 00:00:00,LENGKAP,2026-07-08 23:50:00,'AD106608052,1,
2026-07-08 00:00:00,KOE090720262,2026-07-09 00:00:00,LENGKAP,2026-07-08 23:50:00,'KOEEC02412075626,1,
2026-07-08 00:00:00,KOE090720262,2026-07-09 00:00:00,LENGKAP,2026-07-08 23:50:00,'KOEEC02412206226,1,
2026-07-08 00:00:00,KOE090720262,2026-07-09 00:00:00,LENGKAP,2026-07-08 23:50:00,'KOEEC02412573626,1,
2026-07-08 00:00:00,KOE090720263,2026-07-09 00:00:00,LENGKAP,2026-07-08 23:50:00,'360100032252126,1,
2026-07-08 00:00:00,KOE090720263,2026-07-09 00:00:00,LENGKAP,2026-07-08 23:50:00,'AA64585663,14,
2026-07-08 00:00:00,KOE090720263,2026-07-09 00:00:00,LENGKAP,2026-07-08 23:50:00,'AA64585671,49,
2026-07-08 00:00:00,KOE090720263,2026-07-09 00:00:00,LENGKAP,2026-07-08 23:50:00,'KOEEC02412106626,1,
2026-07-08 00:00:00,KOE090720263,2026-07-09 00:00:00,LENGKAP,2026-07-08 23:50:00,'KOEEC02412185026,1,
2026-07-08 00:00:00,KOE090720263,2026-07-09 00:00:00,LENGKAP,2026-07-08 23:50:00,'KOEEC02412274826,1,
2026-07-08 00:00:00,KOE090720263,2026-07-09 00:00:00,LENGKAP,2026-07-08 23:50:00,'KOEEC02412294426,1,
2026-07-08 00:00:00,KOE090720264,2026-07-09 00:00:00,LENGKAP,2026-07-08 23:50:00,'AA64585661,7,
2026-07-08 00:00:00,KOE090720264,2026-07-09 00:00:00,LENGKAP,2026-07-08 23:50:00,'AA64585667,26,
2026-07-08 00:00:00,KOE090720264,2026-07-09 00:00:00,LENGKAP,2026-07-08 23:50:00,'AD106343945,1,
2026-07-08 00:00:00,KOE090720264,2026-07-09 00:00:00,LENGKAP,2026-07-08 23:50:00,'KOEEC02411394326,1,
2026-07-08 00:00:00,KOE090720264,2026-07-09 00:00:00,LENGKAP,2026-07-08 23:50:00,'KOEEC02412116426,1,
2026-07-08 00:00:00,KOE090720264,2026-07-09 00:00:00,LENGKAP,2026-07-08 23:50:00,'KOEEC02412165426,1,
2026-07-08 00:00:00,KOE090720264,2026-07-09 00:00:00,LENGKAP,2026-07-08 23:50:00,'KOEEC02412554026,1,
2026-07-08 00:00:00,KOE090720265,2026-07-09 00:00:00,LENGKAP,2026-07-08 23:50:00,'360700011208426,1,
2026-07-08 00:00:00,KOE090720265,2026-07-09 00:00:00,LENGKAP,2026-07-08 23:50:00,'AA64585645,1,
2026-07-08 00:00:00,KOE090720265,2026-07-09 00:00:00,LENGKAP,2026-07-08 23:50:00,'AA64585651,26,
2026-07-08 00:00:00,KOE090720265,2026-07-09 00:00:00,LENGKAP,2026-07-08 23:50:00,'AD104114487,3,
2026-07-08 00:00:00,KOE090720266,2026-07-09 00:00:00,LENGKAP,2026-07-08 23:50:00,'AA64585649,3,
2026-07-09 00:00:00,ABU173174,2026-07-08 00:00:00,LENGKAP,2026-07-09 08:26:00,'AD99200179,1,
2026-07-08 00:00:00,WBK3345200,2026-07-08 00:00:00,LENGKAP,2026-07-09 09:27:00,'AD106339540,1,
2026-07-08 00:00:00,WBK3345200,2026-07-08 00:00:00,LENGKAP,2026-07-09 09:27:00,'AD106339541,1,
2026-07-08 00:00:00,WBK3345200,2026-07-08 00:00:00,LENGKAP,2026-07-09 09:27:00,'AD106339542,1,
2026-07-08 00:00:00,WBK3345200,2026-07-08 00:00:00,LENGKAP,2026-07-09 09:27:00,'AD106339543,1,
2026-07-08 00:00:00,WBK3345200,2026-07-08 00:00:00,LENGKAP,2026-07-09 09:27:00,'AD106339544,1,
2026-07-08 00:00:00,WBK3345200,2026-07-08 00:00:00,LENGKAP,2026-07-09 09:27:00,'AD106339545,1,
2026-07-08 00:00:00,WGP8218376,2026-07-09 00:00:00,LENGKAP,2026-07-08 18:40:00,'AA64585617,3,
2026-07-08 00:00:00,WGP8218376,2026-07-09 00:00:00,LENGKAP,2026-07-08 18:40:00,'AA64585632,16,
2026-07-08 00:00:00,WGP8218376,2026-07-09 00:00:00,LENGKAP,2026-07-08 18:40:00,'AA72279349,3,
2026-07-08 00:00:00,WGP8218376,2026-07-09 00:00:00,LENGKAP,2026-07-08 18:40:00,'AD106608068,1,
2026-07-08 00:00:00,WGP8218376,2026-07-09 00:00:00,LENGKAP,2026-07-08 18:40:00,'TR51638737,1,
2026-07-08 00:00:00,WGP8218377,2026-07-09 00:00:00,LENGKAP,2026-07-09 08:14:00,'360140010173526,1,
2026-07-08 00:00:00,WGP8218377,2026-07-09 00:00:00,LENGKAP,2026-07-09 08:14:00,'360240016966226,1,
2026-07-08 00:00:00,WGP8218377,2026-07-09 00:00:00,LENGKAP,2026-07-09 08:14:00,'AA64490551,5,
2026-07-08 00:00:00,WGP8218377,2026-07-09 00:00:00,LENGKAP,2026-07-09 08:14:00,'AA64585620,7,
2026-07-08 00:00:00,WGP8218377,2026-07-09 00:00:00,LENGKAP,2026-07-09 08:14:00,'AA64585631,22,
2026-07-08 00:00:00,WGP8218377,2026-07-09 00:00:00,LENGKAP,2026-07-09 08:14:00,'AA72279350,2,
2026-07-08 00:00:00,WGP8218377,2026-07-09 00:00:00,LENGKAP,2026-07-09 08:14:00,'AA72279351,2,
2026-07-08 00:00:00,WGP8218377,2026-07-09 00:00:00,LENGKAP,2026-07-09 08:14:00,'AD106608077,1,
2026-07-08 00:00:00,WGP8218378,2026-07-09 00:00:00,LENGKAP,2026-07-09 09:00:00,'360350002774026,1,
2026-07-08 00:00:00,WGP8218378,2026-07-09 00:00:00,LENGKAP,2026-07-09 09:00:00,'AA64490552,7,
2026-07-08 00:00:00,WGP8218378,2026-07-09 00:00:00,LENGKAP,2026-07-09 09:00:00,'AA64585621,8,
2026-07-08 00:00:00,WGP8218378,2026-07-09 00:00:00,LENGKAP,2026-07-09 09:00:00,'AA64585629,17,
2026-07-08 00:00:00,WGP8218378,2026-07-09 00:00:00,LENGKAP,2026-07-09 09:00:00,'AA64585630,6,
2026-07-08 00:00:00,WGP8218378,2026-07-09 00:00:00,LENGKAP,2026-07-09 09:00:00,'AA72279360,2,
2026-07-08 00:00:00,WGP8218378,2026-07-09 00:00:00,LENGKAP,2026-07-09 09:00:00,'AD106608078,1,
2026-07-09 00:00:00,ABU178888,2026-07-08 00:00:00,LENGKAP,2026-07-09 08:27:00,'AD99200178,10,
2026-07-08 00:00:00,51300112291ENE,2026-07-09 00:00:00,LENGKAP,2026-07-09 09:26:00,'YS15284636,22,
2026-07-08 00:00:00,KOE090720267,2026-07-09 00:00:00,LENGKAP,2026-07-08 23:50:00,'AA64585659,5,
2026-07-09 00:00:00,51300108522ENE,2026-07-09 00:00:00,LENGKAP,2026-07-09 09:26:00,'YS15284637,23,
2026-07-09 00:00:00,51300108533LBJ,2026-07-09 00:00:00,LENGKAP,2026-07-09 09:26:00,'YS15284638,22,
2026-07-09 00:00:00,51300114365KAI,2026-07-09 00:00:00,LENGKAP,2026-07-09 09:20:00,'AA64585563,16,
2026-07-09 00:00:00,51300114365KAI,2026-07-09 00:00:00,LENGKAP,2026-07-09 09:20:00,'AA64585895,20,
2026-07-09 00:00:00,51300114601WGP,2026-07-09 00:00:00,LENGKAP,2026-07-09 17:07:00,'AA64585941,11,
2026-07-09 00:00:00,51300114586LKA,2026-07-09 00:00:00,LENGKAP,2026-07-10 00:18:00,'YS15284639,22,
2026-07-09 00:00:00,51300114590ENE,2026-07-09 00:00:00,LENGKAP,2026-07-09 09:26:00,'AA64585976,18,
2026-07-09 00:00:00,51300117876,2026-07-09 00:00:00,LENGKAP,,'AA69475056,37,
2026-07-09 00:00:00,88812010342,2026-07-09 00:00:00,LENGKAP,2026-07-09 11:33:00,'AA64490615,6,
2026-07-09 00:00:00,88812010342,2026-07-09 00:00:00,LENGKAP,2026-07-09 11:33:00,'AA64490621,2,
2026-07-09 00:00:00,88812010342,2026-07-09 00:00:00,LENGKAP,2026-07-09 11:33:00,'AA64490623,12,
2026-07-09 00:00:00,88812010342,2026-07-09 00:00:00,LENGKAP,2026-07-09 11:33:00,'AA64490624,6,
2026-07-09 00:00:00,88812010342,2026-07-09 00:00:00,LENGKAP,2026-07-09 11:33:00,'AA64490626,12,
2026-07-09 00:00:00,88812010342,2026-07-09 00:00:00,LENGKAP,2026-07-09 11:33:00,'AA64490629,3,
2026-07-09 00:00:00,88812010342,2026-07-09 00:00:00,LENGKAP,2026-07-09 11:33:00,'AA64490630,1,
2026-07-09 00:00:00,88812010342,2026-07-09 00:00:00,LENGKAP,2026-07-09 11:33:00,'AA64490633,9,
2026-07-09 00:00:00,88812010342,2026-07-09 00:00:00,LENGKAP,2026-07-09 11:33:00,'AA64490634,46,
2026-07-09 00:00:00,88812010342,2026-07-09 00:00:00,LENGKAP,2026-07-09 11:33:00,'AA64490636,5,
2026-07-09 00:00:00,88812010342,2026-07-09 00:00:00,LENGKAP,2026-07-09 11:33:00,'AD102696524,13,
2026-07-09 00:00:00,88812010342,2026-07-09 00:00:00,LENGKAP,2026-07-09 11:33:00,'AD102696530,13,
2026-07-09 00:00:00,88812010386,2026-07-09 00:00:00,LENGKAP,2026-07-09 16:20:00,'AA64490606,12,
2026-07-09 00:00:00,88812010386,2026-07-09 00:00:00,LENGKAP,2026-07-09 16:20:00,'AA64490607,11,
2026-07-09 00:00:00,88812010386,2026-07-09 00:00:00,LENGKAP,2026-07-09 16:20:00,'AA64490608,3,
2026-07-09 00:00:00,88812010386,2026-07-09 00:00:00,LENGKAP,2026-07-09 16:20:00,'AA64490609,5,
2026-07-09 00:00:00,88812010386,2026-07-09 00:00:00,LENGKAP,2026-07-09 16:20:00,'AA64490610,14,
2026-07-09 00:00:00,88812010386,2026-07-09 00:00:00,LENGKAP,2026-07-09 16:20:00,'AA64490641,10,
2026-07-09 00:00:00,88812010386,2026-07-09 00:00:00,LENGKAP,2026-07-09 16:20:00,'AA64490642,16,
2026-07-09 00:00:00,88812010386,2026-07-09 00:00:00,LENGKAP,2026-07-09 16:20:00,'AA64490643,24,
2026-07-09 00:00:00,88812010386,2026-07-09 00:00:00,LENGKAP,2026-07-09 16:20:00,'AA64490644,16,
2026-07-09 00:00:00,88812010386,2026-07-09 00:00:00,LENGKAP,2026-07-09 16:20:00,'AA64490645,5,
2026-07-09 00:00:00,88812010386,2026-07-09 00:00:00,LENGKAP,2026-07-09 16:20:00,'AA64490646,7,
2026-07-09 00:00:00,88812010386,2026-07-09 00:00:00,LENGKAP,2026-07-09 16:20:00,'AA64490647,14,
2026-07-09 00:00:00,88812010386,2026-07-09 00:00:00,LENGKAP,2026-07-09 16:20:00,'AD102696529,1,
2026-07-09 00:00:00,88812010386,2026-07-09 00:00:00,LENGKAP,2026-07-09 16:20:00,'AD99242024,24,
2026-07-09 00:00:00,88812010423,2026-07-09 00:00:00,LENGKAP,2026-07-10 01:12:00,'AD99242023,22,
2026-07-09 00:00:00,88812010423,2026-07-09 00:00:00,LENGKAP,2026-07-10 01:12:00,'AD99242026,11,
2026-07-09 00:00:00,88812010423,2026-07-09 00:00:00,LENGKAP,2026-07-10 01:12:00,'AD99242027,5,
2026-07-09 00:00:00,88812010423,2026-07-09 00:00:00,LENGKAP,2026-07-10 01:12:00,'AD99242028,1,
2026-07-09 00:00:00,88812010460,2026-07-09 00:00:00,LENGKAP,2026-07-09 11:34:00,'YS15281262,6,
2026-07-09 00:00:00,88812010460,2026-07-09 00:00:00,LENGKAP,2026-07-09 11:34:00,'YS15281263,18,
2026-07-09 00:00:00,88812010460,2026-07-09 00:00:00,LENGKAP,2026-07-09 11:34:00,'YS15281264,21,
2026-07-09 00:00:00,88812010460,2026-07-09 00:00:00,LENGKAP,2026-07-09 11:34:00,'YS15281265,20,
2026-07-09 00:00:00,88812010460,2026-07-09 00:00:00,LENGKAP,2026-07-09 11:34:00,'YS15281266,1,
2026-07-09 00:00:00,88812010460,2026-07-09 00:00:00,LENGKAP,2026-07-09 11:34:00,'YS15281267,1,
2026-07-09 00:00:00,88812010460,2026-07-09 00:00:00,LENGKAP,2026-07-09 11:34:00,'YS15281268,9,
2026-07-09 00:00:00,88812010460,2026-07-09 00:00:00,LENGKAP,2026-07-09 11:34:00,'YT1820007,12,
2026-07-09 00:00:00,88812010460,2026-07-09 00:00:00,LENGKAP,2026-07-09 11:34:00,'YT1820008,9,
2026-07-09 00:00:00,88812010471,2026-07-09 00:00:00,LENGKAP,2026-07-09 17:45:00,'AA64490617,1,
2026-07-09 00:00:00,88812010471,2026-07-09 00:00:00,LENGKAP,2026-07-09 17:45:00,'AA64490632,17,
2026-07-09 00:00:00,88812010471,2026-07-09 00:00:00,LENGKAP,2026-07-09 17:45:00,'AA64490635,14,
2026-07-09 00:00:00,88812010530,2026-07-09 00:00:00,LENGKAP,2026-07-10 00:21:00,'AA64490622,9,
2026-07-09 00:00:00,88812010530,2026-07-09 00:00:00,LENGKAP,2026-07-10 00:21:00,'AA64490648,3,
2026-07-09 00:00:00,88812010530,2026-07-09 00:00:00,LENGKAP,2026-07-10 00:21:00,'AD99242029,1,
2026-07-09 00:00:00,51300117876,2026-07-09 00:00:00,LENGKAP,,'AD106608142,12,
2026-07-09 00:00:00,51300117876,2026-07-09 00:00:00,LENGKAP,,'AD106608145,21,
2026-07-09 00:00:00,99001016363,2026-07-09 00:00:00,LENGKAP,2026-07-09 11:50:00,'AD99242025,1,
2026-07-09 00:00:00,99001016363,2026-07-09 00:00:00,LENGKAP,2026-07-09 11:50:00,'YS40164513,7,
2026-07-09 00:00:00,99001016363,2026-07-09 00:00:00,LENGKAP,2026-07-09 11:50:00,'YS40164514,1,
2026-07-09 00:00:00,99001016363,2026-07-09 00:00:00,LENGKAP,2026-07-09 11:50:00,'YT1267465,4,
2026-07-09 00:00:00,99001016363,2026-07-09 00:00:00,LENGKAP,2026-07-09 11:50:00,'YT1267466,3,
2026-07-09 00:00:00,99001028764,2026-07-09 00:00:00,LENGKAP,2026-07-09 23:02:00,'AA64490627,7,
2026-07-09 00:00:00,99001028764,2026-07-09 00:00:00,LENGKAP,2026-07-09 23:02:00,'AA64490631,23,
2026-07-09 00:00:00,99001028764,2026-07-09 00:00:00,LENGKAP,2026-07-09 23:02:00,'YS15281269,3,
2026-07-09 00:00:00,99001028764,2026-07-09 00:00:00,LENGKAP,2026-07-09 23:02:00,'YS15281270,2,
2026-07-09 00:00:00,ABU138172,2026-07-08 00:00:00,LENGKAP,2026-07-09 10:14:00,'AD99200138,1,
2026-07-09 00:00:00,ABU138172,2026-07-08 00:00:00,LENGKAP,2026-07-09 10:14:00,'AD99200139,1,
2026-07-09 00:00:00,ABU138172,2026-07-08 00:00:00,LENGKAP,2026-07-09 10:14:00,'AD99200140,1,
2026-07-09 00:00:00,ABU138172,2026-07-08 00:00:00,LENGKAP,2026-07-09 10:14:00,'AD99200141,1,
2026-07-09 00:00:00,ABU138172,2026-07-08 00:00:00,LENGKAP,2026-07-09 10:14:00,'AD99200142,1,
2026-07-09 00:00:00,ABU138172,2026-07-08 00:00:00,LENGKAP,2026-07-09 10:14:00,'AD99200143,1,
2026-07-09 00:00:00,ABU138172,2026-07-08 00:00:00,LENGKAP,2026-07-09 10:14:00,'AD99200144,1,
2026-07-09 00:00:00,ABU138172,2026-07-08 00:00:00,LENGKAP,2026-07-09 10:14:00,'AD99200145,1,
2026-07-09 00:00:00,ABU138172,2026-07-08 00:00:00,LENGKAP,2026-07-09 10:14:00,'AD99200146,1,
2026-07-09 00:00:00,ABU138172,2026-07-08 00:00:00,LENGKAP,2026-07-09 10:14:00,'AD99200147,1,
2026-07-09 00:00:00,ABU138172,2026-07-08 00:00:00,LENGKAP,2026-07-09 10:14:00,'AD99200148,1,
2026-07-09 00:00:00,ABU161172,2026-07-08 00:00:00,LENGKAP,2026-07-09 10:14:00,'AD99200151,1,
2026-07-09 00:00:00,ABU161172,2026-07-08 00:00:00,LENGKAP,2026-07-09 10:14:00,'AD99200153,1,
2026-07-09 00:00:00,ABU161172,2026-07-08 00:00:00,LENGKAP,2026-07-09 10:14:00,'AD99200155,1,
2026-07-09 00:00:00,ABU161172,2026-07-08 00:00:00,LENGKAP,2026-07-09 10:14:00,'AD99200158,1,
2026-07-09 00:00:00,ABU161172,2026-07-08 00:00:00,LENGKAP,2026-07-09 10:14:00,'AD99200159,1,
2026-07-09 00:00:00,ABU161172,2026-07-08 00:00:00,LENGKAP,2026-07-09 10:14:00,'AD99200160,1,
2026-07-09 00:00:00,ABU161172,2026-07-08 00:00:00,LENGKAP,2026-07-09 10:14:00,'AD99200163,1,
2026-07-09 00:00:00,ABU161172,2026-07-08 00:00:00,LENGKAP,2026-07-09 10:14:00,'AD99200164,1,
2026-07-09 00:00:00,ABU161172,2026-07-08 00:00:00,LENGKAP,2026-07-09 10:14:00,'AD99200167,1,
2026-07-09 00:00:00,ABU161172,2026-07-08 00:00:00,LENGKAP,2026-07-09 10:14:00,'AD99200168,1,
2026-07-09 00:00:00,ABU161172,2026-07-08 00:00:00,LENGKAP,2026-07-09 10:14:00,'AD99200170,1,
2026-07-09 00:00:00,ABU161172,2026-07-08 00:00:00,LENGKAP,2026-07-09 10:14:00,'AD99200171,1,
2026-07-09 00:00:00,ABU161172,2026-07-08 00:00:00,LENGKAP,2026-07-09 10:14:00,'AD99200172,1,
2026-07-09 00:00:00,93801198772,2026-07-09 00:00:00,LENGKAP,2019-12-07 22:06:00,'AD106506825,1,
2026-07-09 00:00:00,93801198772,2026-07-09 00:00:00,LENGKAP,2019-12-07 22:06:00,'YS40164515,1,
2026-07-09 00:00:00,ABU176617,2026-07-08 00:00:00,LENGKAP,2026-07-09 09:17:00,'AD99200175,1,
2026-07-09 00:00:00,ABU1800,2026-07-09 00:00:00,LENGKAP,,'AD99200180,1,
2026-07-09 00:00:00,ABU181190,2026-07-09 00:00:00,LENGKAP,,'2600102937802M01,1,
2026-07-09 00:00:00,ABU181190,2026-07-09 00:00:00,LENGKAP,,'2600102937802M02,1,
2026-07-09 00:00:00,ABU181190,2026-07-09 00:00:00,LENGKAP,,'AD99200181,1,
2026-07-09 00:00:00,ABU181190,2026-07-09 00:00:00,LENGKAP,,'AD99200182,1,
2026-07-09 00:00:00,ABU181190,2026-07-09 00:00:00,LENGKAP,,'AD99200183,1,
2026-07-09 00:00:00,ABU181190,2026-07-09 00:00:00,LENGKAP,,'AD99200184,1,
2026-07-09 00:00:00,ABU181190,2026-07-09 00:00:00,LENGKAP,,'AD99200185,1,
2026-07-09 00:00:00,ABU181190,2026-07-09 00:00:00,LENGKAP,,'AD99200186,1,
2026-07-09 00:00:00,ABU181190,2026-07-09 00:00:00,LENGKAP,,'AD99200187,1,
2026-07-09 00:00:00,ABU181190,2026-07-09 00:00:00,LENGKAP,,'AD99200188,1,
2026-07-09 00:00:00,ABU181190,2026-07-09 00:00:00,LENGKAP,,'AD99200189,1,
2026-07-09 00:00:00,ABU181190,2026-07-09 00:00:00,LENGKAP,,'AD99200190,1,
2026-07-09 00:00:00,ABU192191,2026-07-09 00:00:00,LENGKAP,2026-07-09 20:52:00,'AD99200192,2,
2026-07-09 00:00:00,ABU192191,2026-07-09 00:00:00,LENGKAP,2026-07-09 20:52:00,'KOEEC02411195126,1,
2026-07-09 00:00:00,JTRKOE7864846,2026-07-09 00:00:00,LENGKAP,2026-07-09 09:27:00,'AA64585832,18,
2026-07-09 00:00:00,ABU193333,2026-07-09 00:00:00,LENGKAP,2026-07-09 22:00:00,'AD99200193,1,
2026-07-09 00:00:00,JTRKOE7864846,2026-07-09 00:00:00,LENGKAP,2026-07-09 09:27:00,'AA64585833,13,
2026-07-09 00:00:00,JTRKOE7864846,2026-07-09 00:00:00,LENGKAP,2026-07-09 09:27:00,'AA64585834,12,
2026-07-09 00:00:00,JTRKOE7864846,2026-07-09 00:00:00,LENGKAP,2026-07-09 09:27:00,'AA64585835,11,
2026-07-09 00:00:00,JTRKOE7864846,2026-07-09 00:00:00,LENGKAP,2026-07-09 09:27:00,'AA64585836,11,
2026-07-09 00:00:00,JTRKOE7864846,2026-07-09 00:00:00,LENGKAP,2026-07-09 09:27:00,'AA64585837,16,
2026-07-09 00:00:00,JTRKOE7864846,2026-07-09 00:00:00,LENGKAP,2026-07-09 09:27:00,'AA64585838,2,
2026-07-09 00:00:00,JTRKOE7864846,2026-07-09 00:00:00,LENGKAP,2026-07-09 09:27:00,'AA64585839,8,
2026-07-09 00:00:00,JTRKOE7864846,2026-07-09 00:00:00,LENGKAP,2026-07-09 09:27:00,'AA64585840,19,
2026-07-09 00:00:00,JTRKOE7864846,2026-07-09 00:00:00,LENGKAP,2026-07-09 09:27:00,'AA64585841,10,
2026-07-09 00:00:00,JTRKOE7864846,2026-07-09 00:00:00,LENGKAP,2026-07-09 09:27:00,'AA64585842,22,
2026-07-09 00:00:00,JTRKOE7864846,2026-07-09 00:00:00,LENGKAP,2026-07-09 09:27:00,'AA64585843,8,
2026-07-09 00:00:00,JTRKOE7864846,2026-07-09 00:00:00,LENGKAP,2026-07-09 09:27:00,'AA64585844,12,
2026-07-09 00:00:00,JTRKOE7864846,2026-07-09 00:00:00,LENGKAP,2026-07-09 09:27:00,'AA64585845,12,
2026-07-09 00:00:00,JTRKOE7864846,2026-07-09 00:00:00,LENGKAP,2026-07-09 09:27:00,'AA64585848,30,
2026-07-09 00:00:00,JTRKOE7864846,2026-07-09 00:00:00,LENGKAP,2026-07-09 09:27:00,'AA64585849,1,
2026-07-09 00:00:00,JTRKOE7864848,2026-07-09 00:00:00,LENGKAP,2026-07-09 08:56:00,'AA64585745,18,
2026-07-09 00:00:00,JTRKOE7864848,2026-07-09 00:00:00,LENGKAP,2026-07-09 08:56:00,'AA64585785,22,
2026-07-09 00:00:00,JTRKOE7864848,2026-07-09 00:00:00,LENGKAP,2026-07-09 08:56:00,'AA64585803,27,
2026-07-09 00:00:00,JTRKOE7864848,2026-07-09 00:00:00,LENGKAP,2026-07-09 08:56:00,'AA64585893,10,
2026-07-09 00:00:00,JTRKOE7864848,2026-07-09 00:00:00,LENGKAP,2026-07-09 08:56:00,'TR81305139,1,
2026-07-09 00:00:00,JTRKOE7864849,2026-07-09 00:00:00,LENGKAP,2026-07-10 08:28:00,'AA64585894,19,
2026-07-09 00:00:00,JTRKOE7864849,2026-07-09 00:00:00,LENGKAP,2026-07-10 08:28:00,'AA64585897,11,
2026-07-09 00:00:00,JTRKOE7864849,2026-07-09 00:00:00,LENGKAP,2026-07-10 08:28:00,'AA64585939,17,
2026-07-09 00:00:00,JTRKOE7864849,2026-07-09 00:00:00,LENGKAP,2026-07-10 08:28:00,'AA64585943,20,
2026-07-09 00:00:00,JTRKOE7864849,2026-07-09 00:00:00,LENGKAP,2026-07-10 08:28:00,'AA64585944,28,
2026-07-09 00:00:00,JTRKOE7864849,2026-07-09 00:00:00,LENGKAP,2026-07-10 08:28:00,'AA64585962,22,
2026-07-09 00:00:00,JTRKOE7864850,2026-07-09 00:00:00,LENGKAP,2026-07-09 09:22:00,'360100032161126,1,
2026-07-09 00:00:00,JTRKOE7864850,2026-07-09 00:00:00,LENGKAP,2026-07-09 09:22:00,'AA64585737,26,
2026-07-09 00:00:00,JTRKOE7864850,2026-07-09 00:00:00,LENGKAP,2026-07-09 09:22:00,'AA64585896,26,
2026-07-09 00:00:00,JTRKOE7864850,2026-07-09 00:00:00,LENGKAP,2026-07-09 09:22:00,'AA64585949,20,
2026-07-09 00:00:00,JTRKOE7864850,2026-07-09 00:00:00,LENGKAP,2026-07-09 09:22:00,'AA64585963,2,
2026-07-09 00:00:00,JTRKOE7864850,2026-07-09 00:00:00,LENGKAP,2026-07-09 09:22:00,'AA64585964,1,
2026-07-09 00:00:00,JTRKOE82411511,2026-07-09 00:00:00,LENGKAP,2026-07-09 11:52:00,'AA64585850,12,
2026-07-09 00:00:00,JTRKOE82411511,2026-07-09 00:00:00,LENGKAP,2026-07-09 11:52:00,'AA64585851,4,
2026-07-09 00:00:00,JTRKOE82411511,2026-07-09 00:00:00,LENGKAP,2026-07-09 11:52:00,'AA64585852,15,
2026-07-09 00:00:00,JTRKOE82411511,2026-07-09 00:00:00,LENGKAP,2026-07-09 11:52:00,'AA64585854,15,
2026-07-09 00:00:00,JTRKOE82411511,2026-07-09 00:00:00,LENGKAP,2026-07-09 11:52:00,'AA64585855,16,
2026-07-09 00:00:00,JTRKOE82411511,2026-07-09 00:00:00,LENGKAP,2026-07-09 11:52:00,'AA64585856,23,
2026-07-09 00:00:00,JTRKOE82411511,2026-07-09 00:00:00,LENGKAP,2026-07-09 11:52:00,'AA64585857,22,
2026-07-09 00:00:00,JTRKOE82411511,2026-07-09 00:00:00,LENGKAP,2026-07-09 11:52:00,'AA64585858,10,
2026-07-09 00:00:00,JTRKOE82411511,2026-07-09 00:00:00,LENGKAP,2026-07-09 11:52:00,'AA64585859,10,
2026-07-09 00:00:00,JTRKOE82411511,2026-07-09 00:00:00,LENGKAP,2026-07-09 11:52:00,'AA64585860,1,
2026-07-09 00:00:00,JTRKOE82411511,2026-07-09 00:00:00,LENGKAP,2026-07-09 11:52:00,'AA64585861,7,
2026-07-09 00:00:00,JTRKOE82411511,2026-07-09 00:00:00,LENGKAP,2026-07-09 11:52:00,'AA64585863,6,
2026-07-09 00:00:00,JTRKOE82411511,2026-07-09 00:00:00,LENGKAP,2026-07-09 11:52:00,'AA64585864,13,
2026-07-09 00:00:00,JTRKOE82411511,2026-07-09 00:00:00,LENGKAP,2026-07-09 11:52:00,'AA64585865,10,
2026-07-09 00:00:00,JTRKOE82411511,2026-07-09 00:00:00,LENGKAP,2026-07-09 11:52:00,'AA64585980,14,
2026-07-09 00:00:00,JTRKOE82411511,2026-07-09 00:00:00,LENGKAP,2026-07-09 11:52:00,'AA64585999,9,
2026-07-09 00:00:00,JTRKOE8241210,2026-07-09 00:00:00,LENGKAP,2026-07-09 09:28:00,'360100031846626,1,
2026-07-09 00:00:00,JTRKOE8241210,2026-07-09 00:00:00,LENGKAP,2026-07-09 09:28:00,'360100032284326,1,
2026-07-09 00:00:00,JTRKOE8241210,2026-07-09 00:00:00,LENGKAP,2026-07-09 09:28:00,'KOEEC02409005126,1,
2026-07-09 00:00:00,JTRKOE8241210,2026-07-09 00:00:00,LENGKAP,2026-07-09 09:28:00,'KOEEC02410734226,1,
2026-07-09 00:00:00,JTRKOE8241210,2026-07-09 00:00:00,LENGKAP,2026-07-09 09:28:00,'KOEEC02410763626,1,
2026-07-09 00:00:00,JTRKOE8241210,2026-07-09 00:00:00,LENGKAP,2026-07-09 09:28:00,'KOEEC02412136026,1,
2026-07-09 00:00:00,JTRKOE8241210,2026-07-09 00:00:00,LENGKAP,2026-07-09 09:28:00,'TR81305133,2,
2026-07-09 00:00:00,JTRKOE8241211,2026-07-09 00:00:00,LENGKAP,2026-07-09 09:22:00,'360100032242426,1,
2026-07-09 00:00:00,JTRKOE8241211,2026-07-09 00:00:00,LENGKAP,2026-07-09 09:22:00,'KOEEC02408970426,1,
2026-07-09 00:00:00,JTRKOE8241211,2026-07-09 00:00:00,LENGKAP,2026-07-09 09:22:00,'KOEEC02409911326,1,
2026-07-09 00:00:00,JTRKOE8241211,2026-07-09 00:00:00,LENGKAP,2026-07-09 09:22:00,'KOEEC02410365226,1,
2026-07-09 00:00:00,JTRKOE8241211,2026-07-09 00:00:00,LENGKAP,2026-07-09 09:22:00,'TR81305143,4,
2026-07-09 00:00:00,JTRKOE8241211,2026-07-09 00:00:00,LENGKAP,2026-07-09 09:22:00,'TR81305145,4,
2026-07-09 00:00:00,JTRKOE8241212,2026-07-09 00:00:00,LENGKAP,2026-07-09 09:28:00,'360100031645926,1,
2026-07-09 00:00:00,JTRKOE8241212,2026-07-09 00:00:00,LENGKAP,2026-07-09 09:28:00,'360100032068526,1,
2026-07-09 00:00:00,JTRKOE8241212,2026-07-09 00:00:00,LENGKAP,2026-07-09 09:28:00,'KOEEC02410644426,1,
2026-07-09 00:00:00,JTRKOE8241212,2026-07-09 00:00:00,LENGKAP,2026-07-09 09:28:00,'TR81305127,5,
2026-07-09 00:00:00,JTRKOE8241212,2026-07-09 00:00:00,LENGKAP,2026-07-09 09:28:00,'TR81305131,4,
2026-07-09 00:00:00,JTRKOE8241213,2026-07-09 00:00:00,LENGKAP,2026-07-09 09:28:00,'360340005350826,1,
2026-07-09 00:00:00,JTRKOE8241213,2026-07-09 00:00:00,LENGKAP,2026-07-09 09:28:00,'TR81305112,4,
2026-07-09 00:00:00,JTRKOE8241213,2026-07-09 00:00:00,LENGKAP,2026-07-09 09:28:00,'TR81305114,4,
2026-07-09 00:00:00,JTRKOE8241213,2026-07-09 00:00:00,LENGKAP,2026-07-09 09:28:00,'TR81305129,4,
2026-07-09 00:00:00,KEF0907262,2026-07-09 00:00:00,LENGKAP,2026-07-09 21:03:00,'AD106585295,1,
2026-07-09 00:00:00,KEF0907261,2026-07-09 00:00:00,LENGKAP,2026-07-09 22:18:00,'AA63886421,1,
2026-07-09 00:00:00,KEF0907261,2026-07-09 00:00:00,LENGKAP,2026-07-09 22:18:00,'AA63886422,1,
2026-07-09 00:00:00,KEF0907261,2026-07-09 00:00:00,LENGKAP,2026-07-09 22:18:00,'AA63886423,1,
2026-07-09 00:00:00,KEF0907261,2026-07-09 00:00:00,LENGKAP,2026-07-09 22:18:00,'AA63886424,1,
2026-07-09 00:00:00,KEF0907261,2026-07-09 00:00:00,LENGKAP,2026-07-09 22:18:00,'AA63886425,1,
2026-07-09 00:00:00,KEF0907261,2026-07-09 00:00:00,LENGKAP,2026-07-09 22:18:00,'AA63886426,1,
2026-07-09 00:00:00,KEF0907261,2026-07-09 00:00:00,LENGKAP,2026-07-09 22:18:00,'AA63886427,1,
2026-07-09 00:00:00,KEF0907261,2026-07-09 00:00:00,LENGKAP,2026-07-09 22:18:00,'AA63886428,1,
2026-07-09 00:00:00,KEF0907261,2026-07-09 00:00:00,LENGKAP,2026-07-09 22:18:00,'AA63886429,1,
2026-07-09 00:00:00,KEF0907261,2026-07-09 00:00:00,LENGKAP,2026-07-09 22:18:00,'AA63886430,1,
2026-07-09 00:00:00,KEF0907262,2026-07-09 00:00:00,LENGKAP,2026-07-09 21:03:00,'AD106585296,6,
2026-07-09 00:00:00,KOE09077SS1,2026-07-09 00:00:00,LENGKAP,2026-07-09 07:48:00,'360240017256926,1,
2026-07-09 00:00:00,KOE457626,2026-07-09 00:00:00,LENGKAP,2026-07-09 22:50:00,'360240017457626,1,
2026-07-09 00:00:00,KOE457626,2026-07-09 00:00:00,LENGKAP,2026-07-09 22:50:00,'AD106580976,2,
2026-07-09 00:00:00,MLA8578233,2026-07-09 00:00:00,LENGKAP,,'AD106441258,3,
2026-07-09 00:00:00,OLS09072601,2026-07-09 00:00:00,LENGKAP,2026-07-09 16:51:00,'AD104095820,2,
2026-07-09 00:00:00,OLS09072602,2026-07-09 00:00:00,LENGKAP,2026-07-09 16:21:00,'AD104095816,2,
2026-07-09 00:00:00,OLS09072602,2026-07-09 00:00:00,LENGKAP,2026-07-09 16:21:00,'AD104095817,1,
2026-07-09 00:00:00,OLS09072602,2026-07-09 00:00:00,LENGKAP,2026-07-09 16:21:00,'AD104095818,1,
2026-07-09 00:00:00,OLS09072602,2026-07-09 00:00:00,LENGKAP,2026-07-09 16:21:00,'AD104095819,1,
2026-07-09 00:00:00,OLS09072603,2026-07-09 00:00:00,LENGKAP,2026-07-09 16:54:00,'AD104095821,1,
2026-07-09 00:00:00,RTI6893844,2026-07-09 00:00:00,LENGKAP,2026-07-10 09:04:00,'AD99250620,1,
2026-07-09 00:00:00,RTI6893844,2026-07-09 00:00:00,LENGKAP,2026-07-10 09:04:00,'AD99250621,1,
2026-07-09 00:00:00,RTI6893844,2026-07-09 00:00:00,LENGKAP,2026-07-10 09:04:00,'AD99250622,1,
2026-07-09 00:00:00,RTI6893844,2026-07-09 00:00:00,LENGKAP,2026-07-10 09:04:00,'AD99250623,1,
2026-07-09 00:00:00,RTI6893844,2026-07-09 00:00:00,LENGKAP,2026-07-10 09:04:00,'AD99250624,1,
2026-07-09 00:00:00,RTI6893844,2026-07-09 00:00:00,LENGKAP,2026-07-10 09:04:00,'AD99250625,1,
2026-07-09 00:00:00,KOE100720262,2026-07-10 00:00:00,LENGKAP,2026-07-10 11:29:00,'450001951931,1,
2026-07-09 00:00:00,KOE100720262,2026-07-10 00:00:00,LENGKAP,2026-07-10 11:29:00,'AA64585668,39,
2026-07-09 00:00:00,KOE100720262,2026-07-10 00:00:00,LENGKAP,2026-07-10 11:29:00,'KOEEC02414055426,1,
2026-07-09 00:00:00,KOE100720263,2026-07-10 00:00:00,LENGKAP,2026-07-10 11:44:00,'360100032445926,1,
2026-07-09 00:00:00,KOE100720263,2026-07-10 00:00:00,LENGKAP,2026-07-10 11:44:00,'360100032447726,1,
2026-07-09 00:00:00,KOE100720263,2026-07-10 00:00:00,LENGKAP,2026-07-10 11:44:00,'360100032481426,1,
2026-07-09 00:00:00,KOE100720263,2026-07-10 00:00:00,LENGKAP,2026-07-10 11:44:00,'AA64585639,33,
2026-07-09 00:00:00,KOE100720263,2026-07-10 00:00:00,LENGKAP,2026-07-10 11:44:00,'AA64585670,17,
2026-07-09 00:00:00,KOE100720263,2026-07-10 00:00:00,LENGKAP,2026-07-10 11:44:00,'AA64585678,30,
2026-07-09 00:00:00,KOE100720263,2026-07-10 00:00:00,LENGKAP,2026-07-10 11:44:00,'AD99200176,3,
2026-07-09 00:00:00,KOE100720263,2026-07-10 00:00:00,LENGKAP,2026-07-10 11:44:00,'KOEEC02413743126,1,
2026-07-09 00:00:00,RTI6893844,2026-07-09 00:00:00,LENGKAP,2026-07-10 09:04:00,'AD99250626,1,
2026-07-09 00:00:00,RTI6893844,2026-07-09 00:00:00,LENGKAP,2026-07-10 09:04:00,'AD99250627,4,
2026-07-09 00:00:00,RTI6893844,2026-07-09 00:00:00,LENGKAP,2026-07-10 09:04:00,'AD99250628,1,
2026-07-09 00:00:00,RTI6893844,2026-07-09 00:00:00,LENGKAP,2026-07-10 09:04:00,'AD99250629,1,
2026-07-09 00:00:00,RTI6893844,2026-07-09 00:00:00,LENGKAP,2026-07-10 09:04:00,'AD99250630,1,
2026-07-09 00:00:00,KOE100720265,2026-07-10 00:00:00,LENGKAP,2026-07-10 11:22:00,'AA64585664,16,
2026-07-09 00:00:00,KOE100720265,2026-07-10 00:00:00,LENGKAP,2026-07-10 11:22:00,'AD104114489,2,
2026-07-09 00:00:00,KOE100720265,2026-07-10 00:00:00,LENGKAP,2026-07-10 11:22:00,'AD99200191,1,
2026-07-09 00:00:00,RTI6893844,2026-07-09 00:00:00,LENGKAP,2026-07-10 09:04:00,'AD99250631,1,
2026-07-09 00:00:00,RTI6893844,2026-07-09 00:00:00,LENGKAP,2026-07-10 09:04:00,'AD99250632,1,
2026-07-09 00:00:00,RTI6893844,2026-07-09 00:00:00,LENGKAP,2026-07-10 09:04:00,'AD99250633,1,
2026-07-09 00:00:00,RTI6893844,2026-07-09 00:00:00,LENGKAP,2026-07-10 09:04:00,'AD99250634,1,
2026-07-09 00:00:00,RTI6893844,2026-07-09 00:00:00,LENGKAP,2026-07-10 09:04:00,'AD99250635,1,
2026-07-09 00:00:00,MLA8578230,2026-07-09 00:00:00,LENGKAP,2026-07-09 22:24:00,'AA72283722,1,
2026-07-09 00:00:00,MLA8578230,2026-07-09 00:00:00,LENGKAP,2026-07-09 22:24:00,'AA72283723,1,
2026-07-09 00:00:00,MLA8578230,2026-07-09 00:00:00,LENGKAP,2026-07-09 22:24:00,'AA72283724,1,
2026-07-09 00:00:00,MLA8578230,2026-07-09 00:00:00,LENGKAP,2026-07-09 22:24:00,'AA72283725,1,
2026-07-09 00:00:00,MLA8578230,2026-07-09 00:00:00,LENGKAP,2026-07-09 22:24:00,'AA72283726,1,
2026-07-09 00:00:00,MLA8578230,2026-07-09 00:00:00,LENGKAP,2026-07-09 22:24:00,'AA72283727,1,
2026-07-09 00:00:00,MLA8578230,2026-07-09 00:00:00,LENGKAP,2026-07-09 22:24:00,'AA72283728,1,
2026-07-09 00:00:00,MLA8578230,2026-07-09 00:00:00,LENGKAP,2026-07-09 22:24:00,'AA72283729,1,
2026-07-09 00:00:00,MLA8578230,2026-07-09 00:00:00,LENGKAP,2026-07-09 22:24:00,'AA72283730,1,
2026-07-09 00:00:00,MLA8578230,2026-07-09 00:00:00,LENGKAP,2026-07-09 22:24:00,'AA72283731,1,
2026-07-09 00:00:00,MLA8578230,2026-07-09 00:00:00,LENGKAP,2026-07-09 22:24:00,'AA72283732,1,
2026-07-09 00:00:00,MLA8578230,2026-07-09 00:00:00,LENGKAP,2026-07-09 22:24:00,'AA72283733,1,
2026-07-09 00:00:00,MLA8578230,2026-07-09 00:00:00,LENGKAP,2026-07-09 22:24:00,'AA72283734,1,
2026-07-09 00:00:00,MLA8578230,2026-07-09 00:00:00,LENGKAP,2026-07-09 22:24:00,'AA72283735,1,
2026-07-09 00:00:00,MLA8578230,2026-07-09 00:00:00,LENGKAP,2026-07-09 22:24:00,'AA72283736,1,
2026-07-09 00:00:00,MLA8578230,2026-07-09 00:00:00,LENGKAP,2026-07-09 22:24:00,'TR64995108,1,
2026-07-09 00:00:00,MLA8578231,2026-07-09 00:00:00,LENGKAP,2026-07-09 21:00:00,'AD106441255,5,
2026-07-09 00:00:00,MLA8578231,2026-07-09 00:00:00,LENGKAP,2026-07-09 21:00:00,'AD106441256,6,
2026-07-09 00:00:00,MLA8578232,2026-07-09 00:00:00,LENGKAP,2026-07-09 14:42:00,'AD106441257,2,
2026-07-09 00:00:00,RTI6893844,2026-07-09 00:00:00,LENGKAP,2026-07-10 09:04:00,'AD99250636,1,
2026-07-09 00:00:00,RTI6893844,2026-07-09 00:00:00,LENGKAP,2026-07-10 09:04:00,'AD99250637,1,
2026-07-09 00:00:00,RTI6893844,2026-07-09 00:00:00,LENGKAP,2026-07-10 09:04:00,'AD99250638,1,
2026-07-09 00:00:00,RTI6893844,2026-07-09 00:00:00,LENGKAP,2026-07-10 09:04:00,'AD99250639,2,
2026-07-09 00:00:00,RTI6893844,2026-07-09 00:00:00,LENGKAP,2026-07-10 09:04:00,'CM16734202487,1,
2026-07-09 00:00:00,SOE8578514,2026-07-09 00:00:00,LENGKAP,2026-07-09 16:12:00,'AD106442398,1,
2026-07-09 00:00:00,SOE8578514,2026-07-09 00:00:00,LENGKAP,2026-07-09 16:12:00,'AD106442399,9,
2026-07-09 00:00:00,SOE8578514,2026-07-09 00:00:00,LENGKAP,2026-07-09 16:12:00,'AD106442400,1,
2026-07-09 00:00:00,SOE8578515,2026-07-09 00:00:00,LENGKAP,2026-07-09 17:03:00,'AD106442401,2,
2026-07-09 00:00:00,SOE8578516,2026-07-09 00:00:00,LENGKAP,2026-07-09 17:08:00,'AD106442402,2,
2026-07-09 00:00:00,TMC8242462,2026-07-09 00:00:00,LENGKAP,2026-07-09 15:57:00,'AD99250218,2,
2026-07-09 00:00:00,2747731314MOF,2026-07-10 00:00:00,LENGKAP,2026-07-10 07:53:00,'AA64585972,5,
2026-07-09 00:00:00,KEF0907263,2026-07-10 00:00:00,LENGKAP,2026-07-10 07:52:00,'AD106585298,1,
2026-07-09 00:00:00,KEF0907264,2026-07-10 00:00:00,LENGKAP,2026-07-10 10:31:00,'AD106585299,1,
2026-07-09 00:00:00,KOE100720261,2026-07-10 00:00:00,LENGKAP,2026-07-10 07:50:00,'360100032385126,1,
2026-07-09 00:00:00,KOE100720261,2026-07-10 00:00:00,LENGKAP,2026-07-10 07:50:00,'360660001933526,1,
2026-07-09 00:00:00,KOE100720261,2026-07-10 00:00:00,LENGKAP,2026-07-10 07:50:00,'660107837701,1,
2026-07-09 00:00:00,KOE100720261,2026-07-10 00:00:00,LENGKAP,2026-07-10 07:50:00,'AA56461941,1,
2026-07-09 00:00:00,KOE100720261,2026-07-10 00:00:00,LENGKAP,2026-07-10 07:50:00,'AA64585666,28,
2026-07-09 00:00:00,KOE100720261,2026-07-10 00:00:00,LENGKAP,2026-07-10 07:50:00,'AA64585676,41,
2026-07-09 00:00:00,KOE100720261,2026-07-10 00:00:00,LENGKAP,2026-07-10 07:50:00,'CM58103813451,1,
2026-07-09 00:00:00,KOE100720261,2026-07-10 00:00:00,LENGKAP,2026-07-10 07:50:00,'KOEEC02413145526,1,
2026-07-09 00:00:00,KOE100720261,2026-07-10 00:00:00,LENGKAP,2026-07-10 07:50:00,'KOEEC02413284326,1,
2026-07-09 00:00:00,KOE100720261,2026-07-10 00:00:00,LENGKAP,2026-07-10 07:50:00,'KOEEC02413305526,1,
2026-07-09 00:00:00,KOE100720261,2026-07-10 00:00:00,LENGKAP,2026-07-10 07:50:00,'KOEEC02413782326,1,
2026-07-09 00:00:00,KOE100720261,2026-07-10 00:00:00,LENGKAP,2026-07-10 07:50:00,'KOEEC02414045626,1,
2026-07-09 00:00:00,KOE100720264,2026-07-10 00:00:00,LENGKAP,2026-07-09 23:28:00,'360240017422826,1,
2026-07-09 00:00:00,KOE100720264,2026-07-10 00:00:00,LENGKAP,2026-07-09 23:28:00,'AA64585672,32,
2026-07-09 00:00:00,KOE100720264,2026-07-10 00:00:00,LENGKAP,2026-07-09 23:28:00,'AD99200177,1,
2026-07-09 00:00:00,KOE100720264,2026-07-10 00:00:00,LENGKAP,2026-07-09 23:28:00,'KOEEC02413254926,1,
2026-07-09 00:00:00,KOE100720264,2026-07-10 00:00:00,LENGKAP,2026-07-09 23:28:00,'KOEEC02414106026,1,
2026-07-09 00:00:00,KOE100720266,2026-07-10 00:00:00,LENGKAP,2026-07-09 23:28:00,'AA64585662,1,
2026-07-09 00:00:00,KOE100720267,2026-07-10 00:00:00,LENGKAP,2026-07-09 23:29:00,'8000109631442,1,
2026-07-09 00:00:00,TMC8242461,2026-07-09 00:00:00,LENGKAP,2026-07-09 23:05:00,'AA69424826,1,
2026-07-09 00:00:00,TMC8242461,2026-07-09 00:00:00,LENGKAP,2026-07-09 23:05:00,'AA69424835,1,
2026-07-09 00:00:00,TMC8242461,2026-07-09 00:00:00,LENGKAP,2026-07-09 23:05:00,'AA69424862,1,
2026-07-09 00:00:00,TMC8242461,2026-07-09 00:00:00,LENGKAP,2026-07-09 23:05:00,'AD99250223,1,
2026-07-09 00:00:00,TMC8242461,2026-07-09 00:00:00,LENGKAP,2026-07-09 23:05:00,'AD99250269,1,
2026-07-09 00:00:00,KOE100720267,2026-07-10 00:00:00,LENGKAP,2026-07-09 23:29:00,'AA64585660,4,
2026-07-09 00:00:00,TMC8242463,2026-07-09 00:00:00,LENGKAP,2026-07-10 08:41:00,'AD99250217,1,
2026-07-09 00:00:00,TMC8242464,2026-07-09 00:00:00,LENGKAP,2026-07-10 10:13:00,'AD99250220,1,
2026-07-09 00:00:00,WGP8218379,2026-07-10 00:00:00,LENGKAP,2026-07-10 08:40:00,'AD106608121,1,
2026-07-09 00:00:00,WGP8218380,2026-07-10 00:00:00,LENGKAP,2026-07-10 09:15:00,'AD106608129,1,
2026-07-09 00:00:00,WGPJTR8611610,2026-07-10 00:00:00,LENGKAP,,'360510003590726,1,
2026-07-09 00:00:00,WGPJTR8611610,2026-07-10 00:00:00,LENGKAP,,'AD106608103,25,
2026-07-09 00:00:00,WGPJTR8611610,2026-07-10 00:00:00,LENGKAP,,'AD106608106,12,
2026-07-09 00:00:00,WGPJTR8611610,2026-07-10 00:00:00,LENGKAP,,'AD106608112,3,
2026-07-09 00:00:00,WGPJTR8611610,2026-07-10 00:00:00,LENGKAP,,'AD106608147,6,
2026-07-09 00:00:00,WGPJTR8611610,2026-07-10 00:00:00,LENGKAP,,'AD106608150,20,
2026-07-09 00:00:00,WGPJTR8611610,2026-07-10 00:00:00,LENGKAP,,'FWKOE26000143435,1,
2026-07-09 00:00:00,WKB8610825,2026-07-09 00:00:00,LENGKAP,2026-07-09 23:05:00,' AA69423838,1,
2026-07-09 00:00:00,WKB8610825,2026-07-09 00:00:00,LENGKAP,2026-07-09 23:05:00,'AA69423825,1,
2026-07-09 00:00:00,WKB8610825,2026-07-09 00:00:00,LENGKAP,2026-07-09 23:05:00,'AA69423826,1,
2026-07-09 00:00:00,WKB8610825,2026-07-09 00:00:00,LENGKAP,2026-07-09 23:05:00,'AA69423827,1,
2026-07-09 00:00:00,WKB8610825,2026-07-09 00:00:00,LENGKAP,2026-07-09 23:05:00,'AA69423831,1,
2026-07-09 00:00:00,WKB8610825,2026-07-09 00:00:00,LENGKAP,2026-07-09 23:05:00,'AA69423834,1,
2026-07-09 00:00:00,WKB8610825,2026-07-09 00:00:00,LENGKAP,2026-07-09 23:05:00,'AA69423837,1,
2026-07-09 00:00:00,WKB8610825,2026-07-09 00:00:00,LENGKAP,2026-07-09 23:05:00,'AA69423839,1,
2026-07-09 00:00:00,WKB8610825,2026-07-09 00:00:00,LENGKAP,2026-07-09 23:05:00,'AD106343923,1,
2026-07-09 00:00:00,WKB8610825,2026-07-09 00:00:00,LENGKAP,2026-07-09 23:05:00,'AD106343929,1,
2026-07-09 00:00:00,WKB8610825,2026-07-09 00:00:00,LENGKAP,2026-07-09 23:05:00,'AD106343930,1,
2026-07-09 00:00:00,WKB8610825,2026-07-09 00:00:00,LENGKAP,2026-07-09 23:05:00,'AD106343931,1,
2026-07-09 00:00:00,WKB8610825,2026-07-09 00:00:00,LENGKAP,2026-07-09 23:05:00,'AD106343944,1,
2026-07-10 00:00:00,2747731042,2026-07-08 00:00:00,LENGKAP,2026-07-11 00:01:00,'AA72299485,26,
2026-07-10 00:00:00,2747731042,2026-07-08 00:00:00,LENGKAP,2026-07-11 00:01:00,'AA72299486,6,
2026-07-10 00:00:00,2747731042,2026-07-08 00:00:00,LENGKAP,2026-07-11 00:01:00,'AD106343953,1,
2026-07-10 00:00:00,2747731042,2026-07-08 00:00:00,LENGKAP,2026-07-11 00:01:00,'AD99250272,1,
2026-07-10 00:00:00,2747731012MOF,2026-07-10 00:00:00,LENGKAP,2026-07-10 07:53:00,'YS15284641,21,
2026-07-10 00:00:00,2747731341TMC,2026-07-10 00:00:00,LENGKAP,2026-07-10 18:46:00,'AA64597993,1,
2026-07-10 00:00:00,2747731343TMC,2026-07-10 00:00:00,LENGKAP,2026-07-10 18:47:00,'AA64597978,5,
2026-07-10 00:00:00,2747731356MOF,2026-07-10 00:00:00,LENGKAP,2026-07-10 07:53:00,'AA64597908,8,
2026-07-10 00:00:00,2747731365TMC,2026-07-10 00:00:00,LENGKAP,2026-07-10 18:47:00,'AA64585943,20,
2026-07-10 00:00:00,2747731365TMC,2026-07-10 00:00:00,LENGKAP,2026-07-10 18:47:00,'AA64585962,8,
2026-07-10 00:00:00,2747731430,2026-07-10 00:00:00,LENGKAP,2026-07-11 02:10:00,'AD106608143,35,
2026-07-10 00:00:00,2747731430,2026-07-10 00:00:00,LENGKAP,2026-07-11 02:10:00,'AD106608144,2,
2026-07-10 00:00:00,2747731430,2026-07-10 00:00:00,LENGKAP,2026-07-11 02:10:00,'AD106608148,19,
2026-07-10 00:00:00,51300115043ENE,2026-07-10 00:00:00,LENGKAP,2026-07-10 09:55:00,'YS15284643,25,
2026-07-10 00:00:00,51300115054LBJ,2026-07-10 00:00:00,LENGKAP,2026-07-10 13:07:00,'YS15284642,16,
2026-07-10 00:00:00,51300117375ENE,2026-07-10 00:00:00,LENGKAP,2026-07-10 07:54:00,'YS15284644,1,
2026-07-10 00:00:00,51300117375ENE,2026-07-10 00:00:00,LENGKAP,2026-07-10 07:54:00,'YS15284645,1,
2026-07-10 00:00:00,51300117493KAI,2026-07-10 00:00:00,LENGKAP,2026-07-10 07:52:00,'AA64585810,23,
2026-07-10 00:00:00,51300117493KAI,2026-07-10 00:00:00,LENGKAP,2026-07-10 07:52:00,'AA64585961,16,
2026-07-10 00:00:00,51300117611LBJ,2026-07-10 00:00:00,LENGKAP,2026-07-10 13:07:00,'YS15284640,5,
2026-07-10 00:00:00,51300117773LKA,2026-07-10 00:00:00,LENGKAP,2026-07-10 12:14:00,'AA64597896,14,
2026-07-10 00:00:00,51300117773LKA,2026-07-10 00:00:00,LENGKAP,2026-07-10 12:14:00,'AA64597905,9,
2026-07-10 00:00:00,51300117784ENE,2026-07-10 00:00:00,LENGKAP,2026-07-10 15:37:00,'AA64597889,1,
2026-07-10 00:00:00,51300117784ENE,2026-07-10 00:00:00,LENGKAP,2026-07-10 15:37:00,'AA64597890,16,
2026-07-10 00:00:00,51300117784ENE,2026-07-10 00:00:00,LENGKAP,2026-07-10 15:37:00,'AA64597893,13,
2026-07-10 00:00:00,51300117784ENE,2026-07-10 00:00:00,LENGKAP,2026-07-10 15:37:00,'AA64597894,7,
2026-07-10 00:00:00,51300117784ENE,2026-07-10 00:00:00,LENGKAP,2026-07-10 15:37:00,'AA64597895,16,
2026-07-10 00:00:00,51300117784ENE,2026-07-10 00:00:00,LENGKAP,2026-07-10 15:37:00,'AA64597897,2,
2026-07-10 00:00:00,51300117784ENE,2026-07-10 00:00:00,LENGKAP,2026-07-10 15:37:00,'AA64597898,26,
2026-07-10 00:00:00,51300117784ENE,2026-07-10 00:00:00,LENGKAP,2026-07-10 15:37:00,'AA64597899,11,
2026-07-10 00:00:00,51300117784ENE,2026-07-10 00:00:00,LENGKAP,2026-07-10 15:37:00,'AA64597900,18,
2026-07-10 00:00:00,51300117784ENE,2026-07-10 00:00:00,LENGKAP,2026-07-10 15:37:00,'AA64597901,19,
2026-07-10 00:00:00,51300117784ENE,2026-07-10 00:00:00,LENGKAP,2026-07-10 15:37:00,'AA64597902,16,
2026-07-10 00:00:00,51300117784ENE,2026-07-10 00:00:00,LENGKAP,2026-07-10 15:37:00,'AA64597903,12,
2026-07-10 00:00:00,51300117784ENE,2026-07-10 00:00:00,LENGKAP,2026-07-10 15:37:00,'AA64597904,10,
2026-07-10 00:00:00,51300117784ENE,2026-07-10 00:00:00,LENGKAP,2026-07-10 15:37:00,'AA64597906,13,
2026-07-10 00:00:00,51300117810ENE,2026-07-10 00:00:00,LENGKAP,2026-07-10 07:54:00,'AA64597907,3,
2026-07-10 00:00:00,51300117810ENE,2026-07-10 00:00:00,LENGKAP,2026-07-10 07:54:00,'AA64597909,3,
2026-07-10 00:00:00,88812034702,2026-07-10 00:00:00,LENGKAP,2026-07-10 13:00:00,'AA64489503,25,
2026-07-10 00:00:00,88812034702,2026-07-10 00:00:00,LENGKAP,2026-07-10 13:00:00,'AA64489504,17,
2026-07-10 00:00:00,88812034702,2026-07-10 00:00:00,LENGKAP,2026-07-10 13:00:00,'AA64489505,38,
2026-07-10 00:00:00,88812034702,2026-07-10 00:00:00,LENGKAP,2026-07-10 13:00:00,'AA64489506,28,
2026-07-10 00:00:00,88812034702,2026-07-10 00:00:00,LENGKAP,2026-07-10 13:00:00,'AA64489507,10,
2026-07-10 00:00:00,88812034702,2026-07-10 00:00:00,LENGKAP,2026-07-10 13:00:00,'AA64489508,3,
2026-07-10 00:00:00,88812034702,2026-07-10 00:00:00,LENGKAP,2026-07-10 13:00:00,'AA64489510,25,
2026-07-10 00:00:00,88812034702,2026-07-10 00:00:00,LENGKAP,2026-07-10 13:00:00,'AA64489513,4,
2026-07-10 00:00:00,88812034702,2026-07-10 00:00:00,LENGKAP,2026-07-10 13:00:00,'AA64489514,4,
2026-07-10 00:00:00,88812034702,2026-07-10 00:00:00,LENGKAP,2026-07-10 13:00:00,'AA64489517,5,
2026-07-10 00:00:00,88812034702,2026-07-10 00:00:00,LENGKAP,2026-07-10 13:00:00,'AA64489518,14,
2026-07-10 00:00:00,88812034702,2026-07-10 00:00:00,LENGKAP,2026-07-10 13:00:00,'AA64490628,11,
2026-07-10 00:00:00,88812034702,2026-07-10 00:00:00,LENGKAP,2026-07-10 13:00:00,'AA64490650,6,
2026-07-10 00:00:00,88812034702,2026-07-10 00:00:00,LENGKAP,2026-07-10 13:00:00,'AD106506866,1,
2026-07-10 00:00:00,88812034702,2026-07-10 00:00:00,LENGKAP,2026-07-10 13:00:00,'YS15281271,14,
2026-07-10 00:00:00,88812034820,2026-07-10 00:00:00,LENGKAP,2026-07-10 16:20:00,'AA64489501,1,
2026-07-10 00:00:00,88812034820,2026-07-10 00:00:00,LENGKAP,2026-07-10 16:20:00,'AA64489502,23,
2026-07-10 00:00:00,88812034820,2026-07-10 00:00:00,LENGKAP,2026-07-10 16:20:00,'AA64490651,12,
2026-07-10 00:00:00,88812034820,2026-07-10 00:00:00,LENGKAP,2026-07-10 16:20:00,'AA64490652,1,
2026-07-10 00:00:00,88812034820,2026-07-10 00:00:00,LENGKAP,2026-07-10 16:20:00,'AA64490653,10,
2026-07-10 00:00:00,88812034820,2026-07-10 00:00:00,LENGKAP,2026-07-10 16:20:00,'AA64490656,21,
2026-07-10 00:00:00,88812034820,2026-07-10 00:00:00,LENGKAP,2026-07-10 16:20:00,'AA64490657,7,
2026-07-10 00:00:00,88812034820,2026-07-10 00:00:00,LENGKAP,2026-07-10 16:20:00,'AA64490658,10,
2026-07-10 00:00:00,88812034820,2026-07-10 00:00:00,LENGKAP,2026-07-10 16:20:00,'AA64597892,1,
2026-07-10 00:00:00,88812034820,2026-07-10 00:00:00,LENGKAP,2026-07-10 16:20:00,'AA72283710,1,
2026-07-10 00:00:00,88812034820,2026-07-10 00:00:00,LENGKAP,2026-07-10 16:20:00,'AD106506857,1,
2026-07-10 00:00:00,88812034820,2026-07-10 00:00:00,LENGKAP,2026-07-10 16:20:00,'AD99242032,11,
2026-07-10 00:00:00,88812034912,2026-07-10 00:00:00,LENGKAP,2026-07-10 22:29:00,'AD106506858,1,
2026-07-10 00:00:00,88812034912,2026-07-10 00:00:00,LENGKAP,2026-07-10 22:29:00,'AD99242031,25,
2026-07-10 00:00:00,88812034912,2026-07-10 00:00:00,LENGKAP,2026-07-10 22:29:00,'AD99242033,15,
2026-07-10 00:00:00,88812034912,2026-07-10 00:00:00,LENGKAP,2026-07-10 22:29:00,'AD99242035,7,
2026-07-10 00:00:00,88812034993,2026-07-10 00:00:00,LENGKAP,2026-07-10 16:19:00,'AA64490654,6,
2026-07-10 00:00:00,88812034993,2026-07-10 00:00:00,LENGKAP,2026-07-10 16:19:00,'AA64490655,9,
2026-07-10 00:00:00,88812034993,2026-07-10 00:00:00,LENGKAP,2026-07-10 16:19:00,'AA64490659,10,
2026-07-10 00:00:00,88812034993,2026-07-10 00:00:00,LENGKAP,2026-07-10 16:19:00,'AD99242034,12,
2026-07-10 00:00:00,88812035026,2026-07-10 00:00:00,LENGKAP,2026-07-10 12:59:00,'YS15281272,13,
2026-07-10 00:00:00,88812035026,2026-07-10 00:00:00,LENGKAP,2026-07-10 12:59:00,'YS15281273,20,
2026-07-10 00:00:00,88812035026,2026-07-10 00:00:00,LENGKAP,2026-07-10 12:59:00,'YS15281274,29,
2026-07-10 00:00:00,88812035026,2026-07-10 00:00:00,LENGKAP,2026-07-10 12:59:00,'YS15281275,2,
2026-07-10 00:00:00,88812035026,2026-07-10 00:00:00,LENGKAP,2026-07-10 12:59:00,'YS15281276,17,
2026-07-10 00:00:00,88812035026,2026-07-10 00:00:00,LENGKAP,2026-07-10 12:59:00,'YS15281277,11,
2026-07-10 00:00:00,88812035026,2026-07-10 00:00:00,LENGKAP,2026-07-10 12:59:00,'YT1820006,4,
2026-07-10 00:00:00,88812035026,2026-07-10 00:00:00,LENGKAP,2026-07-10 12:59:00,'YT1820009,24,
2026-07-10 00:00:00,88812035026,2026-07-10 00:00:00,LENGKAP,2026-07-10 12:59:00,'YT1820010,10,
2026-07-10 00:00:00,88812035026,2026-07-10 00:00:00,LENGKAP,2026-07-10 12:59:00,'YT1820011,11,
2026-07-10 00:00:00,88812035026,2026-07-10 00:00:00,LENGKAP,2026-07-10 12:59:00,'YT1820012,6,
2026-07-10 00:00:00,93801230670,2026-07-10 00:00:00,LENGKAP,2026-07-10 16:36:00,'AD99242030,4,
2026-07-10 00:00:00,93801230670,2026-07-10 00:00:00,LENGKAP,2026-07-10 16:36:00,'YS40164516,3,
2026-07-10 00:00:00,99001043803,2026-07-10 00:00:00,LENGKAP,2026-07-10 11:28:00,'YS40164517,2,
2026-07-10 00:00:00,99001043803,2026-07-10 00:00:00,LENGKAP,2026-07-10 11:28:00,'YS40164518,2,
2026-07-10 00:00:00,99001043803,2026-07-10 00:00:00,LENGKAP,2026-07-10 11:28:00,'YT1267181,5,
2026-07-10 00:00:00,99001043803,2026-07-10 00:00:00,LENGKAP,2026-07-10 11:28:00,'YT1267464,8,
2026-07-10 00:00:00,99001056230,2026-07-10 00:00:00,LENGKAP,2019-09-18 21:07:00,'YS15281278,6,
2026-07-10 00:00:00,99001056230,2026-07-10 00:00:00,LENGKAP,2019-09-18 21:07:00,'YS15281279,2,
2026-07-10 00:00:00,ABU194223,2026-07-10 00:00:00,LENGKAP,2026-07-10 21:43:00,'AD99200194,1,
2026-07-10 00:00:00,ABU194223,2026-07-10 00:00:00,LENGKAP,2026-07-10 21:43:00,'AD99200195,1,
2026-07-10 00:00:00,ABU194223,2026-07-10 00:00:00,LENGKAP,2026-07-10 21:43:00,'AD99200196,1,
2026-07-10 00:00:00,ABU194223,2026-07-10 00:00:00,LENGKAP,2026-07-10 21:43:00,'AD99200197,1,
2026-07-10 00:00:00,ABU194223,2026-07-10 00:00:00,LENGKAP,2026-07-10 21:43:00,'AD99200198,1,
2026-07-10 00:00:00,ABU194223,2026-07-10 00:00:00,LENGKAP,2026-07-10 21:43:00,'AD99200199,1,
2026-07-10 00:00:00,ABU194223,2026-07-10 00:00:00,LENGKAP,2026-07-10 21:43:00,'AD99200200,1,
2026-07-10 00:00:00,ABU194223,2026-07-10 00:00:00,LENGKAP,2026-07-10 21:43:00,'AD99200201,1,
2026-07-10 00:00:00,ABU194223,2026-07-10 00:00:00,LENGKAP,2026-07-10 21:43:00,'AD99200202,1,
2026-07-10 00:00:00,ABU194223,2026-07-10 00:00:00,LENGKAP,2026-07-10 21:43:00,'AD99200203,1,
2026-07-10 00:00:00,ABU194223,2026-07-10 00:00:00,LENGKAP,2026-07-10 21:43:00,'AD99200204,1,
2026-07-10 00:00:00,ABU194223,2026-07-10 00:00:00,LENGKAP,2026-07-10 21:43:00,'AD99200205,1,
2026-07-10 00:00:00,ABU194223,2026-07-10 00:00:00,LENGKAP,2026-07-10 21:43:00,'AD99200206,1,
2026-07-10 00:00:00,ABU194223,2026-07-10 00:00:00,LENGKAP,2026-07-10 21:43:00,'AD99200207,1,
2026-07-10 00:00:00,ABU194223,2026-07-10 00:00:00,LENGKAP,2026-07-10 21:43:00,'AD99200208,1,
2026-07-10 00:00:00,ABU194223,2026-07-10 00:00:00,LENGKAP,2026-07-10 21:43:00,'AD99200209,1,
2026-07-10 00:00:00,ABU194223,2026-07-10 00:00:00,LENGKAP,2026-07-10 21:43:00,'AD99200210,1,
2026-07-10 00:00:00,ABU194223,2026-07-10 00:00:00,LENGKAP,2026-07-10 21:43:00,'AD99200211,1,
2026-07-10 00:00:00,ABU194223,2026-07-10 00:00:00,LENGKAP,2026-07-10 21:43:00,'AD99200219,1,
2026-07-10 00:00:00,ABU194223,2026-07-10 00:00:00,LENGKAP,2026-07-10 21:43:00,'AD99200220,1,
2026-07-10 00:00:00,ABU194223,2026-07-10 00:00:00,LENGKAP,2026-07-10 21:43:00,'AD99200221,1,
2026-07-10 00:00:00,ABU194223,2026-07-10 00:00:00,LENGKAP,2026-07-10 21:43:00,'AD99200222,1,
2026-07-10 00:00:00,ABU194223,2026-07-10 00:00:00,LENGKAP,2026-07-10 21:43:00,'AD99200223,1,
2026-07-10 00:00:00,ABU194223,2026-07-10 00:00:00,LENGKAP,2026-07-10 21:43:00,'AD99200224,1,
2026-07-10 00:00:00,ABU194223,2026-07-10 00:00:00,LENGKAP,2026-07-10 21:43:00,'AD99200225,1,
2026-07-10 00:00:00,ABU194223,2026-07-10 00:00:00,LENGKAP,2026-07-10 21:43:00,'CM49228230498,1,
2026-07-10 00:00:00,ABU194223,2026-07-10 00:00:00,LENGKAP,2026-07-10 21:43:00,'TR51638748,1,
2026-07-10 00:00:00,ABU194223,2026-07-10 00:00:00,LENGKAP,2026-07-10 21:43:00,'TR51638749,1,
2026-07-10 00:00:00,ABU212230,2026-07-10 00:00:00,LENGKAP,2026-07-10 20:28:00,'AD99200214,1,
2026-07-10 00:00:00,ABU212230,2026-07-10 00:00:00,LENGKAP,2026-07-10 20:28:00,'AD99200215,11,
2026-07-10 00:00:00,ABU212230,2026-07-10 00:00:00,LENGKAP,2026-07-10 20:28:00,'AD99200227,2,
2026-07-10 00:00:00,ABU216229,2026-07-10 00:00:00,LENGKAP,2026-07-11 09:41:00,'AD99200216,2,
2026-07-10 00:00:00,ABU217228,2026-07-10 00:00:00,LENGKAP,2026-07-11 15:10:00,'AD99200217,2,
2026-07-10 00:00:00,ABU2182107,2026-07-10 00:00:00,LENGKAP,2026-07-10 10:33:00,'AD99200218,7,
2026-07-10 00:00:00,ABU228750,2026-07-10 00:00:00,LENGKAP,2026-07-11 22:05:00,'AD99200228,1,
2026-07-10 00:00:00,ABU228750,2026-07-10 00:00:00,LENGKAP,2026-07-11 22:05:00,'AD99200229,1,
2026-07-10 00:00:00,ABU228750,2026-07-10 00:00:00,LENGKAP,2026-07-11 22:05:00,'AD99200230,1,
2026-07-10 00:00:00,ABU228750,2026-07-10 00:00:00,LENGKAP,2026-07-11 22:05:00,'AD99200231,1,
2026-07-10 00:00:00,ABU228750,2026-07-10 00:00:00,LENGKAP,2026-07-11 22:05:00,'AD99200232,1,
2026-07-10 00:00:00,ABU228750,2026-07-10 00:00:00,LENGKAP,2026-07-11 22:05:00,'AD99200233,1,
2026-07-10 00:00:00,ABU228750,2026-07-10 00:00:00,LENGKAP,2026-07-11 22:05:00,'AD99200234,1,
2026-07-10 00:00:00,ABU228750,2026-07-10 00:00:00,LENGKAP,2026-07-11 22:05:00,'AD99200235,1,
2026-07-10 00:00:00,ABU228750,2026-07-10 00:00:00,LENGKAP,2026-07-11 22:05:00,'AD99200236,1,
2026-07-10 00:00:00,ABU228750,2026-07-10 00:00:00,LENGKAP,2026-07-11 22:05:00,'AD99200237,1,
2026-07-10 00:00:00,ABU228750,2026-07-10 00:00:00,LENGKAP,2026-07-11 22:05:00,'AD99200238,1,
2026-07-10 00:00:00,ABU228750,2026-07-10 00:00:00,LENGKAP,2026-07-11 22:05:00,'AD99200239,1,
2026-07-10 00:00:00,ABU228750,2026-07-10 00:00:00,LENGKAP,2026-07-11 22:05:00,'AD99200240,1,
2026-07-10 00:00:00,ABU228750,2026-07-10 00:00:00,LENGKAP,2026-07-11 22:05:00,'AD99200241,1,
2026-07-10 00:00:00,ABU228750,2026-07-10 00:00:00,LENGKAP,2026-07-11 22:05:00,'AD99200242,1,
2026-07-10 00:00:00,ABU228750,2026-07-10 00:00:00,LENGKAP,2026-07-11 22:05:00,'AD99200243,1,
2026-07-10 00:00:00,ABU228750,2026-07-10 00:00:00,LENGKAP,2026-07-11 22:05:00,'AD99200244,1,
2026-07-10 00:00:00,ABU228750,2026-07-10 00:00:00,LENGKAP,2026-07-11 22:05:00,'AD99200245,1,
2026-07-10 00:00:00,ABU228750,2026-07-10 00:00:00,LENGKAP,2026-07-11 22:05:00,'AD99200246,1,
2026-07-10 00:00:00,ABU228750,2026-07-10 00:00:00,LENGKAP,2026-07-11 22:05:00,'AD99200247,1,
2026-07-10 00:00:00,ABU228750,2026-07-10 00:00:00,LENGKAP,2026-07-11 22:05:00,'AD99200248,1,
2026-07-10 00:00:00,ABU228750,2026-07-10 00:00:00,LENGKAP,2026-07-11 22:05:00,'AD99200249,1,
2026-07-10 00:00:00,ABU228750,2026-07-10 00:00:00,LENGKAP,2026-07-11 22:05:00,'AD99200250,1,
2026-07-10 00:00:00,ABU228750,2026-07-10 00:00:00,LENGKAP,2026-07-11 22:05:00,'AD99200251,1,
2026-07-10 00:00:00,ABU228750,2026-07-10 00:00:00,LENGKAP,2026-07-11 22:05:00,'TR51638750,1,
2026-07-10 00:00:00,ABU252751,2026-07-11 00:00:00,LENGKAP,2026-07-11 11:29:00,'AD99200252,1,
2026-07-10 00:00:00,ABU252751,2026-07-11 00:00:00,LENGKAP,2026-07-11 11:29:00,'TR51638751,1,
2026-07-10 00:00:00,ABU253254,2026-07-10 00:00:00,LENGKAP,2026-07-11 08:20:00,'AD99200253,11,
2026-07-10 00:00:00,ABU253254,2026-07-10 00:00:00,LENGKAP,2026-07-11 08:20:00,'AD99200254,1,
2026-07-10 00:00:00,ABU255,2026-07-10 00:00:00,LENGKAP,2026-07-11 09:41:00,'AD99200255,2,
2026-07-10 00:00:00,ABU25511,2026-07-10 00:00:00,LENGKAP,2026-07-11 15:11:00,'AD99200256,3,
2026-07-10 00:00:00,ABU8612456,2026-07-10 00:00:00,LENGKAP,,'TR51638747,1,
2026-07-10 00:00:00,ABUSSLN100726,2026-07-10 00:00:00,LENGKAP,2026-07-10 11:43:00,'360160004839926,1,
2026-07-10 00:00:00,JTRKOE8241152,2026-07-10 00:00:00,LENGKAP,2026-07-10 07:53:00,'AA64585954,23,
2026-07-10 00:00:00,JTRKOE8241152,2026-07-10 00:00:00,LENGKAP,2026-07-10 07:53:00,'AA64597981,8,
2026-07-10 00:00:00,JTRKOE8241152,2026-07-10 00:00:00,LENGKAP,2026-07-10 07:53:00,'AA64597982,24,
2026-07-10 00:00:00,JTRKOE8241152,2026-07-10 00:00:00,LENGKAP,2026-07-10 07:53:00,'AA64597992,20,
2026-07-10 00:00:00,KEF1007262,2026-07-10 00:00:00,LENGKAP,2026-07-10 20:32:00,'AA63886436,1,
2026-07-10 00:00:00,KEF1007262,2026-07-10 00:00:00,LENGKAP,2026-07-10 20:32:00,'AD106585297,1,
2026-07-10 00:00:00,KEF1007262,2026-07-10 00:00:00,LENGKAP,2026-07-10 20:32:00,'AD106585301,1,
2026-07-10 00:00:00,KEF1007262,2026-07-10 00:00:00,LENGKAP,2026-07-10 20:32:00,'AD106585302,5,
2026-07-10 00:00:00,KEF1007262,2026-07-10 00:00:00,LENGKAP,2026-07-10 20:32:00,'AD106585303,1,
2026-07-10 00:00:00,KEF1007263,2026-07-10 00:00:00,LENGKAP,,'AA63886463,1,
2026-07-10 00:00:00,KEF1007263,2026-07-10 00:00:00,LENGKAP,,'AA63886464,1,
2026-07-10 00:00:00,KEF1007263,2026-07-10 00:00:00,LENGKAP,,'AA63886465,1,
2026-07-10 00:00:00,KEF1007263,2026-07-10 00:00:00,LENGKAP,,'AA63886466,1,
2026-07-10 00:00:00,KEF1007263,2026-07-10 00:00:00,LENGKAP,,'AA63886467,1,
2026-07-10 00:00:00,KEF1007263,2026-07-10 00:00:00,LENGKAP,,'AA63886468,1,
2026-07-10 00:00:00,KEF1007263,2026-07-10 00:00:00,LENGKAP,,'AA63886469,1,
2026-07-10 00:00:00,KEF1007263,2026-07-10 00:00:00,LENGKAP,,'AA63886470,1,
2026-07-10 00:00:00,KEF1007263,2026-07-10 00:00:00,LENGKAP,,'AA63886471,1,
2026-07-10 00:00:00,KEF1007263,2026-07-10 00:00:00,LENGKAP,,'AA63886472,1,
2026-07-10 00:00:00,KEF1007263,2026-07-10 00:00:00,LENGKAP,,'AA63886473,1,
2026-07-10 00:00:00,KEF1007263,2026-07-10 00:00:00,LENGKAP,,'AA63886474,1,
2026-07-10 00:00:00,KEF1007263,2026-07-10 00:00:00,LENGKAP,,'TR00041197,1,
2026-07-10 00:00:00,KOE1007202611,2026-07-10 00:00:00,LENGKAP,,'360100032499426,1,
2026-07-10 00:00:00,KOE1007202611,2026-07-10 00:00:00,LENGKAP,,'AA64489509,2,
2026-07-10 00:00:00,KOE1007202612,2026-07-10 00:00:00,LENGKAP,2026-07-11 10:38:00,'360240017484326,1,
2026-07-10 00:00:00,KOE1007202612,2026-07-10 00:00:00,LENGKAP,2026-07-11 10:38:00,'CSS3601186119725,1,
2026-07-10 00:00:00,KOE1007202613,2026-07-10 00:00:00,LENGKAP,2026-07-11 15:12:00,'360140009734926,1,
2026-07-10 00:00:00,KOE1007202613,2026-07-10 00:00:00,LENGKAP,2026-07-11 15:12:00,'AA64489516,2,
2026-07-10 00:00:00,KOE481371,2026-07-10 00:00:00,LENGKAP,2026-07-10 23:33:00,'AA69481371,3,
2026-07-10 00:00:00,MLA8578234,2026-07-10 00:00:00,LENGKAP,2026-07-10 23:29:00,'AA72283737,2,
2026-07-10 00:00:00,MLA8578234,2026-07-10 00:00:00,LENGKAP,2026-07-10 23:29:00,'AA72283738,2,
2026-07-10 00:00:00,MLA8578234,2026-07-10 00:00:00,LENGKAP,2026-07-10 23:29:00,'AA72283739,1,
2026-07-10 00:00:00,MLA8578234,2026-07-10 00:00:00,LENGKAP,2026-07-10 23:29:00,'AA72283740,1,
2026-07-10 00:00:00,MLA8578234,2026-07-10 00:00:00,LENGKAP,2026-07-10 23:29:00,'AA72283741,1,
2026-07-10 00:00:00,MLA8578234,2026-07-10 00:00:00,LENGKAP,2026-07-10 23:29:00,'AA72283742,1,
2026-07-10 00:00:00,MLA8578234,2026-07-10 00:00:00,LENGKAP,2026-07-10 23:29:00,'AA72283743,1,
2026-07-10 00:00:00,MLA8578234,2026-07-10 00:00:00,LENGKAP,2026-07-10 23:29:00,'AA72283744,1,
2026-07-10 00:00:00,MLA8578234,2026-07-10 00:00:00,LENGKAP,2026-07-10 23:29:00,'AA72283745,1,
2026-07-10 00:00:00,MLA8578234,2026-07-10 00:00:00,LENGKAP,2026-07-10 23:29:00,'AA72283746,1,
2026-07-10 00:00:00,MLA8578234,2026-07-10 00:00:00,LENGKAP,2026-07-10 23:29:00,'AA72283747,1,
2026-07-10 00:00:00,MLA8578234,2026-07-10 00:00:00,LENGKAP,2026-07-10 23:29:00,'AD106441263,2,
2026-07-10 00:00:00,MLA8578236,2026-07-10 00:00:00,LENGKAP,,'AD106441265,3,
2026-07-10 00:00:00,MLA8578238,2026-07-10 00:00:00,LENGKAP,2026-07-11 08:07:00,'AD106441266,3,
2026-07-10 00:00:00,MLA8578239,2026-07-10 00:00:00,LENGKAP,,'AD106441267,1,
2026-07-10 00:00:00,OLS022209,2026-07-10 00:00:00,LENGKAP,,'AD104095822,1,
2026-07-10 00:00:00,SAB8610137,2026-07-10 00:00:00,LENGKAP,2026-07-10 16:48:00,'AD106506879,1,
2026-07-10 00:00:00,SAB8610137,2026-07-10 00:00:00,LENGKAP,2026-07-10 16:48:00,'AD106506880,1,
2026-07-10 00:00:00,SAB8610137,2026-07-10 00:00:00,LENGKAP,2026-07-10 16:48:00,'AD106506881,1,
2026-07-10 00:00:00,SAB8610137,2026-07-10 00:00:00,LENGKAP,2026-07-10 16:48:00,'AD106506882,1,
2026-07-10 00:00:00,SAB8610137,2026-07-10 00:00:00,LENGKAP,2026-07-10 16:48:00,'AD106506883,1,
2026-07-10 00:00:00,SAB8610137,2026-07-10 00:00:00,LENGKAP,2026-07-10 16:48:00,'AD106506884,1,
2026-07-10 00:00:00,SAB8610137,2026-07-10 00:00:00,LENGKAP,2026-07-10 16:48:00,'AD106506885,1,
2026-07-10 00:00:00,SAB8610137,2026-07-10 00:00:00,LENGKAP,2026-07-10 16:48:00,'AD106506886,1,
2026-07-10 00:00:00,SAB8610137,2026-07-10 00:00:00,LENGKAP,2026-07-10 16:48:00,'AD106506887,1,
2026-07-10 00:00:00,SAB8610137,2026-07-10 00:00:00,LENGKAP,2026-07-10 16:48:00,'AD106506888,1,
2026-07-10 00:00:00,SAB8610137,2026-07-10 00:00:00,LENGKAP,2026-07-10 16:48:00,'AD106506889,1,
2026-07-10 00:00:00,SAB8610137,2026-07-10 00:00:00,LENGKAP,2026-07-10 16:48:00,'AD106506890,1,
2026-07-10 00:00:00,SAB8610137,2026-07-10 00:00:00,LENGKAP,2026-07-10 16:48:00,'AD106506891,1,
2026-07-10 00:00:00,SAB8610137,2026-07-10 00:00:00,LENGKAP,2026-07-10 16:48:00,'AD106506892,1,
2026-07-10 00:00:00,SAB8610137,2026-07-10 00:00:00,LENGKAP,2026-07-10 16:48:00,'AD106506893,1,
2026-07-10 00:00:00,SAB8610137,2026-07-10 00:00:00,LENGKAP,2026-07-10 16:48:00,'AD106506894,1,
2026-07-10 00:00:00,SAB8610137,2026-07-10 00:00:00,LENGKAP,2026-07-10 16:48:00,'AD106506895,1,
2026-07-10 00:00:00,SAB8610137,2026-07-10 00:00:00,LENGKAP,2026-07-10 16:48:00,'AD106506896,1,
2026-07-10 00:00:00,SAB8610137,2026-07-10 00:00:00,LENGKAP,2026-07-10 16:48:00,'AD106506897,1,
2026-07-10 00:00:00,SAB8610137,2026-07-10 00:00:00,LENGKAP,2026-07-10 16:48:00,'AD106506898,1,
2026-07-10 00:00:00,SAB8610137,2026-07-10 00:00:00,LENGKAP,2026-07-10 16:48:00,'AD106506899,1,
2026-07-10 00:00:00,SAB8610137,2026-07-10 00:00:00,LENGKAP,2026-07-10 16:48:00,'AD106506900,1,
2026-07-10 00:00:00,SAB8610137,2026-07-10 00:00:00,LENGKAP,2026-07-10 16:48:00,'AD106506901,1,
2026-07-10 00:00:00,SAB8610137,2026-07-10 00:00:00,LENGKAP,2026-07-10 16:48:00,'AD106506902,1,
2026-07-10 00:00:00,SAB8610137,2026-07-10 00:00:00,LENGKAP,2026-07-10 16:48:00,'AD106506903,1,
2026-07-10 00:00:00,SAB8610137,2026-07-10 00:00:00,LENGKAP,2026-07-10 16:48:00,'KOEEC02414324826,1,
2026-07-10 00:00:00,SAB8610137,2026-07-10 00:00:00,LENGKAP,2026-07-10 16:48:00,'RTKOE26014901182,1,
2026-07-10 00:00:00,SOE8578517,2026-07-10 00:00:00,LENGKAP,2026-07-11 15:14:00,'AD106442408,2,
2026-07-10 00:00:00,SOE8578518,2026-07-10 00:00:00,LENGKAP,2026-07-10 12:42:00,'AD106442404,1,
2026-07-10 00:00:00,SOE8578520,2026-07-10 00:00:00,LENGKAP,2026-07-10 20:40:00,'AA64482653,1,
2026-07-10 00:00:00,SOE8578520,2026-07-10 00:00:00,LENGKAP,2026-07-10 20:40:00,'AA64482654,1,
2026-07-10 00:00:00,SOE8578520,2026-07-10 00:00:00,LENGKAP,2026-07-10 20:40:00,'AA64482655,1,
2026-07-10 00:00:00,SOE8578520,2026-07-10 00:00:00,LENGKAP,2026-07-10 20:40:00,'AA64482656,1,
2026-07-10 00:00:00,SOE8578520,2026-07-10 00:00:00,LENGKAP,2026-07-10 20:40:00,'AA64482657,1,
2026-07-10 00:00:00,SOE8578520,2026-07-10 00:00:00,LENGKAP,2026-07-10 20:40:00,'AA64482661,1,
2026-07-10 00:00:00,SOE8578520,2026-07-10 00:00:00,LENGKAP,2026-07-10 20:40:00,'AD106442403,1,
2026-07-10 00:00:00,SOE8578520,2026-07-10 00:00:00,LENGKAP,2026-07-10 20:40:00,'AD106442406,5,
2026-07-10 00:00:00,SOE8578520,2026-07-10 00:00:00,LENGKAP,2026-07-10 20:40:00,'AD106442409,1,
2026-07-10 00:00:00,SOE8578521,2026-07-10 00:00:00,LENGKAP,2026-07-10 20:43:00,'AA64482658,1,
2026-07-10 00:00:00,SOE8578521,2026-07-10 00:00:00,LENGKAP,2026-07-10 20:43:00,'AA64482659,1,
2026-07-10 00:00:00,SOE8578521,2026-07-10 00:00:00,LENGKAP,2026-07-10 20:43:00,'AA64482660,1,
2026-07-10 00:00:00,SOE8578521,2026-07-10 00:00:00,LENGKAP,2026-07-10 20:43:00,'AD106442405,1,
2026-07-10 00:00:00,SOE8578522,2026-07-10 00:00:00,LENGKAP,2026-07-11 15:16:00,'AD106442410,2,
2026-07-10 00:00:00,SOE8578524,2026-07-10 00:00:00,LENGKAP,2026-07-10 17:32:00,'AD106442412,1,
2026-07-10 00:00:00,SOE8578525,2026-07-10 00:00:00,LENGKAP,2026-07-10 18:36:00,'AD106442413,2,
2026-07-10 00:00:00,TMC8109494,2026-07-10 00:00:00,LENGKAP,2026-07-10 17:58:00,'AA64585897,11,
2026-07-10 00:00:00,TMC8109494,2026-07-10 00:00:00,LENGKAP,2026-07-10 17:58:00,'AA64585940,9,
2026-07-10 00:00:00,TMC8109494,2026-07-10 00:00:00,LENGKAP,2026-07-10 17:58:00,'AD106506865,1,
2026-07-10 00:00:00,TMC8242466,2026-07-10 00:00:00,LENGKAP,2026-07-11 06:13:00,'AD99250266,1,
2026-07-10 00:00:00,TMC8242467,2026-07-10 00:00:00,LENGKAP,2026-07-10 15:54:00,'AD99250221,1,
2026-07-10 00:00:00,WKB8610827,2026-07-10 00:00:00,LENGKAP,2026-07-11 06:13:00,'AD106343939,1,
2026-07-10 00:00:00,JTRKOE8241215,2026-07-11 00:00:00,LENGKAP,2026-07-13 07:48:00,'360100031725226,1,
2026-07-10 00:00:00,JTRKOE8241215,2026-07-11 00:00:00,LENGKAP,2026-07-13 07:48:00,'360100031737826,1,
2026-07-10 00:00:00,JTRKOE8241215,2026-07-11 00:00:00,LENGKAP,2026-07-13 07:48:00,'360100031819926,1,
2026-07-10 00:00:00,JTRKOE8241215,2026-07-11 00:00:00,LENGKAP,2026-07-13 07:48:00,'360100031871426,1,
2026-07-10 00:00:00,JTRKOE8241215,2026-07-11 00:00:00,LENGKAP,2026-07-13 07:48:00,'360100031947426,1,
2026-07-10 00:00:00,JTRKOE8241215,2026-07-11 00:00:00,LENGKAP,2026-07-13 07:48:00,'360100031948326,1,
2026-07-10 00:00:00,JTRKOE8241215,2026-07-11 00:00:00,LENGKAP,2026-07-13 07:48:00,'360100031954426,1,
2026-07-10 00:00:00,JTRKOE8241215,2026-07-11 00:00:00,LENGKAP,2026-07-13 07:48:00,'360100031955326,1,
2026-07-10 00:00:00,JTRKOE8241215,2026-07-11 00:00:00,LENGKAP,2026-07-13 07:48:00,'360100032147026,1,
2026-07-10 00:00:00,JTRKOE8241215,2026-07-11 00:00:00,LENGKAP,2026-07-13 07:48:00,'360100032159526,1,
2026-07-10 00:00:00,JTRKOE8241215,2026-07-11 00:00:00,LENGKAP,2026-07-13 07:48:00,'360100032281626,1,
2026-07-10 00:00:00,JTRKOE8241215,2026-07-11 00:00:00,LENGKAP,2026-07-13 07:48:00,'360140010066526,1,
2026-07-10 00:00:00,JTRKOE8241215,2026-07-11 00:00:00,LENGKAP,2026-07-13 07:48:00,'360140010456326,1,
2026-07-10 00:00:00,JTRKOE8241215,2026-07-11 00:00:00,LENGKAP,2026-07-13 07:48:00,'360140010457226,1,
2026-07-10 00:00:00,JTRKOE8241215,2026-07-11 00:00:00,LENGKAP,2026-07-13 07:48:00,'360240016941226,1,
2026-07-10 00:00:00,JTRKOE8241215,2026-07-11 00:00:00,LENGKAP,2026-07-13 07:48:00,'360240017247126,1,
2026-07-10 00:00:00,JTRKOE8241215,2026-07-11 00:00:00,LENGKAP,2026-07-13 07:48:00,'360290018587626,1,
2026-07-10 00:00:00,JTRKOE8241215,2026-07-11 00:00:00,LENGKAP,2026-07-13 07:48:00,'360340007035726,1,
2026-07-10 00:00:00,JTRKOE8241215,2026-07-11 00:00:00,LENGKAP,2026-07-13 07:48:00,'360340007061426,1,
2026-07-10 00:00:00,JTRKOE8241215,2026-07-11 00:00:00,LENGKAP,2026-07-13 07:48:00,'360540005277626,1,
2026-07-10 00:00:00,JTRKOE8241215,2026-07-11 00:00:00,LENGKAP,2026-07-13 07:48:00,'360700012142126,1,
2026-07-10 00:00:00,JTRKOE8241215,2026-07-11 00:00:00,LENGKAP,2026-07-13 07:48:00,'3609132100068139,1,
2026-07-10 00:00:00,JTRKOE8241215,2026-07-11 00:00:00,OFF 3609132100068147 -1C BERANGKAT 1C SMU JTRSUX9064413,2026-07-13 07:48:00,'3609132100068147,1,FU TEAM SUX BY ADM.FIRSTMILE
2026-07-10 00:00:00,JTRKOE8241215,2026-07-11 00:00:00,LENGKAP,2026-07-13 07:48:00,'3609132100068154,1,
2026-07-10 00:00:00,JTRKOE8241215,2026-07-11 00:00:00,LENGKAP,2026-07-13 07:48:00,'JT00971647673,1,
2026-07-10 00:00:00,JTRKOE8241215,2026-07-11 00:00:00,LENGKAP,2026-07-13 07:48:00,'JT03082531387,1,
2026-07-10 00:00:00,JTRKOE8241215,2026-07-11 00:00:00,LENGKAP,2026-07-13 07:48:00,'JT13084482031,1,
2026-07-10 00:00:00,JTRKOE8241215,2026-07-11 00:00:00,LENGKAP,2026-07-13 07:48:00,'JT53315943010,1,
2026-07-10 00:00:00,JTRKOE8241215,2026-07-11 00:00:00,LENGKAP,2026-07-13 07:48:00,'JT70002003677,1,
2026-07-10 00:00:00,JTRKOE8241215,2026-07-11 00:00:00,LENGKAP,2026-07-13 07:48:00,'JT74237559741,1,
2026-07-10 00:00:00,KEF1007261,2026-07-10 00:00:00,LENGKAP,2026-07-10 21:50:00,'AA63886431,1,
2026-07-10 00:00:00,KEF1007261,2026-07-10 00:00:00,LENGKAP,2026-07-10 21:50:00,'AA63886432,1,
2026-07-10 00:00:00,KEF1007261,2026-07-10 00:00:00,LENGKAP,2026-07-10 21:50:00,'AA63886433,1,
2026-07-10 00:00:00,KEF1007261,2026-07-10 00:00:00,LENGKAP,2026-07-10 21:50:00,'AA63886434,1,
2026-07-10 00:00:00,KEF1007261,2026-07-10 00:00:00,LENGKAP,2026-07-10 21:50:00,'AA63886435,1,
2026-07-10 00:00:00,KEF1007261,2026-07-10 00:00:00,LENGKAP,2026-07-10 21:50:00,'AA63886437,1,
2026-07-10 00:00:00,KEF1007261,2026-07-10 00:00:00,LENGKAP,2026-07-10 21:50:00,'AA63886438,1,
2026-07-10 00:00:00,KEF1007261,2026-07-10 00:00:00,LENGKAP,2026-07-10 21:50:00,'AA63886439,1,
2026-07-10 00:00:00,KEF1007261,2026-07-10 00:00:00,LENGKAP,2026-07-10 21:50:00,'AA63886440,1,
2026-07-10 00:00:00,KEF1007261,2026-07-10 00:00:00,LENGKAP,2026-07-10 21:50:00,'AA63886441,1,
2026-07-10 00:00:00,KEF1007261,2026-07-10 00:00:00,LENGKAP,2026-07-10 21:50:00,'AA63886442,1,
2026-07-10 00:00:00,KEF1007261,2026-07-10 00:00:00,LENGKAP,2026-07-10 21:50:00,'AA63886443,1,
2026-07-10 00:00:00,KEF1007261,2026-07-10 00:00:00,LENGKAP,2026-07-10 21:50:00,'AA63886444,1,
2026-07-10 00:00:00,KEF1007261,2026-07-10 00:00:00,LENGKAP,2026-07-10 21:50:00,'AA63886445,1,
2026-07-10 00:00:00,KEF1007261,2026-07-10 00:00:00,LENGKAP,2026-07-10 21:50:00,'AA63886446,1,
2026-07-10 00:00:00,KEF1007261,2026-07-10 00:00:00,LENGKAP,2026-07-10 21:50:00,'AA63886447,1,
2026-07-10 00:00:00,KEF1007261,2026-07-10 00:00:00,LENGKAP,2026-07-10 21:50:00,'AA63886448,1,
2026-07-10 00:00:00,KEF1007261,2026-07-10 00:00:00,LENGKAP,2026-07-10 21:50:00,'AA63886449,1,
2026-07-10 00:00:00,KEF1007261,2026-07-10 00:00:00,LENGKAP,2026-07-10 21:50:00,'AA63886450,1,
2026-07-10 00:00:00,KEF1007261,2026-07-10 00:00:00,LENGKAP,2026-07-10 21:50:00,'AA63886451,1,
2026-07-10 00:00:00,KEF1007261,2026-07-10 00:00:00,LENGKAP,2026-07-10 21:50:00,'AA63886452,1,
2026-07-10 00:00:00,KEF1007261,2026-07-10 00:00:00,LENGKAP,2026-07-10 21:50:00,'AA63886453,1,
2026-07-10 00:00:00,KEF1007261,2026-07-10 00:00:00,LENGKAP,2026-07-10 21:50:00,'AA63886454,1,
2026-07-10 00:00:00,KEF1007261,2026-07-10 00:00:00,LENGKAP,2026-07-10 21:50:00,'AA63886455,1,
2026-07-10 00:00:00,KEF1007261,2026-07-10 00:00:00,LENGKAP,2026-07-10 21:50:00,'AA63886456,1,
2026-07-10 00:00:00,KEF1007261,2026-07-10 00:00:00,LENGKAP,2026-07-10 21:50:00,'AA63886457,1,
2026-07-10 00:00:00,KEF1007261,2026-07-10 00:00:00,LENGKAP,2026-07-10 21:50:00,'AA63886458,1,
2026-07-10 00:00:00,KEF1007261,2026-07-10 00:00:00,LENGKAP,2026-07-10 21:50:00,'AA63886459,1,
2026-07-10 00:00:00,KEF1007261,2026-07-10 00:00:00,LENGKAP,2026-07-10 21:50:00,'AA63886460,1,
2026-07-10 00:00:00,KEF1007261,2026-07-10 00:00:00,LENGKAP,2026-07-10 21:50:00,'AA63886461,1,
2026-07-10 00:00:00,KEF1007261,2026-07-10 00:00:00,LENGKAP,2026-07-10 21:50:00,'AA63886462,1,
2026-07-10 00:00:00,KEF1007261,2026-07-10 00:00:00,LENGKAP,2026-07-10 21:50:00,'AD106585300,1,
2026-07-10 00:00:00,KEF1007261,2026-07-10 00:00:00,LENGKAP,2026-07-10 21:50:00,'TR00041194,1,
2026-07-10 00:00:00,KEF1007261,2026-07-10 00:00:00,LENGKAP,2026-07-10 21:50:00,'TR00041195,3,
2026-07-10 00:00:00,KEF1007261,2026-07-10 00:00:00,LENGKAP,2026-07-10 21:50:00,'TR00041196,1,
2026-07-10 00:00:00,JTRKOE8241215,2026-07-11 00:00:00,LENGKAP,2026-07-13 07:48:00,'JT97895556421,1,
2026-07-10 00:00:00,JTRKOE8241215,2026-07-11 00:00:00,LENGKAP,2026-07-13 07:48:00,'RTKOE26014893329,1,
2026-07-10 00:00:00,JTRKOE8241215,2026-07-11 00:00:00,LENGKAP,2026-07-13 07:48:00,'TR00041183,1,
2026-07-10 00:00:00,JTRKOE8241215,2026-07-11 00:00:00,LENGKAP,2026-07-13 07:48:00,'TR00041187,1,
2026-07-10 00:00:00,JTRKOE8241215,2026-07-11 00:00:00,LENGKAP,2026-07-13 07:48:00,'TR00041188,1,
2026-07-10 00:00:00,JTRKOE8241215,2026-07-11 00:00:00,LENGKAP,2026-07-13 07:48:00,'TR00041189,6,
2026-07-10 00:00:00,JTRKOE8241215,2026-07-11 00:00:00,LENGKAP,2026-07-13 07:48:00,'TR00041191,1,
2026-07-10 00:00:00,JTRKOE8241215,2026-07-11 00:00:00,LENGKAP,2026-07-13 07:48:00,'TR00041193,1,
2026-07-10 00:00:00,JTRKOE8241215,2026-07-11 00:00:00,LENGKAP,2026-07-13 07:48:00,'TR51637120,1,
2026-07-10 00:00:00,JTRKOE8241215,2026-07-11 00:00:00,LENGKAP,2026-07-13 07:48:00,'TR51638736,1,
2026-07-10 00:00:00,JTRKOE8241215,2026-07-11 00:00:00,LENGKAP,2026-07-13 07:48:00,'TR51638739,1,
2026-07-10 00:00:00,JTRKOE8241215,2026-07-11 00:00:00,LENGKAP,2026-07-13 07:48:00,'TR51638740,1,
2026-07-10 00:00:00,JTRKOE8241215,2026-07-11 00:00:00,LENGKAP,2026-07-13 07:48:00,'TR51638742,1,
2026-07-10 00:00:00,JTRKOE8241215,2026-07-11 00:00:00,LENGKAP,2026-07-13 07:48:00,'TR51638743,1,
2026-07-10 00:00:00,JTRKOE8241215,2026-07-11 00:00:00,LENGKAP,2026-07-13 07:48:00,'TR64766653,1,
2026-07-10 00:00:00,JTRKOE8241215,2026-07-11 00:00:00,LENGKAP,2026-07-13 07:48:00,'TR64766655,2,
2026-07-10 00:00:00,JTRKOE8241217,2026-07-11 00:00:00,LENGKAP,2026-07-10 14:58:00,'360020003844426,1,
2026-07-10 00:00:00,JTRKOE8241217,2026-07-11 00:00:00,LENGKAP,2026-07-10 14:58:00,'360020003879226,1,
2026-07-10 00:00:00,KEF1007264,2026-07-10 00:00:00,LENGKAP,2026-07-11 08:21:00,'AD106585304,1,
2026-07-10 00:00:00,KEF1007264,2026-07-10 00:00:00,LENGKAP,2026-07-11 08:21:00,'AD106585305,5,
2026-07-10 00:00:00,KEF1007265,2026-07-11 00:00:00,LENGKAP,2026-07-11 10:36:00,'AD106585306,1,
2026-07-10 00:00:00,JTRKOE8241217,2026-07-11 00:00:00,LENGKAP,2026-07-10 14:58:00,'360100031491426,1,
2026-07-10 00:00:00,JTRKOE8241217,2026-07-11 00:00:00,LENGKAP,2026-07-10 14:58:00,'360140010224426,1,
2026-07-10 00:00:00,JTRKOE8241217,2026-07-11 00:00:00,LENGKAP,2026-07-10 14:58:00,'TR64995108,1,
2026-07-10 00:00:00,JTRKOE8241218,2026-07-11 00:00:00,LENGKAP,2026-07-10 15:27:00,'2600100437704M01,1,
2026-07-10 00:00:00,JTRKOE8241218,2026-07-11 00:00:00,LENGKAP,2026-07-10 15:27:00,'2600100437704M02,1,
2026-07-10 00:00:00,JTRKOE8241218,2026-07-11 00:00:00,LENGKAP,2026-07-10 15:27:00,'2600100437704M03,1,
2026-07-10 00:00:00,KOE1007202614,2026-07-10 00:00:00,LENGKAP,2026-07-11 09:49:00,'AA64489520,2,
2026-07-10 00:00:00,KOE1007202615,2026-07-10 00:00:00,LENGKAP,2026-07-10 15:54:00,'AA64489512,3,
2026-07-10 00:00:00,JTRKOE8241218,2026-07-11 00:00:00,LENGKAP,2026-07-10 15:27:00,'2600100437704M04,1,
2026-07-10 00:00:00,JTRKOE8241218,2026-07-11 00:00:00,LENGKAP,2026-07-10 15:27:00,'2600102937802M01,1,
2026-07-10 00:00:00,JTRKOE8241218,2026-07-11 00:00:00,LENGKAP,2026-07-10 15:27:00,'2600102937802M02,1,
2026-07-10 00:00:00,JTRKOE8241218,2026-07-11 00:00:00,LENGKAP,2026-07-10 15:27:00,'360100030077826,1,
2026-07-10 00:00:00,JTRKOE8241218,2026-07-11 00:00:00,LENGKAP,2026-07-10 15:27:00,'360100030900126,1,
2026-07-10 00:00:00,JTRKOE8241218,2026-07-11 00:00:00,LENGKAP,2026-07-10 15:27:00,'360100031297026,1,
2026-07-10 00:00:00,JTRKOE8241218,2026-07-11 00:00:00,LENGKAP,2026-07-10 15:27:00,'360100031302326,1,
2026-07-10 00:00:00,JTRKOE8241218,2026-07-11 00:00:00,LENGKAP,2026-07-10 15:27:00,'360100031305026,1,
2026-07-10 00:00:00,JTRKOE8241218,2026-07-11 00:00:00,LENGKAP,2026-07-10 15:27:00,'360100031476326,1,
2026-07-10 00:00:00,JTRKOE8241218,2026-07-11 00:00:00,LENGKAP,2026-07-10 15:27:00,'360100031559326,1,
2026-07-10 00:00:00,KOE110720262,2026-07-11 00:00:00,LENGKAP,2026-07-11 10:36:00,'8000109631374,1,
2026-07-10 00:00:00,KOE110720262,2026-07-11 00:00:00,LENGKAP,2026-07-11 10:36:00,'AA64585650,42,
2026-07-10 00:00:00,KOE110720262,2026-07-11 00:00:00,LENGKAP,2026-07-11 10:36:00,'AA64597974,2,
2026-07-10 00:00:00,KOE110720262,2026-07-11 00:00:00,LENGKAP,2026-07-11 10:36:00,'KOEEC02414692226,1,
2026-07-10 00:00:00,KOE110720262,2026-07-11 00:00:00,LENGKAP,2026-07-11 10:36:00,'KOEEC02415045326,1,
2026-07-10 00:00:00,JTRKOE8241218,2026-07-11 00:00:00,LENGKAP,2026-07-10 15:27:00,'360100031592226,1,
2026-07-10 00:00:00,JTRKOE8241218,2026-07-11 00:00:00,LENGKAP,2026-07-10 15:27:00,'360100031740326,1,
2026-07-10 00:00:00,JTRKOE8241218,2026-07-11 00:00:00,LENGKAP,2026-07-10 15:27:00,'360100031764426,1,
2026-07-10 00:00:00,JTRKOE8241218,2026-07-11 00:00:00,LENGKAP,2026-07-10 15:27:00,'360100032259426,1,
2026-07-10 00:00:00,JTRKOE8241218,2026-07-11 00:00:00,LENGKAP,2026-07-10 15:27:00,'360100032298726,1,
2026-07-10 00:00:00,JTRKOE8241218,2026-07-11 00:00:00,LENGKAP,2026-07-10 15:27:00,'360100032315626,1,
2026-07-10 00:00:00,JTRKOE8241218,2026-07-11 00:00:00,LENGKAP,2026-07-10 15:27:00,'360100032536926,1,
2026-07-10 00:00:00,JTRKOE8241218,2026-07-11 00:00:00,LENGKAP,2026-07-10 15:27:00,'360140009568026,1,
2026-07-10 00:00:00,JTRKOE8241218,2026-07-11 00:00:00,LENGKAP,2026-07-10 15:27:00,'360140010385926,1,
2026-07-10 00:00:00,JTRKOE8241218,2026-07-11 00:00:00,LENGKAP,2026-07-10 15:27:00,'360140010386826,1,
2026-07-10 00:00:00,JTRKOE8241218,2026-07-11 00:00:00,LENGKAP,2026-07-10 15:27:00,'360140010389526,1,
2026-07-10 00:00:00,JTRKOE8241218,2026-07-11 00:00:00,LENGKAP,2026-07-10 15:27:00,'360140010393926,1,
2026-07-10 00:00:00,KOE110720265,2026-07-11 00:00:00,LENGKAP,2026-07-11 09:08:00,'AA64585642,21,
2026-07-10 00:00:00,KOE110720265,2026-07-11 00:00:00,LENGKAP,2026-07-11 09:08:00,'AD99200212,1,
2026-07-10 00:00:00,KOE110720265,2026-07-11 00:00:00,LENGKAP,2026-07-11 09:08:00,'AD99250624,1,
2026-07-10 00:00:00,JTRKOE8241218,2026-07-11 00:00:00,LENGKAP,2026-07-10 15:27:00,'360140010621326,1,
2026-07-10 00:00:00,JTRKOE8241218,2026-07-11 00:00:00,LENGKAP,2026-07-10 15:27:00,'360170002663226,1,
2026-07-10 00:00:00,KOE110720267,2026-07-11 00:00:00,LENGKAP,2026-07-11 07:37:00,'AA64585680,4,
2026-07-10 00:00:00,JTRKOE8241218,2026-07-11 00:00:00,LENGKAP,2026-07-10 15:27:00,'360170002669626,1,
2026-07-10 00:00:00,JTRKOE8241218,2026-07-11 00:00:00,LENGKAP,2026-07-10 15:27:00,'360220008083126,1,
2026-07-10 00:00:00,JTRKOE8241218,2026-07-11 00:00:00,LENGKAP,2026-07-10 15:27:00,'360220008084026,1,
2026-07-10 00:00:00,JTRKOE8241218,2026-07-11 00:00:00,LENGKAP,2026-07-10 15:27:00,'360280002056426,1,
2026-07-10 00:00:00,JTRKOE8241218,2026-07-11 00:00:00,LENGKAP,2026-07-10 15:27:00,'360290014680126,1,
2026-07-10 00:00:00,JTRKOE8241218,2026-07-11 00:00:00,LENGKAP,2026-07-10 15:27:00,'360290025375725,1,
2026-07-10 00:00:00,JTRKOE8241218,2026-07-11 00:00:00,LENGKAP,2026-07-10 15:27:00,'360340006822626,1,
2026-07-10 00:00:00,JTRKOE8241218,2026-07-11 00:00:00,LENGKAP,2026-07-10 15:27:00,'360440000341026,1,
2026-07-10 00:00:00,JTRKOE8241218,2026-07-11 00:00:00,LENGKAP,2026-07-10 15:27:00,'360440000987926,1,
2026-07-10 00:00:00,JTRKOE8241218,2026-07-11 00:00:00,LENGKAP,2026-07-10 15:27:00,'360520006889826,1,
2026-07-10 00:00:00,JTRKOE8241218,2026-07-11 00:00:00,LENGKAP,2026-07-10 15:27:00,'3605262600000482,1,
2026-07-10 00:00:00,JTRKOE8241218,2026-07-11 00:00:00,LENGKAP,2026-07-10 15:27:00,'360540005262326,1,
2026-07-10 00:00:00,JTRKOE8241218,2026-07-11 00:00:00,LENGKAP,2026-07-10 15:27:00,'3620222600000339,1,
2026-07-10 00:00:00,MLA8578235,2026-07-10 00:00:00,LENGKAP,2026-07-10 20:37:00,'AD106441264,2,
2026-07-10 00:00:00,JTRKOE8241218,2026-07-11 00:00:00,LENGKAP,2026-07-10 15:27:00,'AD106506850,1,
2026-07-10 00:00:00,MLA8578237,2026-07-10 00:00:00,LENGKAP,2026-07-11 22:09:00,'AA72283748,1,
2026-07-10 00:00:00,MLA8578237,2026-07-10 00:00:00,LENGKAP,2026-07-11 22:09:00,'AA72283749,1,
2026-07-10 00:00:00,MLA8578237,2026-07-10 00:00:00,LENGKAP,2026-07-11 22:09:00,'AA72283750,1,
2026-07-10 00:00:00,MLA8578237,2026-07-10 00:00:00,LENGKAP,2026-07-11 22:09:00,'AA72283751,1,
2026-07-10 00:00:00,MLA8578237,2026-07-10 00:00:00,LENGKAP,2026-07-11 22:09:00,'AA72283752,1,
2026-07-10 00:00:00,MLA8578237,2026-07-10 00:00:00,LENGKAP,2026-07-11 22:09:00,'AA72283753,1,
2026-07-10 00:00:00,MLA8578237,2026-07-10 00:00:00,LENGKAP,2026-07-11 22:09:00,'AA72283754,1,
2026-07-10 00:00:00,MLA8578237,2026-07-10 00:00:00,LENGKAP,2026-07-11 22:09:00,'AA72283755,1,
2026-07-10 00:00:00,JTRKOE8241218,2026-07-11 00:00:00,LENGKAP,2026-07-10 15:27:00,'JT06718066590,1,
2026-07-10 00:00:00,JTRKOE8241218,2026-07-11 00:00:00,LENGKAP,2026-07-10 15:27:00,'JT11380432463,1,
2026-07-10 00:00:00,MLO8610297,2026-07-10 00:00:00,LENGKAP,2026-07-10 16:51:00,'AD97568185,1,
2026-07-10 00:00:00,JTRKOE8241218,2026-07-11 00:00:00,LENGKAP,2026-07-10 15:27:00,'JT16348254819,1,
2026-07-10 00:00:00,OLS1007202602,2026-07-10 00:00:00,LENGKAP,2026-07-10 21:57:00,'AD104095823,1,
2026-07-10 00:00:00,OLS1007202602,2026-07-10 00:00:00,LENGKAP,2026-07-10 21:57:00,'AD104095824,1,
2026-07-10 00:00:00,OLS1007202602,2026-07-10 00:00:00,LENGKAP,2026-07-10 21:57:00,'AD104095825,1,
2026-07-10 00:00:00,OLS1007202603,2026-07-10 00:00:00,LENGKAP,2026-07-10 21:58:00,'AD104095826,1,
2026-07-10 00:00:00,JTRKOE8241218,2026-07-11 00:00:00,LENGKAP,2026-07-10 15:27:00,'JT33709966089,1,
2026-07-10 00:00:00,JTRKOE8241218,2026-07-11 00:00:00,LENGKAP,2026-07-10 15:27:00,'JT37650135193,1,
2026-07-10 00:00:00,JTRKOE8241218,2026-07-11 00:00:00,LENGKAP,2026-07-10 15:27:00,'JT43641387038,1,
2026-07-10 00:00:00,JTRKOE8241218,2026-07-11 00:00:00,LENGKAP,2026-07-10 15:27:00,'JT53735763959,1,
2026-07-10 00:00:00,JTRKOE8241218,2026-07-11 00:00:00,LENGKAP,2026-07-10 15:27:00,'JT55467832797,1,
2026-07-10 00:00:00,JTRKOE8241218,2026-07-11 00:00:00,LENGKAP,2026-07-10 15:27:00,'JT60912019083,1,
2026-07-10 00:00:00,JTRKOE8241218,2026-07-11 00:00:00,LENGKAP,2026-07-10 15:27:00,'JT66277692011,1,
2026-07-10 00:00:00,JTRKOE8241218,2026-07-11 00:00:00,LENGKAP,2026-07-10 15:27:00,'JT78312274422,1,
2026-07-10 00:00:00,JTRKOE8241218,2026-07-11 00:00:00,LENGKAP,2026-07-10 15:27:00,'JT80106095541,1,
2026-07-10 00:00:00,JTRKOE8241218,2026-07-11 00:00:00,LENGKAP,2026-07-10 15:27:00,'JT82983635248,1,
2026-07-10 00:00:00,JTRKOE8241218,2026-07-11 00:00:00,LENGKAP,2026-07-10 15:27:00,'JT85866013323,1,
2026-07-10 00:00:00,JTRKOE8241218,2026-07-11 00:00:00,LENGKAP,2026-07-10 15:27:00,'JT99833332756,1,
2026-07-10 00:00:00,JTRKOE8241218,2026-07-11 00:00:00,LENGKAP,2026-07-10 15:27:00,'KOEAA03667023026,1,
2026-07-10 00:00:00,JTRKOE8241218,2026-07-11 00:00:00,LENGKAP,2026-07-10 15:27:00,'KOEEC02406443626,1,
2026-07-10 00:00:00,JTRKOE8241218,2026-07-11 00:00:00,LENGKAP,2026-07-10 15:27:00,'KOEEC02407980526,1,
2026-07-10 00:00:00,JTRKOE8241218,2026-07-11 00:00:00,LENGKAP,2026-07-10 15:27:00,'KOEEC02413454126,1,
2026-07-10 00:00:00,JTRKOE8241218,2026-07-11 00:00:00,LENGKAP,2026-07-10 15:27:00,'RTKOE26014894469,1,
2026-07-10 00:00:00,JTRKOE8241218,2026-07-11 00:00:00,LENGKAP,2026-07-10 15:27:00,'RTKOE26014901765,1,
2026-07-10 00:00:00,JTRKOE8241218,2026-07-11 00:00:00,LENGKAP,2026-07-10 15:27:00,'TR00041184,1,
2026-07-10 00:00:00,JTRKOE8241218,2026-07-11 00:00:00,LENGKAP,2026-07-10 15:27:00,'TR00041185,1,
2026-07-10 00:00:00,JTRKOE8241218,2026-07-11 00:00:00,LENGKAP,2026-07-10 15:27:00,'TR51637116,1,
2026-07-10 00:00:00,JTRKOE8241218,2026-07-11 00:00:00,LENGKAP,2026-07-10 15:27:00,'TR51637121,1,
2026-07-10 00:00:00,JTRKOE8241218,2026-07-11 00:00:00,LENGKAP,2026-07-10 15:27:00,'TR51638732,1,
2026-07-10 00:00:00,JTRKOE8241218,2026-07-11 00:00:00,LENGKAP,2026-07-10 15:27:00,'TR51638734,1,
2026-07-10 00:00:00,JTRKOE8241218,2026-07-11 00:00:00,LENGKAP,2026-07-10 15:27:00,'TR51638735,1,
2026-07-10 00:00:00,JTRKOE8241218,2026-07-11 00:00:00,LENGKAP,2026-07-10 15:27:00,'TR51638738,1,
2026-07-10 00:00:00,JTRKOE8241218,2026-07-11 00:00:00,LENGKAP,2026-07-10 15:27:00,'TR51638746,1,
2026-07-10 00:00:00,KOE110720261,2026-07-11 00:00:00,LENGKAP,2026-07-11 08:07:00,'360100032672326,1,
2026-07-10 00:00:00,KOE110720261,2026-07-11 00:00:00,LENGKAP,2026-07-11 08:07:00,'660107910676,1,
2026-07-10 00:00:00,SOE8578519,2026-07-10 00:00:00,LENGKAP,2026-07-11 15:16:00,'AD106442407,1,
2026-07-10 00:00:00,KOE110720261,2026-07-11 00:00:00,LENGKAP,2026-07-11 08:07:00,'AA64585644,11,
2026-07-10 00:00:00,KOE110720261,2026-07-11 00:00:00,LENGKAP,2026-07-11 08:07:00,'AA64585654,42,
2026-07-10 00:00:00,KOE110720261,2026-07-11 00:00:00,LENGKAP,2026-07-11 08:07:00,'KOEAA03667441026,1,
2026-07-10 00:00:00,KOE110720261,2026-07-11 00:00:00,LENGKAP,2026-07-11 08:07:00,'KOEEC02414733026,1,
2026-07-10 00:00:00,KOE110720261,2026-07-11 00:00:00,LENGKAP,2026-07-11 08:07:00,'KOEEC02414951826,1,
2026-07-10 00:00:00,KOE110720261,2026-07-11 00:00:00,LENGKAP,2026-07-11 08:07:00,'KOEEC02415006126,1,
2026-07-10 00:00:00,KOE110720261,2026-07-11 00:00:00,LENGKAP,2026-07-11 08:07:00,'KOEEC02415215126,1,
2026-07-10 00:00:00,KOE110720261,2026-07-11 00:00:00,LENGKAP,2026-07-11 08:07:00,'KOEEC02415234726,1,
2026-07-10 00:00:00,KOE110720263,2026-07-11 00:00:00,LENGKAP,2026-07-11 15:20:00,'11004024061067,1,
2026-07-10 00:00:00,KOE110720263,2026-07-11 00:00:00,LENGKAP,2026-07-11 15:20:00,'360100032656326,1,
2026-07-10 00:00:00,KOE110720263,2026-07-11 00:00:00,LENGKAP,2026-07-11 15:20:00,'AA64585646,20,
2026-07-10 00:00:00,KOE110720263,2026-07-11 00:00:00,LENGKAP,2026-07-11 15:20:00,'AA64585652,27,
2026-07-10 00:00:00,KOE110720263,2026-07-11 00:00:00,LENGKAP,2026-07-11 15:20:00,'AA64585656,19,
2026-07-10 00:00:00,KOE110720263,2026-07-11 00:00:00,LENGKAP,2026-07-11 15:20:00,'KOEEC02414703626,1,
2026-07-10 00:00:00,SOE8578523,2026-07-10 00:00:00,LENGKAP,2026-07-11 10:40:00,'AD106442411,2,
2026-07-10 00:00:00,KOE110720263,2026-07-11 00:00:00,LENGKAP,2026-07-11 15:20:00,'KOEEC02414942026,1,
2026-07-10 00:00:00,KOE110720263,2026-07-11 00:00:00,LENGKAP,2026-07-11 15:20:00,'KOEEC02415015926,1,
2026-07-10 00:00:00,TMC8109493,2026-07-10 00:00:00,LENGKAP,2026-07-11 08:00:00,'AA64585944,28,
2026-07-10 00:00:00,TMC8109493,2026-07-10 00:00:00,LENGKAP,2026-07-11 08:00:00,'AA69424825,7,
2026-07-10 00:00:00,KOE110720264,2026-07-11 00:00:00,LENGKAP,2026-07-11 09:40:00,'AA64585648,35,
2026-07-10 00:00:00,KOE110720264,2026-07-11 00:00:00,LENGKAP,2026-07-11 09:40:00,'AA64585658,20,
2026-07-10 00:00:00,KOE110720264,2026-07-11 00:00:00,LENGKAP,2026-07-11 09:40:00,'KOEEC02414713426,1,
2026-07-10 00:00:00,TMC8109496,2026-07-10 00:00:00,LENGKAP,2026-07-11 06:14:00,'AA64585894,19,
2026-07-10 00:00:00,TMC8109496,2026-07-10 00:00:00,LENGKAP,2026-07-11 06:14:00,'AA64585939,17,
2026-07-10 00:00:00,TMC8109496,2026-07-10 00:00:00,LENGKAP,2026-07-11 06:14:00,'AD99249985,13,
2026-07-10 00:00:00,TMC8242465,2026-07-10 00:00:00,LENGKAP,2026-07-10 23:40:00,'AA69424827,1,
2026-07-10 00:00:00,TMC8242465,2026-07-10 00:00:00,LENGKAP,2026-07-10 23:40:00,'AA69424828,1,
2026-07-10 00:00:00,TMC8242465,2026-07-10 00:00:00,LENGKAP,2026-07-10 23:40:00,'AA69424834,1,
2026-07-10 00:00:00,TMC8242465,2026-07-10 00:00:00,LENGKAP,2026-07-10 23:40:00,'AA69424945,1,
2026-07-10 00:00:00,TMC8242465,2026-07-10 00:00:00,LENGKAP,2026-07-10 23:40:00,'AA69424946,1,
2026-07-10 00:00:00,TMC8242465,2026-07-10 00:00:00,LENGKAP,2026-07-10 23:40:00,'AD99250147,1,
2026-07-10 00:00:00,TMC8242465,2026-07-10 00:00:00,LENGKAP,2026-07-10 23:40:00,'AD99250265,1,
2026-07-10 00:00:00,TMC8242465,2026-07-10 00:00:00,LENGKAP,2026-07-10 23:40:00,'AD99250268,1,
2026-07-10 00:00:00,KOE110720264,2026-07-11 00:00:00,LENGKAP,2026-07-11 09:40:00,'KOEEC02415025726,1,
2026-07-10 00:00:00,KOE110720266,2026-07-11 00:00:00,LENGKAP,2026-07-10 23:37:00,'AA64585640,1,
2026-07-10 00:00:00,WBK6113152,2026-07-10 00:00:00,LENGKAP,2026-07-10 23:39:00,'AD106339549,1,
2026-07-10 00:00:00,WBK6113152,2026-07-10 00:00:00,LENGKAP,2026-07-10 23:39:00,'AD106339550,1,
2026-07-10 00:00:00,WBK6113152,2026-07-10 00:00:00,LENGKAP,2026-07-10 23:39:00,'AD106339551,1,
2026-07-10 00:00:00,WBK6113152,2026-07-10 00:00:00,LENGKAP,2026-07-10 23:39:00,'AD106339552,1,
2026-07-10 00:00:00,WGP8218381,2026-07-11 00:00:00,LENGKAP,2026-07-11 08:01:00,'AD106608151,1,
2026-07-10 00:00:00,WKB8610826,2026-07-10 00:00:00,LENGKAP,2026-07-10 23:39:00,'AA69423821,1,
2026-07-10 00:00:00,WKB8610826,2026-07-10 00:00:00,LENGKAP,2026-07-10 23:39:00,'AA69423822,1,
2026-07-10 00:00:00,WKB8610826,2026-07-10 00:00:00,LENGKAP,2026-07-10 23:39:00,'AA69423823,1,
2026-07-10 00:00:00,WKB8610826,2026-07-10 00:00:00,LENGKAP,2026-07-10 23:39:00,'AA69423829,1,
2026-07-10 00:00:00,WKB8610826,2026-07-10 00:00:00,LENGKAP,2026-07-10 23:39:00,'AA69423830,1,
2026-07-10 00:00:00,WKB8610826,2026-07-10 00:00:00,LENGKAP,2026-07-10 23:39:00,'AA69423835,1,
2026-07-10 00:00:00,WKB8610826,2026-07-10 00:00:00,LENGKAP,2026-07-10 23:39:00,'AA69423836,1,
2026-07-10 00:00:00,WKB8610826,2026-07-10 00:00:00,LENGKAP,2026-07-10 23:39:00,'AD106343935,1,
2026-07-10 00:00:00,WKB8610826,2026-07-10 00:00:00,LENGKAP,2026-07-10 23:39:00,'AD106343936,1,
2026-07-10 00:00:00,KOE110720266,2026-07-11 00:00:00,LENGKAP,2026-07-10 23:37:00,'AD99200226,1,
2026-07-11 00:00:00,021823HLP,2026-07-12 00:00:00,LENGKAP,2026-07-13 02:18:00,'AA64489527,4,
2026-07-11 00:00:00,021823HLP,2026-07-12 00:00:00,LENGKAP,2026-07-13 02:18:00,'AA64489535,13,
2026-07-11 00:00:00,021823HLP,2026-07-12 00:00:00,LENGKAP,2026-07-13 02:18:00,'AA64489985,14,
2026-07-11 00:00:00,021823HLP,2026-07-12 00:00:00,LENGKAP,2026-07-13 02:18:00,'AA64489986,1,
2026-07-11 00:00:00,021823HLP,2026-07-12 00:00:00,LENGKAP,2026-07-13 02:18:00,'AA64489989,1,
2026-07-11 00:00:00,021823HLP,2026-07-12 00:00:00,LENGKAP,2026-07-13 02:18:00,'AA64489990,5,
2026-07-11 00:00:00,021823HLP,2026-07-12 00:00:00,LENGKAP,2026-07-13 02:18:00,'AA64489992,19,
2026-07-11 00:00:00,021823HLP,2026-07-12 00:00:00,LENGKAP,2026-07-13 02:18:00,'AA64489993,5,
2026-07-11 00:00:00,021823HLP,2026-07-12 00:00:00,LENGKAP,2026-07-13 02:18:00,'AA64489994,10,
2026-07-11 00:00:00,021823HLP,2026-07-12 00:00:00,LENGKAP,2026-07-13 02:18:00,'AA64489996,18,
2026-07-11 00:00:00,021823HLP,2026-07-12 00:00:00,LENGKAP,2026-07-13 02:18:00,'AA64489997,11,
2026-07-11 00:00:00,021823HLP,2026-07-12 00:00:00,LENGKAP,2026-07-13 02:18:00,'AA64489998,10,
2026-07-11 00:00:00,021823HLP,2026-07-12 00:00:00,LENGKAP,2026-07-13 02:18:00,'AA64490000,16,
2026-07-11 00:00:00,021823HLP,2026-07-12 00:00:00,LENGKAP,2026-07-13 02:18:00,'AD102696532,1,
2026-07-11 00:00:00,021823HLP,2026-07-12 00:00:00,LENGKAP,2026-07-13 02:18:00,'AD102696534,9,
2026-07-11 00:00:00,021823HLP,2026-07-12 00:00:00,LENGKAP,2026-07-13 02:18:00,'AD102696536,1,
2026-07-11 00:00:00,021823HLP,2026-07-12 00:00:00,LENGKAP,2026-07-13 02:18:00,'AD102696537,24,
2026-07-11 00:00:00,021823HLP,2026-07-12 00:00:00,LENGKAP,2026-07-13 02:18:00,'AD102696538,12,
2026-07-11 00:00:00,021823HLP,2026-07-12 00:00:00,LENGKAP,2026-07-13 02:18:00,'AD102696539,12,
2026-07-11 00:00:00,021823HLP,2026-07-12 00:00:00,LENGKAP,2026-07-13 02:18:00,'AD102696540,16,
2026-07-11 00:00:00,2747731650MOF,2026-07-12 00:00:00,LENGKAP,2026-07-12 14:37:00,'AA64597924,2,
2026-07-11 00:00:00,2747731654TMC,2026-07-12 00:00:00,LENGKAP,2026-07-12 18:54:00,'AA64490662,1,
2026-07-11 00:00:00,2747731669MOF,2026-07-12 00:00:00,LENGKAP,2026-07-12 14:38:00,'AA64490673,1,
2026-07-11 00:00:00,51300115065ENE,2026-07-11 00:00:00,LENGKAP,2026-07-11 09:01:00,'YS15284646,26,
2026-07-11 00:00:00,51300115091LBJ,2026-07-11 00:00:00,LENGKAP,2026-07-11 12:13:00,'YS15284647,13,
2026-07-11 00:00:00,51300120470KAI,2026-07-11 00:00:00,LENGKAP,2026-07-11 07:58:00,'AA64585749,11,
2026-07-11 00:00:00,51300120470KAI,2026-07-11 00:00:00,LENGKAP,2026-07-11 07:58:00,'AA64585765,11,
2026-07-11 00:00:00,51300120470KAI,2026-07-11 00:00:00,LENGKAP,2026-07-11 07:58:00,'AA64585797,25,
2026-07-11 00:00:00,51300120632ENE,2026-07-11 00:00:00,LENGKAP,2026-07-11 08:01:00,'AA64597923,13,
2026-07-11 00:00:00,51300120643WGP,2026-07-11 00:00:00,LENGKAP,2026-07-11 16:55:00,'AA64597512,11,
2026-07-11 00:00:00,88812060392,2026-07-11 00:00:00,LENGKAP,2017-02-03 11:21:00,'AA63886453,1,
2026-07-11 00:00:00,88812060392,2026-07-11 00:00:00,LENGKAP,2017-02-03 11:21:00,'AA64489524,4,
2026-07-11 00:00:00,88812060392,2026-07-11 00:00:00,LENGKAP,2017-02-03 11:21:00,'AA64489526,2,
2026-07-11 00:00:00,88812060392,2026-07-11 00:00:00,LENGKAP,2017-02-03 11:21:00,'AA64489528,4,
2026-07-11 00:00:00,88812060392,2026-07-11 00:00:00,LENGKAP,2017-02-03 11:21:00,'AA64489529,31,
2026-07-11 00:00:00,88812060392,2026-07-11 00:00:00,LENGKAP,2017-02-03 11:21:00,'AA64489530,6,
2026-07-11 00:00:00,88812060392,2026-07-11 00:00:00,LENGKAP,2017-02-03 11:21:00,'AA64489532,3,
2026-07-11 00:00:00,88812060392,2026-07-11 00:00:00,LENGKAP,2017-02-03 11:21:00,'AA64489534,1,
2026-07-11 00:00:00,88812060392,2026-07-11 00:00:00,LENGKAP,2017-02-03 11:21:00,'AA64489536,6,
2026-07-11 00:00:00,88812060392,2026-07-11 00:00:00,LENGKAP,2017-02-03 11:21:00,'AA64489537,1,
2026-07-11 00:00:00,88812060392,2026-07-11 00:00:00,LENGKAP,2017-02-03 11:21:00,'AA64489538,14,
2026-07-11 00:00:00,88812060392,2026-07-11 00:00:00,LENGKAP,2017-02-03 11:21:00,'AA72283744,1,
2026-07-11 00:00:00,88812060392,2026-07-11 00:00:00,LENGKAP,2017-02-03 11:21:00,'AD102696520,1,
2026-07-11 00:00:00,88812060392,2026-07-11 00:00:00,LENGKAP,2017-02-03 11:21:00,'AD102696523,6,
2026-07-11 00:00:00,88812060392,2026-07-11 00:00:00,LENGKAP,2017-02-03 11:21:00,'AD102696527,11,
2026-07-11 00:00:00,88812060554,2026-07-11 00:00:00,LENGKAP,2026-07-11 16:19:00,'AA64490660,8,
2026-07-11 00:00:00,88812060554,2026-07-11 00:00:00,LENGKAP,2026-07-11 16:19:00,'AA64490661,11,
2026-07-11 00:00:00,88812060554,2026-07-11 00:00:00,LENGKAP,2026-07-11 16:19:00,'AA64490663,15,
2026-07-11 00:00:00,88812060554,2026-07-11 00:00:00,LENGKAP,2026-07-11 16:19:00,'AA64490664,27,
2026-07-11 00:00:00,88812060554,2026-07-11 00:00:00,LENGKAP,2026-07-11 16:19:00,'AA64490665,5,
2026-07-11 00:00:00,88812060554,2026-07-11 00:00:00,LENGKAP,2026-07-11 16:19:00,'AA64490666,16,
2026-07-11 00:00:00,88812060554,2026-07-11 00:00:00,LENGKAP,2026-07-11 16:19:00,'AA64490667,6,
2026-07-11 00:00:00,88812060554,2026-07-11 00:00:00,LENGKAP,2026-07-11 16:19:00,'AA64490668,17,
2026-07-11 00:00:00,88812060554,2026-07-11 00:00:00,LENGKAP,2026-07-11 16:19:00,'AA64490669,1,
2026-07-11 00:00:00,88812060554,2026-07-11 00:00:00,LENGKAP,2026-07-11 16:19:00,'AD99242037,23,
2026-07-11 00:00:00,88812060554,2026-07-11 00:00:00,LENGKAP,2026-07-11 16:19:00,'AD99242040,10,
2026-07-11 00:00:00,88812060613,2026-07-11 00:00:00,LENGKAP,2026-07-11 11:20:00,'AA64489523,15,
2026-07-11 00:00:00,88812060613,2026-07-11 00:00:00,LENGKAP,2026-07-11 11:20:00,'AA64489525,19,
2026-07-11 00:00:00,88812060613,2026-07-11 00:00:00,LENGKAP,2026-07-11 11:20:00,'AA64489533,17,
2026-07-11 00:00:00,88812060613,2026-07-11 00:00:00,LENGKAP,2026-07-11 11:20:00,'AD102696519,9,
2026-07-11 00:00:00,88812060613,2026-07-11 00:00:00,LENGKAP,2026-07-11 11:20:00,'YS15281280,26,
2026-07-11 00:00:00,88812060613,2026-07-11 00:00:00,LENGKAP,2026-07-11 11:20:00,'YS15281281,7,
2026-07-11 00:00:00,88812060613,2026-07-11 00:00:00,LENGKAP,2026-07-11 11:20:00,'YS15281282,8,
2026-07-11 00:00:00,88812060613,2026-07-11 00:00:00,LENGKAP,2026-07-11 11:20:00,'YS15281283,17,
2026-07-11 00:00:00,88812060613,2026-07-11 00:00:00,LENGKAP,2026-07-11 11:20:00,'YT1820013,9,
2026-07-11 00:00:00,88812060613,2026-07-11 00:00:00,LENGKAP,2026-07-11 11:20:00,'YT1820014,7,
2026-07-11 00:00:00,88812060613,2026-07-11 00:00:00,LENGKAP,2026-07-11 11:20:00,'YT1820016,6,
2026-07-11 00:00:00,88812061066,2026-07-11 00:00:00,LENGKAP,2026-07-11 23:12:00,'AD99242038,21,
2026-07-11 00:00:00,88812061066,2026-07-11 00:00:00,LENGKAP,2026-07-11 23:12:00,'AD99242039,10,
2026-07-11 00:00:00,88812061140,2026-07-11 00:00:00,LENGKAP,2017-02-03 17:14:00,'AA64489521,10,
2026-07-11 00:00:00,88812061140,2026-07-11 00:00:00,LENGKAP,2017-02-03 17:14:00,'AA64489522,7,
2026-07-11 00:00:00,88812061140,2026-07-11 00:00:00,LENGKAP,2017-02-03 17:14:00,'AA64489540,17,
2026-07-11 00:00:00,88812061195,2026-07-11 00:00:00,LENGKAP,2026-07-12 00:07:00,'AA64489519,6,
2026-07-11 00:00:00,88812061195,2026-07-11 00:00:00,LENGKAP,2026-07-12 00:07:00,'AA64490670,4,
2026-07-11 00:00:00,88812061195,2026-07-11 00:00:00,LENGKAP,2026-07-12 00:07:00,'AD99242036,1,
2026-07-11 00:00:00,93801259506,2026-07-11 00:00:00,LENGKAP,2019-12-13 06:47:00,'AD99242041,3,
2026-07-11 00:00:00,93801259506,2026-07-11 00:00:00,LENGKAP,2019-12-13 06:47:00,'YS40164520,1,
2026-07-11 00:00:00,99001068583,2026-07-11 00:00:00,LENGKAP,2026-07-11 11:22:00,'YS40164519,6,
2026-07-11 00:00:00,99001068583,2026-07-11 00:00:00,LENGKAP,2026-07-11 11:22:00,'YT1267182,8,
2026-07-11 00:00:00,99001068583,2026-07-11 00:00:00,LENGKAP,2026-07-11 11:22:00,'YT1267183,7,
2026-07-11 00:00:00,99001068583,2026-07-11 00:00:00,LENGKAP,2026-07-11 11:22:00,'YT1267184,3,
2026-07-11 00:00:00,ABU261266,2026-07-11 00:00:00,LENGKAP,2026-07-11 22:11:00,'AD99200261,1,
2026-07-11 00:00:00,ABU261266,2026-07-11 00:00:00,LENGKAP,2026-07-11 22:11:00,'AD99200263,1,
2026-07-11 00:00:00,ABU261266,2026-07-11 00:00:00,LENGKAP,2026-07-11 22:11:00,'AD99200264,1,
2026-07-11 00:00:00,ABU261266,2026-07-11 00:00:00,LENGKAP,2026-07-11 22:11:00,'AD99200265,1,
2026-07-11 00:00:00,ABU267753,2026-07-11 00:00:00,LENGKAP,2026-07-11 15:19:00,'AD99200267,1,
2026-07-11 00:00:00,ABU267753,2026-07-11 00:00:00,LENGKAP,2026-07-11 15:19:00,'TR51638752,1,
2026-07-11 00:00:00,ABU267753,2026-07-11 00:00:00,LENGKAP,2026-07-11 15:19:00,'TR51638753,1,
2026-07-11 00:00:00,JTRKOE8241153,2026-07-11 00:00:00,LENGKAP,2026-07-11 07:58:00,'AA64585729,1,
2026-07-11 00:00:00,JTRKOE8241153,2026-07-11 00:00:00,LENGKAP,2026-07-11 07:58:00,'AA64585733,20,
2026-07-11 00:00:00,JTRKOE8241153,2026-07-11 00:00:00,LENGKAP,2026-07-11 07:58:00,'AA64585898,1,
2026-07-11 00:00:00,JTRKOE8241153,2026-07-11 00:00:00,LENGKAP,2026-07-11 07:58:00,'AA64585945,20,
2026-07-11 00:00:00,JTRKOE8241153,2026-07-11 00:00:00,LENGKAP,2026-07-11 07:58:00,'AA64585953,20,
2026-07-11 00:00:00,JTRKOE8241153,2026-07-11 00:00:00,LENGKAP,2026-07-11 07:58:00,'AA64585958,1,
2026-07-11 00:00:00,JTRKOE8241153,2026-07-11 00:00:00,LENGKAP,2026-07-11 07:58:00,'AA64597983,17,
2026-07-11 00:00:00,JTRKOE8241153,2026-07-11 00:00:00,LENGKAP,2026-07-11 07:58:00,'AA64597984,25,
2026-07-11 00:00:00,JTRKOE8241153,2026-07-11 00:00:00,LENGKAP,2026-07-11 07:58:00,'AA64597991,18,
2026-07-11 00:00:00,JTRKOE8241153,2026-07-11 00:00:00,LENGKAP,2026-07-11 07:58:00,'TR81305102,4,
2026-07-11 00:00:00,JTRKOE8241153,2026-07-11 00:00:00,LENGKAP,2026-07-11 07:58:00,'TR81305104,4,
2026-07-11 00:00:00,JTRKOE8241153,2026-07-11 00:00:00,LENGKAP,2026-07-11 07:58:00,'TR81305141,3,
2026-07-11 00:00:00,JTRKOE8241154,2026-07-11 00:00:00,LENGKAP,2026-07-11 08:00:00,'AA64597503,4,
2026-07-11 00:00:00,JTRKOE8241154,2026-07-11 00:00:00,LENGKAP,2026-07-11 08:00:00,'AA64597505,20,
2026-07-11 00:00:00,JTRKOE8241154,2026-07-11 00:00:00,LENGKAP,2026-07-11 08:00:00,'AA64597506,4,
2026-07-11 00:00:00,JTRKOE8241154,2026-07-11 00:00:00,LENGKAP,2026-07-11 08:00:00,'AA64597965,30,
2026-07-11 00:00:00,JTRKOE8241154,2026-07-11 00:00:00,LENGKAP,2026-07-11 08:00:00,'AA64597971,24,
2026-07-11 00:00:00,JTRKOE8241155,2026-07-11 00:00:00,LENGKAP,2026-07-11 08:00:00,'360140010635726,1,
2026-07-11 00:00:00,JTRKOE8241155,2026-07-11 00:00:00,LENGKAP,2026-07-11 08:00:00,'360140010636626,1,
2026-07-11 00:00:00,JTRKOE8241155,2026-07-11 00:00:00,LENGKAP,2026-07-11 08:00:00,'AA64585897,11,
2026-07-11 00:00:00,JTRKOE8241155,2026-07-11 00:00:00,LENGKAP,2026-07-11 08:00:00,'AA64585952,10,
2026-07-11 00:00:00,JTRKOE8241155,2026-07-11 00:00:00,LENGKAP,2026-07-11 08:00:00,'AA64597968,7,
2026-07-11 00:00:00,JTRKOE8241155,2026-07-11 00:00:00,LENGKAP,2026-07-11 08:00:00,'AA64597969,18,
2026-07-11 00:00:00,JTRKOE8241155,2026-07-11 00:00:00,LENGKAP,2026-07-11 08:00:00,'AA64597972,1,
2026-07-11 00:00:00,JTRKOE8241155,2026-07-11 00:00:00,LENGKAP,2026-07-11 08:00:00,'AA64597985,14,
2026-07-11 00:00:00,JTRKOE8241155,2026-07-11 00:00:00,LENGKAP,2026-07-11 08:00:00,'AA64597986,23,
2026-07-11 00:00:00,JTRKOE8241155,2026-07-11 00:00:00,LENGKAP,2026-07-11 08:00:00,'AA64597987,26,
2026-07-11 00:00:00,JTRKOE8241155,2026-07-11 00:00:00,LENGKAP,2026-07-11 08:00:00,'AA64597988,19,
2026-07-11 00:00:00,JTRKOE8241155,2026-07-11 00:00:00,LENGKAP,2026-07-11 08:00:00,'AA64597989,15,
2026-07-11 00:00:00,JTRKOE8241155,2026-07-11 00:00:00,LENGKAP,2026-07-11 08:00:00,'AA64597990,17,
2026-07-11 00:00:00,JTRKOE8241155,2026-07-11 00:00:00,LENGKAP,2026-07-11 08:00:00,'AA64597997,19,
2026-07-11 00:00:00,JTRKOE8241155,2026-07-11 00:00:00,LENGKAP,2026-07-11 08:00:00,'AA64597998,14,
2026-07-11 00:00:00,JTRKOE8241155,2026-07-11 00:00:00,LENGKAP,2026-07-11 08:00:00,'KOEEC02414115826,1,
2026-07-11 00:00:00,JTRKOE8241155,2026-07-11 00:00:00,LENGKAP,2026-07-11 08:00:00,'KOEEC02414991026,1,
2026-07-11 00:00:00,JTRKOE8241155,2026-07-11 00:00:00,LENGKAP,2026-07-11 08:00:00,'TR81305106,5,
2026-07-11 00:00:00,JTRKOE8241155,2026-07-11 00:00:00,LENGKAP,2026-07-11 08:00:00,'TR81305108,3,
2026-07-11 00:00:00,KEF1107262,2026-07-11 00:00:00,LENGKAP,2026-07-11 19:56:00,'AD106585307,1,
2026-07-11 00:00:00,KEF1107262,2026-07-11 00:00:00,LENGKAP,2026-07-11 19:56:00,'AD106585309,1,
2026-07-11 00:00:00,RTI6893845,2026-07-11 00:00:00,LENGKAP,2026-07-11 14:51:00,'360080000076622,1,
2026-07-11 00:00:00,RTI6893845,2026-07-11 00:00:00,LENGKAP,2026-07-11 14:51:00,'360080001605426,1,
2026-07-11 00:00:00,RTI6893845,2026-07-11 00:00:00,LENGKAP,2026-07-11 14:51:00,'AD99250640,1,
2026-07-11 00:00:00,RTI6893845,2026-07-11 00:00:00,LENGKAP,2026-07-11 14:51:00,'AD99250642,1,
2026-07-11 00:00:00,RTI6893845,2026-07-11 00:00:00,LENGKAP,2026-07-11 14:51:00,'AD99250644,1,
2026-07-11 00:00:00,RTI6893845,2026-07-11 00:00:00,LENGKAP,2026-07-11 14:51:00,'AD99250646,1,
2026-07-11 00:00:00,RTI6893845,2026-07-11 00:00:00,LENGKAP,2026-07-11 14:51:00,'AD99250649,1,
2026-07-11 00:00:00,RTI6893845,2026-07-11 00:00:00,LENGKAP,2026-07-11 14:51:00,'AD99250650,3,
2026-07-11 00:00:00,RTI6893845,2026-07-11 00:00:00,LENGKAP,2026-07-11 14:51:00,'AD99250651,1,
2026-07-11 00:00:00,RTI6893845,2026-07-11 00:00:00,LENGKAP,2026-07-11 14:51:00,'AD99250652,1,
2026-07-11 00:00:00,RTI6893845,2026-07-11 00:00:00,LENGKAP,2026-07-11 14:51:00,'AD99250653,1,
2026-07-11 00:00:00,RTI6893845,2026-07-11 00:00:00,LENGKAP,2026-07-11 14:51:00,'AD99250655,1,
2026-07-11 00:00:00,RTI6893845,2026-07-11 00:00:00,LENGKAP,2026-07-11 14:51:00,'AD99250657,1,
2026-07-11 00:00:00,RTI6893845,2026-07-11 00:00:00,LENGKAP,2026-07-11 14:51:00,'AD99250659,1,
2026-07-11 00:00:00,RTI6893845,2026-07-11 00:00:00,LENGKAP,2026-07-11 14:51:00,'AD99250660,1,
2026-07-11 00:00:00,RTI6893845,2026-07-11 00:00:00,LENGKAP,2026-07-11 14:51:00,'AD99250664,1,
2026-07-11 00:00:00,RTI6893845,2026-07-11 00:00:00,LENGKAP,2026-07-11 14:51:00,'AD99250665,3,
2026-07-11 00:00:00,RTI6893845,2026-07-11 00:00:00,LENGKAP,2026-07-11 14:51:00,'AD99250666,1,
2026-07-11 00:00:00,RTI6893845,2026-07-11 00:00:00,LENGKAP,2026-07-11 14:51:00,'TR64766656,4,
2026-07-11 00:00:00,SOE8578526,2026-07-11 00:00:00,LENGKAP,2026-07-11 19:59:00,'AD106442415,5,
2026-07-11 00:00:00,SOE8578527,2026-07-11 00:00:00,LENGKAP,2026-07-11 17:05:00,'AD106442416,3,
2026-07-11 00:00:00,SOE8578528,2026-07-11 00:00:00,LENGKAP,2026-07-11 17:09:00,'AD106442417,2,
2026-07-11 00:00:00,SOE8578529,2026-07-11 00:00:00,LENGKAP,2026-07-11 17:45:00,'AD106442418,2,
2026-07-11 00:00:00,WBK6113153,2026-07-11 00:00:00,LENGKAP,,'AD106339553,1,
2026-07-11 00:00:00,JTRKOE8241156,2026-07-11 00:00:00,LENGKAP,2026-07-12 11:43:00,'AA64585947,20,
2026-07-11 00:00:00,JTRKOE8241156,2026-07-11 00:00:00,LENGKAP,2026-07-12 11:43:00,'AA64585951,22,
2026-07-11 00:00:00,JTRKOE8241156,2026-07-11 00:00:00,LENGKAP,2026-07-12 11:43:00,'AA64597502,18,
2026-07-11 00:00:00,JTRKOE8241156,2026-07-11 00:00:00,LENGKAP,2026-07-12 11:43:00,'AA64597966,25,
2026-07-11 00:00:00,JTRKOE8241156,2026-07-11 00:00:00,LENGKAP,2026-07-12 11:43:00,'AA64597979,17,
2026-07-11 00:00:00,JTRKOE8241156,2026-07-11 00:00:00,LENGKAP,2026-07-12 11:43:00,'AD106608054,1,
2026-07-11 00:00:00,WBK6113154,2026-07-11 00:00:00,LENGKAP,,'AD106339554,1,
2026-07-11 00:00:00,WKB8610830,2026-07-11 00:00:00,LENGKAP,2026-07-11 16:06:00,'AD106343916,1,
2026-07-11 00:00:00,WKB8610831,2026-07-11 00:00:00,LENGKAP,2026-07-11 16:07:00,'AD106343912,1,
2026-07-11 00:00:00,JTRKOE8217593,2026-07-12 00:00:00,LENGKAP,2026-07-13 07:47:00,'2600104373502M01,1,
2026-07-11 00:00:00,JTRKOE8217593,2026-07-12 00:00:00,LENGKAP,2026-07-13 07:47:00,'2600104373502M02,1,
2026-07-11 00:00:00,KEF1107261,2026-07-11 00:00:00,LENGKAP,2026-07-11 22:14:00,'AA63886476,1,
2026-07-11 00:00:00,KEF1107261,2026-07-11 00:00:00,LENGKAP,2026-07-11 22:14:00,'AA63886479,1,
2026-07-11 00:00:00,KEF1107261,2026-07-11 00:00:00,LENGKAP,2026-07-11 22:14:00,'AA63886480,1,
2026-07-11 00:00:00,KEF1107261,2026-07-11 00:00:00,LENGKAP,2026-07-11 22:14:00,'AA63886481,1,
2026-07-11 00:00:00,KEF1107261,2026-07-11 00:00:00,LENGKAP,2026-07-11 22:14:00,'AA63886482,1,
2026-07-11 00:00:00,KEF1107261,2026-07-11 00:00:00,LENGKAP,2026-07-11 22:14:00,'AA63886483,1,
2026-07-11 00:00:00,KEF1107261,2026-07-11 00:00:00,LENGKAP,2026-07-11 22:14:00,'AA63886484,1,
2026-07-11 00:00:00,KEF1107261,2026-07-11 00:00:00,LENGKAP,2026-07-11 22:14:00,'AA63886485,1,
2026-07-11 00:00:00,KEF1107261,2026-07-11 00:00:00,LENGKAP,2026-07-11 22:14:00,'AA63886486,1,
2026-07-11 00:00:00,KEF1107261,2026-07-11 00:00:00,LENGKAP,2026-07-11 22:14:00,'TR00041198,3,
2026-07-11 00:00:00,JTRKOE8217593,2026-07-12 00:00:00,OFF 360100032749226 1C 360290018909726 4C 360340006141026 1C 360290018943526 360520007204426 JT01305758975 JT32694204533,2026-07-13 07:47:00,'360100032749226,1,FU TEAM SUX BY ADM.FIRSTMILE
2026-07-11 00:00:00,JTRKOE8217593,2026-07-12 00:00:00,LENGKAP,2026-07-13 07:47:00,'360170002798026,1,
2026-07-11 00:00:00,JTRKOE8217593,2026-07-12 00:00:00,OFF 360100032749226 1C 360290018909726 4C 360340006141026 1C 360290018943526 360520007204426 JT01305758975 JT32694204533,2026-07-13 07:47:00,'360290018909726,1,FU TEAM SUX BY ADM.FIRSTMILE
2026-07-11 00:00:00,JTRKOE8217593,2026-07-12 00:00:00,OFF 360100032749226 1C 360290018909726 4C 360340006141026 1C 360290018943526 360520007204426 JT01305758975 JT32694204533,2026-07-13 07:47:00,'360290018943526,1,FU TEAM SUX BY ADM.FIRSTMILE
2026-07-11 00:00:00,JTRKOE8217593,2026-07-12 00:00:00,OFF 360100032749226 1C 360290018909726 4C 360340006141026 1C 360290018943526 360520007204426 JT01305758975 JT32694204533,2026-07-13 07:47:00,'360340006141026,1,FU TEAM SUX BY ADM.FIRSTMILE
2026-07-11 00:00:00,JTRKOE8217593,2026-07-12 00:00:00,LENGKAP,2026-07-13 07:47:00,'360340006306126,1,
2026-07-11 00:00:00,JTRKOE8217593,2026-07-12 00:00:00,LENGKAP,2026-07-13 07:47:00,'360340006371126,1,
2026-07-11 00:00:00,JTRKOE8217593,2026-07-12 00:00:00,OFF 360100032749226 1C 360290018909726 4C 360340006141026 1C 360290018943526 360520007204426 JT01305758975 JT32694204533,2026-07-13 07:47:00,'360520007204426,1,FU TEAM SUX BY ADM.FIRSTMILE
2026-07-11 00:00:00,JTRKOE8217593,2026-07-12 00:00:00,LENGKAP,2026-07-13 07:47:00,'AD106370399,1,
2026-07-11 00:00:00,JTRKOE8217593,2026-07-12 00:00:00,LENGKAP,2026-07-13 07:47:00,'JT00838915995,1,
2026-07-11 00:00:00,JTRKOE8217593,2026-07-12 00:00:00,OFF 360100032749226 1C 360290018909726 4C 360340006141026 1C 360290018943526 360520007204426 JT01305758975 JT32694204533,2026-07-13 07:47:00,'JT01305758975,1,FU TEAM SUX BY ADM.FIRSTMILE
2026-07-11 00:00:00,JTRKOE8217593,2026-07-12 00:00:00,LENGKAP,2026-07-13 07:47:00,'JT23795475508,1,
2026-07-11 00:00:00,JTRKOE8217593,2026-07-12 00:00:00,LENGKAP,2026-07-13 07:47:00,'JT31747998000,1,
2026-07-11 00:00:00,JTRKOE8217593,2026-07-12 00:00:00,OFF 360100032749226 1C 360290018909726 4C 360340006141026 1C 360290018943526 360520007204426 JT01305758975 JT32694204533,2026-07-13 07:47:00,'JT32694204533,1,FU TEAM SUX BY ADM.FIRSTMILE
2026-07-11 00:00:00,JTRKOE8217593,2026-07-12 00:00:00,LENGKAP,2026-07-13 07:47:00,'JT66835286547,1,
2026-07-11 00:00:00,JTRKOE8217593,2026-07-12 00:00:00,LENGKAP,2026-07-13 07:47:00,'JT68285002069,1,
2026-07-11 00:00:00,JTRKOE8217593,2026-07-12 00:00:00,LENGKAP,2026-07-13 07:47:00,'KOEEC02414822826,1,
2026-07-11 00:00:00,JTRKOE8217593,2026-07-12 00:00:00,LENGKAP,2026-07-13 07:47:00,'KOEEC02415832326,1,
2026-07-11 00:00:00,JTRKOE8217593,2026-07-12 00:00:00,LENGKAP,2026-07-13 07:47:00,'TR00041195,3,
2026-07-11 00:00:00,JTRKOE8217593,2026-07-12 00:00:00,LENGKAP,2026-07-13 07:47:00,'TR00041196,1,
2026-07-11 00:00:00,JTRKOE8217593,2026-07-12 00:00:00,LENGKAP,2026-07-13 07:47:00,'TR00041197,1,
2026-07-11 00:00:00,JTRKOE8217593,2026-07-12 00:00:00,LENGKAP,2026-07-13 07:47:00,'TR10600437,1,
2026-07-11 00:00:00,JTRKOE8217593,2026-07-12 00:00:00,LENGKAP,2026-07-13 07:47:00,'TR51638749,1,
2026-07-11 00:00:00,JTRKOE8217593,2026-07-12 00:00:00,LENGKAP,2026-07-13 07:47:00,'TR51638750,1,
2026-07-11 00:00:00,JTRKOE8241157,2026-07-12 00:00:00,LENGKAP,2026-07-13 07:49:00,'AA64597519,30,
2026-07-11 00:00:00,JTRKOE8241157,2026-07-12 00:00:00,LENGKAP,2026-07-13 07:49:00,'AA64597521,10,
2026-07-11 00:00:00,JTRKOE8241157,2026-07-12 00:00:00,LENGKAP,2026-07-13 07:49:00,'AA64597587,24,
2026-07-11 00:00:00,JTRKOE8241157,2026-07-12 00:00:00,LENGKAP,2026-07-13 07:49:00,'AD106608084,1,
2026-07-11 00:00:00,JTRKOE8241216,2026-07-12 00:00:00,LENGKAP,,'KOEAA03666988526,1,
2026-07-11 00:00:00,KEF1107263,2026-07-12 00:00:00,LENGKAP,,'AD106585312,1,
2026-07-11 00:00:00,KOE120720261,2026-07-12 00:00:00,LENGKAP,2026-07-11 23:25:00,'360220008198326,1,
2026-07-11 00:00:00,KOE120720261,2026-07-12 00:00:00,LENGKAP,2026-07-11 23:25:00,'AA64597563,37,
2026-07-11 00:00:00,KOE120720261,2026-07-12 00:00:00,LENGKAP,2026-07-11 23:25:00,'AA64597577,28,
2026-07-11 00:00:00,KOE120720261,2026-07-12 00:00:00,LENGKAP,2026-07-11 23:25:00,'AD106343942,1,
2026-07-11 00:00:00,KOE120720267,2026-07-12 00:00:00,LENGKAP,2026-07-13 08:13:00,'AA64597575,5,
2026-07-11 00:00:00,KOE471070,2026-07-11 00:00:00,LENGKAP,2026-07-11 23:09:00,'360140009692926,1,
2026-07-11 00:00:00,KOE471070,2026-07-11 00:00:00,LENGKAP,2026-07-11 23:09:00,'AA69471070,3,
2026-07-11 00:00:00,MLA8578240,2026-07-11 00:00:00,LENGKAP,2026-07-11 22:15:00,'AA72283756,1,
2026-07-11 00:00:00,MLA8578240,2026-07-11 00:00:00,LENGKAP,2026-07-11 22:15:00,'AA72283757,1,
2026-07-11 00:00:00,MLA8578241,2026-07-11 00:00:00,LENGKAP,2026-07-11 19:55:00,'AD106441268,1,
2026-07-11 00:00:00,MLO8610298,2026-07-11 00:00:00,LENGKAP,2026-07-11 15:22:00,'AD97568186,1,
2026-07-11 00:00:00,KOE120720261,2026-07-12 00:00:00,LENGKAP,2026-07-11 23:25:00,'KOEEC02415902526,1,
2026-07-11 00:00:00,KOE120720261,2026-07-12 00:00:00,LENGKAP,2026-07-11 23:25:00,'KOEEC02415912326,1,
2026-07-11 00:00:00,KOE120720261,2026-07-12 00:00:00,LENGKAP,2026-07-11 23:25:00,'KOEEC02416064626,1,
2026-07-11 00:00:00,KOE120720261,2026-07-12 00:00:00,LENGKAP,2026-07-11 23:25:00,'KOEEC02416125026,1,
2026-07-11 00:00:00,KOE120720262,2026-07-12 00:00:00,LENGKAP,2026-07-11 23:25:00,'AA64597569,26,
2026-07-11 00:00:00,KOE120720262,2026-07-12 00:00:00,LENGKAP,2026-07-11 23:25:00,'AA64597585,6,
2026-07-11 00:00:00,KOE120720262,2026-07-12 00:00:00,LENGKAP,2026-07-11 23:25:00,'AD104114485,3,
2026-07-11 00:00:00,KOE120720262,2026-07-12 00:00:00,LENGKAP,2026-07-11 23:25:00,'CSS3601186565868,1,
2026-07-11 00:00:00,KOE120720263,2026-07-12 00:00:00,LENGKAP,2026-07-11 23:25:00,'360100032727826,1,
2026-07-11 00:00:00,KOE120720263,2026-07-12 00:00:00,LENGKAP,2026-07-11 23:25:00,'660107962063,1,
2026-07-11 00:00:00,KOE120720263,2026-07-12 00:00:00,LENGKAP,2026-07-11 23:25:00,'AA64597565,30,
2026-07-11 00:00:00,KOE120720263,2026-07-12 00:00:00,LENGKAP,2026-07-11 23:25:00,'AA64597571,28,
2026-07-11 00:00:00,KOE120720263,2026-07-12 00:00:00,LENGKAP,2026-07-11 23:25:00,'AD99250641,1,
2026-07-11 00:00:00,KOE120720263,2026-07-12 00:00:00,LENGKAP,2026-07-11 23:25:00,'KOEEC02415922126,1,
2026-07-11 00:00:00,KOE120720263,2026-07-12 00:00:00,LENGKAP,2026-07-11 23:25:00,'KOEEC02415990726,1,
2026-07-11 00:00:00,KOE120720263,2026-07-12 00:00:00,LENGKAP,2026-07-11 23:25:00,'KOEEC02416134826,1,
2026-07-11 00:00:00,KOE120720264,2026-07-12 00:00:00,LENGKAP,2026-07-11 23:26:00,'360100032787526,1,
2026-07-11 00:00:00,KOE120720264,2026-07-12 00:00:00,LENGKAP,2026-07-11 23:26:00,'360100032790026,1,
2026-07-11 00:00:00,KOE120720264,2026-07-12 00:00:00,LENGKAP,2026-07-11 23:26:00,'AA64597567,32,
2026-07-11 00:00:00,SAB8610138,2026-07-11 00:00:00,LENGKAP,2026-07-12 11:27:00,'AD106506904,1,
2026-07-11 00:00:00,SAB8610138,2026-07-11 00:00:00,LENGKAP,2026-07-12 11:27:00,'AD106506905,1,
2026-07-11 00:00:00,SAB8610138,2026-07-11 00:00:00,LENGKAP,2026-07-12 11:27:00,'AD106506906,1,
2026-07-11 00:00:00,SAB8610138,2026-07-11 00:00:00,LENGKAP,2026-07-12 11:27:00,'AD106506907,1,
2026-07-11 00:00:00,SAB8610138,2026-07-11 00:00:00,LENGKAP,2026-07-12 11:27:00,'AD106506908,1,
2026-07-11 00:00:00,SAB8610138,2026-07-11 00:00:00,LENGKAP,2026-07-12 11:27:00,'RTKOE26014903769,1,
2026-07-11 00:00:00,KOE120720264,2026-07-12 00:00:00,LENGKAP,2026-07-11 23:26:00,'AA64597573,15,
2026-07-11 00:00:00,KOE120720264,2026-07-12 00:00:00,LENGKAP,2026-07-11 23:26:00,'AD106608118,1,
2026-07-11 00:00:00,KOE120720264,2026-07-12 00:00:00,LENGKAP,2026-07-11 23:26:00,'AD99250645,1,
2026-07-11 00:00:00,KOE120720264,2026-07-12 00:00:00,LENGKAP,2026-07-11 23:26:00,'CM07582129876,1,
2026-07-11 00:00:00,TMC8242468,2026-07-11 00:00:00,LENGKAP,2026-07-11 15:28:00,'AA69424831,1,
2026-07-11 00:00:00,TMC8242468,2026-07-11 00:00:00,LENGKAP,2026-07-11 15:28:00,'AA69424832,1,
2026-07-11 00:00:00,TMC8242468,2026-07-11 00:00:00,LENGKAP,2026-07-11 15:28:00,'AA69424833,1,
2026-07-11 00:00:00,TMC8242468,2026-07-11 00:00:00,LENGKAP,2026-07-11 15:28:00,'AA69424984,1,
2026-07-11 00:00:00,TMC8242468,2026-07-11 00:00:00,LENGKAP,2026-07-11 15:28:00,'AD106343948,1,
2026-07-11 00:00:00,TMC8242468,2026-07-11 00:00:00,LENGKAP,2026-07-11 15:28:00,'AD99250263,1,
2026-07-11 00:00:00,TMC8242468,2026-07-11 00:00:00,LENGKAP,2026-07-11 15:28:00,'AD99250264,1,
2026-07-11 00:00:00,KOE120720265,2026-07-12 00:00:00,LENGKAP,2026-07-11 23:26:00,'AA64597579,15,
2026-07-11 00:00:00,KOE120720265,2026-07-12 00:00:00,LENGKAP,2026-07-11 23:26:00,'AD104114490,2,
2026-07-11 00:00:00,WGP8218382,2026-07-12 00:00:00,LENGKAP,2026-07-13 08:02:00,'AA64597511,1,
2026-07-11 00:00:00,WGP8218382,2026-07-12 00:00:00,LENGKAP,2026-07-13 08:02:00,'AA64597976,1,
2026-07-11 00:00:00,WGP8218382,2026-07-12 00:00:00,LENGKAP,2026-07-13 08:02:00,'AD106608182,1,
2026-07-11 00:00:00,KOE120720265,2026-07-12 00:00:00,LENGKAP,2026-07-11 23:26:00,'AD106442414,1,
2026-07-11 00:00:00,WKB8610828,2026-07-11 00:00:00,LENGKAP,2026-07-11 23:21:00,'AA69423729,1,
2026-07-11 00:00:00,WKB8610828,2026-07-11 00:00:00,LENGKAP,2026-07-11 23:21:00,'AA69423732,1,
2026-07-11 00:00:00,WKB8610828,2026-07-11 00:00:00,LENGKAP,2026-07-11 23:21:00,'AD106343913,1,
2026-07-11 00:00:00,WKB8610828,2026-07-11 00:00:00,LENGKAP,2026-07-11 23:21:00,'AD106343914,1,
2026-07-11 00:00:00,WKB8610828,2026-07-11 00:00:00,LENGKAP,2026-07-11 23:21:00,'AD106343915,1,
2026-07-11 00:00:00,WKB8610828,2026-07-11 00:00:00,LENGKAP,2026-07-11 23:21:00,'AD106343919,1,
2026-07-11 00:00:00,WKB8610828,2026-07-11 00:00:00,LENGKAP,2026-07-11 23:21:00,'AD106343920,1,
2026-07-11 00:00:00,WKB8610828,2026-07-11 00:00:00,LENGKAP,2026-07-11 23:21:00,'AD106343921,1,
2026-07-11 00:00:00,WKB8610828,2026-07-11 00:00:00,LENGKAP,2026-07-11 23:21:00,'AD106343922,1,
2026-07-11 00:00:00,KOE120720266,2026-07-12 00:00:00,LENGKAP,2026-07-11 23:26:00,'AD106585308,1,
2026-07-11 00:00:00,WGP8218383,2026-07-12 00:00:00,LENGKAP,2026-07-11 18:12:00,'AA64597975,1,
2026-07-12 00:00:00,2747731679MOF,2026-07-12 00:00:00,LENGKAP,2026-07-12 14:38:00,'AA64597944,1,
2026-07-12 00:00:00,2747731680TMC,2026-07-12 00:00:00,LENGKAP,2026-07-12 18:55:00,'AA64597529,3,
2026-07-12 00:00:00,2747731713KOE,2026-07-12 00:00:00,LENGKAP,2026-07-12 15:20:00,'AD106608203,16,
2026-07-12 00:00:00,2747731713KOE,2026-07-12 00:00:00,LENGKAP,2026-07-12 15:20:00,'AD106608204,14,
2026-07-12 00:00:00,2747731714,2026-07-12 00:00:00,LENGKAP,2026-07-13 00:00:00,'AD106608196,19,
2026-07-12 00:00:00,2747731714,2026-07-12 00:00:00,LENGKAP,2026-07-13 00:00:00,'AD106608205,11,
2026-07-12 00:00:00,2747731714,2026-07-12 00:00:00,LENGKAP,2026-07-13 00:00:00,'AD106608206,13,
2026-07-12 00:00:00,51300115150ENE,2026-07-12 00:00:00,LENGKAP,2026-07-12 08:45:00,'YS15284648,24,
2026-07-12 00:00:00,51300115172,2026-07-12 00:00:00,LENGKAP,2026-07-12 13:33:00,'YS15284650,13,
2026-07-12 00:00:00,51300123126ENE,2026-07-12 00:00:00,LENGKAP,2026-07-12 08:46:00,'AA64597945,14,
2026-07-12 00:00:00,ABU268290,2026-07-12 00:00:00,LENGKAP,,'AD99200268,1,
2026-07-12 00:00:00,51300123233,2026-07-12 00:00:00,LENGKAP,2026-07-12 16:39:00,'AD106608202,16,
2026-07-12 00:00:00,88812080526,2026-07-12 00:00:00,LENGKAP,2026-07-12 23:41:00,'AD99242042,22,
2026-07-12 00:00:00,88812080526,2026-07-12 00:00:00,LENGKAP,2026-07-12 23:41:00,'AD99242043,1,
2026-07-12 00:00:00,88812080526,2026-07-12 00:00:00,LENGKAP,2026-07-12 23:41:00,'AD99242045,12,
2026-07-12 00:00:00,88812080541,2026-07-12 00:00:00,LENGKAP,2026-07-12 11:31:00,'KOEBJ00931273326,1,
2026-07-12 00:00:00,88812080541,2026-07-12 00:00:00,LENGKAP,2026-07-12 11:31:00,'YS15281284,1,
2026-07-12 00:00:00,88812080541,2026-07-12 00:00:00,LENGKAP,2026-07-12 11:31:00,'YS15281285,1,
2026-07-12 00:00:00,88812080541,2026-07-12 00:00:00,LENGKAP,2026-07-12 11:31:00,'YS15281286,2,
2026-07-12 00:00:00,88812080541,2026-07-12 00:00:00,LENGKAP,2026-07-12 11:31:00,'YT1820018,6,
2026-07-12 00:00:00,88812080541,2026-07-12 00:00:00,LENGKAP,2026-07-12 11:31:00,'YT1820019,3,
2026-07-12 00:00:00,88812080541,2026-07-12 00:00:00,LENGKAP,2026-07-12 11:31:00,'YT1820020,2,
2026-07-12 00:00:00,88812080552,2026-07-12 00:00:00,LENGKAP,2026-07-12 16:43:00,'AA64489999,25,
2026-07-12 00:00:00,88812080552,2026-07-12 00:00:00,LENGKAP,2026-07-12 16:43:00,'AA64490671,6,
2026-07-12 00:00:00,88812080552,2026-07-12 00:00:00,LENGKAP,2026-07-12 16:43:00,'AA64490672,19,
2026-07-12 00:00:00,88812080552,2026-07-12 00:00:00,LENGKAP,2026-07-12 16:43:00,'AA64490674,26,
2026-07-12 00:00:00,88812080552,2026-07-12 00:00:00,LENGKAP,2026-07-12 16:43:00,'AA64490675,6,
2026-07-12 00:00:00,88812080552,2026-07-12 00:00:00,LENGKAP,2026-07-12 16:43:00,'AA64490676,5,
2026-07-12 00:00:00,88812080552,2026-07-12 00:00:00,LENGKAP,2026-07-12 16:43:00,'AA64490677,7,
2026-07-12 00:00:00,88812080552,2026-07-12 00:00:00,LENGKAP,2026-07-12 16:43:00,'AA64490678,9,
2026-07-12 00:00:00,88812080552,2026-07-12 00:00:00,LENGKAP,2026-07-12 16:43:00,'AA64490679,7,
2026-07-12 00:00:00,88812080552,2026-07-12 00:00:00,LENGKAP,2026-07-12 16:43:00,'AD99242044,24,
2026-07-12 00:00:00,93801287996,2026-07-12 00:00:00,LENGKAP,2026-07-12 15:55:00,'AA64489531,1,
2026-07-12 00:00:00,93801287996,2026-07-12 00:00:00,LENGKAP,2026-07-12 15:55:00,'YS40164521,4,
2026-07-12 00:00:00,99001092991,2026-07-12 00:00:00,LENGKAP,2026-07-12 14:46:00,'YS40164522,8,
2026-07-12 00:00:00,99001092991,2026-07-12 00:00:00,LENGKAP,2026-07-12 14:46:00,'YT1267185,3,
2026-07-12 00:00:00,ABU268290,2026-07-12 00:00:00,LENGKAP,,'AD99200269,1,
2026-07-12 00:00:00,ABU268290,2026-07-12 00:00:00,LENGKAP,,'AD99200270,1,
2026-07-12 00:00:00,ABU268290,2026-07-12 00:00:00,LENGKAP,,'AD99200271,1,
2026-07-12 00:00:00,ABU268290,2026-07-12 00:00:00,LENGKAP,,'AD99200272,1,
2026-07-12 00:00:00,ABU268290,2026-07-12 00:00:00,LENGKAP,,'AD99200273,1,
2026-07-12 00:00:00,ABU268290,2026-07-12 00:00:00,LENGKAP,,'AD99200274,1,
2026-07-12 00:00:00,ABU268290,2026-07-12 00:00:00,LENGKAP,,'AD99200275,1,
2026-07-12 00:00:00,ABU268290,2026-07-12 00:00:00,LENGKAP,,'AD99200276,1,
2026-07-12 00:00:00,ABU268290,2026-07-12 00:00:00,LENGKAP,,'AD99200277,1,
2026-07-12 00:00:00,ABU268290,2026-07-12 00:00:00,LENGKAP,,'AD99200278,1,
2026-07-12 00:00:00,ABU268290,2026-07-12 00:00:00,LENGKAP,,'AD99200279,1,
2026-07-12 00:00:00,ABU268290,2026-07-12 00:00:00,LENGKAP,,'AD99200280,1,
2026-07-12 00:00:00,ABU268290,2026-07-12 00:00:00,LENGKAP,,'AD99200281,1,
2026-07-12 00:00:00,ABU268290,2026-07-12 00:00:00,LENGKAP,,'AD99200282,1,
2026-07-12 00:00:00,ABU268290,2026-07-12 00:00:00,LENGKAP,,'AD99200283,1,
2026-07-12 00:00:00,ABU268290,2026-07-12 00:00:00,LENGKAP,,'AD99200284,1,
2026-07-12 00:00:00,ABU268290,2026-07-12 00:00:00,LENGKAP,,'AD99200285,1,
2026-07-12 00:00:00,ABU268290,2026-07-12 00:00:00,LENGKAP,,'AD99200286,1,
2026-07-12 00:00:00,ABU268290,2026-07-12 00:00:00,LENGKAP,,'AD99200287,1,
2026-07-12 00:00:00,ABU268290,2026-07-12 00:00:00,LENGKAP,,'AD99200288,1,
2026-07-12 00:00:00,ABU268290,2026-07-12 00:00:00,LENGKAP,,'AD99200289,1,
2026-07-12 00:00:00,ABU268290,2026-07-12 00:00:00,LENGKAP,,'AD992002901,1,
2026-07-12 00:00:00,ABU268290,2026-07-12 00:00:00,LENGKAP,,'AD99200294,1,
2026-07-12 00:00:00,ABU268290,2026-07-12 00:00:00,LENGKAP,,'AD99200295,1,
2026-07-12 00:00:00,ABU268290,2026-07-12 00:00:00,LENGKAP,,'TR51638754,1,
2026-07-12 00:00:00,ABU268290,2026-07-12 00:00:00,LENGKAP,,'TR51638755,1,
2026-07-12 00:00:00,ABU292293,2026-07-12 00:00:00,LENGKAP,2026-07-12 21:32:00,'AD99200292,7,
2026-07-12 00:00:00,ABU8578242,2026-07-12 00:00:00,LENGKAP,2026-07-13 11:07:00,'AD99200291,1,
2026-07-12 00:00:00,JTRKOE8241158,2026-07-12 00:00:00,LENGKAP,2026-07-13 07:54:00,'KOEEC02412882226,1,
2026-07-12 00:00:00,JTRKOE8241159,2026-07-12 00:00:00,LENGKAP,2026-07-13 07:54:00,'360100032510926,1,
2026-07-12 00:00:00,JTRKOE8241159,2026-07-12 00:00:00,LENGKAP,2026-07-13 07:54:00,'360100032644826,1,
2026-07-12 00:00:00,JTRKOE8241159,2026-07-12 00:00:00,LENGKAP,2026-07-13 07:54:00,'KOEAA03667312026,1,
2026-07-12 00:00:00,JTRKOE8241159,2026-07-12 00:00:00,LENGKAP,2026-07-13 07:54:00,'TR81305112,4,
2026-07-12 00:00:00,JTRKOE8241159,2026-07-12 00:00:00,LENGKAP,2026-07-13 07:54:00,'TR81305120,5,
2026-07-12 00:00:00,JTRKOE8241160,2026-07-12 00:00:00,LENGKAP,2026-07-13 07:54:00,'360100032293226,1,
2026-07-12 00:00:00,JTRKOE8241160,2026-07-12 00:00:00,LENGKAP,2026-07-13 07:54:00,'360100032747426,1,
2026-07-12 00:00:00,JTRKOE8241160,2026-07-12 00:00:00,LENGKAP,2026-07-13 07:54:00,'KOEBM00454533626,1,
2026-07-12 00:00:00,JTRKOE8241160,2026-07-12 00:00:00,LENGKAP,2026-07-13 07:54:00,'KOEEC02415822526,1,
2026-07-12 00:00:00,JTRKOE8241160,2026-07-12 00:00:00,LENGKAP,2026-07-13 07:54:00,'TR81305116,3,
2026-07-12 00:00:00,JTRKOE8241160,2026-07-12 00:00:00,LENGKAP,2026-07-13 07:54:00,'TR81305118,3,
2026-07-12 00:00:00,JTRKOE8241161,2026-07-12 00:00:00,LENGKAP,2026-07-13 07:50:00,'TR81305110,4,
2026-07-12 00:00:00,JTRKOE8241162,2026-07-12 00:00:00,LENGKAP,2026-07-13 07:54:00,'360100032296926,1,
2026-07-12 00:00:00,JTRKOE8241162,2026-07-12 00:00:00,LENGKAP,2026-07-13 07:54:00,'360140010659826,1,
2026-07-12 00:00:00,JTRKOE8241162,2026-07-12 00:00:00,LENGKAP,2026-07-13 07:54:00,'360340005514126,1,
2026-07-12 00:00:00,JTRKOE8241162,2026-07-12 00:00:00,LENGKAP,2026-07-13 07:54:00,'360340005570226,1,
2026-07-12 00:00:00,JTRKOE8241162,2026-07-12 00:00:00,LENGKAP,2026-07-13 07:54:00,'8000109631350,1,
2026-07-12 00:00:00,JTRKOE8241162,2026-07-12 00:00:00,LENGKAP,2026-07-13 07:54:00,'8000109631398,1,
2026-07-12 00:00:00,JTRKOE8241162,2026-07-12 00:00:00,LENGKAP,2026-07-13 07:54:00,'FWKOE26000143435,1,
2026-07-12 00:00:00,JTRKOE8241162,2026-07-12 00:00:00,LENGKAP,2026-07-13 07:54:00,'KOEEC02414094626,1,
2026-07-12 00:00:00,JTRKOE8241162,2026-07-12 00:00:00,LENGKAP,2026-07-13 07:54:00,'KOEEC02415334326,1,
2026-07-12 00:00:00,JTRKOE8241162,2026-07-12 00:00:00,LENGKAP,2026-07-13 07:54:00,'KOEEC02416035226,1,
2026-07-12 00:00:00,JTRKOE8241163,2026-07-12 00:00:00,LENGKAP,2026-07-13 07:55:00,'AA64597631,8,
2026-07-12 00:00:00,JTRKOE8241163,2026-07-12 00:00:00,LENGKAP,2026-07-13 07:55:00,'AA64597910,21,
2026-07-12 00:00:00,JTRKOE8241163,2026-07-12 00:00:00,LENGKAP,2026-07-13 07:55:00,'AA64597911,15,
2026-07-12 00:00:00,JTRKOE8241163,2026-07-12 00:00:00,LENGKAP,2026-07-13 07:55:00,'AA64597913,23,
2026-07-12 00:00:00,JTRKOE8241163,2026-07-12 00:00:00,LENGKAP,2026-07-13 07:55:00,'AA64597914,18,
2026-07-12 00:00:00,JTRKOE8241163,2026-07-12 00:00:00,LENGKAP,2026-07-13 07:55:00,'AA64597915,6,
2026-07-12 00:00:00,JTRKOE8241163,2026-07-12 00:00:00,LENGKAP,2026-07-13 07:55:00,'AA64597916,1,
2026-07-12 00:00:00,JTRKOE8241163,2026-07-12 00:00:00,LENGKAP,2026-07-13 07:55:00,'AA64597917,14,
2026-07-12 00:00:00,JTRKOE8241163,2026-07-12 00:00:00,LENGKAP,2026-07-13 07:55:00,'AA64597918,11,
2026-07-12 00:00:00,JTRKOE8241163,2026-07-12 00:00:00,LENGKAP,2026-07-13 07:55:00,'AA64597919,9,
2026-07-12 00:00:00,JTRKOE8241163,2026-07-12 00:00:00,LENGKAP,2026-07-13 07:55:00,'AA64597920,13,
2026-07-12 00:00:00,JTRKOE8241163,2026-07-12 00:00:00,LENGKAP,2026-07-13 07:55:00,'AA64597921,18,
2026-07-12 00:00:00,JTRKOE8241163,2026-07-12 00:00:00,LENGKAP,2026-07-13 07:55:00,'AA64597925,11,
2026-07-12 00:00:00,JTRKOE8241163,2026-07-12 00:00:00,LENGKAP,2026-07-13 07:55:00,'AA64597928,22,
2026-07-12 00:00:00,JTRKOE8241163,2026-07-12 00:00:00,LENGKAP,2026-07-13 07:55:00,'AA64597929,1,
2026-07-12 00:00:00,JTRKOE8241163,2026-07-12 00:00:00,LENGKAP,2026-07-13 07:55:00,'AA64597930,5,
2026-07-12 00:00:00,JTRKOE8241163,2026-07-12 00:00:00,LENGKAP,2026-07-13 07:55:00,'AA64597931,16,
2026-07-12 00:00:00,JTRKOE8241163,2026-07-12 00:00:00,LENGKAP,2026-07-13 07:55:00,'AA64597932,14,
2026-07-12 00:00:00,JTRKOE8241163,2026-07-12 00:00:00,LENGKAP,2026-07-13 07:55:00,'AA64597933,1,
2026-07-12 00:00:00,JTRKOE8241163,2026-07-12 00:00:00,LENGKAP,2026-07-13 07:55:00,'AA64597934,2,
2026-07-12 00:00:00,JTRKOE8241163,2026-07-12 00:00:00,LENGKAP,2026-07-13 07:55:00,'AA64597935,17,
2026-07-12 00:00:00,JTRKOE8241163,2026-07-12 00:00:00,LENGKAP,2026-07-13 07:55:00,'AA64597936,14,
2026-07-12 00:00:00,JTRKOE8241163,2026-07-12 00:00:00,LENGKAP,2026-07-13 07:55:00,'AA64597937,17,
2026-07-12 00:00:00,JTRKOE8241163,2026-07-12 00:00:00,LENGKAP,2026-07-13 07:55:00,'AA64597938,13,
2026-07-12 00:00:00,JTRKOE8241163,2026-07-12 00:00:00,LENGKAP,2026-07-13 07:55:00,'AA64597939,11,
2026-07-12 00:00:00,JTRKOE8241163,2026-07-12 00:00:00,LENGKAP,2026-07-13 07:55:00,'AA64597940,17,
2026-07-12 00:00:00,JTRKOE8241163,2026-07-12 00:00:00,LENGKAP,2026-07-13 07:55:00,'AA64597941,20,
2026-07-12 00:00:00,JTRKOE8241163,2026-07-12 00:00:00,LENGKAP,2026-07-13 07:55:00,'AA64597942,21,
2026-07-12 00:00:00,JTRKOE8241163,2026-07-12 00:00:00,LENGKAP,2026-07-13 07:55:00,'AA64597943,3,
2026-07-12 00:00:00,JTRKOE8241164,2026-07-12 00:00:00,LENGKAP,2026-07-13 07:50:00,'AA64597513,13,
2026-07-12 00:00:00,JTRKOE8241164,2026-07-12 00:00:00,LENGKAP,2026-07-13 07:50:00,'AA64597514,25,
2026-07-12 00:00:00,JTRKOE8241164,2026-07-12 00:00:00,LENGKAP,2026-07-13 07:50:00,'AA64597515,21,
2026-07-12 00:00:00,JTRKOE8241164,2026-07-12 00:00:00,LENGKAP,2026-07-13 07:50:00,'AA64597516,11,
2026-07-12 00:00:00,JTRKOE8241164,2026-07-12 00:00:00,LENGKAP,2026-07-13 07:50:00,'AA64597517,25,
2026-07-12 00:00:00,JTRKOE8241164,2026-07-12 00:00:00,LENGKAP,2026-07-13 07:50:00,'AA64597522,14,
2026-07-12 00:00:00,JTRKOE8241164,2026-07-12 00:00:00,LENGKAP,2026-07-13 07:50:00,'AA64597531,1,
2026-07-12 00:00:00,JTRKOE8610388,2026-07-12 00:00:00,LENGKAP,2026-07-12 01:26:00,'AA79161231,1,
2026-07-12 00:00:00,JTRKOE8610388,2026-07-12 00:00:00,LENGKAP,2026-07-12 01:26:00,'AD104114034,9,
2026-07-12 00:00:00,JTRKOE8610388,2026-07-12 00:00:00,LENGKAP,2026-07-12 01:26:00,'AD104114035,9,
2026-07-12 00:00:00,JTRKOE8610388,2026-07-12 00:00:00,LENGKAP,2026-07-12 01:26:00,'AD104114037,3,
2026-07-12 00:00:00,JTRKOE8610388,2026-07-12 00:00:00,LENGKAP,2026-07-12 01:26:00,'AD104114038,10,
2026-07-12 00:00:00,JTRKOE8610388,2026-07-12 00:00:00,LENGKAP,2026-07-12 01:26:00,'AD104114039,8,
2026-07-12 00:00:00,JTRKOE8610388,2026-07-12 00:00:00,LENGKAP,2026-07-12 01:26:00,'AD104114042,9,
2026-07-12 00:00:00,JTRKOE8610388,2026-07-12 00:00:00,LENGKAP,2026-07-12 01:26:00,'AD104114443,7,
2026-07-12 00:00:00,JTRKOE8610388,2026-07-12 00:00:00,LENGKAP,2026-07-12 01:26:00,'AD104114444,4,
2026-07-12 00:00:00,JTRKOE8610388,2026-07-12 00:00:00,LENGKAP,2026-07-12 01:26:00,'AD104114447,5,
2026-07-12 00:00:00,JTRKOE8610388,2026-07-12 00:00:00,LENGKAP,2026-07-12 01:26:00,'AD104114451,2,
2026-07-12 00:00:00,JTRKOE8610388,2026-07-12 00:00:00,LENGKAP,2026-07-12 01:26:00,'AD113528513,1,
2026-07-12 00:00:00,JTRKOE8610388,2026-07-12 00:00:00,LENGKAP,2026-07-12 01:26:00,'AD99210835,3,
2026-07-12 00:00:00,JTRKOE8610388,2026-07-12 00:00:00,LENGKAP,2026-07-12 01:26:00,'AD99210838,5,
2026-07-12 00:00:00,JTRKOE8610388,2026-07-12 00:00:00,LENGKAP,2026-07-12 01:26:00,'AD99210839,3,
2026-07-12 00:00:00,JTRKOE8610388,2026-07-12 00:00:00,LENGKAP,2026-07-12 01:26:00,'JT08559355150,1,
2026-07-12 00:00:00,JTRKOE8610390,2026-07-12 00:00:00,KOE_WKB,2026-07-12 01:27:00,'AD104114446,4,BELUM FU TEAM WKB
2026-07-12 00:00:00,JTRKOE8610390,2026-07-12 00:00:00,KOE_WKB,2026-07-12 01:27:00,'AD104114449,2,BELUM FU TEAM WKB
2026-07-12 00:00:00,JTRKOE8610390,2026-07-12 00:00:00,KOE_WKB,2026-07-12 01:27:00,'AD99210836,2,BELUM FU TEAM WKB
2026-07-12 00:00:00,JTRKOE8610390,2026-07-12 00:00:00,KOE_WKB,2026-07-12 01:27:00,'AD99210837,3,BELUM FU TEAM WKB
2026-07-12 00:00:00,JTRKOE8610391,2026-07-12 00:00:00,LENGKAP,2026-07-12 01:27:00,'AD104114445,4,
2026-07-12 00:00:00,JTRKOE8610391,2026-07-12 00:00:00,LENGKAP,2026-07-12 01:27:00,'AD99210840,3,
2026-07-12 00:00:00,JTRKOE8610391,2026-07-12 00:00:00,LENGKAP,2026-07-12 01:27:00,'TR42320315,1,
2026-07-12 00:00:00,KEF1207261,2026-07-12 00:00:00,LENGKAP,,'AA63886489,1,
2026-07-12 00:00:00,KEF1207261,2026-07-12 00:00:00,LENGKAP,,'AA63886490,1,
2026-07-12 00:00:00,KEF1207261,2026-07-12 00:00:00,LENGKAP,,'AA63886491,1,
2026-07-12 00:00:00,KEF1207261,2026-07-12 00:00:00,LENGKAP,,'AA63886492,1,
2026-07-12 00:00:00,KEF1207261,2026-07-12 00:00:00,LENGKAP,,'AA63886493,1,
2026-07-12 00:00:00,KEF1207261,2026-07-12 00:00:00,LENGKAP,,'AA63886494,1,
2026-07-12 00:00:00,KEF1207261,2026-07-12 00:00:00,LENGKAP,,'AA63886495,1,
2026-07-12 00:00:00,KEF1207261,2026-07-12 00:00:00,LENGKAP,,'AA63898501,1,
2026-07-12 00:00:00,KEF1207261,2026-07-12 00:00:00,LENGKAP,,'AA63898502,1,
2026-07-12 00:00:00,KEF1207261,2026-07-12 00:00:00,LENGKAP,,'TR00041199,1,
2026-07-12 00:00:00,KEF1207262,2026-07-12 00:00:00,LENGKAP,2026-07-13 11:59:00,'AD106585310,1,
2026-07-12 00:00:00,KEF1207263,2026-07-12 00:00:00,LENGKAP,2026-07-12 21:06:00,'AD106585311,1,
2026-07-12 00:00:00,KEF1207263,2026-07-12 00:00:00,LENGKAP,2026-07-12 21:06:00,'AD106585314,1,
2026-07-12 00:00:00,KOE1307202610,2026-07-12 00:00:00,LENGKAP,2026-07-12 21:46:00,'AA64597593,13,
2026-07-12 00:00:00,KEF1207264,2026-07-13 00:00:00,LENGKAP,2026-07-13 09:04:00,'AD106585313,1,
2026-07-12 00:00:00,KOE1307202610,2026-07-12 00:00:00,LENGKAP,2026-07-12 21:46:00,'KOEEC02415802926,1,
2026-07-12 00:00:00,KOE1307202610,2026-07-12 00:00:00,LENGKAP,2026-07-12 21:46:00,'KOEEC02416463026,1,
2026-07-12 00:00:00,KOE1307202611,2026-07-12 00:00:00,LENGKAP,2026-07-12 21:46:00,'AA64597595,6,
2026-07-12 00:00:00,KOE1307202611,2026-07-12 00:00:00,LENGKAP,2026-07-12 21:46:00,'AA64597603,4,
2026-07-12 00:00:00,KOE1307202611,2026-07-12 00:00:00,LENGKAP,2026-07-12 21:46:00,'KOEEC02415812726,1,
2026-07-12 00:00:00,KOE1307202612,2026-07-12 00:00:00,LENGKAP,2026-07-12 21:46:00,'AA64597589,4,
2026-07-12 00:00:00,KOE1307202612,2026-07-12 00:00:00,LENGKAP,2026-07-12 21:46:00,'KOEEC02416472826,1,
2026-07-12 00:00:00,KOE1307202613,2026-07-12 00:00:00,LENGKAP,2026-07-12 21:46:00,'AA64597591,7,
2026-07-12 00:00:00,KOE1307202613,2026-07-12 00:00:00,LENGKAP,2026-07-12 21:46:00,'KOEEC02416482626,1,
2026-07-12 00:00:00,KOE1307202614,2026-07-12 00:00:00,LENGKAP,2026-07-12 21:46:00,'AA64597599,5,
2026-07-12 00:00:00,KOE1307202614,2026-07-12 00:00:00,LENGKAP,2026-07-12 21:46:00,'AD99200293,1,
2026-07-12 00:00:00,KOE97996SSL,2026-07-12 00:00:00,LENGKAP,2026-07-12 18:11:00,'AA64597996,9,
2026-07-12 00:00:00,MLA8578243,2026-07-12 00:00:00,LENGKAP,,'AA72283759,6,
2026-07-12 00:00:00,MLA8578243,2026-07-12 00:00:00,LENGKAP,,'AA72283760,5,
2026-07-12 00:00:00,MLA8578244,2026-07-12 00:00:00,LENGKAP,,'AD106441269,1,
2026-07-12 00:00:00,MLA8578245,2026-07-12 00:00:00,LENGKAP,,'AD106441270,1,
2026-07-12 00:00:00,MLA8578246,2026-07-12 00:00:00,LENGKAP,,'AD106441271,1,
2026-07-12 00:00:00,TMC8109498,2026-07-12 00:00:00,LENGKAP,2026-07-12 18:40:00,'AA64597501,1,
2026-07-12 00:00:00,SOE8578551,2026-07-12 00:00:00,LENGKAP,2026-07-12 20:50:00,'AA64482670,11,
2026-07-12 00:00:00,TMC8109497,2026-07-12 00:00:00,LENGKAP,2026-07-13 08:03:00,'AA64490662,1,
2026-07-12 00:00:00,TMC8109499,2026-07-12 00:00:00,LENGKAP,2026-07-12 18:40:00,'AA69424830,12,
2026-07-12 00:00:00,TMC8242469,2026-07-12 00:00:00,LENGKAP,2026-07-12 14:19:00,'AA69424873,1,
2026-07-12 00:00:00,TMC8242469,2026-07-12 00:00:00,LENGKAP,2026-07-12 14:19:00,'AA69424983,2,
2026-07-12 00:00:00,TMC8242469,2026-07-12 00:00:00,LENGKAP,2026-07-12 14:19:00,'AA69424985,1,
2026-07-12 00:00:00,TMC8242469,2026-07-12 00:00:00,LENGKAP,2026-07-12 14:19:00,'AD99250262,1,
2026-07-12 00:00:00,WGPJTR8611611,2026-07-12 00:00:00,LENGKAP,2026-07-13 07:48:00,'2600103728902M01,1,
2026-07-12 00:00:00,WBK6113155,2026-07-12 00:00:00,LENGKAP,2026-07-13 08:20:00,'AD106339555,1,
2026-07-12 00:00:00,WBK6113155,2026-07-12 00:00:00,LENGKAP,2026-07-13 08:20:00,'AD106339556,1,
2026-07-12 00:00:00,WBK6113155,2026-07-12 00:00:00,LENGKAP,2026-07-13 08:20:00,'AD106339557,1,
2026-07-12 00:00:00,WBK6113155,2026-07-12 00:00:00,LENGKAP,2026-07-13 08:20:00,'AD106339558,1,
2026-07-12 00:00:00,WBK6113155,2026-07-12 00:00:00,LENGKAP,2026-07-13 08:20:00,'AD106339559,1,
2026-07-12 00:00:00,WBK6113155,2026-07-12 00:00:00,LENGKAP,2026-07-13 08:20:00,'AD106339560,1,
2026-07-12 00:00:00,WGPJTR8611611,2026-07-12 00:00:00,LENGKAP,2026-07-13 07:48:00,'2600103728902M02,1,
2026-07-12 00:00:00,WGPJTR8611611,2026-07-12 00:00:00,LENGKAP,2026-07-13 07:48:00,'2600105433002M01,1,
2026-07-12 00:00:00,WGPJTR8611611,2026-07-12 00:00:00,LENGKAP,2026-07-13 07:48:00,'2600105433002M02,1,
2026-07-12 00:00:00,WGPJTR8611611,2026-07-12 00:00:00,LENGKAP,2026-07-13 07:48:00,'360050000321526,1,
2026-07-12 00:00:00,WGPJTR8611611,2026-07-12 00:00:00,LENGKAP,2026-07-13 07:48:00,'360420000058726,1,
2026-07-12 00:00:00,WGPJTR8611611,2026-07-12 00:00:00,LENGKAP,2026-07-13 07:48:00,'360510002187826,1,
2026-07-12 00:00:00,WGPJTR8611611,2026-07-12 00:00:00,LENGKAP,2026-07-13 07:48:00,'360510003569426,1,
2026-07-12 00:00:00,WGPJTR8611611,2026-07-12 00:00:00,LENGKAP,2026-07-13 07:48:00,'AA72299487,1,
2026-07-12 00:00:00,WGP8218386,2026-07-13 00:00:00,LENGKAP,2026-07-13 09:54:00,'360220008049426,1,
2026-07-12 00:00:00,WGP8218386,2026-07-13 00:00:00,LENGKAP,2026-07-13 09:54:00,'360700012277826,1,
2026-07-12 00:00:00,WGP8218386,2026-07-13 00:00:00,LENGKAP,2026-07-13 09:54:00,'AA64597970,4,
2026-07-12 00:00:00,WGP8218386,2026-07-13 00:00:00,LENGKAP,2026-07-13 09:54:00,'AA64597987,26,
2026-07-12 00:00:00,WGP8218386,2026-07-13 00:00:00,LENGKAP,2026-07-13 09:54:00,'AA64597997,19,
2026-07-12 00:00:00,WGP8218386,2026-07-13 00:00:00,LENGKAP,2026-07-13 09:54:00,'KOEEC02410365226,1,
2026-07-12 00:00:00,WGP8218386,2026-07-13 00:00:00,LENGKAP,2026-07-13 09:54:00,'KOEEC02414115826,1,
2026-07-12 00:00:00,WGPJTR8611611,2026-07-12 00:00:00,LENGKAP,2026-07-13 07:48:00,'KOEEC02413444326,1,
2026-07-12 00:00:00,WGPJTR8611611,2026-07-12 00:00:00,LENGKAP,2026-07-13 07:48:00,'RTKOE26014899667,1,
2026-07-12 00:00:00,WGPJTR8611611,2026-07-12 00:00:00,LENGKAP,2026-07-13 07:48:00,'RTKOE26014899686,1,
2026-07-12 00:00:00,WGPJTR8611611,2026-07-12 00:00:00,LENGKAP,2026-07-13 07:48:00,'RTKOE26014900124,1,
2026-07-12 00:00:00,WGPJTR8611611,2026-07-12 00:00:00,LENGKAP,2026-07-13 07:48:00,'TR42322609,1,
2026-07-12 00:00:00,51300123130LKA,2026-07-13 00:00:00,LENGKAP,2026-07-13 07:57:00,'YS15284649,15,
2026-07-12 00:00:00,WGP8218384,2026-07-13 00:00:00,LENGKAP,2026-07-12 17:39:00,'AA64597985,14,
2026-07-12 00:00:00,WGP8218384,2026-07-13 00:00:00,LENGKAP,2026-07-12 17:39:00,'AA64597995,9,
2026-07-12 00:00:00,WGP8218385,2026-07-13 00:00:00,LENGKAP,2026-07-12 17:39:00,'AA64597967,5,
2026-07-12 00:00:00,WGP8218385,2026-07-13 00:00:00,LENGKAP,2026-07-12 17:39:00,'AA64597972,1,
2026-07-12 00:00:00,WGP8218385,2026-07-13 00:00:00,LENGKAP,2026-07-12 17:39:00,'AA64597988,19,
2026-07-12 00:00:00,WGP8218385,2026-07-13 00:00:00,LENGKAP,2026-07-12 17:39:00,'AA64597989,15,
2026-07-12 00:00:00,WGP8218385,2026-07-13 00:00:00,LENGKAP,2026-07-12 17:39:00,'AA64597998,14,
2026-07-12 00:00:00,WGP8218385,2026-07-13 00:00:00,LENGKAP,2026-07-12 17:39:00,'AA72279352,3,
2026-07-13 00:00:00,JTRKAI8219743,2026-07-12 00:00:00,LENGKAP,2026-07-13 21:11:00,'AA56461943,1,
2026-07-13 00:00:00,JTRKAI8219743,2026-07-12 00:00:00,LENGKAP,2026-07-13 21:11:00,'AA56461944,1,
2026-07-13 00:00:00,JTRKAI8219743,2026-07-12 00:00:00,LENGKAP,2026-07-13 21:11:00,'AA56461945,1,
2026-07-13 00:00:00,JTRKAI8219743,2026-07-12 00:00:00,LENGKAP,2026-07-13 21:11:00,'AA56461946,1,
2026-07-13 00:00:00,JTRKAI8219743,2026-07-12 00:00:00,LENGKAP,2026-07-13 21:11:00,'AA56461947,1,
2026-07-13 00:00:00,JTRKAI8219743,2026-07-12 00:00:00,LENGKAP,2026-07-13 21:11:00,'AA56461948,1,
2026-07-13 00:00:00,JTRKAI8219743,2026-07-12 00:00:00,LENGKAP,2026-07-13 21:11:00,'AA56461949,1,
2026-07-13 00:00:00,51300124191ENE,2026-07-13 00:00:00,LENGKAP,2026-07-13 09:39:00,'AA64597946,11,
2026-07-13 00:00:00,51300124191ENE,2026-07-13 00:00:00,LENGKAP,2026-07-13 09:39:00,'AA64597947,6,
2026-07-13 00:00:00,51300124191ENE,2026-07-13 00:00:00,LENGKAP,2026-07-13 09:39:00,'AA64597949,22,
2026-07-13 00:00:00,51300124191ENE,2026-07-13 00:00:00,LENGKAP,2026-07-13 09:39:00,'AA64597951,13,
2026-07-13 00:00:00,51300124191ENE,2026-07-13 00:00:00,LENGKAP,2026-07-13 09:39:00,'AA64597953,1,
2026-07-13 00:00:00,JTRKAI8219743,2026-07-12 00:00:00,LENGKAP,2026-07-13 21:11:00,'AA56461950,1,
2026-07-13 00:00:00,JTRKAI8219743,2026-07-12 00:00:00,LENGKAP,2026-07-13 21:11:00,'AA56461951,1,
2026-07-13 00:00:00,51300124213WGP,2026-07-13 00:00:00,LENGKAP,2026-07-13 16:48:00,'AA64597957,8,
2026-07-13 00:00:00,JTRKAI8219743,2026-07-12 00:00:00,LENGKAP,2026-07-13 21:11:00,'AA56461952,1,
2026-07-13 00:00:00,88812093211,2026-07-13 00:00:00,LENGKAP,2026-07-14 00:41:00,'AA64489972,3,
2026-07-13 00:00:00,88812093211,2026-07-13 00:00:00,LENGKAP,2026-07-14 00:41:00,'AA64489974,5,
2026-07-13 00:00:00,88812093211,2026-07-13 00:00:00,LENGKAP,2026-07-14 00:41:00,'AA64489975,6,
2026-07-13 00:00:00,88812093211,2026-07-13 00:00:00,LENGKAP,2026-07-14 00:41:00,'KOEEC02416314426,1,
2026-07-13 00:00:00,88812093233,2026-07-13 00:00:00,LENGKAP,2026-07-13 22:34:00,'AA64489984,8,
2026-07-13 00:00:00,88812093270,2026-07-13 00:00:00,LENGKAP,2026-07-13 12:37:00,'AA64489973,1,
2026-07-13 00:00:00,88812093270,2026-07-13 00:00:00,LENGKAP,2026-07-13 12:37:00,'AA64489983,36,
2026-07-13 00:00:00,88812093270,2026-07-13 00:00:00,LENGKAP,2026-07-13 12:37:00,'AD102696533,3,
2026-07-13 00:00:00,88812093270,2026-07-13 00:00:00,LENGKAP,2026-07-13 12:37:00,'YS15281287,5,
2026-07-13 00:00:00,JTRKAI8219743,2026-07-12 00:00:00,LENGKAP,2026-07-13 21:11:00,'AA56461953,1,
2026-07-13 00:00:00,JTRKAI8219743,2026-07-12 00:00:00,LENGKAP,2026-07-13 21:11:00,'AA56461954,1,
2026-07-13 00:00:00,JTRKAI8219743,2026-07-12 00:00:00,LENGKAP,2026-07-13 21:11:00,'AA56461955,1,
2026-07-13 00:00:00,JTRKAI8219743,2026-07-12 00:00:00,LENGKAP,2026-07-13 21:11:00,'AD99176195,1,
2026-07-13 00:00:00,JTRKAI8219743,2026-07-12 00:00:00,LENGKAP,2026-07-13 21:11:00,'AD99176196,1,
2026-07-13 00:00:00,JTRKAI8219743,2026-07-12 00:00:00,LENGKAP,2026-07-13 21:11:00,'AD99176197,1,
2026-07-13 00:00:00,99001108726,2026-07-13 00:00:00,LENGKAP,2026-07-13 12:03:00,'AA64489991,4,
2026-07-13 00:00:00,99001108726,2026-07-13 00:00:00,LENGKAP,2026-07-13 12:03:00,'YT1820017,7,
2026-07-13 00:00:00,ABU296302,2026-07-13 00:00:00,LENGKAP,2026-07-15 00:40:00,'AD99200296,1,
2026-07-13 00:00:00,ABU296302,2026-07-13 00:00:00,LENGKAP,2026-07-15 00:40:00,'AD99200297,1,
2026-07-13 00:00:00,ABU296302,2026-07-13 00:00:00,LENGKAP,2026-07-15 00:40:00,'AD99200298,1,
2026-07-13 00:00:00,ABU296302,2026-07-13 00:00:00,LENGKAP,2026-07-15 00:40:00,'AD99200299,1,
2026-07-13 00:00:00,ABU296302,2026-07-13 00:00:00,LENGKAP,2026-07-15 00:40:00,'AD99200300,1,
2026-07-13 00:00:00,ABU296302,2026-07-13 00:00:00,LENGKAP,2026-07-15 00:40:00,'AD99200301,1,
2026-07-13 00:00:00,ABU296302,2026-07-13 00:00:00,LENGKAP,2026-07-15 00:40:00,'AD99200302,1,
2026-07-13 00:00:00,JTRKAI8219743,2026-07-12 00:00:00,LENGKAP,2026-07-13 21:11:00,'AD99176198,1,
2026-07-13 00:00:00,ABU304328,2026-07-13 00:00:00,LENGKAP,2026-07-15 00:43:00,'AD99200304,1,
2026-07-13 00:00:00,ABU304328,2026-07-13 00:00:00,LENGKAP,2026-07-15 00:43:00,'AD99200305,1,
2026-07-13 00:00:00,ABU304328,2026-07-13 00:00:00,LENGKAP,2026-07-15 00:43:00,'AD99200306,1,
2026-07-13 00:00:00,ABU304328,2026-07-13 00:00:00,LENGKAP,2026-07-15 00:43:00,'AD99200307,1,
2026-07-13 00:00:00,ABU304328,2026-07-13 00:00:00,LENGKAP,2026-07-15 00:43:00,'AD99200308,1,
2026-07-13 00:00:00,ABU304328,2026-07-13 00:00:00,LENGKAP,2026-07-15 00:43:00,'AD99200309,1,
2026-07-13 00:00:00,ABU304328,2026-07-13 00:00:00,LENGKAP,2026-07-15 00:43:00,'AD99200310,1,
2026-07-13 00:00:00,ABU304328,2026-07-13 00:00:00,LENGKAP,2026-07-15 00:43:00,'AD99200311,1,
2026-07-13 00:00:00,ABU304328,2026-07-13 00:00:00,LENGKAP,2026-07-15 00:43:00,'AD99200312,1,
2026-07-13 00:00:00,ABU304328,2026-07-13 00:00:00,LENGKAP,2026-07-15 00:43:00,'AD99200313,1,
2026-07-13 00:00:00,ABU304328,2026-07-13 00:00:00,LENGKAP,2026-07-15 00:43:00,'AD99200314,1,
2026-07-13 00:00:00,ABU304328,2026-07-13 00:00:00,LENGKAP,2026-07-15 00:43:00,'AD99200315,1,
2026-07-13 00:00:00,ABU304328,2026-07-13 00:00:00,LENGKAP,2026-07-15 00:43:00,'AD99200316,1,
2026-07-13 00:00:00,ABU304328,2026-07-13 00:00:00,LENGKAP,2026-07-15 00:43:00,'AD99200317,1,
2026-07-13 00:00:00,ABU304328,2026-07-13 00:00:00,LENGKAP,2026-07-15 00:43:00,'AD99200318,1,
2026-07-13 00:00:00,ABU304328,2026-07-13 00:00:00,LENGKAP,2026-07-15 00:43:00,'AD99200319,1,
2026-07-13 00:00:00,ABU304328,2026-07-13 00:00:00,LENGKAP,2026-07-15 00:43:00,'AD99200320,1,
2026-07-13 00:00:00,ABU304328,2026-07-13 00:00:00,LENGKAP,2026-07-15 00:43:00,'AD99200321,1,
2026-07-13 00:00:00,ABU304328,2026-07-13 00:00:00,LENGKAP,2026-07-15 00:43:00,'AD99200322,1,
2026-07-13 00:00:00,ABU304328,2026-07-13 00:00:00,LENGKAP,2026-07-15 00:43:00,'AD99200323,1,
2026-07-13 00:00:00,ABU304328,2026-07-13 00:00:00,LENGKAP,2026-07-15 00:43:00,'AD99200324,1,
2026-07-13 00:00:00,ABU304328,2026-07-13 00:00:00,LENGKAP,2026-07-15 00:43:00,'AD99200325,1,
2026-07-13 00:00:00,ABU304328,2026-07-13 00:00:00,LENGKAP,2026-07-15 00:43:00,'AD99200326,1,
2026-07-13 00:00:00,ABU304328,2026-07-13 00:00:00,LENGKAP,2026-07-15 00:43:00,'AD99200327,1,
2026-07-13 00:00:00,ABU304328,2026-07-13 00:00:00,LENGKAP,2026-07-15 00:43:00,'AD99200328,1,
2026-07-13 00:00:00,ABU304328,2026-07-13 00:00:00,LENGKAP,2026-07-15 00:43:00,'TR51638756,1,
2026-07-13 00:00:00,ABU304328,2026-07-13 00:00:00,LENGKAP,2026-07-15 00:43:00,'TR51638757,1,
2026-07-13 00:00:00,ABU304328,2026-07-13 00:00:00,LENGKAP,2026-07-15 00:43:00,'TR51638758,1,
2026-07-13 00:00:00,JTRKAI8219743,2026-07-12 00:00:00,LENGKAP,2026-07-13 21:11:00,'AD99176199,1,
2026-07-13 00:00:00,JTRKAI8219743,2026-07-12 00:00:00,LENGKAP,2026-07-13 21:11:00,'AD99176200,1,
2026-07-13 00:00:00,JTRKAI8219743,2026-07-12 00:00:00,LENGKAP,2026-07-13 21:11:00,'AD99176201,1,
2026-07-13 00:00:00,JTRKAI8219743,2026-07-12 00:00:00,LENGKAP,2026-07-13 21:11:00,'AD99176202,1,
2026-07-13 00:00:00,JTRKAI8219743,2026-07-12 00:00:00,LENGKAP,2026-07-13 21:11:00,'AD99176203,1,
2026-07-13 00:00:00,JTRKAI8219743,2026-07-12 00:00:00,LENGKAP,2026-07-13 21:11:00,'AD99176204,1,
2026-07-13 00:00:00,JTRKAI8219743,2026-07-12 00:00:00,LENGKAP,2026-07-13 21:11:00,'AD99176205,1,
2026-07-13 00:00:00,JTRKAI8219743,2026-07-12 00:00:00,LENGKAP,2026-07-13 21:11:00,'AD99176206,1,
2026-07-13 00:00:00,JTRKAI8219743,2026-07-12 00:00:00,LENGKAP,2026-07-13 21:11:00,'AD99176207,1,
2026-07-13 00:00:00,JTRKAI8219743,2026-07-12 00:00:00,LENGKAP,2026-07-13 21:11:00,'AD99176208,1,
2026-07-13 00:00:00,JTRKAI8219743,2026-07-12 00:00:00,LENGKAP,2026-07-13 21:11:00,'AD99176209,1,
2026-07-13 00:00:00,JTRKAI8219743,2026-07-12 00:00:00,LENGKAP,2026-07-13 21:11:00,'AD99176210,1,
2026-07-13 00:00:00,JTRKAI8219743,2026-07-12 00:00:00,LENGKAP,2026-07-13 21:11:00,'AD99176211,1,
2026-07-13 00:00:00,JTRKAI8219743,2026-07-12 00:00:00,LENGKAP,2026-07-13 21:11:00,'AD99176212,1,
2026-07-13 00:00:00,JTRKAI8219743,2026-07-12 00:00:00,LENGKAP,2026-07-13 21:11:00,'AD99176213,1,
2026-07-13 00:00:00,JTRKAI8219743,2026-07-12 00:00:00,LENGKAP,2026-07-13 21:11:00,'AD99176214,1,
2026-07-13 00:00:00,JTRKAI8219743,2026-07-12 00:00:00,LENGKAP,2026-07-13 21:11:00,'AD99176215,1,
2026-07-13 00:00:00,JTRKAI8219743,2026-07-12 00:00:00,LENGKAP,2026-07-13 21:11:00,'AD99176216,1,
2026-07-13 00:00:00,JTRKAI8219743,2026-07-12 00:00:00,LENGKAP,2026-07-13 21:11:00,'AD99176217,1,
2026-07-13 00:00:00,JTRKAI8219743,2026-07-12 00:00:00,LENGKAP,2026-07-13 21:11:00,'AD99176218,1,
2026-07-13 00:00:00,JTRKAI8219743,2026-07-12 00:00:00,LENGKAP,2026-07-13 21:11:00,'AD99176219,1,
2026-07-13 00:00:00,JTRKAI8219743,2026-07-12 00:00:00,LENGKAP,2026-07-13 21:11:00,'AD99176220,1,
2026-07-13 00:00:00,JTRKAI8219743,2026-07-12 00:00:00,LENGKAP,2026-07-13 21:11:00,'AD99176221,1,
2026-07-13 00:00:00,JTRKAI8219743,2026-07-12 00:00:00,LENGKAP,2026-07-13 21:11:00,'AD99176222,1,
2026-07-13 00:00:00,JTRKAI8219743,2026-07-12 00:00:00,LENGKAP,2026-07-13 21:11:00,'AD99176223,1,
2026-07-13 00:00:00,JTRKAI8219743,2026-07-12 00:00:00,LENGKAP,2026-07-13 21:11:00,'AD99176224,1,
2026-07-13 00:00:00,JTRKAI8219743,2026-07-12 00:00:00,LENGKAP,2026-07-13 21:11:00,'AD99176225,1,
2026-07-13 00:00:00,JTRKAI8219743,2026-07-12 00:00:00,LENGKAP,2026-07-13 21:11:00,'AD99176226,1,
2026-07-13 00:00:00,JTRKAI8219743,2026-07-12 00:00:00,LENGKAP,2026-07-13 21:11:00,'AD99176227,1,
2026-07-13 00:00:00,JTRKAI8219743,2026-07-12 00:00:00,LENGKAP,2026-07-13 21:11:00,'AD99176228,1,
2026-07-13 00:00:00,JTRKAI8219743,2026-07-12 00:00:00,LENGKAP,2026-07-13 21:11:00,'AD99176229,1,
2026-07-13 00:00:00,JTRKAI8219743,2026-07-12 00:00:00,LENGKAP,2026-07-13 21:11:00,'AD99176230,1,
2026-07-13 00:00:00,JTRKAI8219743,2026-07-12 00:00:00,LENGKAP,2026-07-13 21:11:00,'AD99176231,1,
2026-07-13 00:00:00,JTRKAI8219743,2026-07-12 00:00:00,LENGKAP,2026-07-13 21:11:00,'AD99176232,1,
2026-07-13 00:00:00,JTRKAI8219743,2026-07-12 00:00:00,LENGKAP,2026-07-13 21:11:00,'AD99176233,1,
2026-07-13 00:00:00,JTRKAI8219743,2026-07-12 00:00:00,LENGKAP,2026-07-13 21:11:00,'AD99176234,1,
2026-07-13 00:00:00,JTRKAI8219743,2026-07-12 00:00:00,LENGKAP,2026-07-13 21:11:00,'AD99176235,1,
2026-07-13 00:00:00,JTRKAI8219743,2026-07-12 00:00:00,LENGKAP,2026-07-13 21:11:00,'AD99176236,1,
2026-07-13 00:00:00,JTRKAI8219743,2026-07-12 00:00:00,LENGKAP,2026-07-13 21:11:00,'AD99176237,1,
2026-07-13 00:00:00,JTRKAI8219743,2026-07-12 00:00:00,LENGKAP,2026-07-13 21:11:00,'AD99176238,1,
2026-07-13 00:00:00,JTRKAI8219743,2026-07-12 00:00:00,LENGKAP,2026-07-13 21:11:00,'AD99176239,1,
2026-07-13 00:00:00,JTRKAI8219743,2026-07-12 00:00:00,LENGKAP,2026-07-13 21:11:00,'AD99176240,1,
2026-07-13 00:00:00,JTRKAI8219743,2026-07-12 00:00:00,LENGKAP,2026-07-13 21:11:00,'AD99176241,1,
2026-07-13 00:00:00,JTRKAI8219743,2026-07-12 00:00:00,LENGKAP,2026-07-13 21:11:00,'AD99176242,1,
2026-07-13 00:00:00,JTRKAI8219743,2026-07-12 00:00:00,LENGKAP,2026-07-13 21:11:00,'AD99176243,1,
2026-07-13 00:00:00,JTRKAI8219743,2026-07-12 00:00:00,LENGKAP,2026-07-13 21:11:00,'AD99176244,1,
2026-07-13 00:00:00,JTRKAI8219743,2026-07-12 00:00:00,LENGKAP,2026-07-13 21:11:00,'AD99176245,1,
2026-07-13 00:00:00,JTRKAI8219743,2026-07-12 00:00:00,LENGKAP,2026-07-13 21:11:00,'AD99176247,1,
2026-07-13 00:00:00,JTRKAI8219743,2026-07-12 00:00:00,LENGKAP,2026-07-13 21:11:00,'AD99176248,1,
2026-07-13 00:00:00,JTRKAI8219743,2026-07-12 00:00:00,LENGKAP,2026-07-13 21:11:00,'AD99176249,1,
2026-07-13 00:00:00,JTRKAI8219743,2026-07-12 00:00:00,LENGKAP,2026-07-13 21:11:00,'AD99176250,1,
2026-07-13 00:00:00,JTRKAI8219743,2026-07-12 00:00:00,LENGKAP,2026-07-13 21:11:00,'AD99176251,1,
2026-07-13 00:00:00,JTRKAI8219743,2026-07-12 00:00:00,LENGKAP,2026-07-13 21:11:00,'AD99176252,1,
2026-07-13 00:00:00,JTRKAI8219743,2026-07-12 00:00:00,LENGKAP,2026-07-13 21:11:00,'AD99176253,1,
2026-07-13 00:00:00,JTRKAI8219743,2026-07-12 00:00:00,LENGKAP,2026-07-13 21:11:00,'AD99176255,1,
2026-07-13 00:00:00,JTRKAI8219743,2026-07-12 00:00:00,LENGKAP,2026-07-13 21:11:00,'AD99176256,1,
2026-07-13 00:00:00,JTRKAI8219743,2026-07-12 00:00:00,LENGKAP,2026-07-13 21:11:00,'AD99176258,1,
2026-07-13 00:00:00,JTRKAI8219743,2026-07-12 00:00:00,LENGKAP,2026-07-13 21:11:00,'AD99176259,1,
2026-07-13 00:00:00,JTRKAI8219743,2026-07-12 00:00:00,LENGKAP,2026-07-13 21:11:00,'AD99176260,1,
2026-07-13 00:00:00,JTRKAI8219743,2026-07-12 00:00:00,LENGKAP,2026-07-13 21:11:00,'AD99176261,1,
2026-07-13 00:00:00,JTRKAI8219743,2026-07-12 00:00:00,LENGKAP,2026-07-13 21:11:00,'AD99176262,1,
2026-07-13 00:00:00,JTRKAI8219743,2026-07-12 00:00:00,LENGKAP,2026-07-13 21:11:00,'AD99176263,1,
2026-07-13 00:00:00,JTRKAI8219743,2026-07-12 00:00:00,LENGKAP,2026-07-13 21:11:00,'AD99176264,1,
2026-07-13 00:00:00,JTRKAI8219743,2026-07-12 00:00:00,LENGKAP,2026-07-13 21:11:00,'AD99176266,1,
2026-07-13 00:00:00,JTRKAI8219743,2026-07-12 00:00:00,LENGKAP,2026-07-13 21:11:00,'AD99176268,1,
2026-07-13 00:00:00,JTRKAI8219743,2026-07-12 00:00:00,LENGKAP,2026-07-13 21:11:00,'AD99176269,1,
2026-07-13 00:00:00,JTRKAI8219743,2026-07-12 00:00:00,LENGKAP,2026-07-13 21:11:00,'AD99176270,1,
2026-07-13 00:00:00,JTRKAI8219743,2026-07-12 00:00:00,LENGKAP,2026-07-13 21:11:00,'AD99176271,1,
2026-07-13 00:00:00,JTRKAI8219743,2026-07-12 00:00:00,LENGKAP,2026-07-13 21:11:00,'AD99176272,1,
2026-07-13 00:00:00,JTRKAI8219743,2026-07-12 00:00:00,LENGKAP,2026-07-13 21:11:00,'AD99176273,1,
2026-07-13 00:00:00,JTRKAI8219743,2026-07-12 00:00:00,LENGKAP,2026-07-13 21:11:00,'AD99176274,1,
2026-07-13 00:00:00,JTRKAI8219743,2026-07-12 00:00:00,LENGKAP,2026-07-13 21:11:00,'AD99176275,1,
2026-07-13 00:00:00,JTRKAI8219743,2026-07-12 00:00:00,LENGKAP,2026-07-13 21:11:00,'AD99176276,1,
2026-07-13 00:00:00,JTRKAI8219743,2026-07-12 00:00:00,LENGKAP,2026-07-13 21:11:00,'AD99176277,1,
2026-07-13 00:00:00,JTRKAI8219743,2026-07-12 00:00:00,LENGKAP,2026-07-13 21:11:00,'AD99176278,1,
2026-07-13 00:00:00,JTRKAI8219743,2026-07-12 00:00:00,LENGKAP,2026-07-13 21:11:00,'AD99176279,1,
2026-07-13 00:00:00,JTRKAI8219743,2026-07-12 00:00:00,LENGKAP,2026-07-13 21:11:00,'AD99176280,1,
2026-07-13 00:00:00,JTRKAI8219743,2026-07-12 00:00:00,LENGKAP,2026-07-13 21:11:00,'AD99176282,1,
2026-07-13 00:00:00,JTRKAI8219743,2026-07-12 00:00:00,LENGKAP,2026-07-13 21:11:00,'TR51637122,1,
2026-07-13 00:00:00,51300124180LBJ,2026-07-13 00:00:00,LENGKAP,2026-07-13 07:57:00,'YS15284651,7,
2026-07-13 00:00:00,51300124202LKA,2026-07-13 00:00:00,LENGKAP,2026-07-13 12:16:00,'AA64597952,2,
2026-07-13 00:00:00,51300124202LKA,2026-07-13 00:00:00,LENGKAP,2026-07-13 12:16:00,'YS15284652,3,
2026-07-13 00:00:00,88812093185,2026-07-13 00:00:00,LENGKAP,2017-02-05 11:04:00,'AA64489976,26,
2026-07-13 00:00:00,88812093292,2026-07-13 00:00:00,LENGKAP,2026-07-13 16:18:00,'AA64489981,33,
2026-07-13 00:00:00,88812093292,2026-07-13 00:00:00,LENGKAP,2026-07-13 16:18:00,'AA64489987,6,
2026-07-13 00:00:00,88812093292,2026-07-13 00:00:00,LENGKAP,2026-07-13 16:18:00,'AA64489988,12,
2026-07-13 00:00:00,88812093292,2026-07-13 00:00:00,LENGKAP,2026-07-13 16:18:00,'AA64489995,5,
2026-07-13 00:00:00,88812093292,2026-07-13 00:00:00,LENGKAP,2026-07-13 16:18:00,'AD102696531,1,
2026-07-13 00:00:00,88812093292,2026-07-13 00:00:00,LENGKAP,2026-07-13 16:18:00,'AD102696535,5,
2026-07-13 00:00:00,ABU303203,2026-07-13 00:00:00,LENGKAP,2026-07-13 19:40:00,'AD99200303,2,
2026-07-13 00:00:00,ABU329331,2026-07-13 00:00:00,LENGKAP,2026-07-14 06:54:00,'AD99200329,9,
2026-07-13 00:00:00,ABU329331,2026-07-13 00:00:00,LENGKAP,2026-07-14 06:54:00,'AD99200330,1,
2026-07-13 00:00:00,ABU329331,2026-07-13 00:00:00,LENGKAP,2026-07-14 06:54:00,'AD99200331,1,
2026-07-13 00:00:00,ABU332332,2026-07-13 00:00:00,LENGKAP,,'AD99200332,4,
2026-07-13 00:00:00,ABU333334,2026-07-13 00:00:00,LENGKAP,2026-07-14 12:58:00,'AD99200333,4,
2026-07-13 00:00:00,ABU333334,2026-07-13 00:00:00,LENGKAP,2026-07-14 12:58:00,'AD99200334,1,
2026-07-13 00:00:00,KEF1307262,2026-07-13 00:00:00,LENGKAP,2026-07-13 12:35:00,'AD106585315,1,
2026-07-13 00:00:00,KEF1307262,2026-07-13 00:00:00,LENGKAP,2026-07-13 12:35:00,'AD106585316,2,
2026-07-13 00:00:00,KOE130720261,2026-07-13 00:00:00,LENGKAP,2026-07-13 17:57:00,'360140010716926,1,
2026-07-13 00:00:00,KOE130720261,2026-07-13 00:00:00,LENGKAP,2026-07-13 17:57:00,'360140010719626,1,
2026-07-13 00:00:00,KOE130720261,2026-07-13 00:00:00,LENGKAP,2026-07-13 17:57:00,'360140010720326,1,
2026-07-13 00:00:00,KOE130720261,2026-07-13 00:00:00,LENGKAP,2026-07-13 17:57:00,'AA64489963,4,
2026-07-13 00:00:00,KOE130720262,2026-07-13 00:00:00,LENGKAP,2026-07-14 12:59:00,'360140010718726,1,
2026-07-13 00:00:00,KOE130720262,2026-07-13 00:00:00,LENGKAP,2026-07-14 12:59:00,'360140010721226,1,
2026-07-13 00:00:00,KOE130720262,2026-07-13 00:00:00,LENGKAP,2026-07-14 12:59:00,'AA64489965,3,
2026-07-13 00:00:00,KOE130720262,2026-07-13 00:00:00,LENGKAP,2026-07-14 12:59:00,'AD106585313,1,
2026-07-13 00:00:00,KOE130720264,2026-07-13 00:00:00,LENGKAP,2026-07-13 13:39:00,'AA64489964,2,
2026-07-13 00:00:00,KOE1307SS2,2026-07-13 00:00:00,LENGKAP,2026-07-13 11:48:00,'AA64597948,14,
2026-07-13 00:00:00,MLA8578248,2026-07-13 00:00:00,LENGKAP,2026-07-14 06:45:00,'AD106441280,6,
2026-07-13 00:00:00,MLA8578248,2026-07-13 00:00:00,LENGKAP,2026-07-14 06:45:00,'AD106441281,1,
2026-07-13 00:00:00,MLA8578250,2026-07-13 00:00:00,LENGKAP,2026-07-14 10:26:00,'AD106441282,2,
2026-07-13 00:00:00,OLS1307202602,2026-07-13 00:00:00,LENGKAP,2026-07-13 16:45:00,'AD104095828,3,
2026-07-13 00:00:00,OLS1307202602,2026-07-13 00:00:00,LENGKAP,2026-07-13 16:45:00,'AD104095829,1,
2026-07-13 00:00:00,RTI6893846,2026-07-13 00:00:00,LENGKAP,2026-07-13 15:05:00,'AD99250667,1,
2026-07-13 00:00:00,JTRKOE8241167,2026-07-13 00:00:00,LENGKAP,2026-07-14 09:27:00,'AA64597532,16,
2026-07-13 00:00:00,JTRKOE8241167,2026-07-13 00:00:00,LENGKAP,2026-07-14 09:27:00,'AA64597533,26,
2026-07-13 00:00:00,JTRKOE8241167,2026-07-13 00:00:00,LENGKAP,2026-07-14 09:27:00,'AA64597661,26,
2026-07-13 00:00:00,JTRKOE8241559B,2026-07-12 00:00:00,LENGKAP,2026-07-13 20:07:00,'TR81305122,4,
2026-07-13 00:00:00,KEF1307261,2026-07-13 00:00:00,LENGKAP,2026-07-13 21:41:00,'AA63898504,1,
2026-07-13 00:00:00,KEF1307261,2026-07-13 00:00:00,LENGKAP,2026-07-13 21:41:00,'AA63898505,1,
2026-07-13 00:00:00,KEF1307261,2026-07-13 00:00:00,LENGKAP,2026-07-13 21:41:00,'AA63898506,1,
2026-07-13 00:00:00,KEF1307261,2026-07-13 00:00:00,LENGKAP,2026-07-13 21:41:00,'AA63898507,1,
2026-07-13 00:00:00,KEF1307261,2026-07-13 00:00:00,LENGKAP,2026-07-13 21:41:00,'AA63898508,1,
2026-07-13 00:00:00,KEF1307261,2026-07-13 00:00:00,LENGKAP,2026-07-13 21:41:00,'AA63898509,1,
2026-07-13 00:00:00,KEF1307261,2026-07-13 00:00:00,LENGKAP,2026-07-13 21:41:00,'AA63898510,1,
2026-07-13 00:00:00,KEF1307261,2026-07-13 00:00:00,LENGKAP,2026-07-13 21:41:00,'AA63898511,1,
2026-07-13 00:00:00,KEF1307261,2026-07-13 00:00:00,LENGKAP,2026-07-13 21:41:00,'AA63898512,1,
2026-07-13 00:00:00,KEF1307261,2026-07-13 00:00:00,LENGKAP,2026-07-13 21:41:00,'AA63898513,1,
2026-07-13 00:00:00,KEF1307261,2026-07-13 00:00:00,LENGKAP,2026-07-13 21:41:00,'TR00041200,1,
2026-07-13 00:00:00,KEF1307261,2026-07-13 00:00:00,LENGKAP,2026-07-13 21:41:00,'TR00041201,1,
2026-07-13 00:00:00,RTI6893846,2026-07-13 00:00:00,LENGKAP,2026-07-13 15:05:00,'AD99250668,1,
2026-07-13 00:00:00,RTI6893846,2026-07-13 00:00:00,LENGKAP,2026-07-13 15:05:00,'AD99250670,1,
2026-07-13 00:00:00,KEF1307263,2026-07-13 00:00:00,LENGKAP,2026-07-15 00:44:00,'AA63898514,1,
2026-07-13 00:00:00,KEF1307263,2026-07-13 00:00:00,LENGKAP,2026-07-15 00:44:00,'AA63898515,1,
2026-07-13 00:00:00,KEF1307263,2026-07-13 00:00:00,LENGKAP,2026-07-15 00:44:00,'AA63898516,1,
2026-07-13 00:00:00,KEF1307263,2026-07-13 00:00:00,LENGKAP,2026-07-15 00:44:00,'AA63898517,1,
2026-07-13 00:00:00,KEF1307263,2026-07-13 00:00:00,LENGKAP,2026-07-15 00:44:00,'AA63898518,1,
2026-07-13 00:00:00,KEF1307263,2026-07-13 00:00:00,LENGKAP,2026-07-15 00:44:00,'AA63898519,1,
2026-07-13 00:00:00,KEF1307263,2026-07-13 00:00:00,LENGKAP,2026-07-15 00:44:00,'AA63898520,1,
2026-07-13 00:00:00,KEF1307263,2026-07-13 00:00:00,LENGKAP,2026-07-15 00:44:00,'AA63898521,1,
2026-07-13 00:00:00,KEF1307263,2026-07-13 00:00:00,LENGKAP,2026-07-15 00:44:00,'AA63898522,1,
2026-07-13 00:00:00,KEF1307263,2026-07-13 00:00:00,LENGKAP,2026-07-15 00:44:00,'AA63898523,1,
2026-07-13 00:00:00,KEF1307263,2026-07-13 00:00:00,LENGKAP,2026-07-15 00:44:00,'AA63898524,1,
2026-07-13 00:00:00,KEF1307263,2026-07-13 00:00:00,LENGKAP,2026-07-15 00:44:00,'TR00041202,1,
2026-07-13 00:00:00,KEF1307264,2026-07-13 00:00:00,LENGKAP,2026-07-14 08:04:00,'AD106585317,9,
2026-07-13 00:00:00,RTI6893846,2026-07-13 00:00:00,LENGKAP,2026-07-13 15:05:00,'AD99250671,1,
2026-07-13 00:00:00,RTI6893846,2026-07-13 00:00:00,LENGKAP,2026-07-13 15:05:00,'AD99250672,1,
2026-07-13 00:00:00,RTI6893846,2026-07-13 00:00:00,LENGKAP,2026-07-13 15:05:00,'AD99250673,1,
2026-07-13 00:00:00,RTI6893846,2026-07-13 00:00:00,LENGKAP,2026-07-13 15:05:00,'AD99250674,1,
2026-07-13 00:00:00,RTI6893846,2026-07-13 00:00:00,LENGKAP,2026-07-13 15:05:00,'AD99250675,1,
2026-07-13 00:00:00,RTI6893846,2026-07-13 00:00:00,LENGKAP,2026-07-13 15:05:00,'AD99250676,1,
2026-07-13 00:00:00,SOE8578530,2026-07-13 00:00:00,LENGKAP,2026-07-14 10:27:00,'AD106442419,2,
2026-07-13 00:00:00,SOE8578531,2026-07-13 00:00:00,LENGKAP,2026-07-13 13:06:00,'AD106442420,1,
2026-07-13 00:00:00,SOE8578532,2026-07-13 00:00:00,LENGKAP,2026-07-13 19:50:00,'AA64482662,1,
2026-07-13 00:00:00,KOE130720263,2026-07-13 00:00:00,LENGKAP,2026-07-14 10:25:00,'360140010715026,1,
2026-07-13 00:00:00,KOE130720263,2026-07-13 00:00:00,LENGKAP,2026-07-14 10:25:00,'360140010717826,1,
2026-07-13 00:00:00,KOE130720263,2026-07-13 00:00:00,LENGKAP,2026-07-14 10:25:00,'360140010722126,1,
2026-07-13 00:00:00,KOE130720263,2026-07-13 00:00:00,LENGKAP,2026-07-14 10:25:00,'AA64489967,2,
2026-07-13 00:00:00,SOE8578532,2026-07-13 00:00:00,LENGKAP,2026-07-13 19:50:00,'AA64482672,1,
2026-07-13 00:00:00,SOE8578532,2026-07-13 00:00:00,LENGKAP,2026-07-13 19:50:00,'AD106442421,7,
2026-07-13 00:00:00,KOE471018,2026-07-13 00:00:00,LENGKAP,2026-07-14 00:30:00,'AA69471018,28,
2026-07-13 00:00:00,KOE89966,2026-07-13 00:00:00,LENGKAP,2026-07-14 17:00:00,'AA64489966,2,
2026-07-13 00:00:00,KOESUSUL130726,2026-07-13 00:00:00,LENGKAP,2026-07-13 16:41:00,'360100032981926,1,
2026-07-13 00:00:00,MLA8218651,2026-07-13 00:00:00,LENGKAP,2026-07-14 09:16:00,'AD106441284,6,
2026-07-13 00:00:00,MLA8218652,2026-07-13 00:00:00,LENGKAP,2026-07-15 00:45:00,'AA72283781,1,
2026-07-13 00:00:00,MLA8218652,2026-07-13 00:00:00,LENGKAP,2026-07-15 00:45:00,'AA72283782,1,
2026-07-13 00:00:00,MLA8218652,2026-07-13 00:00:00,LENGKAP,2026-07-15 00:45:00,'AA72283783,1,
2026-07-13 00:00:00,MLA8218652,2026-07-13 00:00:00,LENGKAP,2026-07-15 00:45:00,'AA72283784,1,
2026-07-13 00:00:00,MLA8218652,2026-07-13 00:00:00,LENGKAP,2026-07-15 00:45:00,'AA72283785,1,
2026-07-13 00:00:00,MLA8218652,2026-07-13 00:00:00,LENGKAP,2026-07-15 00:45:00,'AA72283786,1,
2026-07-13 00:00:00,MLA8218653,2026-07-13 00:00:00,LENGKAP,2026-07-14 08:05:00,'AD106441285,1,
2026-07-13 00:00:00,MLA8578247,2026-07-13 00:00:00,LENGKAP,2026-07-15 00:48:00,'AA72283761,1,
2026-07-13 00:00:00,MLA8578247,2026-07-13 00:00:00,LENGKAP,2026-07-15 00:48:00,'AA72283762,1,
2026-07-13 00:00:00,MLA8578247,2026-07-13 00:00:00,LENGKAP,2026-07-15 00:48:00,'AA72283763,1,
2026-07-13 00:00:00,MLA8578247,2026-07-13 00:00:00,LENGKAP,2026-07-15 00:48:00,'AA72283764,1,
2026-07-13 00:00:00,MLA8578247,2026-07-13 00:00:00,LENGKAP,2026-07-15 00:48:00,'AA72283765,1,
2026-07-13 00:00:00,MLA8578247,2026-07-13 00:00:00,LENGKAP,2026-07-15 00:48:00,'AA72283766,1,
2026-07-13 00:00:00,MLA8578247,2026-07-13 00:00:00,LENGKAP,2026-07-15 00:48:00,'AA72283767,1,
2026-07-13 00:00:00,MLA8578247,2026-07-13 00:00:00,LENGKAP,2026-07-15 00:48:00,'AA72283768,1,
2026-07-13 00:00:00,MLA8578247,2026-07-13 00:00:00,LENGKAP,2026-07-15 00:48:00,'AA72283769,1,
2026-07-13 00:00:00,MLA8578247,2026-07-13 00:00:00,LENGKAP,2026-07-15 00:48:00,'AA72283770,1,
2026-07-13 00:00:00,MLA8578247,2026-07-13 00:00:00,LENGKAP,2026-07-15 00:48:00,'AA72283771,1,
2026-07-13 00:00:00,MLA8578247,2026-07-13 00:00:00,LENGKAP,2026-07-15 00:48:00,'AA72283772,1,
2026-07-13 00:00:00,MLA8578247,2026-07-13 00:00:00,LENGKAP,2026-07-15 00:48:00,'AA72283773,1,
2026-07-13 00:00:00,MLA8578247,2026-07-13 00:00:00,LENGKAP,2026-07-15 00:48:00,'AA72283774,1,
2026-07-13 00:00:00,MLA8578247,2026-07-13 00:00:00,LENGKAP,2026-07-15 00:48:00,'AA72283775,1,
2026-07-13 00:00:00,MLA8578247,2026-07-13 00:00:00,LENGKAP,2026-07-15 00:48:00,'AA72283776,1,
2026-07-13 00:00:00,MLA8578247,2026-07-13 00:00:00,LENGKAP,2026-07-15 00:48:00,'AA72283777,1,
2026-07-13 00:00:00,MLA8578247,2026-07-13 00:00:00,LENGKAP,2026-07-15 00:48:00,'AA72283778,1,
2026-07-13 00:00:00,MLA8578247,2026-07-13 00:00:00,LENGKAP,2026-07-15 00:48:00,'AA72283779,1,
2026-07-13 00:00:00,MLA8578247,2026-07-13 00:00:00,LENGKAP,2026-07-15 00:48:00,'AA72283780,1,
2026-07-13 00:00:00,SOE8578533,2026-07-13 00:00:00,LENGKAP,2026-07-13 17:40:00,'AD106442422,2,
2026-07-13 00:00:00,SOE8578535,2026-07-13 00:00:00,LENGKAP,2026-07-13 17:55:00,'AD106442424,3,
2026-07-13 00:00:00,MLA8578249,2026-07-13 00:00:00,LENGKAP,2026-07-14 08:28:00,'AD106441283,1,
2026-07-13 00:00:00,SOE8578536,2026-07-13 00:00:00,LENGKAP,2026-07-13 17:59:00,'AD106442425,1,
2026-07-13 00:00:00,MLO8610299,2026-07-13 00:00:00,LENGKAP,2026-07-13 21:43:00,'AA62637339,1,
2026-07-13 00:00:00,MLO8610299,2026-07-13 00:00:00,LENGKAP,2026-07-13 21:43:00,'AD97568188,1,
2026-07-13 00:00:00,MLO8610299,2026-07-13 00:00:00,LENGKAP,2026-07-13 21:43:00,'AD97568189,1,
2026-07-13 00:00:00,MLO8610299,2026-07-13 00:00:00,LENGKAP,2026-07-13 21:43:00,'AD97568191,1,
2026-07-13 00:00:00,MLO8610299,2026-07-13 00:00:00,LENGKAP,2026-07-13 21:43:00,'AD97568192,1,
2026-07-13 00:00:00,MLO8610299,2026-07-13 00:00:00,LENGKAP,2026-07-13 21:43:00,'AD97568193,1,
2026-07-13 00:00:00,OLS13072022603,2026-07-13 00:00:00,LENGKAP,2026-07-13 21:43:00,'AD104095830,1,
2026-07-13 00:00:00,OLS13072022603,2026-07-13 00:00:00,LENGKAP,2026-07-13 21:43:00,'AD104095831,1,
2026-07-13 00:00:00,TMC8242471,2026-07-13 00:00:00,LENGKAP,2026-07-13 23:50:00,'AD99250254,1,
2026-07-13 00:00:00,TMC8242471,2026-07-13 00:00:00,LENGKAP,2026-07-13 23:50:00,'AD99250255,1,
2026-07-13 00:00:00,JTRKOE8241166,2026-07-14 00:00:00,LENGKAP,2026-07-14 07:21:00,'AA64482671,1,
2026-07-13 00:00:00,JTRKOE8241166,2026-07-14 00:00:00,LENGKAP,2026-07-14 07:21:00,'AA64585561,1,
2026-07-13 00:00:00,JTRKOE8241166,2026-07-14 00:00:00,LENGKAP,2026-07-14 07:21:00,'AA64597508,23,
2026-07-13 00:00:00,JTRKOE8241166,2026-07-14 00:00:00,LENGKAP,2026-07-14 07:21:00,'AA64597510,15,
2026-07-13 00:00:00,JTRKOE8241166,2026-07-14 00:00:00,LENGKAP,2026-07-14 07:21:00,'AA64597520,23,
2026-07-13 00:00:00,JTRKOE8241166,2026-07-14 00:00:00,LENGKAP,2026-07-14 07:21:00,'AA64597535,21,
2026-07-13 00:00:00,JTRKOE8241166,2026-07-14 00:00:00,LENGKAP,2026-07-14 07:21:00,'AA64597663,1,
2026-07-13 00:00:00,JTRKOE8241166,2026-07-14 00:00:00,LENGKAP,2026-07-14 07:21:00,'AA64597664,20,
2026-07-13 00:00:00,JTRKOE8241166,2026-07-14 00:00:00,LENGKAP,2026-07-14 07:21:00,'AA64597669,24,
2026-07-13 00:00:00,SAB8610138,2026-07-13 00:00:00,LENGKAP,2026-07-14 10:26:00,'AD106506907,1,
2026-07-13 00:00:00,SAB8610138,2026-07-13 00:00:00,LENGKAP,2026-07-14 10:26:00,'AD106506909,1,
2026-07-13 00:00:00,SAB8610138,2026-07-13 00:00:00,LENGKAP,2026-07-14 10:26:00,'AD106506910,1,
2026-07-13 00:00:00,SAB8610138,2026-07-13 00:00:00,LENGKAP,2026-07-14 10:26:00,'AD106506911,1,
2026-07-13 00:00:00,SAB8610138,2026-07-13 00:00:00,LENGKAP,2026-07-14 10:26:00,'AD106506912,1,
2026-07-13 00:00:00,SAB8610138,2026-07-13 00:00:00,LENGKAP,2026-07-14 10:26:00,'AD106506913,1,
2026-07-13 00:00:00,SAB8610138,2026-07-13 00:00:00,LENGKAP,2026-07-14 10:26:00,'AD106506914,1,
2026-07-13 00:00:00,SAB8610138,2026-07-13 00:00:00,LENGKAP,2026-07-14 10:26:00,'AD106506915,1,
2026-07-13 00:00:00,SAB8610138,2026-07-13 00:00:00,LENGKAP,2026-07-14 10:26:00,'AD106506916,1,
2026-07-13 00:00:00,SAB8610138,2026-07-13 00:00:00,LENGKAP,2026-07-14 10:26:00,'AD106506917,1,
2026-07-13 00:00:00,SAB8610138,2026-07-13 00:00:00,LENGKAP,2026-07-14 10:26:00,'AD106506918,1,
2026-07-13 00:00:00,SAB8610138,2026-07-13 00:00:00,LENGKAP,2026-07-14 10:26:00,'AD106506919,1,
2026-07-13 00:00:00,SAB8610138,2026-07-13 00:00:00,LENGKAP,2026-07-14 10:26:00,'KOEBC00081625326,1,
2026-07-13 00:00:00,SAB8610138,2026-07-13 00:00:00,LENGKAP,2026-07-14 10:26:00,'RTKOE26014903769,1,
2026-07-13 00:00:00,JTRKOE8241166,2026-07-14 00:00:00,LENGKAP,2026-07-14 07:21:00,'AA64597671,2,
2026-07-13 00:00:00,JTRKOE8241166,2026-07-14 00:00:00,LENGKAP,2026-07-14 07:21:00,'AA64597685,25,
2026-07-13 00:00:00,JTRKOE8241166,2026-07-14 00:00:00,LENGKAP,2026-07-14 07:21:00,'AA64597954,12,
2026-07-13 00:00:00,JTRKOE8241166,2026-07-14 00:00:00,LENGKAP,2026-07-14 07:21:00,'AA64597955,13,
2026-07-13 00:00:00,JTRKOE8241166,2026-07-14 00:00:00,LENGKAP,2026-07-14 07:21:00,'TR81305101,3,
2026-07-13 00:00:00,JTRKOE8241166,2026-07-14 00:00:00,LENGKAP,2026-07-14 07:21:00,'TR81305103,4,
2026-07-13 00:00:00,SOE8578534,2026-07-13 00:00:00,LENGKAP,2026-07-14 09:18:00,'AD106442423,1,
2026-07-13 00:00:00,JTRKOE8241166,2026-07-14 00:00:00,LENGKAP,2026-07-14 07:21:00,'TR81305105,1,
2026-07-13 00:00:00,JTRKOE8241166,2026-07-14 00:00:00,LENGKAP,2026-07-14 07:21:00,'TR81305107,1,
2026-07-13 00:00:00,TMC8242470,2026-07-13 00:00:00,LENGKAP,2026-07-14 00:41:00,'360420001180626,1,
2026-07-13 00:00:00,TMC8242470,2026-07-13 00:00:00,LENGKAP,2026-07-14 00:41:00,'AA69424871,1,
2026-07-13 00:00:00,TMC8242470,2026-07-13 00:00:00,LENGKAP,2026-07-14 00:41:00,'AA69424872,1,
2026-07-13 00:00:00,TMC8242470,2026-07-13 00:00:00,LENGKAP,2026-07-14 00:41:00,'AD99250253,1,
2026-07-13 00:00:00,TMC8242470,2026-07-13 00:00:00,LENGKAP,2026-07-14 00:41:00,'AD99250257,1,
2026-07-13 00:00:00,TMC8242470,2026-07-13 00:00:00,LENGKAP,2026-07-14 00:41:00,'AD99250258,1,
2026-07-13 00:00:00,TMC8242470,2026-07-13 00:00:00,LENGKAP,2026-07-14 00:41:00,'AD99250259,1,
2026-07-13 00:00:00,TMC8242470,2026-07-13 00:00:00,LENGKAP,2026-07-14 00:41:00,'AD99250260,1,
2026-07-13 00:00:00,JTRKOE8241166,2026-07-14 00:00:00,LENGKAP,2026-07-14 07:21:00,'TR81305109,1,
2026-07-13 00:00:00,KEF1307265,2026-07-14 00:00:00,LENGKAP,2026-07-14 12:56:00,'AD106585318,1,
2026-07-13 00:00:00,WBK6113156,2026-07-13 00:00:00,LENGKAP,2026-07-14 00:41:00,'AD106339561,1,
2026-07-13 00:00:00,WBK6113156,2026-07-13 00:00:00,LENGKAP,2026-07-14 00:41:00,'AD106339562,1,
2026-07-13 00:00:00,WBK6113156,2026-07-13 00:00:00,LENGKAP,2026-07-14 00:41:00,'AD106339563,1,
2026-07-13 00:00:00,WBK6113156,2026-07-13 00:00:00,LENGKAP,2026-07-14 00:41:00,'AD106339564,1,
2026-07-13 00:00:00,WGP8218387,2026-07-14 00:00:00,LENGKAP,2026-07-13 22:08:00,'AA64597516,11,
2026-07-13 00:00:00,WGP8218387,2026-07-14 00:00:00,LENGKAP,2026-07-13 22:08:00,'AA72279353,5,
2026-07-13 00:00:00,WGP8218388,2026-07-14 00:00:00,LENGKAP,2026-07-14 08:38:00,'AA64597515,21,
2026-07-13 00:00:00,WGP8218388,2026-07-14 00:00:00,LENGKAP,2026-07-14 08:38:00,'AA72279354,8,
2026-07-13 00:00:00,WGP8218389,2026-07-14 00:00:00,LENGKAP,2026-07-14 08:37:00,'360100032772226,1,
2026-07-13 00:00:00,WGP8218389,2026-07-14 00:00:00,LENGKAP,2026-07-14 08:37:00,'AA64597513,13,
2026-07-13 00:00:00,WGP8218389,2026-07-14 00:00:00,LENGKAP,2026-07-14 08:37:00,'AA64597514,25,
2026-07-13 00:00:00,WGP8218389,2026-07-14 00:00:00,LENGKAP,2026-07-14 08:37:00,'AA72279355,7,
2026-07-13 00:00:00,WKB8610832,2026-07-13 00:00:00,LENGKAP,2026-07-14 00:42:00,'AA69423627,1,
2026-07-13 00:00:00,WKB8610832,2026-07-13 00:00:00,LENGKAP,2026-07-14 00:42:00,'AA69423628,1,
2026-07-13 00:00:00,WKB8610832,2026-07-13 00:00:00,LENGKAP,2026-07-14 00:42:00,'AA69423733,1,
2026-07-13 00:00:00,WKB8610832,2026-07-13 00:00:00,LENGKAP,2026-07-14 00:42:00,'AA69423734,1,
2026-07-13 00:00:00,WKB8610832,2026-07-13 00:00:00,LENGKAP,2026-07-14 00:42:00,'AA69423735,1,
2026-07-13 00:00:00,WKB8610832,2026-07-13 00:00:00,LENGKAP,2026-07-14 00:42:00,'AA69423813,1,
2026-07-13 00:00:00,WKB8610832,2026-07-13 00:00:00,LENGKAP,2026-07-14 00:42:00,'AA69423815,1,
2026-07-13 00:00:00,WKB8610832,2026-07-13 00:00:00,LENGKAP,2026-07-14 00:42:00,'AA69423816,1,
2026-07-13 00:00:00,WKB8610832,2026-07-13 00:00:00,LENGKAP,2026-07-14 00:42:00,'AA69423817,1,
2026-07-13 00:00:00,WKB8610832,2026-07-13 00:00:00,LENGKAP,2026-07-14 00:42:00,'AA69423819,1,
2026-07-13 00:00:00,WKB8610832,2026-07-13 00:00:00,LENGKAP,2026-07-14 00:42:00,'AA69423820,1,
2026-07-13 00:00:00,WKB8610832,2026-07-13 00:00:00,LENGKAP,2026-07-14 00:42:00,'AD106343901,1,
2026-07-13 00:00:00,WKB8610832,2026-07-13 00:00:00,LENGKAP,2026-07-14 00:42:00,'AD106343902,1,
2026-07-13 00:00:00,WKB8610832,2026-07-13 00:00:00,LENGKAP,2026-07-14 00:42:00,'AD106343903,1,
2026-07-13 00:00:00,WKB8610832,2026-07-13 00:00:00,LENGKAP,2026-07-14 00:42:00,'AD106343904,1,
2026-07-13 00:00:00,WKB8610832,2026-07-13 00:00:00,LENGKAP,2026-07-14 00:42:00,'AD106343905,1,
2026-07-13 00:00:00,WKB8610832,2026-07-13 00:00:00,LENGKAP,2026-07-14 00:42:00,'AD106343906,1,
2026-07-13 00:00:00,WKB8610832,2026-07-13 00:00:00,LENGKAP,2026-07-14 00:42:00,'AD106343907,1,
2026-07-13 00:00:00,WKB8610832,2026-07-13 00:00:00,LENGKAP,2026-07-14 00:42:00,'AD106343908,1,
2026-07-13 00:00:00,WKB8610832,2026-07-13 00:00:00,LENGKAP,2026-07-14 00:42:00,'AD106343909,1,
2026-07-13 00:00:00,WKB8610832,2026-07-13 00:00:00,LENGKAP,2026-07-14 00:42:00,'AD106343910,1,
2026-07-13 00:00:00,WKB8610832,2026-07-13 00:00:00,LENGKAP,2026-07-14 00:42:00,'TR42322763,1,
2026-07-13 00:00:00,WKB8610832,2026-07-13 00:00:00,LENGKAP,2026-07-14 00:42:00,'TR42322768,1,
2026-07-14 00:00:00,2747731918TMC,2026-07-15 00:00:00,LENGKAP,2026-07-15 20:00:00,'AA64597673,1,
2026-07-14 00:00:00,2747731918TMC,2026-07-15 00:00:00,LENGKAP,2026-07-15 20:00:00,'AA64597674,11,
2026-07-14 00:00:00,2747731918TMC,2026-07-15 00:00:00,LENGKAP,2026-07-15 20:00:00,'AA64597678,21,
2026-07-14 00:00:00,2747731918TMC,2026-07-15 00:00:00,LENGKAP,2026-07-15 20:00:00,'AA64597680,18,
2026-07-14 00:00:00,51300124493ENE,2026-07-14 00:00:00,LENGKAP,2026-07-14 07:22:00,'YS15284654,30,
2026-07-14 00:00:00,2747731937TMC,2026-07-15 00:00:00,LENGKAP,2026-07-15 20:01:00,'AA64597682,9,
2026-07-14 00:00:00,2747731958,2026-07-14 00:00:00,LENGKAP,2026-07-14 23:11:00,'AA74700021,22,
2026-07-14 00:00:00,2747731958,2026-07-14 00:00:00,LENGKAP,2026-07-14 23:11:00,'AA74700022,21,
2026-07-14 00:00:00,2747731989TMC,2026-07-15 00:00:00,LENGKAP,2026-07-15 20:01:00,'AA64597696,3,
2026-07-14 00:00:00,51300126593LKA,2026-07-14 00:00:00,LENGKAP,2026-07-14 07:22:00,'AA64597735,14,
2026-07-14 00:00:00,51300126593LKA,2026-07-14 00:00:00,LENGKAP,2026-07-14 07:22:00,'AA64597739,11,
2026-07-14 00:00:00,51300126593LKA,2026-07-14 00:00:00,LENGKAP,2026-07-14 07:22:00,'AA64597745,1,
2026-07-14 00:00:00,51300126593LKA,2026-07-14 00:00:00,LENGKAP,2026-07-14 07:22:00,'AA64597746,21,
2026-07-14 00:00:00,ABU14072601,2026-07-14 00:00:00,LENGKAP,2026-07-14 12:04:00,'AD99200335,1,
2026-07-14 00:00:00,ABU14072601,2026-07-14 00:00:00,LENGKAP,2026-07-14 12:04:00,'AD99200336,1,
2026-07-14 00:00:00,ABU14072601,2026-07-14 00:00:00,LENGKAP,2026-07-14 12:04:00,'AD99200337,1,
2026-07-14 00:00:00,51300124504LBJ,2026-07-14 00:00:00,LENGKAP,2026-07-14 10:51:00,'YS15284655,18,
2026-07-14 00:00:00,51300126582ENE,2026-07-14 00:00:00,LENGKAP,2026-07-14 09:20:00,'AA64597729,17,
2026-07-14 00:00:00,51300126582ENE,2026-07-14 00:00:00,LENGKAP,2026-07-14 09:20:00,'AA64597730,14,
2026-07-14 00:00:00,51300126582ENE,2026-07-14 00:00:00,LENGKAP,2026-07-14 09:20:00,'AA64597731,17,
2026-07-14 00:00:00,51300126582ENE,2026-07-14 00:00:00,LENGKAP,2026-07-14 09:20:00,'AA64597732,25,
2026-07-14 00:00:00,51300126582ENE,2026-07-14 00:00:00,LENGKAP,2026-07-14 09:20:00,'AA64597733,2,
2026-07-14 00:00:00,51300126582ENE,2026-07-14 00:00:00,LENGKAP,2026-07-14 09:20:00,'AA64597734,24,
2026-07-14 00:00:00,51300126582ENE,2026-07-14 00:00:00,LENGKAP,2026-07-14 09:20:00,'AA64597736,7,
2026-07-14 00:00:00,51300126582ENE,2026-07-14 00:00:00,LENGKAP,2026-07-14 09:20:00,'AA64597737,15,
2026-07-14 00:00:00,51300126582ENE,2026-07-14 00:00:00,LENGKAP,2026-07-14 09:20:00,'AA64597738,25,
2026-07-14 00:00:00,51300126582ENE,2026-07-14 00:00:00,LENGKAP,2026-07-14 09:20:00,'AA64597740,18,
2026-07-14 00:00:00,51300126582ENE,2026-07-14 00:00:00,LENGKAP,2026-07-14 09:20:00,'AA64597741,10,
2026-07-14 00:00:00,51300126582ENE,2026-07-14 00:00:00,LENGKAP,2026-07-14 09:20:00,'AA64597742,9,
2026-07-14 00:00:00,ABU14072601,2026-07-14 00:00:00,LENGKAP,2026-07-14 12:04:00,'AD99200338,1,
2026-07-14 00:00:00,ABU14072601,2026-07-14 00:00:00,LENGKAP,2026-07-14 12:04:00,'AD99200339,1,
2026-07-14 00:00:00,ABU14072601,2026-07-14 00:00:00,LENGKAP,2026-07-14 12:04:00,'AD99200340,1,
2026-07-14 00:00:00,ABU14072601,2026-07-14 00:00:00,LENGKAP,2026-07-14 12:04:00,'AD99200341,1,
2026-07-14 00:00:00,51300126814KOE,2026-07-14 00:00:00,LENGKAP,2026-07-14 10:46:00,'AA74700014,6,
2026-07-14 00:00:00,51300126814KOE,2026-07-14 00:00:00,LENGKAP,2026-07-14 10:46:00,'AA74700026,7,
2026-07-14 00:00:00,51300126814KOE,2026-07-14 00:00:00,LENGKAP,2026-07-14 10:46:00,'AA74700028,22,
2026-07-14 00:00:00,51300126825,2026-07-14 00:00:00,LENGKAP,2026-07-14 19:06:00,'AA74700023,10,
2026-07-14 00:00:00,51300126825,2026-07-14 00:00:00,LENGKAP,2026-07-14 19:06:00,'AA74700024,9,
2026-07-14 00:00:00,51300126825,2026-07-14 00:00:00,LENGKAP,2026-07-14 19:06:00,'AA74700025,8,
2026-07-14 00:00:00,51300126825,2026-07-14 00:00:00,LENGKAP,2026-07-14 19:06:00,'AA74700027,4,
2026-07-14 00:00:00,88812113043,2026-07-14 00:00:00,LENGKAP,2026-07-14 12:07:00,'AA64489956,10,
2026-07-14 00:00:00,88812113043,2026-07-14 00:00:00,LENGKAP,2026-07-14 12:07:00,'AA64489958,21,
2026-07-14 00:00:00,88812113043,2026-07-14 00:00:00,LENGKAP,2026-07-14 12:07:00,'AA64489960,4,
2026-07-14 00:00:00,88812113043,2026-07-14 00:00:00,LENGKAP,2026-07-14 12:07:00,'AA64489962,22,
2026-07-14 00:00:00,88812113043,2026-07-14 00:00:00,LENGKAP,2026-07-14 12:07:00,'AA64489968,34,
2026-07-14 00:00:00,88812113043,2026-07-14 00:00:00,LENGKAP,2026-07-14 12:07:00,'AA64489969,6,
2026-07-14 00:00:00,88812113043,2026-07-14 00:00:00,LENGKAP,2026-07-14 12:07:00,'AA64489970,13,
2026-07-14 00:00:00,88812113043,2026-07-14 00:00:00,LENGKAP,2026-07-14 12:07:00,'AA64489971,5,
2026-07-14 00:00:00,88812113043,2026-07-14 00:00:00,LENGKAP,2026-07-14 12:07:00,'AD102696542,22,
2026-07-14 00:00:00,88812113043,2026-07-14 00:00:00,LENGKAP,2026-07-14 12:07:00,'YS15281288,10,
2026-07-14 00:00:00,88812113043,2026-07-14 00:00:00,LENGKAP,2026-07-14 12:07:00,'YT1820015,19,
2026-07-14 00:00:00,88812113043,2026-07-14 00:00:00,LENGKAP,2026-07-14 12:07:00,'YT1820021,7,
2026-07-14 00:00:00,88812113043,2026-07-14 00:00:00,LENGKAP,2026-07-14 12:07:00,'YT1820022,6,
2026-07-14 00:00:00,88812113043,2026-07-14 00:00:00,LENGKAP,2026-07-14 12:07:00,'YT1820025,8,
2026-07-14 00:00:00,88812113043,2026-07-14 00:00:00,LENGKAP,2026-07-14 12:07:00,'YT1820026,17,
2026-07-14 00:00:00,88812113253,2026-07-14 00:00:00,LENGKAP,2026-07-14 22:17:00,'AA64490680,9,
2026-07-14 00:00:00,88812113253,2026-07-14 00:00:00,LENGKAP,2026-07-14 22:17:00,'AA64490681,30,
2026-07-14 00:00:00,88812113253,2026-07-14 00:00:00,LENGKAP,2026-07-14 22:17:00,'AA64490682,7,
2026-07-14 00:00:00,88812113253,2026-07-14 00:00:00,LENGKAP,2026-07-14 22:17:00,'AA64490683,7,
2026-07-14 00:00:00,88812113253,2026-07-14 00:00:00,LENGKAP,2026-07-14 22:17:00,'AA64490684,1,
2026-07-14 00:00:00,88812113253,2026-07-14 00:00:00,LENGKAP,2026-07-14 22:17:00,'AA64490685,13,
2026-07-14 00:00:00,88812113253,2026-07-14 00:00:00,LENGKAP,2026-07-14 22:17:00,'AA64490686,18,
2026-07-14 00:00:00,88812113253,2026-07-14 00:00:00,LENGKAP,2026-07-14 22:17:00,'AA64490687,6,
2026-07-14 00:00:00,88812113253,2026-07-14 00:00:00,LENGKAP,2026-07-14 22:17:00,'AA64490688,13,
2026-07-14 00:00:00,88812113253,2026-07-14 00:00:00,LENGKAP,2026-07-14 22:17:00,'AD99242046,20,
2026-07-14 00:00:00,88812113253,2026-07-14 00:00:00,LENGKAP,2026-07-14 22:17:00,'AD99242047,9,
2026-07-14 00:00:00,88812113382,2026-07-14 00:00:00,LENGKAP,2026-07-14 12:07:00,'YS15281289,13,
2026-07-14 00:00:00,88812113382,2026-07-14 00:00:00,LENGKAP,2026-07-14 12:07:00,'YS15281290,24,
2026-07-14 00:00:00,88812113382,2026-07-14 00:00:00,LENGKAP,2026-07-14 12:07:00,'YS15281291,10,
2026-07-14 00:00:00,88812113382,2026-07-14 00:00:00,LENGKAP,2026-07-14 12:07:00,'YS15281292,18,
2026-07-14 00:00:00,88812113382,2026-07-14 00:00:00,LENGKAP,2026-07-14 12:07:00,'YS15281296,10,
2026-07-14 00:00:00,88812116322,2026-07-14 00:00:00,LENGKAP,2026-07-15 00:37:00,'AD99242048,32,
2026-07-14 00:00:00,88812116322,2026-07-14 00:00:00,LENGKAP,2026-07-15 00:37:00,'AD99242049,11,
2026-07-14 00:00:00,93801327303,2026-07-14 00:00:00,LENGKAP,2026-07-14 13:27:00,'YS40164524,3,
2026-07-14 00:00:00,99001128363,2026-07-14 00:00:00,LENGKAP,2026-07-14 11:08:00,'YS40164523,15,
2026-07-14 00:00:00,99001128363,2026-07-14 00:00:00,LENGKAP,2026-07-14 11:08:00,'YS40164525,2,
2026-07-14 00:00:00,99001128363,2026-07-14 00:00:00,LENGKAP,2026-07-14 11:08:00,'YT1267186,5,
2026-07-14 00:00:00,99001128363,2026-07-14 00:00:00,LENGKAP,2026-07-14 11:08:00,'YT1267187,4,
2026-07-14 00:00:00,ABU14072601,2026-07-14 00:00:00,LENGKAP,2026-07-14 12:04:00,'AD99200342,1,
2026-07-14 00:00:00,ABU14072601,2026-07-14 00:00:00,LENGKAP,2026-07-14 12:04:00,'AD99200343,1,
2026-07-14 00:00:00,ABU14072601,2026-07-14 00:00:00,LENGKAP,2026-07-14 12:04:00,'AD99200344,1,
2026-07-14 00:00:00,ABU14072601,2026-07-14 00:00:00,LENGKAP,2026-07-14 12:04:00,'AD99200345,1,
2026-07-14 00:00:00,ABU14072601,2026-07-14 00:00:00,LENGKAP,2026-07-14 12:04:00,'AD99200346,1,
2026-07-14 00:00:00,ABU14072601,2026-07-14 00:00:00,LENGKAP,2026-07-14 12:04:00,'AD99200347,1,
2026-07-14 00:00:00,ABU14072601,2026-07-14 00:00:00,LENGKAP,2026-07-14 12:04:00,'AD99200348,1,
2026-07-14 00:00:00,ABU14072601,2026-07-14 00:00:00,LENGKAP,2026-07-14 12:04:00,'AD99200349,1,
2026-07-14 00:00:00,ABU14072601,2026-07-14 00:00:00,LENGKAP,2026-07-14 12:04:00,'AD99200350,1,
2026-07-14 00:00:00,ABU14072601,2026-07-14 00:00:00,LENGKAP,2026-07-14 12:04:00,'AD99200351,1,
2026-07-14 00:00:00,ABU14072601,2026-07-14 00:00:00,LENGKAP,2026-07-14 12:04:00,'AD99200352,1,
2026-07-14 00:00:00,ABU14072601,2026-07-14 00:00:00,LENGKAP,2026-07-14 12:04:00,'AD99200353,1,
2026-07-14 00:00:00,ABU14072601,2026-07-14 00:00:00,LENGKAP,2026-07-14 12:04:00,'AD99200354,1,
2026-07-14 00:00:00,ABU14072601,2026-07-14 00:00:00,LENGKAP,2026-07-14 12:04:00,'AD99200355,1,
2026-07-14 00:00:00,ABU14072601,2026-07-14 00:00:00,LENGKAP,2026-07-14 12:04:00,'AD99200356,1,
2026-07-14 00:00:00,ABU14072601,2026-07-14 00:00:00,LENGKAP,2026-07-14 12:04:00,'AD99200357,1,
2026-07-14 00:00:00,ABU14072601,2026-07-14 00:00:00,LENGKAP,2026-07-14 12:04:00,'AD99200358,1,
2026-07-14 00:00:00,ABU14072601,2026-07-14 00:00:00,LENGKAP,2026-07-14 12:04:00,'AD99200359,1,
2026-07-14 00:00:00,ABU14072601,2026-07-14 00:00:00,LENGKAP,2026-07-14 12:04:00,'AD99200360,1,
2026-07-14 00:00:00,ABU14072601,2026-07-14 00:00:00,LENGKAP,2026-07-14 12:04:00,'AD99200361,1,
2026-07-14 00:00:00,ABU14072601,2026-07-14 00:00:00,LENGKAP,2026-07-14 12:04:00,'AD99200362,1,
2026-07-14 00:00:00,ABU14072602,2026-07-14 00:00:00,LENGKAP,2026-07-14 20:08:00,'AD99200363,6,
2026-07-14 00:00:00,JTRKOE8241168,2026-07-14 00:00:00,LENGKAP,2026-07-14 17:31:00,'360100033195926,1,
2026-07-14 00:00:00,JTRKOE8241168,2026-07-14 00:00:00,LENGKAP,2026-07-14 17:31:00,'AA64597667,27,
2026-07-14 00:00:00,JTRKOE8241168,2026-07-14 00:00:00,LENGKAP,2026-07-14 17:31:00,'AA64597668,10,
2026-07-14 00:00:00,JTRKOE8241168,2026-07-14 00:00:00,LENGKAP,2026-07-14 17:31:00,'AA64597687,1,
2026-07-14 00:00:00,JTRKOE8241168,2026-07-14 00:00:00,LENGKAP,2026-07-14 17:31:00,'AA64597688,2,
2026-07-14 00:00:00,JTRKOE8241168,2026-07-14 00:00:00,LENGKAP,2026-07-14 17:31:00,'AA64597689,16,
2026-07-14 00:00:00,JTRKOE8241168,2026-07-14 00:00:00,LENGKAP,2026-07-14 17:31:00,'AA64597691,20,
2026-07-14 00:00:00,ABU14072603,2026-07-15 00:00:00,LENGKAP,2026-07-15 08:55:00,'AD99200390,2,
2026-07-14 00:00:00,JTRKAI8219744,2026-07-14 00:00:00,LENGKAP,2026-07-17 11:25:00,'AA56461956,1,
2026-07-14 00:00:00,JTRKAI8219744,2026-07-14 00:00:00,LENGKAP,2026-07-17 11:25:00,'AA56461957,1,
2026-07-14 00:00:00,JTRKAI8219744,2026-07-14 00:00:00,LENGKAP,2026-07-17 11:25:00,'AA56461958,1,
2026-07-14 00:00:00,JTRKAI8219744,2026-07-14 00:00:00,LENGKAP,2026-07-17 11:25:00,'AA56461960,1,
2026-07-14 00:00:00,JTRKAI8219744,2026-07-14 00:00:00,LENGKAP,2026-07-17 11:25:00,'AA56461961,1,
2026-07-14 00:00:00,JTRKAI8219744,2026-07-14 00:00:00,LENGKAP,2026-07-17 11:25:00,'AA56461962,1,
2026-07-14 00:00:00,JTRKAI8219744,2026-07-14 00:00:00,LENGKAP,2026-07-17 11:25:00,'AD99176282,1,
2026-07-14 00:00:00,JTRKAI8219744,2026-07-14 00:00:00,LENGKAP,2026-07-17 11:25:00,'AD99176283,1,
2026-07-14 00:00:00,JTRKAI8219744,2026-07-14 00:00:00,LENGKAP,2026-07-17 11:25:00,'AD99176284,1,
2026-07-14 00:00:00,JTRKAI8219744,2026-07-14 00:00:00,LENGKAP,2026-07-17 11:25:00,'AD99176285,1,
2026-07-14 00:00:00,JTRKAI8219744,2026-07-14 00:00:00,LENGKAP,2026-07-17 11:25:00,'AD99176286,1,
2026-07-14 00:00:00,JTRKAI8219744,2026-07-14 00:00:00,LENGKAP,2026-07-17 11:25:00,'AD99176287,1,
2026-07-14 00:00:00,JTRKAI8219744,2026-07-14 00:00:00,LENGKAP,2026-07-17 11:25:00,'AD99176288,1,
2026-07-14 00:00:00,JTRKAI8219744,2026-07-14 00:00:00,LENGKAP,2026-07-17 11:25:00,'AD99176289,1,
2026-07-14 00:00:00,JTRKAI8219744,2026-07-14 00:00:00,LENGKAP,2026-07-17 11:25:00,'AD99176290,1,
2026-07-14 00:00:00,JTRKAI8219744,2026-07-14 00:00:00,LENGKAP,2026-07-17 11:25:00,'AD99176291,1,
2026-07-14 00:00:00,JTRKAI8219744,2026-07-14 00:00:00,LENGKAP,2026-07-17 11:25:00,'AD99176292,1,
2026-07-14 00:00:00,JTRKAI8219744,2026-07-14 00:00:00,LENGKAP,2026-07-17 11:25:00,'AD99176293,1,
2026-07-14 00:00:00,JTRKAI8219744,2026-07-14 00:00:00,LENGKAP,2026-07-17 11:25:00,'AD99176294,1,
2026-07-14 00:00:00,JTRKAI8219744,2026-07-14 00:00:00,LENGKAP,2026-07-17 11:25:00,'AD99176295,1,
2026-07-14 00:00:00,JTRKAI8219744,2026-07-14 00:00:00,LENGKAP,2026-07-17 11:25:00,'AD99176296,1,
2026-07-14 00:00:00,JTRKAI8219744,2026-07-14 00:00:00,LENGKAP,2026-07-17 11:25:00,'AD99176297,1,
2026-07-14 00:00:00,JTRKAI8219744,2026-07-14 00:00:00,LENGKAP,2026-07-17 11:25:00,'AD99176298,1,
2026-07-14 00:00:00,JTRKAI8219744,2026-07-14 00:00:00,LENGKAP,2026-07-17 11:25:00,'AD99176299,1,
2026-07-14 00:00:00,JTRKAI8219744,2026-07-14 00:00:00,LENGKAP,2026-07-17 11:25:00,'AD99176300,1,
2026-07-14 00:00:00,JTRKAI8219744,2026-07-14 00:00:00,LENGKAP,2026-07-17 11:25:00,'AD99176301,1,
2026-07-14 00:00:00,JTRKAI8219744,2026-07-14 00:00:00,LENGKAP,2026-07-17 11:25:00,'AD99176302,1,
2026-07-14 00:00:00,JTRKAI8219744,2026-07-14 00:00:00,LENGKAP,2026-07-17 11:25:00,'AD99176303,1,
2026-07-14 00:00:00,JTRKAI8219744,2026-07-14 00:00:00,LENGKAP,2026-07-17 11:25:00,'AD99176304,1,
2026-07-14 00:00:00,JTRKAI8219744,2026-07-14 00:00:00,LENGKAP,2026-07-17 11:25:00,'AD99176305,1,
2026-07-14 00:00:00,JTRKAI8219744,2026-07-14 00:00:00,LENGKAP,2026-07-17 11:25:00,'AD99176306,1,
2026-07-14 00:00:00,JTRKAI8219744,2026-07-14 00:00:00,LENGKAP,2026-07-17 11:25:00,'AD99176307,1,
2026-07-14 00:00:00,JTRKAI8219744,2026-07-14 00:00:00,LENGKAP,2026-07-17 11:25:00,'AD99176308,1,
2026-07-14 00:00:00,JTRKAI8219744,2026-07-14 00:00:00,LENGKAP,2026-07-17 11:25:00,'AD99176309,1,
2026-07-14 00:00:00,JTRKAI8219744,2026-07-14 00:00:00,LENGKAP,2026-07-17 11:25:00,'AD99176310,1,
2026-07-14 00:00:00,JTRKAI8219744,2026-07-14 00:00:00,LENGKAP,2026-07-17 11:25:00,'AD99176311,1,
2026-07-14 00:00:00,JTRKAI8219744,2026-07-14 00:00:00,LENGKAP,2026-07-17 11:25:00,'AD99176312,1,
2026-07-14 00:00:00,JTRKAI8219744,2026-07-14 00:00:00,LENGKAP,2026-07-17 11:25:00,'AD99176313,1,
2026-07-14 00:00:00,JTRKAI8219744,2026-07-14 00:00:00,LENGKAP,2026-07-17 11:25:00,'AD99176314,1,
2026-07-14 00:00:00,JTRKAI8219744,2026-07-14 00:00:00,LENGKAP,2026-07-17 11:25:00,'AD99176315,1,
2026-07-14 00:00:00,JTRKAI8219744,2026-07-14 00:00:00,LENGKAP,2026-07-17 11:25:00,'AD99176316,1,
2026-07-14 00:00:00,JTRKAI8219744,2026-07-14 00:00:00,LENGKAP,2026-07-17 11:25:00,'AD99176317,1,
2026-07-14 00:00:00,JTRKAI8219744,2026-07-14 00:00:00,LENGKAP,2026-07-17 11:25:00,'AD99176318,1,
2026-07-14 00:00:00,JTRKAI8219744,2026-07-14 00:00:00,LENGKAP,2026-07-17 11:25:00,'AD99176319,1,
2026-07-14 00:00:00,JTRKOE8241168,2026-07-14 00:00:00,LENGKAP,2026-07-14 17:31:00,'AA64597692,20,
2026-07-14 00:00:00,JTRKOE8241168,2026-07-14 00:00:00,LENGKAP,2026-07-14 17:31:00,'AA64597714,1,
2026-07-14 00:00:00,KAI140726SS01,2026-07-14 00:00:00,LENGKAP,2026-07-14 11:21:00,' AD99176246,1,
2026-07-14 00:00:00,KAI140726SS01,2026-07-14 00:00:00,LENGKAP,2026-07-14 11:21:00,'AD99176493,1,
2026-07-14 00:00:00,KEF1407262,2026-07-14 00:00:00,LENGKAP,2026-07-14 20:11:00,'AD106585319,5,
2026-07-14 00:00:00,KEF1407262,2026-07-14 00:00:00,LENGKAP,2026-07-14 20:11:00,'TR00041203,1,
2026-07-14 00:00:00,KOE1407202610,2026-07-14 00:00:00,LENGKAP,2026-07-14 00:23:00,'360100033162826,1,
2026-07-14 00:00:00,KOE1407202610,2026-07-14 00:00:00,LENGKAP,2026-07-14 00:23:00,'360100033165526,1,
2026-07-14 00:00:00,KOE1407202610,2026-07-14 00:00:00,LENGKAP,2026-07-14 00:23:00,'360350002768826,1,
2026-07-14 00:00:00,KOE1407202610,2026-07-14 00:00:00,LENGKAP,2026-07-14 00:23:00,'AA64597637,1,
2026-07-14 00:00:00,KOE1407202610,2026-07-14 00:00:00,LENGKAP,2026-07-14 00:23:00,'AA64597646,39,
2026-07-14 00:00:00,KEF1407261,2026-07-14 00:00:00,LENGKAP,2026-07-15 00:54:00,'AA63898525,1,
2026-07-14 00:00:00,KEF1407261,2026-07-14 00:00:00,LENGKAP,2026-07-15 00:54:00,'AA63898526,1,
2026-07-14 00:00:00,KEF1407261,2026-07-14 00:00:00,LENGKAP,2026-07-15 00:54:00,'AA63898527,1,
2026-07-14 00:00:00,KEF1407261,2026-07-14 00:00:00,LENGKAP,2026-07-15 00:54:00,'AA63898528,1,
2026-07-14 00:00:00,KEF1407261,2026-07-14 00:00:00,LENGKAP,2026-07-15 00:54:00,'AA63898529,1,
2026-07-14 00:00:00,KEF1407261,2026-07-14 00:00:00,LENGKAP,2026-07-15 00:54:00,'AA63898530,1,
2026-07-14 00:00:00,KEF1407261,2026-07-14 00:00:00,LENGKAP,2026-07-15 00:54:00,'AA63898531,1,
2026-07-14 00:00:00,KEF1407261,2026-07-14 00:00:00,LENGKAP,2026-07-15 00:54:00,'AA63898532,1,
2026-07-14 00:00:00,KEF1407261,2026-07-14 00:00:00,LENGKAP,2026-07-15 00:54:00,'AA63898533,1,
2026-07-14 00:00:00,KEF1407261,2026-07-14 00:00:00,LENGKAP,2026-07-15 00:54:00,'AA63898534,1,
2026-07-14 00:00:00,KEF1407261,2026-07-14 00:00:00,LENGKAP,2026-07-15 00:54:00,'AA63898535,1,
2026-07-14 00:00:00,KEF1407261,2026-07-14 00:00:00,LENGKAP,2026-07-15 00:54:00,'AA63898536,1,
2026-07-14 00:00:00,KEF1407261,2026-07-14 00:00:00,LENGKAP,2026-07-15 00:54:00,'AA63898537,1,
2026-07-14 00:00:00,KEF1407261,2026-07-14 00:00:00,LENGKAP,2026-07-15 00:54:00,'AA63898538,1,
2026-07-14 00:00:00,KEF1407261,2026-07-14 00:00:00,LENGKAP,2026-07-15 00:54:00,'AA63898539,1,
2026-07-14 00:00:00,KEF1407261,2026-07-14 00:00:00,LENGKAP,2026-07-15 00:54:00,'AA63898540,1,
2026-07-14 00:00:00,KEF1407261,2026-07-14 00:00:00,LENGKAP,2026-07-15 00:54:00,'TR00041204,1,
2026-07-14 00:00:00,KEF1407261,2026-07-14 00:00:00,LENGKAP,2026-07-15 00:54:00,'TR00041205,1,
2026-07-14 00:00:00,KEF1407261,2026-07-14 00:00:00,LENGKAP,2026-07-15 00:54:00,'TR00041206,1,
2026-07-14 00:00:00,KEF1407261,2026-07-14 00:00:00,LENGKAP,2026-07-15 00:54:00,'TR00041207,1,
2026-07-14 00:00:00,KOE1407202610,2026-07-14 00:00:00,LENGKAP,2026-07-14 00:23:00,'AA64597960,36,
2026-07-14 00:00:00,KOE1407202610,2026-07-14 00:00:00,LENGKAP,2026-07-14 00:23:00,'AD104114043,3,
2026-07-14 00:00:00,KEF1407263,2026-07-14 00:00:00,LENGKAP,2026-07-15 08:42:00,'AD106585320,1,
2026-07-14 00:00:00,KOE1407202610,2026-07-14 00:00:00,LENGKAP,2026-07-14 00:23:00,'KOEAA03667630426,1,
2026-07-14 00:00:00,KOE1407202610,2026-07-14 00:00:00,LENGKAP,2026-07-14 00:23:00,'KOEAA03667640226,1,
2026-07-14 00:00:00,KOE1407202610,2026-07-14 00:00:00,LENGKAP,2026-07-14 00:23:00,'KOEAW00080664826,1,
2026-07-14 00:00:00,KOE1407202610,2026-07-14 00:00:00,LENGKAP,2026-07-14 00:23:00,'KOEEC02417193326,1,
2026-07-14 00:00:00,KOE1407202610,2026-07-14 00:00:00,LENGKAP,2026-07-14 00:23:00,'KOEEC02417243926,1,
2026-07-14 00:00:00,KOE1407202610,2026-07-14 00:00:00,LENGKAP,2026-07-14 00:23:00,'KOEEC02417353326,1,
2026-07-14 00:00:00,KOE1407202610,2026-07-14 00:00:00,LENGKAP,2026-07-14 00:23:00,'KOEEC02417403926,1,
2026-07-14 00:00:00,KOE1407202610,2026-07-14 00:00:00,LENGKAP,2026-07-14 00:23:00,'KOEEC02417562326,1,
2026-07-14 00:00:00,KOE1407202610,2026-07-14 00:00:00,LENGKAP,2026-07-14 00:23:00,'KOEEC02417771326,1,
2026-07-14 00:00:00,KOE1407202610,2026-07-14 00:00:00,LENGKAP,2026-07-14 00:23:00,'KOEEC02417821926,1,
2026-07-14 00:00:00,KOE1407202611,2026-07-14 00:00:00,LENGKAP,2026-07-14 12:56:00,'AA64597633,2,
2026-07-14 00:00:00,KOE1407202611,2026-07-14 00:00:00,LENGKAP,2026-07-14 12:56:00,'AA64597650,22,
2026-07-14 00:00:00,KOE1407202611,2026-07-14 00:00:00,LENGKAP,2026-07-14 12:56:00,'AA64597652,19,
2026-07-14 00:00:00,KOE1407202611,2026-07-14 00:00:00,LENGKAP,2026-07-14 12:56:00,'AD104114048,2,
2026-07-14 00:00:00,KOE1407202611,2026-07-14 00:00:00,LENGKAP,2026-07-14 12:56:00,'KOEEC02417812126,1,
2026-07-14 00:00:00,KOE1407202612,2026-07-14 00:00:00,LENGKAP,2026-07-14 17:00:00,'360100033083426,1,
2026-07-14 00:00:00,KOE1407202612,2026-07-14 00:00:00,LENGKAP,2026-07-14 17:00:00,'360290019105726,1,
2026-07-14 00:00:00,KOE1407202612,2026-07-14 00:00:00,LENGKAP,2026-07-14 17:00:00,'AA56461943,1,
2026-07-14 00:00:00,KOE1407202612,2026-07-14 00:00:00,LENGKAP,2026-07-14 17:00:00,'AA64597634,9,
2026-07-14 00:00:00,KOE1407202612,2026-07-14 00:00:00,LENGKAP,2026-07-14 17:00:00,'AA64597660,32,
2026-07-14 00:00:00,KOE1407202612,2026-07-14 00:00:00,LENGKAP,2026-07-14 17:00:00,'AA64597958,27,
2026-07-14 00:00:00,KOE1407202612,2026-07-14 00:00:00,LENGKAP,2026-07-14 17:00:00,'KOEAA03667669826,1,
2026-07-14 00:00:00,KOE1407202612,2026-07-14 00:00:00,LENGKAP,2026-07-14 17:00:00,'KOEEC02417253726,1,
2026-07-14 00:00:00,KOE1407202612,2026-07-14 00:00:00,LENGKAP,2026-07-14 17:00:00,'KOEEC02417263526,1,
2026-07-14 00:00:00,KOE1407202612,2026-07-14 00:00:00,LENGKAP,2026-07-14 17:00:00,'KOEEC02417433326,1,
2026-07-14 00:00:00,KOE1407202612,2026-07-14 00:00:00,LENGKAP,2026-07-14 17:00:00,'KOEEC02417452926,1,
2026-07-14 00:00:00,KOE1407202612,2026-07-14 00:00:00,LENGKAP,2026-07-14 17:00:00,'KOEEC02417503526,1,
2026-07-14 00:00:00,KOE1407202612,2026-07-14 00:00:00,LENGKAP,2026-07-14 17:00:00,'KOEEC02417513326,1,
2026-07-14 00:00:00,KOE1407202612,2026-07-14 00:00:00,LENGKAP,2026-07-14 17:00:00,'KOEEC02417523126,1,
2026-07-14 00:00:00,KOE1407202612,2026-07-14 00:00:00,LENGKAP,2026-07-14 17:00:00,'KOEEC02417790926,1,
2026-07-14 00:00:00,KOE1407202616,2026-07-14 00:00:00,LENGKAP,2026-07-14 00:24:00,'AA64597642,6,
2026-07-14 00:00:00,MLA8218655,2026-07-14 00:00:00,LENGKAP,2026-07-15 19:28:00,'AD106441286,3,
2026-07-14 00:00:00,MLA8218655,2026-07-14 00:00:00,LENGKAP,2026-07-15 19:28:00,'AD106441287,1,
2026-07-14 00:00:00,OLS1407202601,2026-07-14 00:00:00,LENGKAP,2026-07-14 16:47:00,'AD104095832,1,
2026-07-14 00:00:00,OLS1407202602,2026-07-14 00:00:00,LENGKAP,2026-07-14 20:10:00,'AD104095833,1,
2026-07-14 00:00:00,RTI6893847,2026-07-14 00:00:00,LENGKAP,2026-07-14 14:52:00,'AD99250677,1,
2026-07-14 00:00:00,RTI6893847,2026-07-14 00:00:00,LENGKAP,2026-07-14 14:52:00,'AD99250678,1,
2026-07-14 00:00:00,RTI6893847,2026-07-14 00:00:00,LENGKAP,2026-07-14 14:52:00,'AD99250679,1,
2026-07-14 00:00:00,RTI6893847,2026-07-14 00:00:00,LENGKAP,2026-07-14 14:52:00,'AD99250680,1,
2026-07-14 00:00:00,KOE1407202613,2026-07-14 00:00:00,LENGKAP,2026-07-14 08:28:00,'360100033171726,1,
2026-07-14 00:00:00,KOE1407202613,2026-07-14 00:00:00,LENGKAP,2026-07-14 08:28:00,'AA64597638,26,
2026-07-14 00:00:00,KOE1407202613,2026-07-14 00:00:00,LENGKAP,2026-07-14 08:28:00,'AA64597959,41,
2026-07-14 00:00:00,KOE1407202613,2026-07-14 00:00:00,LENGKAP,2026-07-14 08:28:00,'AD104114044,2,
2026-07-14 00:00:00,KOE1407202613,2026-07-14 00:00:00,LENGKAP,2026-07-14 08:28:00,'KOEEC02417163926,1,
2026-07-14 00:00:00,KOE1407202613,2026-07-14 00:00:00,LENGKAP,2026-07-14 08:28:00,'KOEEC02417183526,1,
2026-07-14 00:00:00,KOE1407202613,2026-07-14 00:00:00,LENGKAP,2026-07-14 08:28:00,'KOEEC02417363126,1,
2026-07-14 00:00:00,KOE1407202613,2026-07-14 00:00:00,LENGKAP,2026-07-14 08:28:00,'KOEEC02417492126,1,
2026-07-14 00:00:00,KOE1407202613,2026-07-14 00:00:00,LENGKAP,2026-07-14 08:28:00,'KOEEC02417652126,1,
2026-07-14 00:00:00,KOE1407202613,2026-07-14 00:00:00,LENGKAP,2026-07-14 08:28:00,'KOEEC02417661926,1,
2026-07-14 00:00:00,KOE1407202613,2026-07-14 00:00:00,LENGKAP,2026-07-14 08:28:00,'KOEEC02417671726,1,
2026-07-14 00:00:00,KOE1407202613,2026-07-14 00:00:00,LENGKAP,2026-07-14 08:28:00,'KOEEC02417681526,1,
2026-07-14 00:00:00,KOE1407202613,2026-07-14 00:00:00,LENGKAP,2026-07-14 08:28:00,'KOEEC02417781126,1,
2026-07-14 00:00:00,KOE1407202614,2026-07-14 00:00:00,LENGKAP,2026-07-14 16:45:00,'AA64482672,1,
2026-07-14 00:00:00,KOE1407202614,2026-07-14 00:00:00,LENGKAP,2026-07-14 16:45:00,'AA64597654,11,
2026-07-14 00:00:00,KOE1407202614,2026-07-14 00:00:00,LENGKAP,2026-07-14 16:45:00,'AA64597656,12,
2026-07-14 00:00:00,KOE1407202615,2026-07-14 00:00:00,LENGKAP,2026-07-14 16:46:00,'AA64597658,6,
2026-07-14 00:00:00,RTI6893847,2026-07-14 00:00:00,LENGKAP,2026-07-14 14:52:00,'AD99250681,1,
2026-07-14 00:00:00,KOE150720261,2026-07-15 00:00:00,LENGKAP,2026-07-15 09:56:00,'360220008343726,1,
2026-07-14 00:00:00,KOE150720261,2026-07-15 00:00:00,LENGKAP,2026-07-15 09:56:00,'360340007099026,1,
2026-07-14 00:00:00,KOE150720261,2026-07-15 00:00:00,LENGKAP,2026-07-15 09:56:00,'8000109631336,1,
2026-07-14 00:00:00,KOE150720261,2026-07-15 00:00:00,LENGKAP,2026-07-15 09:56:00,'AA64597526,39,
2026-07-14 00:00:00,KOE150720261,2026-07-15 00:00:00,LENGKAP,2026-07-15 09:56:00,'AA64597653,48,
2026-07-14 00:00:00,KOE150720261,2026-07-15 00:00:00,LENGKAP,2026-07-15 09:56:00,'AD106608250,1,
2026-07-14 00:00:00,KOE150720261,2026-07-15 00:00:00,LENGKAP,2026-07-15 09:56:00,'KOEAA03667699226,1,
2026-07-14 00:00:00,KOE150720261,2026-07-15 00:00:00,LENGKAP,2026-07-15 09:56:00,'KOEAW00081166526,1,
2026-07-14 00:00:00,KOE150720261,2026-07-15 00:00:00,LENGKAP,2026-07-15 09:56:00,'KOEEC02418880426,1,
2026-07-14 00:00:00,KOE150720261,2026-07-15 00:00:00,LENGKAP,2026-07-15 09:56:00,'KOEEC02419173126,1,
2026-07-14 00:00:00,KOE150720261,2026-07-15 00:00:00,LENGKAP,2026-07-15 09:56:00,'KOEEC02419491526,1,
2026-07-14 00:00:00,RTI6893847,2026-07-14 00:00:00,LENGKAP,2026-07-14 14:52:00,'AD99250682,1,
2026-07-14 00:00:00,RTI6893847,2026-07-14 00:00:00,LENGKAP,2026-07-14 14:52:00,'AD99250683,1,
2026-07-14 00:00:00,RTI6893847,2026-07-14 00:00:00,LENGKAP,2026-07-14 14:52:00,'AD99250684,1,
2026-07-14 00:00:00,RTI6893847,2026-07-14 00:00:00,LENGKAP,2026-07-14 14:52:00,'AD99250685,1,
2026-07-14 00:00:00,RTI6893847,2026-07-14 00:00:00,LENGKAP,2026-07-14 14:52:00,'AD99250686,1,
2026-07-14 00:00:00,RTI6893847,2026-07-14 00:00:00,LENGKAP,2026-07-14 14:52:00,'AD99250687,1,
2026-07-14 00:00:00,RTI6893847,2026-07-14 00:00:00,LENGKAP,2026-07-14 14:52:00,'AD99250688,1,
2026-07-14 00:00:00,RTI6893847,2026-07-14 00:00:00,LENGKAP,2026-07-14 14:52:00,'AD99250689,1,
2026-07-14 00:00:00,RTI6893847,2026-07-14 00:00:00,LENGKAP,2026-07-14 14:52:00,'AD99250690,1,
2026-07-14 00:00:00,RTI6893847,2026-07-14 00:00:00,LENGKAP,2026-07-14 14:52:00,'AD99250691,1,
2026-07-14 00:00:00,RTI6893847,2026-07-14 00:00:00,LENGKAP,2026-07-14 14:52:00,'AD99250693,1,
2026-07-14 00:00:00,RTI6893847,2026-07-14 00:00:00,LENGKAP,2026-07-14 14:52:00,'TR64766657,2,
2026-07-14 00:00:00,SOE8578537,2026-07-14 00:00:00,LENGKAP,2026-07-14 20:07:00,'AA64482673,1,
2026-07-14 00:00:00,SOE8578537,2026-07-14 00:00:00,LENGKAP,2026-07-14 20:07:00,'AD106442426,1,
2026-07-14 00:00:00,SOE8578537,2026-07-14 00:00:00,LENGKAP,2026-07-14 20:07:00,'AD106442428,5,
2026-07-14 00:00:00,KOE150720264,2026-07-15 00:00:00,LENGKAP,2026-07-15 08:43:00,'360100028066526,1,
2026-07-14 00:00:00,KOE150720264,2026-07-15 00:00:00,LENGKAP,2026-07-15 08:43:00,'360240017992826,1,
2026-07-14 00:00:00,KOE150720264,2026-07-15 00:00:00,LENGKAP,2026-07-15 08:43:00,'AA64597525,21,
2026-07-14 00:00:00,KOE150720264,2026-07-15 00:00:00,LENGKAP,2026-07-15 08:43:00,'AA64597528,42,
2026-07-14 00:00:00,KOE150720264,2026-07-15 00:00:00,LENGKAP,2026-07-15 08:43:00,'AD104114052,2,
2026-07-14 00:00:00,KOE150720264,2026-07-15 00:00:00,LENGKAP,2026-07-15 08:43:00,'KOEAA03667689426,1,
2026-07-14 00:00:00,KOE150720264,2026-07-15 00:00:00,LENGKAP,2026-07-15 08:43:00,'KOEEC02418513026,1,
2026-07-14 00:00:00,KOE150720264,2026-07-15 00:00:00,LENGKAP,2026-07-15 08:43:00,'KOEEC02418532626,1,
2026-07-14 00:00:00,KOE150720264,2026-07-15 00:00:00,LENGKAP,2026-07-15 08:43:00,'KOEEC02419073526,1,
2026-07-14 00:00:00,KOE150720264,2026-07-15 00:00:00,LENGKAP,2026-07-15 08:43:00,'KOEEC02419192726,1,
2026-07-14 00:00:00,SOE8578539,2026-07-14 00:00:00,LENGKAP,2026-07-15 10:23:00,'AD106442430,3,
2026-07-14 00:00:00,SOE8578540,2026-07-14 00:00:00,LENGKAP,2026-07-15 08:56:00,'AD106442431,1,
2026-07-14 00:00:00,SOE8578541,2026-07-14 00:00:00,LENGKAP,2026-07-14 17:49:00,'AD106442432,2,
2026-07-14 00:00:00,SOE8578542,2026-07-14 00:00:00,LENGKAP,2026-07-15 08:56:00,'AD106442433,1,
2026-07-14 00:00:00,TMC8242473,2026-07-14 00:00:00,LENGKAP,2026-07-14 23:50:00,'AD99250247,1,
2026-07-14 00:00:00,TMC8242473,2026-07-14 00:00:00,LENGKAP,2026-07-14 23:50:00,'AD99250249,2,
2026-07-14 00:00:00,TMC8242473,2026-07-14 00:00:00,LENGKAP,2026-07-14 23:50:00,'AD99250261,1,
2026-07-14 00:00:00,KOE471022,2026-07-14 00:00:00,LENGKAP,2026-07-14 22:55:00,'360340007320126,1,
2026-07-14 00:00:00,KOE471022,2026-07-14 00:00:00,LENGKAP,2026-07-14 22:55:00,'AA69471022,4,
2026-07-14 00:00:00,MLA8218654,2026-07-14 00:00:00,LENGKAP,2026-07-15 22:00:00,'AA72283787,1,
2026-07-14 00:00:00,MLA8218654,2026-07-14 00:00:00,LENGKAP,2026-07-15 22:00:00,'AA72283788,1,
2026-07-14 00:00:00,WGPJTR8108519,2026-07-14 00:00:00,LENGKAP,2026-07-16 09:07:00,'360420001180626,1,
2026-07-14 00:00:00,WGPJTR8108519,2026-07-14 00:00:00,LENGKAP,2026-07-16 09:07:00,'AA74700039,7,
2026-07-14 00:00:00,WKB8610834,2026-07-14 00:00:00,LENGKAP,2026-07-14 16:19:00,'TR42322761,1,
2026-07-14 00:00:00,KEF1407265,2026-07-15 00:00:00,LENGKAP,2026-07-15 09:57:00,'YS17415031,1,
2026-07-14 00:00:00,KOE150720262,2026-07-15 00:00:00,LENGKAP,2026-07-14 23:00:00,'360100033342126,1,
2026-07-14 00:00:00,KOE150720262,2026-07-15 00:00:00,LENGKAP,2026-07-14 23:00:00,'360140010831926,1,
2026-07-14 00:00:00,KOE150720262,2026-07-15 00:00:00,LENGKAP,2026-07-14 23:00:00,'360700012647126,1,
2026-07-14 00:00:00,KOE150720262,2026-07-15 00:00:00,LENGKAP,2026-07-14 23:00:00,'AA64597523,29,
2026-07-14 00:00:00,KOE150720262,2026-07-15 00:00:00,LENGKAP,2026-07-14 23:00:00,'AA64597883,2,
2026-07-14 00:00:00,KOE150720262,2026-07-15 00:00:00,LENGKAP,2026-07-14 23:00:00,'AD106580963,6,
2026-07-14 00:00:00,KOE150720263,2026-07-15 00:00:00,LENGKAP,2026-07-14 23:00:00,'360100033351926,1,
2026-07-14 00:00:00,KOE150720263,2026-07-15 00:00:00,LENGKAP,2026-07-14 23:00:00,'360100033361726,1,
2026-07-14 00:00:00,KOE150720263,2026-07-15 00:00:00,LENGKAP,2026-07-14 23:00:00,'360100033366226,1,
2026-07-14 00:00:00,KOE150720263,2026-07-15 00:00:00,LENGKAP,2026-07-14 23:00:00,'360140010833726,1,
2026-07-14 00:00:00,KOE150720263,2026-07-15 00:00:00,LENGKAP,2026-07-14 23:00:00,'360250002733126,1,
2026-07-14 00:00:00,KOE150720263,2026-07-15 00:00:00,LENGKAP,2026-07-14 23:00:00,'AA64597527,39,
2026-07-14 00:00:00,SOE8578538,2026-07-14 00:00:00,LENGKAP,2026-07-15 12:29:00,'AD106442427,1,
2026-07-14 00:00:00,KOE150720263,2026-07-15 00:00:00,LENGKAP,2026-07-14 23:00:00,'AA64597645,40,
2026-07-14 00:00:00,KOE150720263,2026-07-15 00:00:00,LENGKAP,2026-07-14 23:00:00,'KOEEC02418901626,1,
2026-07-14 00:00:00,KOE150720263,2026-07-15 00:00:00,LENGKAP,2026-07-14 23:00:00,'KOEEC02419182926,1,
2026-07-14 00:00:00,KOE150720265,2026-07-15 00:00:00,LENGKAP,2026-07-14 23:00:00,'AA64597887,15,
2026-07-14 00:00:00,TMC8242472,2026-07-14 00:00:00,LENGKAP,2026-07-15 00:06:00,'360420001188826,1,
2026-07-14 00:00:00,TMC8242472,2026-07-14 00:00:00,LENGKAP,2026-07-15 00:06:00,'AA69424853,1,
2026-07-14 00:00:00,TMC8242472,2026-07-14 00:00:00,LENGKAP,2026-07-15 00:06:00,'AA69424854,1,
2026-07-14 00:00:00,TMC8242472,2026-07-14 00:00:00,LENGKAP,2026-07-15 00:06:00,'AA69424864,1,
2026-07-14 00:00:00,TMC8242472,2026-07-14 00:00:00,LENGKAP,2026-07-15 00:06:00,'AA69424865,1,
2026-07-14 00:00:00,TMC8242472,2026-07-14 00:00:00,LENGKAP,2026-07-15 00:06:00,'AA69424866,1,
2026-07-14 00:00:00,TMC8242472,2026-07-14 00:00:00,LENGKAP,2026-07-15 00:06:00,'AA69424943,1,
2026-07-14 00:00:00,TMC8242472,2026-07-14 00:00:00,LENGKAP,2026-07-15 00:06:00,'AD99250244,1,
2026-07-14 00:00:00,TMC8242472,2026-07-14 00:00:00,LENGKAP,2026-07-15 00:06:00,'AD99250245,1,
2026-07-14 00:00:00,TMC8242472,2026-07-14 00:00:00,LENGKAP,2026-07-15 00:06:00,'AD99250246,1,
2026-07-14 00:00:00,TMC8242472,2026-07-14 00:00:00,LENGKAP,2026-07-15 00:06:00,'AD99250250,1,
2026-07-14 00:00:00,TMC8242472,2026-07-14 00:00:00,LENGKAP,2026-07-15 00:06:00,'AD99250251,1,
2026-07-14 00:00:00,TMC8242472,2026-07-14 00:00:00,LENGKAP,2026-07-15 00:06:00,'AD99250252,1,
2026-07-14 00:00:00,TMC8242472,2026-07-14 00:00:00,LENGKAP,2026-07-15 00:06:00,'AD99250256,2,
2026-07-14 00:00:00,KOE150720265,2026-07-15 00:00:00,LENGKAP,2026-07-14 23:00:00,'AD104114051,4,
2026-07-14 00:00:00,KOE150720265,2026-07-15 00:00:00,LENGKAP,2026-07-14 23:00:00,'AD106580972,6,
2026-07-14 00:00:00,KOE150720265,2026-07-15 00:00:00,LENGKAP,2026-07-14 23:00:00,'AD99250694,1,
2026-07-14 00:00:00,TMC8242474,2026-07-14 00:00:00,LENGKAP,2026-07-15 14:01:00,'AD99250248,1,
2026-07-14 00:00:00,TMC8242476,2026-07-14 00:00:00,LENGKAP,2026-07-16 08:41:00,'AD99250225,1,
2026-07-14 00:00:00,TMC8242477,2026-07-14 00:00:00,LENGKAP,2026-07-16 08:40:00,'AD99250243,1,
2026-07-14 00:00:00,WBK6113157,2026-07-14 00:00:00,LENGKAP,2026-07-15 00:05:00,'AD106339565,1,
2026-07-14 00:00:00,WBK6113157,2026-07-14 00:00:00,LENGKAP,2026-07-15 00:05:00,'AD106339566,1,
2026-07-14 00:00:00,WBK6113157,2026-07-14 00:00:00,LENGKAP,2026-07-15 00:05:00,'AD106339567,1,
2026-07-14 00:00:00,WBK6113157,2026-07-14 00:00:00,LENGKAP,2026-07-15 00:05:00,'AD106339568,1,
2026-07-14 00:00:00,WBK6113157,2026-07-14 00:00:00,LENGKAP,2026-07-15 00:05:00,'AD106339569,1,
2026-07-14 00:00:00,WBK6113158,2026-07-14 00:00:00,LENGKAP,2026-07-15 00:05:00,'AD106339570,1,
2026-07-14 00:00:00,WBK6113158,2026-07-14 00:00:00,LENGKAP,2026-07-15 00:05:00,'AD106339571,1,
2026-07-14 00:00:00,KOE150720265,2026-07-15 00:00:00,LENGKAP,2026-07-14 23:00:00,'KOEAA03667679626,1,
2026-07-14 00:00:00,KOE150720266,2026-07-15 00:00:00,LENGKAP,2026-07-14 23:00:00,'AA64597885,1,
2026-07-14 00:00:00,KOE150720267,2026-07-15 00:00:00,LENGKAP,2026-07-14 23:01:00,'AA64597524,4,
2026-07-14 00:00:00,WGP8218392,2026-07-15 00:00:00,LENGKAP,2026-07-15 09:40:00,'AD106608275,1,
2026-07-14 00:00:00,WGP8218390,2026-07-15 00:00:00,LENGKAP,2026-07-14 22:03:00,'AD106608263,1,
2026-07-14 00:00:00,WGP8218391,2026-07-15 00:00:00,LENGKAP,2026-07-14 22:03:00,'360510003723726,1,
2026-07-14 00:00:00,WKB8610833,2026-07-14 00:00:00,LENGKAP,2026-07-15 00:04:00,'AA69423805,1,
2026-07-14 00:00:00,WKB8610833,2026-07-14 00:00:00,LENGKAP,2026-07-15 00:04:00,'AA69423806,1,
2026-07-14 00:00:00,WKB8610833,2026-07-14 00:00:00,LENGKAP,2026-07-15 00:04:00,'AA69423807,1,
2026-07-14 00:00:00,WKB8610833,2026-07-14 00:00:00,LENGKAP,2026-07-15 00:04:00,'AA69423808,1,
2026-07-14 00:00:00,WKB8610833,2026-07-14 00:00:00,LENGKAP,2026-07-15 00:04:00,'AA69423809,1,
2026-07-14 00:00:00,WKB8610833,2026-07-14 00:00:00,LENGKAP,2026-07-15 00:04:00,'AA69423810,1,
2026-07-14 00:00:00,WKB8610833,2026-07-14 00:00:00,LENGKAP,2026-07-15 00:04:00,'AA69423811,1,
2026-07-14 00:00:00,WKB8610833,2026-07-14 00:00:00,LENGKAP,2026-07-15 00:04:00,'AA69423812,1,
2026-07-14 00:00:00,WKB8610833,2026-07-14 00:00:00,LENGKAP,2026-07-15 00:04:00,'AD106343897,2,
2026-07-14 00:00:00,WKB8610833,2026-07-14 00:00:00,LENGKAP,2026-07-15 00:04:00,'AD106343899,1,
2026-07-14 00:00:00,WKB8610833,2026-07-14 00:00:00,LENGKAP,2026-07-15 00:04:00,'AD106343900,1,
2026-07-14 00:00:00,WGP8218391,2026-07-15 00:00:00,LENGKAP,2026-07-14 22:03:00,'AD106608277,1,
2026-07-15 00:00:00,2747732082TMC,2026-07-15 00:00:00,LENGKAP,2026-07-15 20:02:00,'AA64597702,16,
2026-07-15 00:00:00,2747732082TMC,2026-07-15 00:00:00,LENGKAP,2026-07-15 20:02:00,'AA64597708,8,
2026-07-15 00:00:00,2747732082TMC,2026-07-15 00:00:00,LENGKAP,2026-07-15 20:02:00,'AA64597713,17,
2026-07-15 00:00:00,2747732082TMC,2026-07-15 00:00:00,LENGKAP,2026-07-15 20:02:00,'AA64597719,20,
2026-07-15 00:00:00,2747732082TMC,2026-07-15 00:00:00,LENGKAP,2026-07-15 20:02:00,'AA64597720,20,
2026-07-15 00:00:00,2747732083TMC,2026-07-15 00:00:00,LENGKAP,2026-07-15 19:56:00,'AA64597701,14,
2026-07-15 00:00:00,2747732153TMC,2026-07-15 00:00:00,LENGKAP,2026-07-15 20:02:00,'AA64597705,29,
2026-07-15 00:00:00,2747732153TMC,2026-07-15 00:00:00,LENGKAP,2026-07-15 20:02:00,'AA64597706,10,
2026-07-15 00:00:00,2747732153TMC,2026-07-15 00:00:00,LENGKAP,2026-07-15 20:02:00,'AD104114006,7,
2026-07-15 00:00:00,2747732153TMC,2026-07-15 00:00:00,LENGKAP,2026-07-15 20:02:00,'AD104114041,12,
2026-07-15 00:00:00,2747732153TMC,2026-07-15 00:00:00,LENGKAP,2026-07-15 20:02:00,'AD104114047,15,
2026-07-15 00:00:00,2747732153TMC,2026-07-15 00:00:00,LENGKAP,2026-07-15 20:02:00,'AD104114441,9,
2026-07-15 00:00:00,2747732153TMC,2026-07-15 00:00:00,LENGKAP,2026-07-15 20:02:00,'AD104114442,9,
2026-07-15 00:00:00,2747732153TMC,2026-07-15 00:00:00,LENGKAP,2026-07-15 20:02:00,'AD113070449,1,
2026-07-15 00:00:00,51300124515ENE,2026-07-15 00:00:00,LENGKAP,2026-07-15 18:31:00,'YS15284656,23,
2026-07-15 00:00:00,51300124526LBJ,2026-07-15 00:00:00,LENGKAP,2026-07-15 12:16:00,'YS15284657,19,
2026-07-15 00:00:00,51300129360ENE,2026-07-15 00:00:00,LENGKAP,2026-07-15 18:32:00,'AA64597769,90,
2026-07-15 00:00:00,51300129496,2026-07-15 00:00:00,LENGKAP,2026-07-15 16:54:00,'AA74700050,23,
2026-07-15 00:00:00,88812139455,2026-07-15 00:00:00,LENGKAP,2017-02-08 11:16:00,'AA64489938,17,
2026-07-15 00:00:00,88812139455,2026-07-15 00:00:00,LENGKAP,2017-02-08 11:16:00,'AA64489941,32,
2026-07-15 00:00:00,88812139455,2026-07-15 00:00:00,LENGKAP,2017-02-08 11:16:00,'AA64489942,15,
2026-07-15 00:00:00,88812139455,2026-07-15 00:00:00,LENGKAP,2017-02-08 11:16:00,'AA64489943,17,
2026-07-15 00:00:00,88812139455,2026-07-15 00:00:00,LENGKAP,2017-02-08 11:16:00,'AA64489944,4,
2026-07-15 00:00:00,88812139455,2026-07-15 00:00:00,LENGKAP,2017-02-08 11:16:00,'AA64489947,7,
2026-07-15 00:00:00,88812139455,2026-07-15 00:00:00,LENGKAP,2017-02-08 11:16:00,'AA64489948,10,
2026-07-15 00:00:00,88812139455,2026-07-15 00:00:00,LENGKAP,2017-02-08 11:16:00,'AA64489961,6,
2026-07-15 00:00:00,88812139455,2026-07-15 00:00:00,LENGKAP,2017-02-08 11:16:00,'YT1820023,1,
2026-07-15 00:00:00,88812139455,2026-07-15 00:00:00,LENGKAP,2017-02-08 11:16:00,'YT1820024,10,
2026-07-15 00:00:00,88812139455,2026-07-15 00:00:00,LENGKAP,2017-02-08 11:16:00,'YT1820027,15,
2026-07-15 00:00:00,88812139455,2026-07-15 00:00:00,LENGKAP,2017-02-08 11:16:00,'YT1820028,12,
2026-07-15 00:00:00,88812139455,2026-07-15 00:00:00,LENGKAP,2017-02-08 11:16:00,'YT1820029,6,
2026-07-15 00:00:00,88812139455,2026-07-15 00:00:00,LENGKAP,2017-02-08 11:16:00,'YT1820030,4,
2026-07-15 00:00:00,88812139595,2026-07-15 00:00:00,LENGKAP,2026-07-15 16:56:00,'AA64489954,1,
2026-07-15 00:00:00,88812139595,2026-07-15 00:00:00,LENGKAP,2026-07-15 16:56:00,'AA64490689,11,
2026-07-15 00:00:00,88812139595,2026-07-15 00:00:00,LENGKAP,2026-07-15 16:56:00,'AA64490690,16,
2026-07-15 00:00:00,88812139595,2026-07-15 00:00:00,LENGKAP,2026-07-15 16:56:00,'AA64490691,9,
2026-07-15 00:00:00,88812139595,2026-07-15 00:00:00,LENGKAP,2026-07-15 16:56:00,'AA64490692,22,
2026-07-15 00:00:00,88812139595,2026-07-15 00:00:00,LENGKAP,2026-07-15 16:56:00,'AA64490694,10,
2026-07-15 00:00:00,88812139595,2026-07-15 00:00:00,LENGKAP,2026-07-15 16:56:00,'AA64490695,7,
2026-07-15 00:00:00,88812139595,2026-07-15 00:00:00,LENGKAP,2026-07-15 16:56:00,'AA64490697,24,
2026-07-15 00:00:00,88812139595,2026-07-15 00:00:00,LENGKAP,2026-07-15 16:56:00,'AA64490698,9,
2026-07-15 00:00:00,88812139595,2026-07-15 00:00:00,LENGKAP,2026-07-15 16:56:00,'AA64490699,8,
2026-07-15 00:00:00,88812139595,2026-07-15 00:00:00,LENGKAP,2026-07-15 16:56:00,'AA64490700,1,
2026-07-15 00:00:00,88812139595,2026-07-15 00:00:00,LENGKAP,2026-07-15 16:56:00,'AA64490701,1,
2026-07-15 00:00:00,88812139595,2026-07-15 00:00:00,LENGKAP,2026-07-15 16:56:00,'AD99242051,20,
2026-07-15 00:00:00,88812139702,2026-07-15 00:00:00,LENGKAP,2026-07-15 10:28:00,'YS15281293,32,
2026-07-15 00:00:00,88812139702,2026-07-15 00:00:00,LENGKAP,2026-07-15 10:28:00,'YS15281294,18,
2026-07-15 00:00:00,88812139702,2026-07-15 00:00:00,LENGKAP,2026-07-15 10:28:00,'YS15281295,15,
2026-07-15 00:00:00,88812139702,2026-07-15 00:00:00,LENGKAP,2026-07-15 10:28:00,'YS15281297,29,
2026-07-15 00:00:00,88812139702,2026-07-15 00:00:00,LENGKAP,2026-07-15 10:28:00,'YS15281299,16,
2026-07-15 00:00:00,88812139702,2026-07-15 00:00:00,LENGKAP,2026-07-15 10:28:00,'YS15281300,1,
2026-07-15 00:00:00,88812139816,2026-07-15 00:00:00,LENGKAP,2017-02-07 23:56:00,'AD102696541,1,
2026-07-15 00:00:00,88812139816,2026-07-15 00:00:00,LENGKAP,2017-02-07 23:56:00,'AD102696546,10,
2026-07-15 00:00:00,88812139816,2026-07-15 00:00:00,LENGKAP,2017-02-07 23:56:00,'AD99242050,13,
2026-07-15 00:00:00,88812139816,2026-07-15 00:00:00,LENGKAP,2017-02-07 23:56:00,'AD99242053,23,
2026-07-15 00:00:00,88812139934,2026-07-15 00:00:00,LENGKAP,2026-07-15 16:55:00,'AA64490696,11,
2026-07-15 00:00:00,88812139934,2026-07-15 00:00:00,LENGKAP,2026-07-15 16:55:00,'AA64490702,6,
2026-07-15 00:00:00,88812140111,2026-07-15 00:00:00,LENGKAP,2026-07-15 19:06:00,'AA64489930,2,
2026-07-15 00:00:00,88812140111,2026-07-15 00:00:00,LENGKAP,2026-07-15 19:06:00,'AA64489934,16,
2026-07-15 00:00:00,88812140111,2026-07-15 00:00:00,LENGKAP,2026-07-15 19:06:00,'AA64489945,2,
2026-07-15 00:00:00,88812140111,2026-07-15 00:00:00,LENGKAP,2026-07-15 19:06:00,'AA64489946,1,
2026-07-15 00:00:00,88812140111,2026-07-15 00:00:00,LENGKAP,2026-07-15 19:06:00,'AA64489949,18,
2026-07-15 00:00:00,88812140111,2026-07-15 00:00:00,LENGKAP,2026-07-15 19:06:00,'AA64489952,23,
2026-07-15 00:00:00,88812140111,2026-07-15 00:00:00,LENGKAP,2026-07-15 19:06:00,'AA64489953,18,
2026-07-15 00:00:00,88812140111,2026-07-15 00:00:00,LENGKAP,2026-07-15 19:06:00,'AA64489955,20,
2026-07-15 00:00:00,88812140111,2026-07-15 00:00:00,LENGKAP,2026-07-15 19:06:00,'AA64489957,15,
2026-07-15 00:00:00,88812140111,2026-07-15 00:00:00,LENGKAP,2026-07-15 19:06:00,'AA64489959,8,
2026-07-15 00:00:00,88812140181,2026-07-15 00:00:00,LENGKAP,2026-07-15 23:27:00,'AA64489950,34,
2026-07-15 00:00:00,88812140181,2026-07-15 00:00:00,LENGKAP,2026-07-15 23:27:00,'AA64489951,20,
2026-07-15 00:00:00,88812140181,2026-07-15 00:00:00,LENGKAP,2026-07-15 23:27:00,'AA64490703,3,
2026-07-15 00:00:00,88812140181,2026-07-15 00:00:00,LENGKAP,2026-07-15 23:27:00,'AD99242052,2,
2026-07-15 00:00:00,92000852261,2026-07-15 00:00:00,LENGKAP,2026-07-16 02:22:00,'YS40164528,2,
2026-07-15 00:00:00,99001153600,2026-07-15 00:00:00,LENGKAP,2026-07-15 11:46:00,'YS40164526,11,
2026-07-15 00:00:00,99001153600,2026-07-15 00:00:00,LENGKAP,2026-07-15 11:46:00,'YS40164527,1,
2026-07-15 00:00:00,99001153600,2026-07-15 00:00:00,LENGKAP,2026-07-15 11:46:00,'YT1267188,7,
2026-07-15 00:00:00,99001165695,2026-07-15 00:00:00,LENGKAP,2026-07-15 21:38:00,'AA64489926,4,
2026-07-15 00:00:00,99001165695,2026-07-15 00:00:00,LENGKAP,2026-07-15 21:38:00,'YS15281298,4,
2026-07-15 00:00:00,ABU364400,2026-07-15 00:00:00,LENGKAP,2026-07-15 22:10:00,'AD99200364,1,
2026-07-15 00:00:00,ABU364400,2026-07-15 00:00:00,LENGKAP,2026-07-15 22:10:00,'AD99200365,1,
2026-07-15 00:00:00,ABU364400,2026-07-15 00:00:00,LENGKAP,2026-07-15 22:10:00,'AD99200366,1,
2026-07-15 00:00:00,ABU364400,2026-07-15 00:00:00,LENGKAP,2026-07-15 22:10:00,'AD99200367,1,
2026-07-15 00:00:00,ABU364400,2026-07-15 00:00:00,LENGKAP,2026-07-15 22:10:00,'AD99200368,1,
2026-07-15 00:00:00,ABU364400,2026-07-15 00:00:00,LENGKAP,2026-07-15 22:10:00,'AD99200369,1,
2026-07-15 00:00:00,ABU364400,2026-07-15 00:00:00,LENGKAP,2026-07-15 22:10:00,'AD99200370,1,
2026-07-15 00:00:00,ABU364400,2026-07-15 00:00:00,LENGKAP,2026-07-15 22:10:00,'AD99200371,1,
2026-07-15 00:00:00,ABU364400,2026-07-15 00:00:00,LENGKAP,2026-07-15 22:10:00,'AD99200372,1,
2026-07-15 00:00:00,ABU364400,2026-07-15 00:00:00,LENGKAP,2026-07-15 22:10:00,'AD99200373,1,
2026-07-15 00:00:00,ABU364400,2026-07-15 00:00:00,LENGKAP,2026-07-15 22:10:00,'AD99200374,1,
2026-07-15 00:00:00,ABU364400,2026-07-15 00:00:00,LENGKAP,2026-07-15 22:10:00,'AD99200375,1,
2026-07-15 00:00:00,ABU364400,2026-07-15 00:00:00,LENGKAP,2026-07-15 22:10:00,'AD99200376,1,
2026-07-15 00:00:00,ABU364400,2026-07-15 00:00:00,LENGKAP,2026-07-15 22:10:00,'AD99200377,1,
2026-07-15 00:00:00,ABU364400,2026-07-15 00:00:00,LENGKAP,2026-07-15 22:10:00,'AD99200378,1,
2026-07-15 00:00:00,ABU364400,2026-07-15 00:00:00,LENGKAP,2026-07-15 22:10:00,'AD99200379,1,
2026-07-15 00:00:00,ABU364400,2026-07-15 00:00:00,LENGKAP,2026-07-15 22:10:00,'AD99200380,1,
2026-07-15 00:00:00,ABU364400,2026-07-15 00:00:00,LENGKAP,2026-07-15 22:10:00,'AD99200381,1,
2026-07-15 00:00:00,ABU364400,2026-07-15 00:00:00,LENGKAP,2026-07-15 22:10:00,'AD99200382,1,
2026-07-15 00:00:00,ABU364400,2026-07-15 00:00:00,LENGKAP,2026-07-15 22:10:00,'AD99200383,1,
2026-07-15 00:00:00,ABU364400,2026-07-15 00:00:00,LENGKAP,2026-07-15 22:10:00,'AD99200384,1,
2026-07-15 00:00:00,ABU364400,2026-07-15 00:00:00,LENGKAP,2026-07-15 22:10:00,'AD99200385,1,
2026-07-15 00:00:00,ABU364400,2026-07-15 00:00:00,LENGKAP,2026-07-15 22:10:00,'AD99200391,1,
2026-07-15 00:00:00,ABU364400,2026-07-15 00:00:00,LENGKAP,2026-07-15 22:10:00,'AD99200392,1,
2026-07-15 00:00:00,ABU364400,2026-07-15 00:00:00,LENGKAP,2026-07-15 22:10:00,'AD99200393,1,
2026-07-15 00:00:00,ABU364400,2026-07-15 00:00:00,LENGKAP,2026-07-15 22:10:00,'AD99200394,1,
2026-07-15 00:00:00,ABU364400,2026-07-15 00:00:00,LENGKAP,2026-07-15 22:10:00,'AD99200395,1,
2026-07-15 00:00:00,ABU364400,2026-07-15 00:00:00,LENGKAP,2026-07-15 22:10:00,'AD99200396,1,
2026-07-15 00:00:00,ABU364400,2026-07-15 00:00:00,LENGKAP,2026-07-15 22:10:00,'AD99200397,1,
2026-07-15 00:00:00,ABU364400,2026-07-15 00:00:00,LENGKAP,2026-07-15 22:10:00,'AD99200398,1,
2026-07-15 00:00:00,ABU364400,2026-07-15 00:00:00,LENGKAP,2026-07-15 22:10:00,'AD99200399,1,
2026-07-15 00:00:00,ABU364400,2026-07-15 00:00:00,LENGKAP,2026-07-15 22:10:00,'AD99200400,1,
2026-07-15 00:00:00,ABU364400,2026-07-15 00:00:00,LENGKAP,2026-07-15 22:10:00,'TR51638759,1,
2026-07-15 00:00:00,ABU364400,2026-07-15 00:00:00,LENGKAP,2026-07-15 22:10:00,'TR51638760,1,
2026-07-15 00:00:00,ABU386415,2026-07-15 00:00:00,LENGKAP,2026-07-15 19:22:00,'AD99200386,8,
2026-07-15 00:00:00,ABU386415,2026-07-15 00:00:00,LENGKAP,2026-07-15 19:22:00,'AD99200387,1,
2026-07-15 00:00:00,ABU386415,2026-07-15 00:00:00,LENGKAP,2026-07-15 19:22:00,'AD99200415,3,
2026-07-15 00:00:00,ABU388414,2026-07-15 00:00:00,LENGKAP,2026-07-16 11:07:00,'AD99200388,3,
2026-07-15 00:00:00,ABU388414,2026-07-15 00:00:00,LENGKAP,2026-07-16 11:07:00,'AD99200413,1,
2026-07-15 00:00:00,ABU388414,2026-07-15 00:00:00,LENGKAP,2026-07-16 11:07:00,'AD99200414,1,
2026-07-15 00:00:00,ABU38999,2026-07-15 00:00:00,LENGKAP,,'AD99200389,1,
2026-07-15 00:00:00,ABU401416,2026-07-15 00:00:00,LENGKAP,2026-07-16 13:18:00,'AD99200401,1,
2026-07-15 00:00:00,ABU401416,2026-07-15 00:00:00,LENGKAP,2026-07-16 13:18:00,'AD99200402,1,
2026-07-15 00:00:00,ABU401416,2026-07-15 00:00:00,LENGKAP,2026-07-16 13:18:00,'AD99200403,1,
2026-07-15 00:00:00,ABU401416,2026-07-15 00:00:00,LENGKAP,2026-07-16 13:18:00,'AD99200404,1,
2026-07-15 00:00:00,ABU401416,2026-07-15 00:00:00,LENGKAP,2026-07-16 13:18:00,'AD99200405,1,
2026-07-15 00:00:00,ABU401416,2026-07-15 00:00:00,LENGKAP,2026-07-16 13:18:00,'AD99200406,1,
2026-07-15 00:00:00,ABU401416,2026-07-15 00:00:00,LENGKAP,2026-07-16 13:18:00,'AD99200407,1,
2026-07-15 00:00:00,ABU401416,2026-07-15 00:00:00,LENGKAP,2026-07-16 13:18:00,'AD99200408,1,
2026-07-15 00:00:00,ABU401416,2026-07-15 00:00:00,LENGKAP,2026-07-16 13:18:00,'AD99200409,1,
2026-07-15 00:00:00,ABU401416,2026-07-15 00:00:00,LENGKAP,2026-07-16 13:18:00,'AD99200410,1,
2026-07-15 00:00:00,ABU401416,2026-07-15 00:00:00,LENGKAP,2026-07-16 13:18:00,'AD99200411,1,
2026-07-15 00:00:00,ABU401416,2026-07-15 00:00:00,LENGKAP,2026-07-16 13:18:00,'AD99200412,1,
2026-07-15 00:00:00,ABU401416,2026-07-15 00:00:00,LENGKAP,2026-07-16 13:18:00,'AD99200416,1,
2026-07-15 00:00:00,ABU401416,2026-07-15 00:00:00,LENGKAP,2026-07-16 13:18:00,'AD99200417,1,
2026-07-15 00:00:00,ABU401416,2026-07-15 00:00:00,LENGKAP,2026-07-16 13:18:00,'AD99200418,1,
2026-07-15 00:00:00,ABU401416,2026-07-15 00:00:00,LENGKAP,2026-07-16 13:18:00,'AD99200419,1,
2026-07-15 00:00:00,ABU401416,2026-07-15 00:00:00,LENGKAP,2026-07-16 13:18:00,'AD99200420,1,
2026-07-15 00:00:00,ABU401416,2026-07-15 00:00:00,LENGKAP,2026-07-16 13:18:00,'AD99200421,1,
2026-07-15 00:00:00,ABU401416,2026-07-15 00:00:00,LENGKAP,2026-07-16 13:18:00,'AD99200422,1,
2026-07-15 00:00:00,ABU401416,2026-07-15 00:00:00,LENGKAP,2026-07-16 13:18:00,'AD99200423,1,
2026-07-15 00:00:00,ABU401416,2026-07-15 00:00:00,LENGKAP,2026-07-16 13:18:00,'AD99200424,1,
2026-07-15 00:00:00,ABU401416,2026-07-15 00:00:00,LENGKAP,2026-07-16 13:18:00,'AD99200425,1,
2026-07-15 00:00:00,ABU401416,2026-07-15 00:00:00,LENGKAP,2026-07-16 13:18:00,'AD99200426,1,
2026-07-15 00:00:00,ABU401416,2026-07-15 00:00:00,LENGKAP,2026-07-16 13:18:00,'TR51638761,1,
2026-07-15 00:00:00,ABU401416,2026-07-15 00:00:00,LENGKAP,2026-07-16 13:18:00,'TR51638762,1,
2026-07-15 00:00:00,ABU401416,2026-07-15 00:00:00,LENGKAP,2026-07-16 13:18:00,'TR51638763,1,
2026-07-15 00:00:00,ABU764429,2026-07-15 00:00:00,LENGKAP,2026-07-16 08:23:00,'AD99200429,15,
2026-07-15 00:00:00,ABU42888,2026-07-15 00:00:00,LENGKAP,2026-07-16 11:09:00,'AD99200428,3,
2026-07-15 00:00:00,ABU42888,2026-07-15 00:00:00,LENGKAP,2026-07-16 11:09:00,'AD99200430,1,
2026-07-15 00:00:00,ABU431111,2026-07-15 00:00:00,LENGKAP,2026-07-16 07:42:00,'AD99200431,3,
2026-07-15 00:00:00,ABU764429,2026-07-15 00:00:00,LENGKAP,2026-07-16 08:23:00,'TR51638764,1,
2026-07-15 00:00:00,JTRKOE8241169,2026-07-15 00:00:00,LENGKAP,2026-07-15 07:55:00,'AA64597707,17,
2026-07-15 00:00:00,JTRKOE8241169,2026-07-15 00:00:00,LENGKAP,2026-07-15 07:55:00,'AA64597711,32,
2026-07-15 00:00:00,JTRKOE8241169,2026-07-15 00:00:00,LENGKAP,2026-07-15 07:55:00,'AA64597721,15,
2026-07-15 00:00:00,JTRKOE8241169,2026-07-15 00:00:00,LENGKAP,2026-07-15 07:55:00,'AA64597723,23,
2026-07-15 00:00:00,KEF1507263,2026-07-15 00:00:00,LENGKAP,2026-07-15 19:25:00,'AD106585321,1,
2026-07-15 00:00:00,KEF1507261,2026-07-15 00:00:00,LENGKAP,2026-07-15 09:58:00,'AD106585324,3,
2026-07-15 00:00:00,KEF1507262,2026-07-15 00:00:00,LENGKAP,2026-07-16 22:04:00,'AA63898541,1,
2026-07-15 00:00:00,KEF1507262,2026-07-15 00:00:00,LENGKAP,2026-07-16 22:04:00,'AA63898542,1,
2026-07-15 00:00:00,KEF1507262,2026-07-15 00:00:00,LENGKAP,2026-07-16 22:04:00,'AA63898543,1,
2026-07-15 00:00:00,KEF1507262,2026-07-15 00:00:00,LENGKAP,2026-07-16 22:04:00,'AA63898544,1,
2026-07-15 00:00:00,KEF1507262,2026-07-15 00:00:00,LENGKAP,2026-07-16 22:04:00,'AA63898545,1,
2026-07-15 00:00:00,KEF1507262,2026-07-15 00:00:00,LENGKAP,2026-07-16 22:04:00,'AA63898546,1,
2026-07-15 00:00:00,KEF1507262,2026-07-15 00:00:00,LENGKAP,2026-07-16 22:04:00,'AA63898547,1,
2026-07-15 00:00:00,KEF1507262,2026-07-15 00:00:00,LENGKAP,2026-07-16 22:04:00,'AA63898548,1,
2026-07-15 00:00:00,KEF1507262,2026-07-15 00:00:00,LENGKAP,2026-07-16 22:04:00,'AA63898549,1,
2026-07-15 00:00:00,KEF1507262,2026-07-15 00:00:00,LENGKAP,2026-07-16 22:04:00,'AA63898550,1,
2026-07-15 00:00:00,KEF1507262,2026-07-15 00:00:00,LENGKAP,2026-07-16 22:04:00,'AA63898551,1,
2026-07-15 00:00:00,KEF1507262,2026-07-15 00:00:00,LENGKAP,2026-07-16 22:04:00,'AA63898552,1,
2026-07-15 00:00:00,KEF1507262,2026-07-15 00:00:00,LENGKAP,2026-07-16 22:04:00,'AA63898553,1,
2026-07-15 00:00:00,KEF1507262,2026-07-15 00:00:00,LENGKAP,2026-07-16 22:04:00,'AA63898554,1,
2026-07-15 00:00:00,KEF1507262,2026-07-15 00:00:00,LENGKAP,2026-07-16 22:04:00,'AA63898555,1,
2026-07-15 00:00:00,KEF1507262,2026-07-15 00:00:00,LENGKAP,2026-07-16 22:04:00,'AA63898556,1,
2026-07-15 00:00:00,KEF1507262,2026-07-15 00:00:00,LENGKAP,2026-07-16 22:04:00,'AA63898557,1,
2026-07-15 00:00:00,KEF1507262,2026-07-15 00:00:00,LENGKAP,2026-07-16 22:04:00,'AA63898558,1,
2026-07-15 00:00:00,KEF1507262,2026-07-15 00:00:00,LENGKAP,2026-07-16 22:04:00,'AA63898559,1,
2026-07-15 00:00:00,KEF1507262,2026-07-15 00:00:00,LENGKAP,2026-07-16 22:04:00,'AA63898560,1,
2026-07-15 00:00:00,KEF1507262,2026-07-15 00:00:00,LENGKAP,2026-07-16 22:04:00,'AA63898561,1,
2026-07-15 00:00:00,KEF1507262,2026-07-15 00:00:00,LENGKAP,2026-07-16 22:04:00,'AA63898562,1,
2026-07-15 00:00:00,KEF1507262,2026-07-15 00:00:00,LENGKAP,2026-07-16 22:04:00,'AA63898563,1,
2026-07-15 00:00:00,KEF1507262,2026-07-15 00:00:00,LENGKAP,2026-07-16 22:04:00,'AA63898564,1,
2026-07-15 00:00:00,KEF1507262,2026-07-15 00:00:00,LENGKAP,2026-07-16 22:04:00,'TR00041208,1,
2026-07-15 00:00:00,KEF1507262,2026-07-15 00:00:00,LENGKAP,2026-07-16 22:04:00,'TR00041209,2,
2026-07-15 00:00:00,KEF1507262,2026-07-15 00:00:00,LENGKAP,2026-07-16 22:04:00,'TR00041210,1,
2026-07-15 00:00:00,KEF1507263,2026-07-15 00:00:00,LENGKAP,2026-07-15 19:25:00,'AD106585322,1,
2026-07-15 00:00:00,KEF1507263,2026-07-15 00:00:00,LENGKAP,2026-07-15 19:25:00,'AD106585323,4,
2026-07-15 00:00:00,KEF1507263,2026-07-15 00:00:00,LENGKAP,2026-07-15 19:25:00,'AD106585325,1,
2026-07-15 00:00:00,KEF1507263,2026-07-15 00:00:00,LENGKAP,2026-07-15 19:25:00,'AD106585326,1,
2026-07-15 00:00:00,KEF1507263,2026-07-15 00:00:00,LENGKAP,2026-07-15 19:25:00,'AD106585327,1,
2026-07-15 00:00:00,KEF1507265,2026-07-15 00:00:00,LENGKAP,2026-07-16 08:20:00,'AD106585328,1,
2026-07-15 00:00:00,KEF1507264,2026-07-15 00:00:00,LENGKAP,2026-07-16 13:19:00,'AA63898565,1,
2026-07-15 00:00:00,KEF1507264,2026-07-15 00:00:00,LENGKAP,2026-07-16 13:19:00,'AA63898566,1,
2026-07-15 00:00:00,KEF1507264,2026-07-15 00:00:00,LENGKAP,2026-07-16 13:19:00,'AA63898567,1,
2026-07-15 00:00:00,KEF1507264,2026-07-15 00:00:00,LENGKAP,2026-07-16 13:19:00,'AA63898568,1,
2026-07-15 00:00:00,KEF1507264,2026-07-15 00:00:00,LENGKAP,2026-07-16 13:19:00,'AA63898569,1,
2026-07-15 00:00:00,KEF1507264,2026-07-15 00:00:00,LENGKAP,2026-07-16 13:19:00,'AA63898570,1,
2026-07-15 00:00:00,KEF1507264,2026-07-15 00:00:00,LENGKAP,2026-07-16 13:19:00,'AA63898571,1,
2026-07-15 00:00:00,KEF1507264,2026-07-15 00:00:00,LENGKAP,2026-07-16 13:19:00,'AA63898572,1,
2026-07-15 00:00:00,KEF1507264,2026-07-15 00:00:00,LENGKAP,2026-07-16 13:19:00,'AA63898573,1,
2026-07-15 00:00:00,KEF1507264,2026-07-15 00:00:00,LENGKAP,2026-07-16 13:19:00,'AA63898574,1,
2026-07-15 00:00:00,KEF1507264,2026-07-15 00:00:00,LENGKAP,2026-07-16 13:19:00,'AA63898575,1,
2026-07-15 00:00:00,KEF1507264,2026-07-15 00:00:00,LENGKAP,2026-07-16 13:19:00,'AA63898576,1,
2026-07-15 00:00:00,KEF1507264,2026-07-15 00:00:00,LENGKAP,2026-07-16 13:19:00,'AA63898577,1,
2026-07-15 00:00:00,KEF1507264,2026-07-15 00:00:00,LENGKAP,2026-07-16 13:19:00,'AA63898578,1,
2026-07-15 00:00:00,KEF1507264,2026-07-15 00:00:00,LENGKAP,2026-07-16 13:19:00,'AA63898579,1,
2026-07-15 00:00:00,KEF1507264,2026-07-15 00:00:00,LENGKAP,2026-07-16 13:19:00,'AA63898580,1,
2026-07-15 00:00:00,KEF1507265,2026-07-15 00:00:00,LENGKAP,2026-07-16 08:20:00,'AD106585329,1,
2026-07-15 00:00:00,KEF1507265,2026-07-15 00:00:00,LENGKAP,2026-07-16 08:20:00,'AD106585330,1,
2026-07-15 00:00:00,KEF1507265,2026-07-15 00:00:00,LENGKAP,2026-07-16 08:20:00,'AD106585331,3,
2026-07-15 00:00:00,KOE1507202611,2026-07-15 00:00:00,LENGKAP,2026-07-15 16:55:00,'360140010857826,1,
2026-07-15 00:00:00,KEF1507266,2026-07-15 00:00:00,LENGKAP,2026-07-16 07:42:00,'AD106585333,1,
2026-07-15 00:00:00,KEF1507267,2026-07-16 00:00:00,LENGKAP,2026-07-16 09:51:00,'AD106585332,1,
2026-07-15 00:00:00,KEF1507268,2026-07-16 00:00:00,LENGKAP,2026-07-16 15:40:00,'YS17415032,1,
2026-07-15 00:00:00,KOE1507202611,2026-07-15 00:00:00,LENGKAP,2026-07-15 16:55:00,'360140010866726,1,
2026-07-15 00:00:00,KOE1507202611,2026-07-15 00:00:00,LENGKAP,2026-07-15 16:55:00,'AA64489937,2,
2026-07-15 00:00:00,KOE1507202611,2026-07-15 00:00:00,LENGKAP,2026-07-15 16:55:00,'KOEEC02419711926,1,
2026-07-15 00:00:00,KOE1507202612,2026-07-15 00:00:00,LENGKAP,2026-07-16 09:52:00,'360140010859626,1,
2026-07-15 00:00:00,KOE1507202612,2026-07-15 00:00:00,LENGKAP,2026-07-16 09:52:00,'360140010864926,1,
2026-07-15 00:00:00,KOE1507202613,2026-07-15 00:00:00,LENGKAP,,'360140010858726,1,
2026-07-15 00:00:00,KOE1507202613,2026-07-15 00:00:00,LENGKAP,,'360140010860326,1,
2026-07-15 00:00:00,KOE1507202613,2026-07-15 00:00:00,LENGKAP,,'360140010863026,1,
2026-07-15 00:00:00,KOE1507202613,2026-07-15 00:00:00,LENGKAP,,'360140010867626,1,
2026-07-15 00:00:00,KOE1507202613,2026-07-15 00:00:00,LENGKAP,,'AA64489933,2,
2026-07-15 00:00:00,KOE1507202614,2026-07-15 00:00:00,LENGKAP,2026-07-15 13:24:00,'360140010868526,1,
2026-07-15 00:00:00,KOE1507202614,2026-07-15 00:00:00,LENGKAP,2026-07-15 13:24:00,'AA64489929,2,
2026-07-15 00:00:00,KOE471026,2026-07-15 00:00:00,LENGKAP,2026-07-15 23:32:00,'AA69471026,5,
2026-07-15 00:00:00,KOE160720261,2026-07-16 00:00:00,LENGKAP,2026-07-16 15:40:00,'360100033587526,1,
2026-07-15 00:00:00,KOE160720261,2026-07-16 00:00:00,LENGKAP,2026-07-16 15:40:00,'450001970468,1,
2026-07-15 00:00:00,KOE160720261,2026-07-16 00:00:00,LENGKAP,2026-07-16 15:40:00,'450001970850,1,
2026-07-15 00:00:00,KOE160720261,2026-07-16 00:00:00,LENGKAP,2026-07-16 15:40:00,'AA64597873,30,
2026-07-15 00:00:00,KOE160720261,2026-07-16 00:00:00,LENGKAP,2026-07-16 15:40:00,'AA64597875,33,
2026-07-15 00:00:00,KOE160720261,2026-07-16 00:00:00,LENGKAP,2026-07-16 15:40:00,'KOEAA03667839626,1,
2026-07-15 00:00:00,KOE160720261,2026-07-16 00:00:00,LENGKAP,2026-07-16 15:40:00,'KOEAA03667859226,1,
2026-07-15 00:00:00,KOE160720261,2026-07-16 00:00:00,LENGKAP,2026-07-16 15:40:00,'KOEEC02420095626,1,
2026-07-15 00:00:00,KOE160720261,2026-07-16 00:00:00,LENGKAP,2026-07-16 15:40:00,'KOEEC02420325826,1,
2026-07-15 00:00:00,KOE160720261,2026-07-16 00:00:00,LENGKAP,2026-07-16 15:40:00,'KOEEC02420624626,1,
2026-07-15 00:00:00,KOE160720261,2026-07-16 00:00:00,LENGKAP,2026-07-16 15:40:00,'KOEEC02420804226,1,
2026-07-15 00:00:00,KOE160720261,2026-07-16 00:00:00,LENGKAP,2026-07-16 15:40:00,'KOEEC02420882626,1,
2026-07-15 00:00:00,KOE160720261,2026-07-16 00:00:00,LENGKAP,2026-07-16 15:40:00,'KOEEC02420982226,1,
2026-07-15 00:00:00,KOE160720261,2026-07-16 00:00:00,LENGKAP,2026-07-16 15:40:00,'KOEEC02421514926,1,
2026-07-15 00:00:00,MLA8218659,2026-07-15 00:00:00,LENGKAP,2026-07-16 11:10:00,'AD106441292,1,
2026-07-15 00:00:00,MLA8218664,2026-07-15 00:00:00,LENGKAP,2026-07-16 11:11:00,'AD106441304,1,
2026-07-15 00:00:00,MLA8218665,2026-07-15 00:00:00,LENGKAP,,'AD106441303,1,
2026-07-15 00:00:00,OLS022211,2026-07-15 00:00:00,LENGKAP,2026-07-15 13:26:00,'AD104095836,1,
2026-07-15 00:00:00,OLS022213,2026-07-15 00:00:00,LENGKAP,2026-07-15 16:58:00,'AD104095838,1,
2026-07-15 00:00:00,OLS1507202602,2026-07-15 00:00:00,LENGKAP,2026-07-15 13:48:00,'AD104095837,1,
2026-07-15 00:00:00,OLS1507202602,2026-07-15 00:00:00,LENGKAP,2026-07-15 13:48:00,'AD104095839,3,
2026-07-15 00:00:00,OLS1507202602,2026-07-15 00:00:00,LENGKAP,2026-07-15 13:48:00,'AD104095840,1,
2026-07-15 00:00:00,OLS1507202603,2026-07-15 00:00:00,LENGKAP,2026-07-15 13:51:00,'AD104095843,1,
2026-07-15 00:00:00,OLS1507202604,2026-07-15 00:00:00,LENGKAP,2026-07-15 14:54:00,'AD104095842,1,
2026-07-15 00:00:00,OLS1507202604,2026-07-15 00:00:00,LENGKAP,2026-07-15 14:54:00,'AD104095844,1,
2026-07-15 00:00:00,SAB8610140,2026-07-15 00:00:00,LENGKAP,2026-07-15 16:50:00,'AD106506920,1,
2026-07-15 00:00:00,SAB8610140,2026-07-15 00:00:00,LENGKAP,2026-07-15 16:50:00,'AD106506921,1,
2026-07-15 00:00:00,SAB8610140,2026-07-15 00:00:00,LENGKAP,2026-07-15 16:50:00,'AD106506922,1,
2026-07-15 00:00:00,SAB8610140,2026-07-15 00:00:00,LENGKAP,2026-07-15 16:50:00,'AD106506923,1,
2026-07-15 00:00:00,SAB8610140,2026-07-15 00:00:00,LENGKAP,2026-07-15 16:50:00,'AD106506924,1,
2026-07-15 00:00:00,SAB8610140,2026-07-15 00:00:00,LENGKAP,2026-07-15 16:50:00,'AD106506925,1,
2026-07-15 00:00:00,SAB8610140,2026-07-15 00:00:00,LENGKAP,2026-07-15 16:50:00,'AD106506926,1,
2026-07-15 00:00:00,SAB8610140,2026-07-15 00:00:00,LENGKAP,2026-07-15 16:50:00,'AD106506927,1,
2026-07-15 00:00:00,SAB8610140,2026-07-15 00:00:00,LENGKAP,2026-07-15 16:50:00,'AD106506928,1,
2026-07-15 00:00:00,SAB8610140,2026-07-15 00:00:00,LENGKAP,2026-07-15 16:50:00,'AD106506929,1,
2026-07-15 00:00:00,KOE160720265,2026-07-16 00:00:00,LENGKAP,2026-07-16 10:47:00,'AA64597869,31,
2026-07-15 00:00:00,KOE160720265,2026-07-16 00:00:00,LENGKAP,2026-07-16 10:47:00,'AD106442437,1,
2026-07-15 00:00:00,SAB8610140,2026-07-15 00:00:00,LENGKAP,2026-07-15 16:50:00,'AD106506930,1,
2026-07-15 00:00:00,SAB8610140,2026-07-15 00:00:00,LENGKAP,2026-07-15 16:50:00,'AD106506931,1,
2026-07-15 00:00:00,KOE22534,2026-07-15 00:00:00,LENGKAP,2026-07-15 23:38:00,'8000120322534,1,
2026-07-15 00:00:00,SAB8610140,2026-07-15 00:00:00,LENGKAP,2026-07-15 16:50:00,'AD106506932,1,
2026-07-15 00:00:00,MLA8218656,2026-07-15 00:00:00,LENGKAP,2026-07-16 13:20:00,'AA72283789,1,
2026-07-15 00:00:00,MLA8218656,2026-07-15 00:00:00,LENGKAP,2026-07-16 13:20:00,'AA72283790,1,
2026-07-15 00:00:00,MLA8218656,2026-07-15 00:00:00,LENGKAP,2026-07-16 13:20:00,'AA72283791,1,
2026-07-15 00:00:00,MLA8218656,2026-07-15 00:00:00,LENGKAP,2026-07-16 13:20:00,'AA72283792,1,
2026-07-15 00:00:00,MLA8218656,2026-07-15 00:00:00,LENGKAP,2026-07-16 13:20:00,'AA72283793,1,
2026-07-15 00:00:00,MLA8218656,2026-07-15 00:00:00,LENGKAP,2026-07-16 13:20:00,'AA72283794,1,
2026-07-15 00:00:00,MLA8218656,2026-07-15 00:00:00,LENGKAP,2026-07-16 13:20:00,'AA72283795,1,
2026-07-15 00:00:00,MLA8218656,2026-07-15 00:00:00,LENGKAP,2026-07-16 13:20:00,'AA72283796,1,
2026-07-15 00:00:00,MLA8218656,2026-07-15 00:00:00,LENGKAP,2026-07-16 13:20:00,'AA72283797,1,
2026-07-15 00:00:00,MLA8218657,2026-07-15 00:00:00,LENGKAP,2026-07-16 20:27:00,'AD106441289,4,
2026-07-15 00:00:00,MLA8218657,2026-07-15 00:00:00,LENGKAP,2026-07-16 20:27:00,'AD106441293,1,
2026-07-15 00:00:00,MLA8218658,2026-07-15 00:00:00,LENGKAP,2026-07-16 07:42:00,'AD106441290,1,
2026-07-15 00:00:00,SAB8610140,2026-07-15 00:00:00,LENGKAP,2026-07-15 16:50:00,'AD106506933,1,
2026-07-15 00:00:00,MLA8218662,2026-07-15 00:00:00,LENGKAP,2026-07-16 13:19:00,'AA72283798,5,
2026-07-15 00:00:00,MLA8218662,2026-07-15 00:00:00,LENGKAP,2026-07-16 13:19:00,'AA72283799,3,
2026-07-15 00:00:00,MLA8218662,2026-07-15 00:00:00,LENGKAP,2026-07-16 13:19:00,'AA72283800,1,
2026-07-15 00:00:00,MLA8218662,2026-07-15 00:00:00,LENGKAP,2026-07-16 13:19:00,'AA72283801,1,
2026-07-15 00:00:00,MLA8218662,2026-07-15 00:00:00,LENGKAP,2026-07-16 13:19:00,'AA72283802,1,
2026-07-15 00:00:00,MLA8218662,2026-07-15 00:00:00,LENGKAP,2026-07-16 13:19:00,'AD106441294,1,
2026-07-15 00:00:00,MLA8218663,2026-07-15 00:00:00,LENGKAP,2026-07-16 08:33:00,'AD106441302,4,
2026-07-15 00:00:00,SAB8610140,2026-07-15 00:00:00,LENGKAP,2026-07-15 16:50:00,'AD106506934,1,
2026-07-15 00:00:00,SAB8610140,2026-07-15 00:00:00,LENGKAP,2026-07-15 16:50:00,'AD106506935,1,
2026-07-15 00:00:00,MLA82186660,2026-07-15 00:00:00,LENGKAP,2026-07-16 15:45:00,'AD106441291,1,
2026-07-15 00:00:00,MLA82186661,2026-07-15 00:00:00,LENGKAP,2026-07-16 13:30:00,'AD106441288,1,
2026-07-15 00:00:00,MLO8610300,2026-07-15 00:00:00,LENGKAP,2026-07-15 15:31:00,'AA62637337,1,
2026-07-15 00:00:00,MLO8610300,2026-07-15 00:00:00,LENGKAP,2026-07-15 15:31:00,'AA62637340,1,
2026-07-15 00:00:00,MLO8610300,2026-07-15 00:00:00,LENGKAP,2026-07-15 15:31:00,'AD97568195,1,
2026-07-15 00:00:00,OLS022210,2026-07-15 00:00:00,LENGKAP,2026-07-15 17:00:00,'AD104095834,1,
2026-07-15 00:00:00,SAB8610140,2026-07-15 00:00:00,LENGKAP,2026-07-15 16:50:00,'AD106506936,1,
2026-07-15 00:00:00,OLS022212,2026-07-15 00:00:00,LENGKAP,2026-07-16 11:14:00,'AD104095835,1,
2026-07-15 00:00:00,SAB8610140,2026-07-15 00:00:00,LENGKAP,2026-07-15 16:50:00,'AD106506937,1,
2026-07-15 00:00:00,SAB8610140,2026-07-15 00:00:00,LENGKAP,2026-07-15 16:50:00,'AD106506938,1,
2026-07-15 00:00:00,SAB8610140,2026-07-15 00:00:00,LENGKAP,2026-07-15 16:50:00,'AD106506939,1,
2026-07-15 00:00:00,SAB8610140,2026-07-15 00:00:00,LENGKAP,2026-07-15 16:50:00,'AD106506940,1,
2026-07-15 00:00:00,SAB8610140,2026-07-15 00:00:00,LENGKAP,2026-07-15 16:50:00,'AD106506941,1,
2026-07-15 00:00:00,SOE8578543,2026-07-15 00:00:00,LENGKAP,2026-07-15 16:59:00,'AD106442434,2,
2026-07-15 00:00:00,SOE8578544,2026-07-15 00:00:00,LENGKAP,2026-07-15 13:15:00,'AD106442436,2,
2026-07-15 00:00:00,SOE8578547,2026-07-15 00:00:00,LENGKAP,2026-07-15 17:24:00,'AD106442438,1,
2026-07-15 00:00:00,SOE8578548,2026-07-15 00:00:00,LENGKAP,2026-07-15 17:32:00,'AD106442439,1,
2026-07-15 00:00:00,TMC8242479,2026-07-15 00:00:00,LENGKAP,2026-07-16 05:50:00,'AD99250236,1,
2026-07-15 00:00:00,ABU4277,2026-07-16 00:00:00,LENGKAP,2026-07-16 09:49:00,'AD99200427,1,
2026-07-15 00:00:00,KOE160720262,2026-07-16 00:00:00,LENGKAP,2026-07-15 23:43:00,'AA64597859,2,
2026-07-15 00:00:00,KOE160720262,2026-07-16 00:00:00,LENGKAP,2026-07-15 23:43:00,'AA64597871,42,
2026-07-15 00:00:00,KOE160720262,2026-07-16 00:00:00,LENGKAP,2026-07-15 23:43:00,'KOEEC02420294826,1,
2026-07-15 00:00:00,KOE160720262,2026-07-16 00:00:00,LENGKAP,2026-07-15 23:43:00,'KOEEC02420425426,1,
2026-07-15 00:00:00,KOE160720262,2026-07-16 00:00:00,LENGKAP,2026-07-15 23:43:00,'KOEEC02420605026,1,
2026-07-15 00:00:00,KOE160720262,2026-07-16 00:00:00,LENGKAP,2026-07-15 23:43:00,'KOEEC02420792826,1,
2026-07-15 00:00:00,KOE160720263,2026-07-16 00:00:00,LENGKAP,2026-07-16 11:05:00,'360100033496526,1,
2026-07-15 00:00:00,KOE160720263,2026-07-16 00:00:00,LENGKAP,2026-07-16 11:05:00,'6601080679791,1,
2026-07-15 00:00:00,KOE160720263,2026-07-16 00:00:00,LENGKAP,2026-07-16 11:05:00,'6601080679792,1,
2026-07-15 00:00:00,KOE160720263,2026-07-16 00:00:00,LENGKAP,2026-07-16 11:05:00,'AA64597865,25,
2026-07-15 00:00:00,KOE160720263,2026-07-16 00:00:00,LENGKAP,2026-07-16 11:05:00,'AA64597881,33,
2026-07-15 00:00:00,KOE160720263,2026-07-16 00:00:00,LENGKAP,2026-07-16 11:05:00,'KOEAA03667849426,1,
2026-07-15 00:00:00,KOE160720263,2026-07-16 00:00:00,LENGKAP,2026-07-16 11:05:00,'KOEEC02420306226,1,
2026-07-15 00:00:00,KOE160720263,2026-07-16 00:00:00,LENGKAP,2026-07-16 11:05:00,'KOEEC02420583826,1,
2026-07-15 00:00:00,KOE160720263,2026-07-16 00:00:00,LENGKAP,2026-07-16 11:05:00,'KOEEC02420773226,1,
2026-07-15 00:00:00,KOE160720264,2026-07-16 00:00:00,LENGKAP,2026-07-15 23:43:00,'AA64597863,17,
2026-07-15 00:00:00,SOE8578545,2026-07-15 00:00:00,LENGKAP,2026-07-15 19:34:00,'AA64482674,1,
2026-07-15 00:00:00,SOE8578545,2026-07-15 00:00:00,LENGKAP,2026-07-15 19:34:00,'AA64482675,1,
2026-07-15 00:00:00,SOE8578545,2026-07-15 00:00:00,LENGKAP,2026-07-15 19:34:00,'AD106442435,6,
2026-07-15 00:00:00,KOE160720264,2026-07-16 00:00:00,LENGKAP,2026-07-15 23:43:00,'AA64597879,21,
2026-07-15 00:00:00,KOE160720264,2026-07-16 00:00:00,LENGKAP,2026-07-15 23:43:00,'KOEEC02420316026,1,
2026-07-15 00:00:00,SOE8578549,2026-07-15 00:00:00,LENGKAP,2026-07-16 08:35:00,'AD106442440,1,
2026-07-15 00:00:00,SOE8578552,2026-07-15 00:00:00,LENGKAP,2026-07-15 19:39:00,'AA64482682,6,
2026-07-15 00:00:00,TMC8242478,2026-07-15 00:00:00,LENGKAP,2026-07-16 01:10:00,'AA69424927,1,
2026-07-15 00:00:00,TMC8242478,2026-07-15 00:00:00,LENGKAP,2026-07-16 01:10:00,'AA69424928,1,
2026-07-15 00:00:00,TMC8242478,2026-07-15 00:00:00,LENGKAP,2026-07-16 01:10:00,'AA69424929,1,
2026-07-15 00:00:00,TMC8242478,2026-07-15 00:00:00,LENGKAP,2026-07-16 01:10:00,'AA69424930,1,
2026-07-15 00:00:00,TMC8242478,2026-07-15 00:00:00,LENGKAP,2026-07-16 01:10:00,'AA69424955,1,
2026-07-15 00:00:00,TMC8242478,2026-07-15 00:00:00,LENGKAP,2026-07-16 01:10:00,'AA69424956,1,
2026-07-15 00:00:00,TMC8242478,2026-07-15 00:00:00,LENGKAP,2026-07-16 01:10:00,'AA69425066,1,
2026-07-15 00:00:00,TMC8242478,2026-07-15 00:00:00,LENGKAP,2026-07-16 01:10:00,'AA69425073,1,
2026-07-15 00:00:00,TMC8242478,2026-07-15 00:00:00,LENGKAP,2026-07-16 01:10:00,'AA69425074,1,
2026-07-15 00:00:00,TMC8242478,2026-07-15 00:00:00,LENGKAP,2026-07-16 01:10:00,'AA69425076,1,
2026-07-15 00:00:00,TMC8242478,2026-07-15 00:00:00,LENGKAP,2026-07-16 01:10:00,'AA69425232,1,
2026-07-15 00:00:00,TMC8242478,2026-07-15 00:00:00,LENGKAP,2026-07-16 01:10:00,'AA69425287,1,
2026-07-15 00:00:00,TMC8242478,2026-07-15 00:00:00,LENGKAP,2026-07-16 01:10:00,'AD99250235,1,
2026-07-15 00:00:00,TMC8242478,2026-07-15 00:00:00,LENGKAP,2026-07-16 01:10:00,'AD99250237,1,
2026-07-15 00:00:00,TMC8242478,2026-07-15 00:00:00,LENGKAP,2026-07-16 01:10:00,'AD99250238,1,
2026-07-15 00:00:00,TMC8242478,2026-07-15 00:00:00,LENGKAP,2026-07-16 01:10:00,'AD99250239,1,
2026-07-15 00:00:00,TMC8242478,2026-07-15 00:00:00,LENGKAP,2026-07-16 01:10:00,'AD99250240,1,
2026-07-15 00:00:00,TMC8242478,2026-07-15 00:00:00,LENGKAP,2026-07-16 01:10:00,'AD99250241,1,
2026-07-15 00:00:00,TMC8242478,2026-07-15 00:00:00,LENGKAP,2026-07-16 01:10:00,'AD99250242,1,
2026-07-15 00:00:00,KOE160720264,2026-07-16 00:00:00,LENGKAP,2026-07-15 23:43:00,'KOEEC02420634426,1,
2026-07-15 00:00:00,WBK6113159,2026-07-15 00:00:00,LENGKAP,2026-07-16 01:09:00,'AD106339572,1,
2026-07-15 00:00:00,WBK6113159,2026-07-15 00:00:00,LENGKAP,2026-07-16 01:09:00,'AD106339573,1,
2026-07-15 00:00:00,WBK6113159,2026-07-15 00:00:00,LENGKAP,2026-07-16 01:09:00,'AD106339574,1,
2026-07-15 00:00:00,WBK6113159,2026-07-15 00:00:00,LENGKAP,2026-07-16 01:09:00,'AD106339575,1,
2026-07-15 00:00:00,KOE160720264,2026-07-16 00:00:00,LENGKAP,2026-07-15 23:43:00,'KOEEC02421007126,1,
2026-07-15 00:00:00,KOE160720264,2026-07-16 00:00:00,LENGKAP,2026-07-15 23:43:00,'KOEEC02421474126,1,
2026-07-15 00:00:00,KOE160720266,2026-07-16 00:00:00,LENGKAP,2026-07-15 23:43:00,'AA64597867,1,
2026-07-16 00:00:00,JTRKOE8241171,2026-07-15 00:00:00,LENGKAP,2026-07-16 09:36:00,'AA64597693,21,
2026-07-15 00:00:00,WGP8218393,2026-07-16 00:00:00,LENGKAP,2026-07-17 09:24:00,'AD106608301,1,
2026-07-15 00:00:00,WKB8610835,2026-07-15 00:00:00,LENGKAP,2026-07-16 01:09:00,'AA69423803,1,
2026-07-15 00:00:00,WKB8610835,2026-07-15 00:00:00,LENGKAP,2026-07-16 01:09:00,'AD106343894,1,
2026-07-15 00:00:00,WKB8610835,2026-07-15 00:00:00,LENGKAP,2026-07-16 01:09:00,'AD106343895,1,
2026-07-15 00:00:00,WKB8610835,2026-07-15 00:00:00,LENGKAP,2026-07-16 01:09:00,'AD106343896,1,
2026-07-15 00:00:00,WGP8218394,2026-07-16 00:00:00,LENGKAP,2026-07-15 22:17:00,'AD106608354,1,
2026-07-15 00:00:00,WGP8218395,2026-07-16 00:00:00,LENGKAP,2026-07-15 22:17:00,'AD106608288,1,
2026-07-15 00:00:00,WGP8218395,2026-07-16 00:00:00,LENGKAP,2026-07-15 22:17:00,'AD106608300,1,
2026-07-15 00:00:00,WGP8218395,2026-07-16 00:00:00,LENGKAP,2026-07-15 22:17:00,'AD97568194,1,
2026-07-16 00:00:00,JTRKOE8241171,2026-07-15 00:00:00,LENGKAP,2026-07-16 09:36:00,'AA64597717,27,
2026-07-16 00:00:00,JTRKOE8241171,2026-07-15 00:00:00,LENGKAP,2026-07-16 09:36:00,'AA64597725,20,
2026-07-16 00:00:00,JTRKOE8241171,2026-07-15 00:00:00,LENGKAP,2026-07-16 09:36:00,'KOEEC02417761526,1,
2026-07-15 00:00:00,KOE160720267,2026-07-16 00:00:00,LENGKAP,2026-07-15 23:43:00,'AA64597861,5,
2026-07-16 00:00:00,2747732276,2026-07-16 00:00:00,LENGKAP,2026-07-16 23:07:00,'AA74700062,36,
2026-07-16 00:00:00,2747732276,2026-07-16 00:00:00,LENGKAP,2026-07-16 23:07:00,'AA74700063,18,
2026-07-16 00:00:00,51300124530ENE,2026-07-16 00:00:00,LENGKAP,2026-07-16 12:45:00,'YS15284653,21,
2026-07-16 00:00:00,51300124541LBJ,2026-07-16 00:00:00,LENGKAP,2026-07-16 07:42:00,'YS15284658,7,
2026-07-16 00:00:00,51300131526KAI,2026-07-16 00:00:00,LENGKAP,2026-07-16 10:38:00,'AA64597709,17,
2026-07-16 00:00:00,51300131526KAI,2026-07-16 00:00:00,LENGKAP,2026-07-16 10:38:00,'AA64597710,6,
2026-07-16 00:00:00,51300131526KAI,2026-07-16 00:00:00,LENGKAP,2026-07-16 10:38:00,'AA64597712,16,
2026-07-16 00:00:00,51300131810ENE,2026-07-16 00:00:00,LENGKAP,2026-07-16 12:46:00,'AA64499879,29,
2026-07-16 00:00:00,51300131526KAI,2026-07-16 00:00:00,LENGKAP,2026-07-16 10:38:00,'AA64597726,29,
2026-07-16 00:00:00,51300131806LKA,2026-07-16 00:00:00,LENGKAP,2026-07-16 07:42:00,'AA64499869,19,
2026-07-16 00:00:00,88812158823LBJ,2026-07-16 00:00:00,LENGKAP,2026-07-16 07:42:00,'AA64490693,4,
2026-07-16 00:00:00,88812158823LBJ,2026-07-16 00:00:00,LENGKAP,2026-07-16 07:42:00,'AA64597749,3,
2026-07-16 00:00:00,88812159490LBJ,2026-07-16 00:00:00,LENGKAP,2026-07-16 07:42:00,'AA64499862,3,
2026-07-16 00:00:00,88812165462,2026-07-16 00:00:00,LENGKAP,2026-07-17 00:28:00,'AA64489936,1,
2026-07-16 00:00:00,88812165462,2026-07-16 00:00:00,LENGKAP,2026-07-17 00:28:00,'AA64489940,1,
2026-07-16 00:00:00,88812165462,2026-07-16 00:00:00,LENGKAP,2026-07-17 00:28:00,'AA64490713,4,
2026-07-16 00:00:00,JTRKOE8241172,2026-07-16 00:00:00,LENGKAP,2026-07-16 08:12:00,'360240017692126,1,
2026-07-16 00:00:00,JTRKOE8241172,2026-07-16 00:00:00,LENGKAP,2026-07-16 08:12:00,'360240017959926,1,
2026-07-16 00:00:00,JTRKOE8241172,2026-07-16 00:00:00,LENGKAP,2026-07-16 08:12:00,'360240018011326,1,
2026-07-16 00:00:00,JTRKOE8241172,2026-07-16 00:00:00,LENGKAP,2026-07-16 08:12:00,'8000109631299,1,
2026-07-16 00:00:00,JTRKOE8241172,2026-07-16 00:00:00,LENGKAP,2026-07-16 08:12:00,'KOEEC02416492426,1,
2026-07-16 00:00:00,JTRKOE8241172,2026-07-16 00:00:00,LENGKAP,2026-07-16 08:12:00,'KOEEC02417462726,1,
2026-07-16 00:00:00,JTRKOE8241172,2026-07-16 00:00:00,LENGKAP,2026-07-16 08:12:00,'KOEEC02418562026,1,
2026-07-16 00:00:00,JTRKOE8241172,2026-07-16 00:00:00,LENGKAP,2026-07-16 08:12:00,'KOEEC02420593626,1,
2026-07-16 00:00:00,88812165134,2026-07-16 00:00:00,LENGKAP,2026-07-16 10:49:00,'AA64489914,13,
2026-07-16 00:00:00,88812165134,2026-07-16 00:00:00,LENGKAP,2026-07-16 10:49:00,'AA64489922,6,
2026-07-16 00:00:00,88812165134,2026-07-16 00:00:00,LENGKAP,2026-07-16 10:49:00,'AA64489925,4,
2026-07-16 00:00:00,88812165134,2026-07-16 00:00:00,LENGKAP,2026-07-16 10:49:00,'AA64489927,3,
2026-07-16 00:00:00,88812165134,2026-07-16 00:00:00,LENGKAP,2026-07-16 10:49:00,'AA64489928,3,
2026-07-16 00:00:00,88812165134,2026-07-16 00:00:00,LENGKAP,2026-07-16 10:49:00,'AA64489931,13,
2026-07-16 00:00:00,88812165134,2026-07-16 00:00:00,LENGKAP,2026-07-16 10:49:00,'AA64489932,24,
2026-07-16 00:00:00,88812165134,2026-07-16 00:00:00,LENGKAP,2026-07-16 10:49:00,'AA64489939,40,
2026-07-16 00:00:00,88812165134,2026-07-16 00:00:00,LENGKAP,2026-07-16 10:49:00,'AD102696544,1,
2026-07-16 00:00:00,88812165134,2026-07-16 00:00:00,LENGKAP,2026-07-16 10:49:00,'YS15281303,14,
2026-07-16 00:00:00,88812165134,2026-07-16 00:00:00,LENGKAP,2026-07-16 10:49:00,'YT1820031,5,
2026-07-16 00:00:00,88812165134,2026-07-16 00:00:00,LENGKAP,2026-07-16 10:49:00,'YT1820032,7,
2026-07-16 00:00:00,88812165134,2026-07-16 00:00:00,LENGKAP,2026-07-16 10:49:00,'YT1820033,2,
2026-07-16 00:00:00,88812165134,2026-07-16 00:00:00,LENGKAP,2026-07-16 10:49:00,'YT1820034,4,
2026-07-16 00:00:00,88812165134,2026-07-16 00:00:00,LENGKAP,2026-07-16 10:49:00,'YT1820036,15,
2026-07-16 00:00:00,88812165193,2026-07-16 00:00:00,LENGKAP,2026-07-16 16:37:00,'AA64490704,6,
2026-07-16 00:00:00,88812165193,2026-07-16 00:00:00,LENGKAP,2026-07-16 16:37:00,'AA64490705,26,
2026-07-16 00:00:00,88812165193,2026-07-16 00:00:00,LENGKAP,2026-07-16 16:37:00,'AA64490706,5,
2026-07-16 00:00:00,88812165193,2026-07-16 00:00:00,LENGKAP,2026-07-16 16:37:00,'AA64490707,17,
2026-07-16 00:00:00,88812165193,2026-07-16 00:00:00,LENGKAP,2026-07-16 16:37:00,'AA64490708,5,
2026-07-16 00:00:00,88812165193,2026-07-16 00:00:00,LENGKAP,2026-07-16 16:37:00,'AA64490709,4,
2026-07-16 00:00:00,88812165193,2026-07-16 00:00:00,LENGKAP,2026-07-16 16:37:00,'AA64490710,13,
2026-07-16 00:00:00,88812165193,2026-07-16 00:00:00,LENGKAP,2026-07-16 16:37:00,'AA64490711,5,
2026-07-16 00:00:00,88812165193,2026-07-16 00:00:00,LENGKAP,2026-07-16 16:37:00,'AA64490712,30,
2026-07-16 00:00:00,88812165193,2026-07-16 00:00:00,LENGKAP,2026-07-16 16:37:00,'AD99242055,17,
2026-07-16 00:00:00,88812165193,2026-07-16 00:00:00,LENGKAP,2026-07-16 16:37:00,'AD99242056,10,
2026-07-16 00:00:00,88812165241,2026-07-16 00:00:00,LENGKAP,2026-07-16 10:49:00,'YS15281301,20,
2026-07-16 00:00:00,88812165241,2026-07-16 00:00:00,LENGKAP,2026-07-16 10:49:00,'YS15281302,8,
2026-07-16 00:00:00,88812165241,2026-07-16 00:00:00,LENGKAP,2026-07-16 10:49:00,'YS15281304,1,
2026-07-16 00:00:00,88812165241,2026-07-16 00:00:00,LENGKAP,2026-07-16 10:49:00,'YS15281305,27,
2026-07-16 00:00:00,88812165241,2026-07-16 00:00:00,LENGKAP,2026-07-16 10:49:00,'YS15281306,12,
2026-07-16 00:00:00,88812165241,2026-07-16 00:00:00,LENGKAP,2026-07-16 10:49:00,'YS15281308,18,
2026-07-16 00:00:00,88812165333,2026-07-16 00:00:00,LENGKAP,2026-07-16 22:25:00,'AD99242054,20,
2026-07-16 00:00:00,88812165333,2026-07-16 00:00:00,LENGKAP,2026-07-16 22:25:00,'AD99242057,13,
2026-07-16 00:00:00,88812165419,2026-07-16 00:00:00,LENGKAP,2026-07-16 17:57:00,'AA64489918,1,
2026-07-16 00:00:00,88812165419,2026-07-16 00:00:00,LENGKAP,2026-07-16 17:57:00,'AA64489921,15,
2026-07-16 00:00:00,88812165419,2026-07-16 00:00:00,LENGKAP,2026-07-16 17:57:00,'AA64489935,25,
2026-07-16 00:00:00,88812165419,2026-07-16 00:00:00,LENGKAP,2026-07-16 17:57:00,'AD102696545,1,
2026-07-16 00:00:00,JTRKOE8241172,2026-07-16 00:00:00,LENGKAP,2026-07-16 08:12:00,'KOEEC02420614826,1,
2026-07-16 00:00:00,JTRKOE8241172,2026-07-16 00:00:00,LENGKAP,2026-07-16 08:12:00,'KOEEC02420903826,1,
2026-07-16 00:00:00,JTRKOE8241172,2026-07-16 00:00:00,LENGKAP,2026-07-16 08:12:00,'KOEEC02421185126,1,
2026-07-16 00:00:00,93801389592,2026-07-16 00:00:00,LENGKAP,2026-07-16 12:53:00,'YS40164529,3,
2026-07-16 00:00:00,99001178715,2026-07-16 00:00:00,LENGKAP,2026-07-16 10:03:00,'YS40164530,3,
2026-07-16 00:00:00,JTRKOE8241172,2026-07-16 00:00:00,LENGKAP,2026-07-16 08:12:00,'TR81305117,3,
2026-07-16 00:00:00,ABU432444,2026-07-16 00:00:00,LENGKAP,2026-07-16 22:10:00,'AD99200432,1,
2026-07-16 00:00:00,ABU432444,2026-07-16 00:00:00,LENGKAP,2026-07-16 22:10:00,'AD99200433,1,
2026-07-16 00:00:00,ABU432444,2026-07-16 00:00:00,LENGKAP,2026-07-16 22:10:00,'AD99200434,1,
2026-07-16 00:00:00,ABU432444,2026-07-16 00:00:00,LENGKAP,2026-07-16 22:10:00,'AD99200435,1,
2026-07-16 00:00:00,ABU432444,2026-07-16 00:00:00,LENGKAP,2026-07-16 22:10:00,'AD99200436,1,
2026-07-16 00:00:00,ABU432444,2026-07-16 00:00:00,LENGKAP,2026-07-16 22:10:00,'AD99200437,1,
2026-07-16 00:00:00,ABU432444,2026-07-16 00:00:00,LENGKAP,2026-07-16 22:10:00,'AD99200438,1,
2026-07-16 00:00:00,ABU432444,2026-07-16 00:00:00,LENGKAP,2026-07-16 22:10:00,'AD99200439,1,
2026-07-16 00:00:00,ABU432444,2026-07-16 00:00:00,LENGKAP,2026-07-16 22:10:00,'AD99200442,1,
2026-07-16 00:00:00,ABU432444,2026-07-16 00:00:00,LENGKAP,2026-07-16 22:10:00,'AD99200443,1,
2026-07-16 00:00:00,ABU432444,2026-07-16 00:00:00,LENGKAP,2026-07-16 22:10:00,'AD99200444,1,
2026-07-16 00:00:00,JTRKOE8241173,2026-07-16 00:00:00,LENGKAP,2026-07-16 07:43:00,'360100033069226,1,
2026-07-16 00:00:00,ABU440114,2026-07-16 00:00:00,LENGKAP,2026-07-17 09:04:00,'AD99200440,1,
2026-07-16 00:00:00,ABU441,2026-07-16 00:00:00,LENGKAP,2026-07-16 20:35:00,'AD99200441,2,
2026-07-16 00:00:00,ABU445447,2026-07-16 00:00:00,LENGKAP,2026-07-16 22:11:00,'AD99200445,1,
2026-07-16 00:00:00,ABU445447,2026-07-16 00:00:00,LENGKAP,2026-07-16 22:11:00,'AD99200446,1,
2026-07-16 00:00:00,ABU445447,2026-07-16 00:00:00,LENGKAP,2026-07-16 22:11:00,'AD99200447,1,
2026-07-16 00:00:00,JTRKOE8241173,2026-07-16 00:00:00,LENGKAP,2026-07-16 07:43:00,'360240017965126,1,
2026-07-16 00:00:00,JTRKOE8241173,2026-07-16 00:00:00,LENGKAP,2026-07-16 07:43:00,'TR00041200,1,
2026-07-16 00:00:00,JTRKOE8241173,2026-07-16 00:00:00,LENGKAP,2026-07-16 07:43:00,'TR81305111,5,
2026-07-16 00:00:00,JTRKOE8241173,2026-07-16 00:00:00,LENGKAP,2026-07-16 07:43:00,'TR81305113,4,
2026-07-16 00:00:00,JTRKOE8241173,2026-07-16 00:00:00,LENGKAP,2026-07-16 07:43:00,'TR81305115,2,
2026-07-16 00:00:00,JTRKOE8241173,2026-07-16 00:00:00,LENGKAP,2026-07-16 07:43:00,'TR81305119,3,
2026-07-16 00:00:00,JTRKOE8241174,2026-07-16 00:00:00,LENGKAP,2026-07-16 07:43:00,'TR00041205,1,
2026-07-16 00:00:00,JTRKOE8241174,2026-07-16 00:00:00,LENGKAP,2026-07-16 07:43:00,'TR00041209,2,
2026-07-16 00:00:00,JTRKOE8241175,2026-07-16 00:00:00,LENGKAP,2026-07-16 08:14:00,'KOEEC02417642326,1,
2026-07-16 00:00:00,JTRKOE8241175,2026-07-16 00:00:00,LENGKAP,2026-07-16 08:14:00,'KOEEC02420892426,1,
2026-07-16 00:00:00,JTRKOE8241175,2026-07-16 00:00:00,LENGKAP,2026-07-16 08:14:00,'KOEEC02420952826,1,
2026-07-16 00:00:00,JTRKOE8241176,2026-07-16 00:00:00,LENGKAP,2026-07-16 08:14:00,'KOEEC02417632526,1,
2026-07-16 00:00:00,JTRKOE8241177,2026-07-16 00:00:00,LENGKAP,2026-07-16 07:40:00,'2600105680002M01,1,
2026-07-16 00:00:00,JTRKOE8241177,2026-07-16 00:00:00,LENGKAP,2026-07-16 07:40:00,'360100020138626,1,
2026-07-16 00:00:00,JTRKOE8241177,2026-07-16 00:00:00,LENGKAP,2026-07-16 07:40:00,'360240017739626,1,
2026-07-16 00:00:00,JTRKOE8241177,2026-07-16 00:00:00,LENGKAP,2026-07-16 07:40:00,'KOEEC02421524726,1,
2026-07-16 00:00:00,JTRKOE8241177,2026-07-16 00:00:00,LENGKAP,2026-07-16 07:40:00,'TR81305090,3,
2026-07-16 00:00:00,JTRKOE8241177,2026-07-16 00:00:00,LENGKAP,2026-07-16 07:40:00,'TR81305096,3,
2026-07-16 00:00:00,JTRKOE8241178,2026-07-16 00:00:00,LENGKAP,2026-07-16 07:41:00,'AA64499990,10,
2026-07-16 00:00:00,JTRKOE8241178,2026-07-16 00:00:00,LENGKAP,2026-07-16 07:41:00,'AA64499998,20,
2026-07-16 00:00:00,JTRKOE8241178,2026-07-16 00:00:00,LENGKAP,2026-07-16 07:41:00,'AA64500000,18,
2026-07-16 00:00:00,JTRKOE8241178,2026-07-16 00:00:00,LENGKAP,2026-07-16 07:41:00,'AA64597728,30,
2026-07-16 00:00:00,JTRKOE8241178,2026-07-16 00:00:00,LENGKAP,2026-07-16 07:41:00,'KOEEC02420763426,1,
2026-07-16 00:00:00,KOE01072026SSL,2026-07-16 00:00:00,,,'AD113040753,1,UN CONFIRM - FU TEAM TMC/WGP
2026-07-16 00:00:00,KOE01072026SSL,2026-07-16 00:00:00,,,'AD113041083,2,UN CONFIRM - FU TEAM TMC/WGP
2026-07-16 00:00:00,KOE010726SSLWKB,2026-07-16 00:00:00,LENGKAP,,'AD109995412,1,
2026-07-16 00:00:00,KOE010726SSLWKB,2026-07-16 00:00:00,LENGKAP,,'AD113041115,2,
2026-07-16 00:00:00,KOE02072026SSL,2026-07-16 00:00:00,,,'AD106345381,1,UN CONFIRM - FU TEAM TMC/WGP
2026-07-16 00:00:00,KOE08072026SSL,2026-07-16 00:00:00,,,'AD112081775,1,UN CONFIRM - FU TEAM TMC/WGP
2026-07-16 00:00:00,KOE080726SSL,2026-07-16 00:00:00,,,'AA79090520,1,UN CONFIRM - FU TEAM TMC/WGP
2026-07-16 00:00:00,KOE080726SSL,2026-07-16 00:00:00,,,'AD112081773,1,UN CONFIRM - FU TEAM TMC/WGP
2026-07-16 00:00:00,KOE10072026SSL,2026-07-16 00:00:00,,,'AA79163016,1,UN CONFIRM - FU TEAM TMC/WGP
2026-07-16 00:00:00,KOE10072026SSL,2026-07-16 00:00:00,,,'AD109090490,1,UN CONFIRM - FU TEAM TMC/WGP
2026-07-16 00:00:00,KOE100726SSLWKB,2026-07-16 00:00:00,LENGKAP,,'690020003087026,1,
2026-07-16 00:00:00,KOE100726SSLWKB,2026-07-16 00:00:00,LENGKAP,,'AD102672612,1,
2026-07-16 00:00:00,KOE11072026SSL,2026-07-16 00:00:00,,,'AA77717572,1,UN CONFIRM - FU TEAM TMC/WGP
2026-07-16 00:00:00,KOE11072026SSL,2026-07-16 00:00:00,,,'AD113043642,1,UN CONFIRM - FU TEAM TMC/WGP
2026-07-16 00:00:00,KOE110726SSLWKB,2026-07-16 00:00:00,LENGKAP,,'AD102661084,1,
2026-07-16 00:00:00,KOE110726SSLWKB,2026-07-16 00:00:00,LENGKAP,,'CM39375878875,1,
2026-07-16 00:00:00,KOE110726SSLWKL,2026-07-16 00:00:00,LENGKAP,,'AA79045912,1,
2026-07-16 00:00:00,KEF1607261,2026-07-16 00:00:00,LENGKAP,2026-07-16 22:14:00,'AA63898581,1,
2026-07-16 00:00:00,KEF1607261,2026-07-16 00:00:00,LENGKAP,2026-07-16 22:14:00,'AA63898582,1,
2026-07-16 00:00:00,KEF1607261,2026-07-16 00:00:00,LENGKAP,2026-07-16 22:14:00,'AA63898583,1,
2026-07-16 00:00:00,KEF1607261,2026-07-16 00:00:00,LENGKAP,2026-07-16 22:14:00,'AA63898584,1,
2026-07-16 00:00:00,KEF1607261,2026-07-16 00:00:00,LENGKAP,2026-07-16 22:14:00,'AA63898585,1,
2026-07-16 00:00:00,KEF1607261,2026-07-16 00:00:00,LENGKAP,2026-07-16 22:14:00,'AA63898586,1,
2026-07-16 00:00:00,KEF1607261,2026-07-16 00:00:00,LENGKAP,2026-07-16 22:14:00,'AA63898587,1,
2026-07-16 00:00:00,KEF1607261,2026-07-16 00:00:00,LENGKAP,2026-07-16 22:14:00,'AA63898588,1,
2026-07-16 00:00:00,KEF1607261,2026-07-16 00:00:00,LENGKAP,2026-07-16 22:14:00,'AA63898589,1,
2026-07-16 00:00:00,KEF1607261,2026-07-16 00:00:00,LENGKAP,2026-07-16 22:14:00,'AA63898590,1,
2026-07-16 00:00:00,KEF1607261,2026-07-16 00:00:00,LENGKAP,2026-07-16 22:14:00,'AA63898591,1,
2026-07-16 00:00:00,KEF1607261,2026-07-16 00:00:00,LENGKAP,2026-07-16 22:14:00,'AA63898592,1,
2026-07-16 00:00:00,KEF1607261,2026-07-16 00:00:00,LENGKAP,2026-07-16 22:14:00,'AA63898593,1,
2026-07-16 00:00:00,KEF1607261,2026-07-16 00:00:00,LENGKAP,2026-07-16 22:14:00,'AA63898594,1,
2026-07-16 00:00:00,KEF1607261,2026-07-16 00:00:00,LENGKAP,2026-07-16 22:14:00,'AA63898595,1,
2026-07-16 00:00:00,KEF1607261,2026-07-16 00:00:00,LENGKAP,2026-07-16 22:14:00,'AA63898596,1,
2026-07-16 00:00:00,KEF1607261,2026-07-16 00:00:00,LENGKAP,2026-07-16 22:14:00,'AA63898597,1,
2026-07-16 00:00:00,KEF1607261,2026-07-16 00:00:00,LENGKAP,2026-07-16 22:14:00,'TR00041213,2,
2026-07-16 00:00:00,KEF1607261,2026-07-16 00:00:00,LENGKAP,2026-07-16 22:14:00,'TR00041214,1,
2026-07-16 00:00:00,KEF1607261,2026-07-16 00:00:00,LENGKAP,2026-07-16 22:14:00,'TR00041215,1,
2026-07-16 00:00:00,KEF1607262,2026-07-16 00:00:00,LENGKAP,2026-07-16 20:33:00,'AD106585334,5,
2026-07-16 00:00:00,KEF1607262,2026-07-16 00:00:00,LENGKAP,2026-07-16 20:33:00,'TR00041212,1,
2026-07-16 00:00:00,KEF1607263,2026-07-16 00:00:00,LENGKAP,2026-07-16 22:14:00,'TR00041211,1,
2026-07-16 00:00:00,KOE12072026SSL,2026-07-16 00:00:00,LENGKAP,,'AA77851701,1,
2026-07-16 00:00:00,KOE12072026SSL,2026-07-16 00:00:00,LENGKAP,,'AA78728786,1,
2026-07-16 00:00:00,KOE12072026SSL,2026-07-16 00:00:00,LENGKAP,,'AD112283773,2,
2026-07-16 00:00:00,KOE12072026SSL,2026-07-16 00:00:00,LENGKAP,,'AD112283796,1,
2026-07-16 00:00:00,KOE120726SSLWKB,2026-07-16 00:00:00,LENGKAP,,'AA78848635,1,
2026-07-16 00:00:00,KOE120726SSLWKB,2026-07-16 00:00:00,LENGKAP,,'AD112283830,1,
2026-07-16 00:00:00,KOE13072026SSL,2026-07-16 00:00:00,,,'AA77892005,1,UN CONFIRM - FU TEAM TMC/WGP
2026-07-16 00:00:00,KOE13072026SSL,2026-07-16 00:00:00,,,'AA78483116,9,UN CONFIRM - FU TEAM TMC/WGP
2026-07-16 00:00:00,KOE13072026SSL,2026-07-16 00:00:00,,,'AA79111817,1,UN CONFIRM - FU TEAM TMC/WGP
2026-07-16 00:00:00,KOE13072026SSL,2026-07-16 00:00:00,,,'AD112898538,4,UN CONFIRM - FU TEAM TMC/WGP
2026-07-16 00:00:00,KOE13072026SSL,2026-07-16 00:00:00,,,'AD112898605,5,UN CONFIRM - FU TEAM TMC/WGP
2026-07-16 00:00:00,KOE13072026SSL,2026-07-16 00:00:00,,,'AD112899044,4,UN CONFIRM - FU TEAM TMC/WGP
2026-07-16 00:00:00,KOE13072026SSL,2026-07-16 00:00:00,,,'AD112899414,3,UN CONFIRM - FU TEAM TMC/WGP
2026-07-16 00:00:00,KOE13072026SSL,2026-07-16 00:00:00,,,'AD113038146,2,UN CONFIRM - FU TEAM TMC/WGP
2026-07-16 00:00:00,KOE13072026SSL,2026-07-16 00:00:00,,,'AD113038163,2,UN CONFIRM - FU TEAM TMC/WGP
2026-07-16 00:00:00,KOE13072026SSL,2026-07-16 00:00:00,,,'AD113070369,1,UN CONFIRM - FU TEAM TMC/WGP
2026-07-16 00:00:00,KOE13072026SSL,2026-07-16 00:00:00,,,'AD113070395,1,UN CONFIRM - FU TEAM TMC/WGP
2026-07-16 00:00:00,KOE13072026SSL,2026-07-16 00:00:00,,,'AD113070431,3,UN CONFIRM - FU TEAM TMC/WGP
2026-07-16 00:00:00,KOE130726SSLWKB,2026-07-16 00:00:00,LENGKAP,,'690020003187926,1,
2026-07-16 00:00:00,KOE130726SSLWKB,2026-07-16 00:00:00,LENGKAP,,'AD106366777,1,
2026-07-16 00:00:00,KOE130726SSLWKB,2026-07-16 00:00:00,LENGKAP,,'AD109090435,1,
2026-07-16 00:00:00,KOE130726SSLWKB,2026-07-16 00:00:00,LENGKAP,,'AD112283781,1,
2026-07-16 00:00:00,KOE130726SSLWKB,2026-07-16 00:00:00,LENGKAP,,'AD113070481,2,
2026-07-16 00:00:00,KOE130726SSLWKL,2026-07-16 00:00:00,LENGKAP,,'AD112898880,1,
2026-07-16 00:00:00,KOE160726SSL,2026-07-16 00:00:00,,,'AD111922505,2,UN CONFIRM - FU TEAM TMC/WGP
2026-07-16 00:00:00,KOEPROJECT6898,2026-07-16 00:00:00,LENGKAP,,'KOEAA03667878826,1,
2026-07-16 00:00:00,MLA8218666,2026-07-16 00:00:00,LENGKAP,,'AA72283803,1,
2026-07-16 00:00:00,MLA8218666,2026-07-16 00:00:00,LENGKAP,,'AA72283804,1,
2026-07-16 00:00:00,MLA8218666,2026-07-16 00:00:00,LENGKAP,,'AA72283805,1,
2026-07-16 00:00:00,MLA8218666,2026-07-16 00:00:00,LENGKAP,,'AA72283806,1,
2026-07-16 00:00:00,MLA8218666,2026-07-16 00:00:00,LENGKAP,,'AA72283807,1,
2026-07-16 00:00:00,MLA8218667,2026-07-16 00:00:00,LENGKAP,2026-07-16 20:28:00,'AD106441305,3,
2026-07-16 00:00:00,MLA8218667,2026-07-16 00:00:00,LENGKAP,2026-07-16 20:28:00,'AD106441306,4,
2026-07-16 00:00:00,MLA8218667,2026-07-16 00:00:00,LENGKAP,2026-07-16 20:28:00,'AD106441307,2,
2026-07-16 00:00:00,MLA8218668,2026-07-16 00:00:00,LENGKAP,,'AD106441309,1,
2026-07-16 00:00:00,MLA8218669,2026-07-16 00:00:00,LENGKAP,2026-07-16 16:57:00,'AD106441308,6,
2026-07-16 00:00:00,OLS16072602,2026-07-16 00:00:00,LENGKAP,2026-07-16 23:03:00,'AD104095845,1,
2026-07-16 00:00:00,SOE8578550,2026-07-16 00:00:00,LENGKAP,2026-07-16 20:38:00,'AA64482676,1,
2026-07-16 00:00:00,SOE8578550,2026-07-16 00:00:00,LENGKAP,2026-07-16 20:38:00,'AA64482683,1,
2026-07-16 00:00:00,SOE8578550,2026-07-16 00:00:00,LENGKAP,2026-07-16 20:38:00,'AA64482684,1,
2026-07-16 00:00:00,SOE8578550,2026-07-16 00:00:00,LENGKAP,2026-07-16 20:38:00,'AA64482685,1,
2026-07-16 00:00:00,SOE8578550,2026-07-16 00:00:00,LENGKAP,2026-07-16 20:38:00,'AD106442441,9,
2026-07-16 00:00:00,SOE8578550,2026-07-16 00:00:00,LENGKAP,2026-07-16 20:38:00,'AD106442443,1,
2026-07-16 00:00:00,SOE8578550,2026-07-16 00:00:00,LENGKAP,2026-07-16 20:38:00,'AD106442444,4,
2026-07-16 00:00:00,SOE8578701,2026-07-16 00:00:00,LENGKAP,2026-07-16 17:43:00,'AD106442445,3,
2026-07-16 00:00:00,SOE8578702,2026-07-16 00:00:00,LENGKAP,2026-07-16 17:49:00,'AD106442446,1,
2026-07-16 00:00:00,2747732240MOF,2026-07-17 00:00:00,LENGKAP,2026-07-17 10:28:00,'AA64597755,18,
2026-07-16 00:00:00,2747732240MOF,2026-07-17 00:00:00,LENGKAP,2026-07-17 10:28:00,'AA64597765,15,
2026-07-16 00:00:00,51300133372ENE,2026-07-17 00:00:00,LENGKAP,2026-07-16 16:56:00,'AA64597751,13,
2026-07-16 00:00:00,51300133372ENE,2026-07-17 00:00:00,LENGKAP,2026-07-16 16:56:00,'AA64597752,16,
2026-07-16 00:00:00,51300133372ENE,2026-07-17 00:00:00,LENGKAP,2026-07-16 16:56:00,'AA64597753,22,
2026-07-16 00:00:00,51300133372ENE,2026-07-17 00:00:00,LENGKAP,2026-07-16 16:56:00,'AA64597754,17,
2026-07-16 00:00:00,51300133372ENE,2026-07-17 00:00:00,LENGKAP,2026-07-16 16:56:00,'AA64597756,11,
2026-07-16 00:00:00,51300133372ENE,2026-07-17 00:00:00,LENGKAP,2026-07-16 16:56:00,'AA64597757,21,
2026-07-16 00:00:00,51300133372ENE,2026-07-17 00:00:00,LENGKAP,2026-07-16 16:56:00,'AA64597758,12,
2026-07-16 00:00:00,51300133372ENE,2026-07-17 00:00:00,LENGKAP,2026-07-16 16:56:00,'AA64597759,16,
2026-07-16 00:00:00,51300133372ENE,2026-07-17 00:00:00,LENGKAP,2026-07-16 16:56:00,'AA64597760,22,
2026-07-16 00:00:00,51300133372ENE,2026-07-17 00:00:00,LENGKAP,2026-07-16 16:56:00,'AA64597761,7,
2026-07-16 00:00:00,51300133372ENE,2026-07-17 00:00:00,LENGKAP,2026-07-16 16:56:00,'AA64597762,17,
2026-07-16 00:00:00,51300133372ENE,2026-07-17 00:00:00,LENGKAP,2026-07-16 16:56:00,'AA64597766,1,
2026-07-16 00:00:00,51300133372ENE,2026-07-17 00:00:00,LENGKAP,2026-07-16 16:56:00,'AA64597770,14,
2026-07-16 00:00:00,ABU427742,2026-07-17 00:00:00,LENGKAP,2026-07-17 09:17:00,'AD99200472,1,
2026-07-16 00:00:00,ABU437743,2026-07-17 00:00:00,LENGKAP,2026-07-17 09:18:00,'AD99200473,1,
2026-07-16 00:00:00,KEF1607264,2026-07-17 00:00:00,LENGKAP,2026-07-17 09:19:00,'AD106585340,2,
2026-07-16 00:00:00,KEF1607265,2026-07-17 00:00:00,LENGKAP,,'AD106585341,1,
2026-07-16 00:00:00,KOE170720261,2026-07-17 00:00:00,LENGKAP,2026-07-16 23:46:00,'360100033599126,1,
2026-07-16 00:00:00,KOE170720263,2026-07-17 00:00:00,LENGKAP,2026-07-17 10:21:00,'360100033772026,1,
2026-07-16 00:00:00,KOE170720263,2026-07-17 00:00:00,LENGKAP,2026-07-17 10:21:00,'AA64597880,18,
2026-07-16 00:00:00,KOE170720263,2026-07-17 00:00:00,LENGKAP,2026-07-17 10:21:00,'AA64597888,52,
2026-07-16 00:00:00,KOE170720263,2026-07-17 00:00:00,LENGKAP,2026-07-17 10:21:00,'KOEAA03667869026,1,
2026-07-16 00:00:00,KOE170720263,2026-07-17 00:00:00,LENGKAP,2026-07-17 10:21:00,'KOEEC02422006826,1,
2026-07-16 00:00:00,KOE170720263,2026-07-17 00:00:00,LENGKAP,2026-07-17 10:21:00,'KOEEC02422036226,1,
2026-07-16 00:00:00,KOE170720263,2026-07-17 00:00:00,LENGKAP,2026-07-17 10:21:00,'KOEEC02422225626,1,
2026-07-16 00:00:00,KOE170720263,2026-07-17 00:00:00,LENGKAP,2026-07-17 10:21:00,'KOEEC02422583226,1,
2026-07-16 00:00:00,KOE170720263,2026-07-17 00:00:00,LENGKAP,2026-07-17 10:21:00,'KOEEC02422692626,1,
2026-07-16 00:00:00,KOE170720263,2026-07-17 00:00:00,LENGKAP,2026-07-17 10:21:00,'KOEEC02422704026,1,
2026-07-16 00:00:00,KOE170720261,2026-07-17 00:00:00,LENGKAP,2026-07-16 23:46:00,'450001981693,1,
2026-07-16 00:00:00,KOE170720261,2026-07-17 00:00:00,LENGKAP,2026-07-16 23:46:00,'660108121609,1,
2026-07-16 00:00:00,KOE170720261,2026-07-17 00:00:00,LENGKAP,2026-07-16 23:46:00,'AA64597874,14,
2026-07-16 00:00:00,KOE170720261,2026-07-17 00:00:00,LENGKAP,2026-07-16 23:46:00,'AA64597884,38,
2026-07-16 00:00:00,KOE170720261,2026-07-17 00:00:00,LENGKAP,2026-07-16 23:46:00,'CM39895048743,1,
2026-07-16 00:00:00,KOE170720261,2026-07-17 00:00:00,LENGKAP,2026-07-16 23:46:00,'KOEAA03667888626,1,
2026-07-16 00:00:00,KOE471034,2026-07-16 00:00:00,LENGKAP,2026-07-16 23:10:00,'360220008470226,1,
2026-07-16 00:00:00,KOE471034,2026-07-16 00:00:00,LENGKAP,2026-07-16 23:10:00,'AA69471034,4,
2026-07-16 00:00:00,KOE471034,2026-07-16 00:00:00,LENGKAP,2026-07-16 23:10:00,'AD106580952,5,
2026-07-16 00:00:00,KOE471034,2026-07-16 00:00:00,LENGKAP,2026-07-16 23:10:00,'AD106580954,1,
2026-07-16 00:00:00,KOE170720261,2026-07-17 00:00:00,LENGKAP,2026-07-16 23:46:00,'KOEEC02421903526,1,
2026-07-16 00:00:00,KOE170720261,2026-07-17 00:00:00,LENGKAP,2026-07-16 23:46:00,'KOEEC02421962326,1,
2026-07-16 00:00:00,KOE170720261,2026-07-17 00:00:00,LENGKAP,2026-07-16 23:46:00,'KOEEC02421972126,1,
2026-07-16 00:00:00,KOE170720261,2026-07-17 00:00:00,LENGKAP,2026-07-16 23:46:00,'KOEEC02422026426,1,
2026-07-16 00:00:00,KOE170720261,2026-07-17 00:00:00,LENGKAP,2026-07-16 23:46:00,'KOEEC02422534226,1,
2026-07-16 00:00:00,KOE170720261,2026-07-17 00:00:00,LENGKAP,2026-07-16 23:46:00,'KOEEC02422563626,1,
2026-07-16 00:00:00,KOE170720262,2026-07-17 00:00:00,LENGKAP,2026-07-17 09:44:00,'360100033600826,1,
2026-07-16 00:00:00,KOE170720262,2026-07-17 00:00:00,LENGKAP,2026-07-17 09:44:00,'360100033775726,1,
2026-07-16 00:00:00,KOE170720262,2026-07-17 00:00:00,LENGKAP,2026-07-17 09:44:00,'360240018175526,1,
2026-07-16 00:00:00,KOE170720262,2026-07-17 00:00:00,LENGKAP,2026-07-17 09:44:00,'360340007369326,1,
2026-07-16 00:00:00,KOE170720262,2026-07-17 00:00:00,LENGKAP,2026-07-17 09:44:00,'360420001180626,1,
2026-07-16 00:00:00,MLA8218670,2026-07-16 00:00:00,LENGKAP,2026-07-16 15:42:00,'AD106441310,6,
2026-07-16 00:00:00,MLA8218671,2026-07-16 00:00:00,LENGKAP,2026-07-16 10:08:00,'CSS3601188396486,1,
2026-07-16 00:00:00,KOE170720262,2026-07-17 00:00:00,LENGKAP,2026-07-17 09:44:00,'AA64597870,2,
2026-07-16 00:00:00,KOE170720262,2026-07-17 00:00:00,LENGKAP,2026-07-17 09:44:00,'AA64597882,49,
2026-07-16 00:00:00,KOE170720262,2026-07-17 00:00:00,LENGKAP,2026-07-17 09:44:00,'KOEEC02421991726,1,
2026-07-16 00:00:00,KOE170720262,2026-07-17 00:00:00,LENGKAP,2026-07-17 09:44:00,'KOEEC02422065626,1,
2026-07-16 00:00:00,KOE170720264,2026-07-17 00:00:00,LENGKAP,2026-07-16 23:46:00,'AA64597878,6,
2026-07-16 00:00:00,KOE170720264,2026-07-17 00:00:00,LENGKAP,2026-07-16 23:46:00,'AA64597886,35,
2026-07-16 00:00:00,KOE170720264,2026-07-17 00:00:00,LENGKAP,2026-07-16 23:46:00,'KOEEC02422723626,1,
2026-07-16 00:00:00,KOE170720265,2026-07-17 00:00:00,LENGKAP,2026-07-16 23:46:00,'AA64597872,18,
2026-07-16 00:00:00,KOE170720265,2026-07-17 00:00:00,LENGKAP,2026-07-16 23:46:00,'AD104114049,4,
2026-07-16 00:00:00,KOE170720267,2026-07-17 00:00:00,LENGKAP,2026-07-16 23:46:00,'AA64597876,7,
2026-07-16 00:00:00,TMC8242481,2026-07-16 00:00:00,LENGKAP,2026-07-16 23:38:00,'AA69424785,1,
2026-07-16 00:00:00,TMC8242481,2026-07-16 00:00:00,LENGKAP,2026-07-16 23:38:00,'AA69424786,1,
2026-07-16 00:00:00,TMC8242481,2026-07-16 00:00:00,LENGKAP,2026-07-16 23:38:00,'AA69424787,1,
2026-07-16 00:00:00,TMC8242481,2026-07-16 00:00:00,LENGKAP,2026-07-16 23:38:00,'AA69424788,1,
2026-07-16 00:00:00,TMC8242481,2026-07-16 00:00:00,LENGKAP,2026-07-16 23:38:00,'AA69424806,1,
2026-07-16 00:00:00,TMC8242481,2026-07-16 00:00:00,LENGKAP,2026-07-16 23:38:00,'AA69424811,1,
2026-07-16 00:00:00,TMC8242481,2026-07-16 00:00:00,LENGKAP,2026-07-16 23:38:00,'AA69424812,1,
2026-07-16 00:00:00,TMC8242481,2026-07-16 00:00:00,LENGKAP,2026-07-16 23:38:00,'AA69424813,1,
2026-07-16 00:00:00,TMC8242481,2026-07-16 00:00:00,LENGKAP,2026-07-16 23:38:00,'AA69424814,1,
2026-07-16 00:00:00,TMC8242481,2026-07-16 00:00:00,LENGKAP,2026-07-16 23:38:00,'AA69424815,1,
2026-07-16 00:00:00,TMC8242481,2026-07-16 00:00:00,LENGKAP,2026-07-16 23:38:00,'AA69424816,1,
2026-07-16 00:00:00,TMC8242481,2026-07-16 00:00:00,LENGKAP,2026-07-16 23:38:00,'AA69424817,1,
2026-07-16 00:00:00,TMC8242481,2026-07-16 00:00:00,LENGKAP,2026-07-16 23:38:00,'AA69424820,1,
2026-07-16 00:00:00,TMC8242481,2026-07-16 00:00:00,LENGKAP,2026-07-16 23:38:00,'AA69425230,1,
2026-07-16 00:00:00,TMC8242481,2026-07-16 00:00:00,LENGKAP,2026-07-16 23:38:00,'AD99249973,1,
2026-07-16 00:00:00,TMC8242481,2026-07-16 00:00:00,LENGKAP,2026-07-16 23:38:00,'AD99249977,1,
2026-07-16 00:00:00,TMC8242481,2026-07-16 00:00:00,LENGKAP,2026-07-16 23:38:00,'AD99249978,1,
2026-07-16 00:00:00,TMC8242481,2026-07-16 00:00:00,LENGKAP,2026-07-16 23:38:00,'AD99249979,1,
2026-07-16 00:00:00,TMC8242481,2026-07-16 00:00:00,LENGKAP,2026-07-16 23:38:00,'AD99250227,1,
2026-07-16 00:00:00,TMC8242481,2026-07-16 00:00:00,LENGKAP,2026-07-16 23:38:00,'AD99250228,1,
2026-07-16 00:00:00,TMC8242481,2026-07-16 00:00:00,LENGKAP,2026-07-16 23:38:00,'AD99250230,1,
2026-07-16 00:00:00,TMC8242481,2026-07-16 00:00:00,LENGKAP,2026-07-16 23:38:00,'AD99250231,1,
2026-07-16 00:00:00,TMC8242481,2026-07-16 00:00:00,LENGKAP,2026-07-16 23:38:00,'AD99250232,1,
2026-07-16 00:00:00,TMC8242481,2026-07-16 00:00:00,LENGKAP,2026-07-16 23:38:00,'AD99250234,1,
2026-07-16 00:00:00,TMC8242482,2026-07-16 00:00:00,LENGKAP,2026-07-17 08:09:00,'AD99249974,1,
2026-07-16 00:00:00,TMC8242482,2026-07-16 00:00:00,LENGKAP,2026-07-17 08:09:00,'AD99250233,2,
2026-07-16 00:00:00,TMC8242483,2026-07-16 00:00:00,LENGKAP,2026-07-16 22:33:00,'AD99250229,3,
2026-07-16 00:00:00,WBK6113160,2026-07-16 00:00:00,LENGKAP,2026-07-16 23:38:00,'AD106339576,1,
2026-07-16 00:00:00,WBK6113160,2026-07-16 00:00:00,LENGKAP,2026-07-16 23:38:00,'AD106339577,1,
2026-07-16 00:00:00,WGP6113160,2026-07-16 00:00:00,LENGKAP,2026-07-17 07:07:00,'AD106608309,1,
2026-07-16 00:00:00,WGP8218396,2026-07-17 00:00:00,LENGKAP,2026-07-16 22:24:00,'AD106608305,1,
2026-07-16 00:00:00,WKB8610836,2026-07-16 00:00:00,LENGKAP,2026-07-16 23:37:00,'AA69423737,1,
2026-07-16 00:00:00,WKB8610836,2026-07-16 00:00:00,LENGKAP,2026-07-16 23:37:00,'AA69423738,1,
2026-07-16 00:00:00,WKB8610836,2026-07-16 00:00:00,LENGKAP,2026-07-16 23:37:00,'AA69423739,1,
2026-07-16 00:00:00,WKB8610836,2026-07-16 00:00:00,LENGKAP,2026-07-16 23:37:00,'AA69423740,1,
2026-07-16 00:00:00,WKB8610836,2026-07-16 00:00:00,LENGKAP,2026-07-16 23:37:00,'AA69423741,1,
2026-07-16 00:00:00,WKB8610836,2026-07-16 00:00:00,LENGKAP,2026-07-16 23:37:00,'AA69423801,1,
2026-07-16 00:00:00,WKB8610836,2026-07-16 00:00:00,LENGKAP,2026-07-16 23:37:00,'AA69423802,1,
2026-07-16 00:00:00,WKB8610836,2026-07-16 00:00:00,LENGKAP,2026-07-16 23:37:00,'AA69423804,1,
2026-07-16 00:00:00,WKB8610836,2026-07-16 00:00:00,LENGKAP,2026-07-16 23:37:00,'AA69423894,1,
2026-07-16 00:00:00,WKB8610836,2026-07-16 00:00:00,LENGKAP,2026-07-16 23:37:00,'AD106343822,1,
2026-07-16 00:00:00,WKB8610836,2026-07-16 00:00:00,LENGKAP,2026-07-16 23:37:00,'AD106343890,1,
2026-07-16 00:00:00,WKB8610836,2026-07-16 00:00:00,LENGKAP,2026-07-16 23:37:00,'AD106343891,1,
2026-07-16 00:00:00,WKB8610836,2026-07-16 00:00:00,LENGKAP,2026-07-16 23:37:00,'AD106343892,1,
2026-07-17 00:00:00,27477319341MOF,2026-07-17 00:00:00,LENGKAP,2026-07-17 08:06:00,'AA64499897,32,
2026-07-17 00:00:00,2747732388MOF,2026-07-17 00:00:00,LENGKAP,2026-07-17 08:07:00,'AA64499896,9,
2026-07-17 00:00:00,2747732390TMC,2026-07-17 00:00:00,LENGKAP,2026-07-17 08:04:00,'AA64499971,2,
2026-07-17 00:00:00,2747732440KOE,2026-07-17 00:00:00,LENGKAP,2026-07-17 21:33:00,'AA74700049,23,
2026-07-17 00:00:00,2747732441MOF,2026-07-17 00:00:00,LENGKAP,2026-07-17 10:28:00,'AA64597767,5,
2026-07-17 00:00:00,2747732441MOF,2026-07-17 00:00:00,LENGKAP,2026-07-17 10:28:00,'AA64597768,2,
2026-07-17 00:00:00,51300133486ENE,2026-07-17 00:00:00,LENGKAP,2026-07-17 08:07:00,'YS15284668,18,
2026-07-17 00:00:00,51300133534LBJ,2026-07-17 00:00:00,LENGKAP,2026-07-17 08:07:00,'YS15284666,19,
2026-07-17 00:00:00,51300134363LBJ,2026-07-17 00:00:00,LENGKAP,2026-07-17 13:15:00,'YS15284659,2,
2026-07-17 00:00:00,51300134374LBJ,2026-07-17 00:00:00,LENGKAP,2026-07-17 13:16:00,'YS15284660,1,
2026-07-17 00:00:00,51300134385ENE,2026-07-17 00:00:00,LENGKAP,2026-07-17 09:06:00,'YS15284665,1,
2026-07-17 00:00:00,51300134584LKA,2026-07-17 00:00:00,LENGKAP,2026-07-17 08:07:00,'YS15284667,18,
2026-07-17 00:00:00,51300134702KOE,2026-07-17 00:00:00,LENGKAP,2026-07-17 08:38:00,'AA74700064,14,
2026-07-17 00:00:00,51300134702KOE,2026-07-17 00:00:00,LENGKAP,2026-07-17 08:38:00,'AA74700083,10,
2026-07-17 00:00:00,51300134702KOE,2026-07-17 00:00:00,LENGKAP,2026-07-17 08:38:00,'AA74700084,11,
2026-07-17 00:00:00,51300134702KOE,2026-07-17 00:00:00,LENGKAP,2026-07-17 08:38:00,'AD106608282,4,
2026-07-17 00:00:00,51300134702KOE,2026-07-17 00:00:00,LENGKAP,2026-07-17 08:38:00,'AD106608284,1,
2026-07-17 00:00:00,51300134713,2026-07-17 00:00:00,LENGKAP,2026-07-17 16:27:00,'AA74700065,11,
2026-07-17 00:00:00,51300134713,2026-07-17 00:00:00,LENGKAP,2026-07-17 16:27:00,'AA74700079,13,
2026-07-17 00:00:00,51300134713,2026-07-17 00:00:00,LENGKAP,2026-07-17 16:27:00,'AA74700080,17,
2026-07-17 00:00:00,8578553,2026-07-17 00:00:00,LENGKAP,,'AA64482691,5,
2026-07-17 00:00:00,88812187862,2026-07-17 00:00:00,LENGKAP,2026-07-17 10:36:00,'360170002925626,1,
2026-07-17 00:00:00,88812187862,2026-07-17 00:00:00,LENGKAP,2026-07-17 10:36:00,'AA64489901,2,
2026-07-17 00:00:00,88812187862,2026-07-17 00:00:00,LENGKAP,2026-07-17 10:36:00,'YS15281309,2,
2026-07-17 00:00:00,88812187862,2026-07-17 00:00:00,LENGKAP,2026-07-17 10:36:00,'YS15281310,4,
2026-07-17 00:00:00,88812187862,2026-07-17 00:00:00,LENGKAP,2026-07-17 10:36:00,'YS15281311,2,
2026-07-17 00:00:00,88812187862,2026-07-17 00:00:00,LENGKAP,2026-07-17 10:36:00,'YS15281312,9,
2026-07-17 00:00:00,88812187862,2026-07-17 00:00:00,LENGKAP,2026-07-17 10:36:00,'YT1820035,1,
2026-07-17 00:00:00,88812187943,2026-07-17 00:00:00,LENGKAP,2026-07-18 00:13:00,'AD99242059,14,
2026-07-17 00:00:00,88812187943,2026-07-17 00:00:00,LENGKAP,2026-07-18 00:13:00,'AD99242061,22,
2026-07-17 00:00:00,93801417721,2026-07-17 00:00:00,LENGKAP,2026-07-17 14:04:00,'YS40164532,2,
2026-07-17 00:00:00,99001201826,2026-07-17 00:00:00,LENGKAP,2026-07-17 11:09:00,'AA64490725,1,
2026-07-17 00:00:00,99001201826,2026-07-17 00:00:00,LENGKAP,2026-07-17 11:09:00,'YS40164531,10,
2026-07-17 00:00:00,ABU448498,2026-07-17 00:00:00,LENGKAP,,'AD99200257,1,
2026-07-17 00:00:00,ABU448498,2026-07-17 00:00:00,LENGKAP,,'AD99200258,1,
2026-07-17 00:00:00,ABU448498,2026-07-17 00:00:00,LENGKAP,,'AD99200259,1,
2026-07-17 00:00:00,ABU448498,2026-07-17 00:00:00,LENGKAP,,'AD99200260,1,
2026-07-17 00:00:00,ABU448498,2026-07-17 00:00:00,LENGKAP,,'AD99200448,1,
2026-07-17 00:00:00,ABU448498,2026-07-17 00:00:00,LENGKAP,,'AD99200449,1,
2026-07-17 00:00:00,ABU448498,2026-07-17 00:00:00,LENGKAP,,'AD99200450,1,
2026-07-17 00:00:00,ABU448498,2026-07-17 00:00:00,LENGKAP,,'AD99200451,1,
2026-07-17 00:00:00,ABU448498,2026-07-17 00:00:00,LENGKAP,,'AD99200452,1,
2026-07-17 00:00:00,ABU448498,2026-07-17 00:00:00,LENGKAP,,'AD99200453,1,
2026-07-17 00:00:00,ABU448498,2026-07-17 00:00:00,LENGKAP,,'AD99200454,1,
2026-07-17 00:00:00,ABU448498,2026-07-17 00:00:00,LENGKAP,,'AD99200455,1,
2026-07-17 00:00:00,ABU448498,2026-07-17 00:00:00,LENGKAP,,'AD99200456,1,
2026-07-17 00:00:00,ABU448498,2026-07-17 00:00:00,LENGKAP,,'AD99200457,1,
2026-07-17 00:00:00,ABU448498,2026-07-17 00:00:00,LENGKAP,,'AD99200458,1,
2026-07-17 00:00:00,ABU448498,2026-07-17 00:00:00,LENGKAP,,'AD99200459,1,
2026-07-17 00:00:00,ABU448498,2026-07-17 00:00:00,LENGKAP,,'AD99200460,1,
2026-07-17 00:00:00,ABU448498,2026-07-17 00:00:00,LENGKAP,,'AD99200461,1,
2026-07-17 00:00:00,ABU448498,2026-07-17 00:00:00,LENGKAP,,'AD99200462,1,
2026-07-17 00:00:00,ABU448498,2026-07-17 00:00:00,LENGKAP,,'AD99200463,1,
2026-07-17 00:00:00,ABU448498,2026-07-17 00:00:00,LENGKAP,,'AD99200464,1,
2026-07-17 00:00:00,ABU448498,2026-07-17 00:00:00,LENGKAP,,'AD99200465,1,
2026-07-17 00:00:00,ABU448498,2026-07-17 00:00:00,LENGKAP,,'AD99200466,1,
2026-07-17 00:00:00,ABU448498,2026-07-17 00:00:00,LENGKAP,,'AD99200467,1,
2026-07-17 00:00:00,ABU448498,2026-07-17 00:00:00,LENGKAP,,'AD99200468,1,
2026-07-17 00:00:00,ABU448498,2026-07-17 00:00:00,LENGKAP,,'AD99200475,1,
2026-07-17 00:00:00,ABU448498,2026-07-17 00:00:00,LENGKAP,,'AD99200476,1,
2026-07-17 00:00:00,ABU448498,2026-07-17 00:00:00,LENGKAP,,'AD99200477,1,
2026-07-17 00:00:00,ABU448498,2026-07-17 00:00:00,LENGKAP,,'AD99200478,1,
2026-07-17 00:00:00,ABU448498,2026-07-17 00:00:00,LENGKAP,,'AD99200479,1,
2026-07-17 00:00:00,ABU448498,2026-07-17 00:00:00,LENGKAP,,'AD99200480,1,
2026-07-17 00:00:00,ABU448498,2026-07-17 00:00:00,LENGKAP,,'AD99200481,1,
2026-07-17 00:00:00,ABU448498,2026-07-17 00:00:00,LENGKAP,,'AD99200482,1,
2026-07-17 00:00:00,ABU448498,2026-07-17 00:00:00,LENGKAP,,'AD99200483,1,
2026-07-17 00:00:00,ABU448498,2026-07-17 00:00:00,LENGKAP,,'AD99200484,1,
2026-07-17 00:00:00,ABU448498,2026-07-17 00:00:00,LENGKAP,,'AD99200485,1,
2026-07-17 00:00:00,ABU448498,2026-07-17 00:00:00,LENGKAP,,'AD99200498,1,
2026-07-17 00:00:00,ABU469469,2026-07-17 00:00:00,LENGKAP,2026-07-18 08:34:00,'AD99200469,1,
2026-07-17 00:00:00,ABU470488,2026-07-17 00:00:00,LENGKAP,2026-07-17 23:03:00,'AD99200470,13,
2026-07-17 00:00:00,ABU470488,2026-07-17 00:00:00,LENGKAP,2026-07-17 23:03:00,'AD99200474,2,
2026-07-17 00:00:00,ABU470488,2026-07-17 00:00:00,LENGKAP,2026-07-17 23:03:00,'AD99200488,4,
2026-07-17 00:00:00,ABU470488,2026-07-17 00:00:00,LENGKAP,2026-07-17 23:03:00,'TR51638765,1,
2026-07-17 00:00:00,ABU486497,2026-07-17 00:00:00,LENGKAP,2026-07-18 10:23:00,'AD99200486,1,
2026-07-17 00:00:00,ABU486497,2026-07-17 00:00:00,LENGKAP,2026-07-18 10:23:00,'AD99200487,1,
2026-07-17 00:00:00,ABU486497,2026-07-17 00:00:00,LENGKAP,2026-07-18 10:23:00,'AD99200497,1,
2026-07-17 00:00:00,HLP021834,2026-07-17 00:00:00,LENGKAP,2026-07-17 19:24:00,'AA64489897,12,
2026-07-17 00:00:00,HLP021834,2026-07-17 00:00:00,LENGKAP,2026-07-17 19:24:00,'AA64489898,11,
2026-07-17 00:00:00,HLP021834,2026-07-17 00:00:00,LENGKAP,2026-07-17 19:24:00,'AA64489900,5,
2026-07-17 00:00:00,HLP021834,2026-07-17 00:00:00,LENGKAP,2026-07-17 19:24:00,'AA64489902,21,
2026-07-17 00:00:00,HLP021834,2026-07-17 00:00:00,LENGKAP,2026-07-17 19:24:00,'AA64489904,9,
2026-07-17 00:00:00,HLP021834,2026-07-17 00:00:00,LENGKAP,2026-07-17 19:24:00,'AA64489905,19,
2026-07-17 00:00:00,HLP021834,2026-07-17 00:00:00,LENGKAP,2026-07-17 19:24:00,'AA64489907,27,
2026-07-17 00:00:00,HLP021834,2026-07-17 00:00:00,LENGKAP,2026-07-17 19:24:00,'AA64489908,5,
2026-07-17 00:00:00,HLP021834,2026-07-17 00:00:00,LENGKAP,2026-07-17 19:24:00,'AA64489909,8,
2026-07-17 00:00:00,HLP021834,2026-07-17 00:00:00,LENGKAP,2026-07-17 19:24:00,'AA64489911,24,
2026-07-17 00:00:00,HLP021834,2026-07-17 00:00:00,LENGKAP,2026-07-17 19:24:00,'AA64489912,3,
2026-07-17 00:00:00,HLP021834,2026-07-17 00:00:00,LENGKAP,2026-07-17 19:24:00,'AA64489913,1,
2026-07-17 00:00:00,HLP021834,2026-07-17 00:00:00,LENGKAP,2026-07-17 19:24:00,'AA64489915,5,
2026-07-17 00:00:00,HLP021834,2026-07-17 00:00:00,LENGKAP,2026-07-17 19:24:00,'AA64489916,1,
2026-07-17 00:00:00,HLP021834,2026-07-17 00:00:00,LENGKAP,2026-07-17 19:24:00,'AA64489917,1,
2026-07-17 00:00:00,HLP021834,2026-07-17 00:00:00,LENGKAP,2026-07-17 19:24:00,'AA64489919,4,
2026-07-17 00:00:00,HLP021834,2026-07-17 00:00:00,LENGKAP,2026-07-17 19:24:00,'AA64489920,18,
2026-07-17 00:00:00,HLP021834,2026-07-17 00:00:00,LENGKAP,2026-07-17 19:24:00,'AA64489923,3,
2026-07-17 00:00:00,HLP021834,2026-07-17 00:00:00,LENGKAP,2026-07-17 19:24:00,'AD102696549,10,
2026-07-17 00:00:00,HLP021834,2026-07-17 00:00:00,LENGKAP,2026-07-17 19:24:00,'AD102696550,17,
2026-07-17 00:00:00,HLP021834,2026-07-17 00:00:00,LENGKAP,2026-07-17 19:24:00,'AD102696555,12,
2026-07-17 00:00:00,HLP021834,2026-07-17 00:00:00,LENGKAP,2026-07-17 19:24:00,'AD102696556,10,
2026-07-17 00:00:00,HLP021834,2026-07-17 00:00:00,LENGKAP,2026-07-17 19:24:00,'AD102696557,4,
2026-07-17 00:00:00,HLP021834,2026-07-17 00:00:00,LENGKAP,2026-07-17 19:24:00,'AD102696558,7,
2026-07-17 00:00:00,HLP021834,2026-07-17 00:00:00,LENGKAP,2026-07-17 19:24:00,'AD102696559,15,
2026-07-17 00:00:00,HLP021834,2026-07-17 00:00:00,LENGKAP,2026-07-17 19:24:00,'AD102696560,1,
2026-07-17 00:00:00,HLP021834,2026-07-17 00:00:00,LENGKAP,2026-07-17 19:24:00,'AD99200426,1,
2026-07-17 00:00:00,JTRKOE8241179,2026-07-17 00:00:00,LENGKAP,2026-07-17 08:04:00,'AA64499987,35,
2026-07-17 00:00:00,JTRKOE8241179,2026-07-17 00:00:00,LENGKAP,2026-07-17 08:04:00,'AA64499988,15,
2026-07-17 00:00:00,JTRKOE8241179,2026-07-17 00:00:00,LENGKAP,2026-07-17 08:04:00,'AA64597866,19,
2026-07-17 00:00:00,JTRKOE8241180,2026-07-17 00:00:00,LENGKAP,2026-07-17 08:09:00,'AA64499861,13,
2026-07-17 00:00:00,JTRKOE8241180,2026-07-17 00:00:00,LENGKAP,2026-07-17 08:09:00,'AA64499863,20,
2026-07-17 00:00:00,JTRKOE8241180,2026-07-17 00:00:00,LENGKAP,2026-07-17 08:09:00,'AA64499864,14,
2026-07-17 00:00:00,JTRKOE8241180,2026-07-17 00:00:00,LENGKAP,2026-07-17 08:09:00,'AA64499865,21,
2026-07-17 00:00:00,JTRKOE8241180,2026-07-17 00:00:00,LENGKAP,2026-07-17 08:09:00,'AA64499866,4,
2026-07-17 00:00:00,JTRKOE8241180,2026-07-17 00:00:00,LENGKAP,2026-07-17 08:09:00,'AA64499867,4,
2026-07-17 00:00:00,JTRKOE8241180,2026-07-17 00:00:00,LENGKAP,2026-07-17 08:09:00,'AA64499870,13,
2026-07-17 00:00:00,JTRKOE8241180,2026-07-17 00:00:00,LENGKAP,2026-07-17 08:09:00,'AA64499871,10,
2026-07-17 00:00:00,JTRKOE8241180,2026-07-17 00:00:00,LENGKAP,2026-07-17 08:09:00,'AA64499872,20,
2026-07-17 00:00:00,JTRKOE8241180,2026-07-17 00:00:00,LENGKAP,2026-07-17 08:09:00,'AA64499874,13,
2026-07-17 00:00:00,JTRKOE8241180,2026-07-17 00:00:00,LENGKAP,2026-07-17 08:09:00,'AA64499877,22,
2026-07-17 00:00:00,JTRKOE8241180,2026-07-17 00:00:00,LENGKAP,2026-07-17 08:09:00,'AA64499878,24,
2026-07-17 00:00:00,JTRKOE8241180,2026-07-17 00:00:00,LENGKAP,2026-07-17 08:09:00,'AA64499880,15,
2026-07-17 00:00:00,JTRKOE8241180,2026-07-17 00:00:00,LENGKAP,2026-07-17 08:09:00,'AA64499881,21,
2026-07-17 00:00:00,JTRKOE8241180,2026-07-17 00:00:00,LENGKAP,2026-07-17 08:09:00,'AA64499882,11,
2026-07-17 00:00:00,JTRKOE8241180,2026-07-17 00:00:00,LENGKAP,2026-07-17 08:09:00,'AA64499883,9,
2026-07-17 00:00:00,JTRKOE8241180,2026-07-17 00:00:00,LENGKAP,2026-07-17 08:09:00,'AA64499884,1,
2026-07-17 00:00:00,JTRKOE8241180,2026-07-17 00:00:00,LENGKAP,2026-07-17 08:09:00,'AA64499885,28,
2026-07-17 00:00:00,JTRKOE8241180,2026-07-17 00:00:00,LENGKAP,2026-07-17 08:09:00,'AA64499886,2,
2026-07-17 00:00:00,JTRKOE8241180,2026-07-17 00:00:00,LENGKAP,2026-07-17 08:09:00,'AA64499887,2,
2026-07-17 00:00:00,JTRKOE8241180,2026-07-17 00:00:00,LENGKAP,2026-07-17 08:09:00,'AA64499888,22,
2026-07-17 00:00:00,JTRKOE8241180,2026-07-17 00:00:00,LENGKAP,2026-07-17 08:09:00,'AA64499889,12,
2026-07-17 00:00:00,JTRKOE8241180,2026-07-17 00:00:00,LENGKAP,2026-07-17 08:09:00,'AA64499890,1,
2026-07-17 00:00:00,JTRKOE8241180,2026-07-17 00:00:00,LENGKAP,2026-07-17 08:09:00,'AA64499891,14,
2026-07-17 00:00:00,JTRKOE8241180,2026-07-17 00:00:00,LENGKAP,2026-07-17 08:09:00,'AA64499892,1,
2026-07-17 00:00:00,JTRKOE8241180,2026-07-17 00:00:00,LENGKAP,2026-07-17 08:09:00,'AA64499893,19,
2026-07-17 00:00:00,JTRKOE8241180,2026-07-17 00:00:00,LENGKAP,2026-07-17 08:09:00,'AA64499895,5,
2026-07-17 00:00:00,JTRKOE8241180,2026-07-17 00:00:00,LENGKAP,2026-07-17 08:09:00,'AA64499898,7,
2026-07-17 00:00:00,JTRKOE8241180,2026-07-17 00:00:00,LENGKAP,2026-07-17 08:09:00,'AA64499899,31,
2026-07-17 00:00:00,JTRKOE8241180,2026-07-17 00:00:00,LENGKAP,2026-07-17 08:09:00,'KOEEC02420704626,1,
2026-07-17 00:00:00,JTRKOE8241180,2026-07-17 00:00:00,LENGKAP,2026-07-17 08:09:00,'KOEEC02420724226,1,
2026-07-17 00:00:00,JTRKOE8241180,2026-07-17 00:00:00,LENGKAP,2026-07-17 08:09:00,'KOEEC02420734026,1,
2026-07-17 00:00:00,JTRKOE8241180,2026-07-17 00:00:00,LENGKAP,2026-07-17 08:09:00,'KOEEC02420743826,1,
2026-07-17 00:00:00,JTRKOE8241180,2026-07-17 00:00:00,LENGKAP,2026-07-17 08:09:00,'KOEEC02420783026,1,
2026-07-17 00:00:00,JTRKOE8241180,2026-07-17 00:00:00,LENGKAP,2026-07-17 08:09:00,'KOEEC02420823826,1,
2026-07-17 00:00:00,JTRKOE8241181,2026-07-17 00:00:00,LENGKAP,2026-07-17 08:09:00,'KOEEC02420564226,1,
2026-07-17 00:00:00,JTRKOE8241181,2026-07-17 00:00:00,LENGKAP,2026-07-17 08:09:00,'TR81305474,2,
2026-07-17 00:00:00,JTRKOE8241182,2026-07-17 00:00:00,LENGKAP,2026-07-17 08:10:00,'KOEEC02420454826,1,
2026-07-17 00:00:00,JTRKOE8241182,2026-07-17 00:00:00,LENGKAP,2026-07-17 08:10:00,'KOEEC02420464626,1,
2026-07-17 00:00:00,JTRKOE8241183,2026-07-17 00:00:00,LENGKAP,2026-07-17 08:06:00,'KOEEC02420644226,1,
2026-07-17 00:00:00,JTRKOE8241183,2026-07-17 00:00:00,LENGKAP,2026-07-17 08:06:00,'KOEEC02420654026,1,
2026-07-17 00:00:00,JTRKOE8241183,2026-07-17 00:00:00,LENGKAP,2026-07-17 08:06:00,'KOEEC02420663826,1,
2026-07-17 00:00:00,JTRKOE8241183,2026-07-17 00:00:00,LENGKAP,2026-07-17 08:06:00,'KOEEC02420693226,1,
2026-07-17 00:00:00,JTRKOE8241183,2026-07-17 00:00:00,LENGKAP,2026-07-17 08:06:00,'TR81305100,2,
2026-07-17 00:00:00,JTRKOE8241184,2026-07-17 00:00:00,LENGKAP,2026-07-17 08:10:00,'360100033633926,1,
2026-07-17 00:00:00,JTRKOE8241184,2026-07-17 00:00:00,LENGKAP,2026-07-17 08:10:00,'KOEEC02420484226,1,
2026-07-17 00:00:00,JTRKOE8241184,2026-07-17 00:00:00,LENGKAP,2026-07-17 08:10:00,'KOEEC02420505426,1,
2026-07-17 00:00:00,JTRKOE8241184,2026-07-17 00:00:00,LENGKAP,2026-07-17 08:10:00,'KOEEC02420534826,1,
2026-07-17 00:00:00,JTRKOE8241185,2026-07-17 00:00:00,LENGKAP,2026-07-17 08:06:00,'AA64499959,19,
2026-07-17 00:00:00,JTRKOE8241185,2026-07-17 00:00:00,LENGKAP,2026-07-17 08:06:00,'AA64499960,21,
2026-07-17 00:00:00,JTRKOE8241185,2026-07-17 00:00:00,LENGKAP,2026-07-17 08:06:00,'AA64499961,10,
2026-07-17 00:00:00,JTRKOE8241185,2026-07-17 00:00:00,LENGKAP,2026-07-17 08:06:00,'AA64499962,9,
2026-07-17 00:00:00,JTRKOE8241185,2026-07-17 00:00:00,LENGKAP,2026-07-17 08:06:00,'AA64499963,19,
2026-07-17 00:00:00,JTRKOE8241185,2026-07-17 00:00:00,LENGKAP,2026-07-17 08:06:00,'AA64499977,17,
2026-07-17 00:00:00,JTRKOE8241185,2026-07-17 00:00:00,LENGKAP,2026-07-17 08:06:00,'AA64499986,9,
2026-07-17 00:00:00,JTRKOE8241185,2026-07-17 00:00:00,LENGKAP,2026-07-17 08:06:00,'AA64499989,15,
2026-07-17 00:00:00,JTRKOE8241185,2026-07-17 00:00:00,LENGKAP,2026-07-17 08:06:00,'AA64499991,10,
2026-07-17 00:00:00,JTRKOE8241185,2026-07-17 00:00:00,LENGKAP,2026-07-17 08:06:00,'AA64499992,24,
2026-07-17 00:00:00,JTRKOE8241185,2026-07-17 00:00:00,LENGKAP,2026-07-17 08:06:00,'AA64499994,27,
2026-07-17 00:00:00,JTRKOE8241185,2026-07-17 00:00:00,LENGKAP,2026-07-17 08:06:00,'AA64597716,10,
2026-07-17 00:00:00,JTRKOE8241185,2026-07-17 00:00:00,LENGKAP,2026-07-17 08:06:00,'AA64597727,15,
2026-07-17 00:00:00,JTRKOE8241185,2026-07-17 00:00:00,LENGKAP,2026-07-17 08:06:00,'KOEEC02420714426,1,
2026-07-17 00:00:00,JTRKOE8241185,2026-07-17 00:00:00,LENGKAP,2026-07-17 08:06:00,'KOEEC02420753626,1,
2026-07-17 00:00:00,KEF1707261,2026-07-17 00:00:00,LENGKAP,,'AA63898598,1,
2026-07-17 00:00:00,KEF1707261,2026-07-17 00:00:00,LENGKAP,,'AA63898599,1,
2026-07-17 00:00:00,KEF1707261,2026-07-17 00:00:00,LENGKAP,,'AA63898600,1,
2026-07-17 00:00:00,KEF1707261,2026-07-17 00:00:00,LENGKAP,,'AA63898601,1,
2026-07-17 00:00:00,KEF1707261,2026-07-17 00:00:00,LENGKAP,,'AA63898602,1,
2026-07-17 00:00:00,KEF1707261,2026-07-17 00:00:00,LENGKAP,,'AA63898603,1,
2026-07-17 00:00:00,KEF1707261,2026-07-17 00:00:00,LENGKAP,,'AA63898604,1,
2026-07-17 00:00:00,KEF1707261,2026-07-17 00:00:00,LENGKAP,,'AA63898605,1,
2026-07-17 00:00:00,KEF1707261,2026-07-17 00:00:00,LENGKAP,,'AA63898606,1,
2026-07-17 00:00:00,KEF1707261,2026-07-17 00:00:00,LENGKAP,,'AA63898607,1,
2026-07-17 00:00:00,KEF1707261,2026-07-17 00:00:00,LENGKAP,,'AA63898608,1,
2026-07-17 00:00:00,KEF1707261,2026-07-17 00:00:00,LENGKAP,,'AA63898609,1,
2026-07-17 00:00:00,KEF1707261,2026-07-17 00:00:00,LENGKAP,,'AA63898610,1,
2026-07-17 00:00:00,KEF1707261,2026-07-17 00:00:00,LENGKAP,,'AA63898611,1,
2026-07-17 00:00:00,KEF1707261,2026-07-17 00:00:00,LENGKAP,,'AA63898612,1,
2026-07-17 00:00:00,KEF1707261,2026-07-17 00:00:00,LENGKAP,,'AA63898613,1,
2026-07-17 00:00:00,KEF1707261,2026-07-17 00:00:00,LENGKAP,,'AA63898614,1,
2026-07-17 00:00:00,KEF1707261,2026-07-17 00:00:00,LENGKAP,,'AA63898615,1,
2026-07-17 00:00:00,KEF1707261,2026-07-17 00:00:00,LENGKAP,,'AA63898616,1,
2026-07-17 00:00:00,KEF1707261,2026-07-17 00:00:00,LENGKAP,,'AA63898617,1,
2026-07-17 00:00:00,KEF1707261,2026-07-17 00:00:00,LENGKAP,,'AA63898618,1,
2026-07-17 00:00:00,KEF1707261,2026-07-17 00:00:00,LENGKAP,,'AA63898619,1,
2026-07-17 00:00:00,KEF1707261,2026-07-17 00:00:00,LENGKAP,,'AA63898620,1,
2026-07-17 00:00:00,KEF1707261,2026-07-17 00:00:00,LENGKAP,,'TR00041216,1,
2026-07-17 00:00:00,KEF1707262,2026-07-17 00:00:00,LENGKAP,2026-07-17 20:03:00,'AD106585338,1,
2026-07-17 00:00:00,KEF1707262,2026-07-17 00:00:00,LENGKAP,2026-07-17 20:03:00,'AD106585339,6,
2026-07-17 00:00:00,KEF1707262,2026-07-17 00:00:00,LENGKAP,2026-07-17 20:03:00,'AD106585342,1,
2026-07-17 00:00:00,KEF1707263,2026-07-17 00:00:00,LENGKAP,,'AA63898621,1,
2026-07-17 00:00:00,KEF1707263,2026-07-17 00:00:00,LENGKAP,,'AA63898622,1,
2026-07-17 00:00:00,KEF1707263,2026-07-17 00:00:00,LENGKAP,,'AA63898623,1,
2026-07-17 00:00:00,KEF1707263,2026-07-17 00:00:00,LENGKAP,,'AA63898624,1,
2026-07-17 00:00:00,KEF1707263,2026-07-17 00:00:00,LENGKAP,,'AA63898625,1,
2026-07-17 00:00:00,KEF1707263,2026-07-17 00:00:00,LENGKAP,,'AA63898626,1,
2026-07-17 00:00:00,KEF1707263,2026-07-17 00:00:00,LENGKAP,,'AA63898627,1,
2026-07-17 00:00:00,KEF1707263,2026-07-17 00:00:00,LENGKAP,,'AA63898628,1,
2026-07-17 00:00:00,KEF1707263,2026-07-17 00:00:00,LENGKAP,,'AA63898629,1,
2026-07-17 00:00:00,KEF1707263,2026-07-17 00:00:00,LENGKAP,,'AA63898630,1,
2026-07-17 00:00:00,KEF1707263,2026-07-17 00:00:00,LENGKAP,,'AA63898631,1,
2026-07-17 00:00:00,KEF1707263,2026-07-17 00:00:00,LENGKAP,,'AA63898632,1,
2026-07-17 00:00:00,KEF1707263,2026-07-17 00:00:00,LENGKAP,,'AA63898633,1,
2026-07-17 00:00:00,KEF1707263,2026-07-17 00:00:00,LENGKAP,,'AA63898634,1,
2026-07-17 00:00:00,KEF1707263,2026-07-17 00:00:00,LENGKAP,,'AA63898635,1,
2026-07-17 00:00:00,KEF1707263,2026-07-17 00:00:00,LENGKAP,,'AA63898636,1,
2026-07-17 00:00:00,KEF1707263,2026-07-17 00:00:00,LENGKAP,,'TR00041217,1,
2026-07-17 00:00:00,KEF1707263,2026-07-17 00:00:00,LENGKAP,,'TR00041218,1,
2026-07-17 00:00:00,KEF1707264,2026-07-17 00:00:00,LENGKAP,2026-07-18 08:33:00,'AD106585343,7,
2026-07-17 00:00:00,KEF1707265,2026-07-18 00:00:00,LENGKAP,2026-07-18 07:40:00,'AD106585344,1,
2026-07-17 00:00:00,KOE172121,2026-07-17 00:00:00,LENGKAP,2026-07-17 09:08:00,'RTKOE26014909609,1,
2026-07-17 00:00:00,KOE17222,2026-07-17 00:00:00,LENGKAP,2026-07-17 09:07:00,'360140010936326,1,
2026-07-17 00:00:00,KOE177202611,2026-07-17 00:00:00,LENGKAP,2026-07-17 17:11:00,'360100033787326,1,
2026-07-17 00:00:00,KOE177202611,2026-07-17 00:00:00,LENGKAP,2026-07-17 17:11:00,'360140010995126,1,
2026-07-17 00:00:00,KOE177202611,2026-07-17 00:00:00,LENGKAP,2026-07-17 17:11:00,'360140011002026,1,
2026-07-17 00:00:00,KOE177202611,2026-07-17 00:00:00,LENGKAP,2026-07-17 17:11:00,'360140011003926,1,
2026-07-17 00:00:00,KOE177202611,2026-07-17 00:00:00,LENGKAP,2026-07-17 17:11:00,'360140011005726,1,
2026-07-17 00:00:00,KOE177202612,2026-07-17 00:00:00,LENGKAP,,'360140011000226,1,
2026-07-17 00:00:00,KOE177202612,2026-07-17 00:00:00,LENGKAP,,'360290019617826,1,
2026-07-17 00:00:00,KOE177202613,2026-07-17 00:00:00,LENGKAP,2026-07-18 10:24:00,'360140011004826,1,
2026-07-17 00:00:00,KOE177202613,2026-07-17 00:00:00,LENGKAP,2026-07-18 10:24:00,'AD99250242,1,
2026-07-17 00:00:00,KOE177202614,2026-07-17 00:00:00,LENGKAP,2026-07-17 13:38:00,'360100033785526,1,
2026-07-17 00:00:00,KOE177202614,2026-07-17 00:00:00,LENGKAP,2026-07-17 13:38:00,'AD106608311,1,
2026-07-17 00:00:00,KOE177202615,2026-07-17 00:00:00,LENGKAP,,'AD106608293,1,
2026-07-17 00:00:00,KOE180720261,2026-07-18 00:00:00,LENGKAP,2026-07-18 07:41:00,'360100033957726,1,
2026-07-17 00:00:00,KOE180720261,2026-07-18 00:00:00,LENGKAP,2026-07-18 07:41:00,'360240018257626,1,
2026-07-17 00:00:00,KOE180720261,2026-07-18 00:00:00,LENGKAP,2026-07-18 07:41:00,'360660001727526,1,
2026-07-17 00:00:00,KOE180720261,2026-07-18 00:00:00,LENGKAP,2026-07-18 07:41:00,'AA64597853,7,
2026-07-17 00:00:00,KOE180720261,2026-07-18 00:00:00,LENGKAP,2026-07-18 07:41:00,'AA64597854,34,
2026-07-17 00:00:00,KOE180720261,2026-07-18 00:00:00,LENGKAP,2026-07-18 07:41:00,'AA64597860,43,
2026-07-17 00:00:00,KOE180720261,2026-07-18 00:00:00,LENGKAP,2026-07-18 07:41:00,'KOEAA03667731026,1,
2026-07-17 00:00:00,KOE180720261,2026-07-18 00:00:00,LENGKAP,2026-07-18 07:41:00,'KOEEC02423065326,1,
2026-07-17 00:00:00,KOE180720261,2026-07-18 00:00:00,LENGKAP,2026-07-18 07:41:00,'KOEEC02423434326,1,
2026-07-17 00:00:00,KOE180720261,2026-07-18 00:00:00,LENGKAP,2026-07-18 07:41:00,'KOEEC02423504526,1,
2026-07-17 00:00:00,KOE180720261,2026-07-18 00:00:00,LENGKAP,2026-07-18 07:41:00,'KOEEC02423692326,1,
2026-07-17 00:00:00,KOE180720261,2026-07-18 00:00:00,LENGKAP,2026-07-18 07:41:00,'KOEEC02424443826,1,
2026-07-17 00:00:00,KOE180720261,2026-07-18 00:00:00,LENGKAP,2026-07-18 07:41:00,'KOEEC02424504226,1,
2026-07-17 00:00:00,MLA8218672,2026-07-17 00:00:00,LENGKAP,,'AA72283808,1,
2026-07-17 00:00:00,KOE180720262,2026-07-18 00:00:00,LENGKAP,2026-07-18 10:26:00,'2600108724202M01,1,
2026-07-17 00:00:00,KOE180720262,2026-07-18 00:00:00,LENGKAP,2026-07-18 10:26:00,'2600108724202M02,1,
2026-07-17 00:00:00,KOE180720262,2026-07-18 00:00:00,LENGKAP,2026-07-18 10:26:00,'AA64597848,16,
2026-07-17 00:00:00,KOE180720262,2026-07-18 00:00:00,LENGKAP,2026-07-18 10:26:00,'AA64597855,1,
2026-07-17 00:00:00,KOE180720262,2026-07-18 00:00:00,LENGKAP,2026-07-18 10:26:00,'AA64597858,26,
2026-07-17 00:00:00,KOE180720262,2026-07-18 00:00:00,LENGKAP,2026-07-18 10:26:00,'KOEEC02423553526,1,
2026-07-17 00:00:00,MLA8218672,2026-07-17 00:00:00,LENGKAP,,'AA72283809,1,
2026-07-17 00:00:00,MLA8218672,2026-07-17 00:00:00,LENGKAP,,'AA72283810,1,
2026-07-17 00:00:00,MLA8218672,2026-07-17 00:00:00,LENGKAP,,'AA72283811,1,
2026-07-17 00:00:00,MLA8218672,2026-07-17 00:00:00,LENGKAP,,'AA72283812,1,
2026-07-17 00:00:00,MLA8218672,2026-07-17 00:00:00,LENGKAP,,'AA72283813,1,
2026-07-17 00:00:00,MLA8218673,2026-07-17 00:00:00,LENGKAP,2026-07-18 08:30:00,'AD106441311,9,
2026-07-17 00:00:00,MLA8218673,2026-07-17 00:00:00,LENGKAP,2026-07-18 08:30:00,'AD106441314,2,
2026-07-17 00:00:00,MLA8218674,2026-07-17 00:00:00,LENGKAP,2026-07-18 10:25:00,'AD106441312,1,
2026-07-17 00:00:00,MLA8218675,2026-07-17 00:00:00,LENGKAP,2026-07-18 07:48:00,'AD106441313,1,
2026-07-17 00:00:00,MLA8218675,2026-07-17 00:00:00,LENGKAP,2026-07-18 07:48:00,'AD106441315,2,
2026-07-17 00:00:00,OLS022216,2026-07-17 00:00:00,LENGKAP,2026-07-17 17:07:00,'AD104095848,1,
2026-07-17 00:00:00,OLS022217,2026-07-17 00:00:00,LENGKAP,,'AD104095847,2,
2026-07-17 00:00:00,RTI6893848,2026-07-17 00:00:00,LENGKAP,,'AD99250692,1,
2026-07-17 00:00:00,RTI6893848,2026-07-17 00:00:00,LENGKAP,,'AD99250695,1,
2026-07-17 00:00:00,RTI6893848,2026-07-17 00:00:00,LENGKAP,,'AD99250696,1,
2026-07-17 00:00:00,RTI6893848,2026-07-17 00:00:00,LENGKAP,,'AD99250697,1,
2026-07-17 00:00:00,RTI6893848,2026-07-17 00:00:00,LENGKAP,,'AD99250698,1,
2026-07-17 00:00:00,RTI6893848,2026-07-17 00:00:00,LENGKAP,,'AD99250699,1,
2026-07-17 00:00:00,RTI6893848,2026-07-17 00:00:00,LENGKAP,,'AD99250700,1,
2026-07-17 00:00:00,RTI6893848,2026-07-17 00:00:00,LENGKAP,,'AD99250701,1,
2026-07-17 00:00:00,RTI6893848,2026-07-17 00:00:00,LENGKAP,,'AD99250702,1,
2026-07-17 00:00:00,RTI6893848,2026-07-17 00:00:00,LENGKAP,,'AD99250703,1,
2026-07-17 00:00:00,RTI6893848,2026-07-17 00:00:00,LENGKAP,,'AD99250704,1,
2026-07-17 00:00:00,RTI6893848,2026-07-17 00:00:00,LENGKAP,,'AD99250705,1,
2026-07-17 00:00:00,RTI6893848,2026-07-17 00:00:00,LENGKAP,,'AD99250706,1,
2026-07-17 00:00:00,RTI6893848,2026-07-17 00:00:00,LENGKAP,,'AD99250707,1,
2026-07-17 00:00:00,RTI6893848,2026-07-17 00:00:00,LENGKAP,,'AD99250708,1,
2026-07-17 00:00:00,RTI6893848,2026-07-17 00:00:00,LENGKAP,,'AD99250709,1,
2026-07-17 00:00:00,RTI6893848,2026-07-17 00:00:00,LENGKAP,,'AD99250710,1,
2026-07-17 00:00:00,KOE471123,2026-07-17 00:00:00,LENGKAP,2026-07-17 23:10:00,'AA69471123,4,
2026-07-17 00:00:00,RTI6893848,2026-07-17 00:00:00,LENGKAP,,'AD99250711,1,
2026-07-17 00:00:00,RTI6893848,2026-07-17 00:00:00,LENGKAP,,'AD99250712,4,
2026-07-17 00:00:00,RTI6893848,2026-07-17 00:00:00,LENGKAP,,'AD99250713,1,
2026-07-17 00:00:00,RTI6893848,2026-07-17 00:00:00,LENGKAP,,'AD99250714,1,
2026-07-17 00:00:00,RTI6893848,2026-07-17 00:00:00,LENGKAP,,'AD99250715,1,
2026-07-17 00:00:00,RTI6893848,2026-07-17 00:00:00,LENGKAP,,'AD99250716,1,
2026-07-17 00:00:00,RTI6893848,2026-07-17 00:00:00,LENGKAP,,'AD99250717,1,
2026-07-17 00:00:00,RTI6893848,2026-07-17 00:00:00,LENGKAP,,'AD99250718,1,
2026-07-17 00:00:00,RTI6893848,2026-07-17 00:00:00,LENGKAP,,'AD99250719,1,
2026-07-17 00:00:00,RTI6893848,2026-07-17 00:00:00,LENGKAP,,'AD99250720,2,
2026-07-17 00:00:00,RTI6893848,2026-07-17 00:00:00,LENGKAP,,'AD99250721,1,
2026-07-17 00:00:00,OLS022215,2026-07-17 00:00:00,LENGKAP,2026-07-18 10:28:00,'AD104095846,2,
2026-07-17 00:00:00,RTI6893848,2026-07-17 00:00:00,LENGKAP,,'AD99250722,1,
2026-07-17 00:00:00,RTI6893848,2026-07-17 00:00:00,LENGKAP,,'AD99250723,1,
2026-07-17 00:00:00,RTI6893848,2026-07-17 00:00:00,LENGKAP,,'AD99250724,1,
2026-07-17 00:00:00,RTI6893848,2026-07-17 00:00:00,LENGKAP,,'AD99250725,1,
2026-07-17 00:00:00,RTI6893848,2026-07-17 00:00:00,LENGKAP,,'AD99250726,1,
2026-07-17 00:00:00,RTI6893848,2026-07-17 00:00:00,LENGKAP,,'AD99250727,1,
2026-07-17 00:00:00,RTI6893848,2026-07-17 00:00:00,LENGKAP,,'AD99250728,1,
2026-07-17 00:00:00,RTI6893848,2026-07-17 00:00:00,LENGKAP,,'AD99250729,1,
2026-07-17 00:00:00,RTI6893848,2026-07-17 00:00:00,LENGKAP,,'AD99250730,4,
2026-07-17 00:00:00,RTI6893848,2026-07-17 00:00:00,LENGKAP,,'TR64766658,1,
2026-07-17 00:00:00,SAB8610141,2026-07-17 00:00:00,LENGKAP,2026-07-17 17:23:00,'AD106506942,1,
2026-07-17 00:00:00,SAB8610141,2026-07-17 00:00:00,LENGKAP,2026-07-17 17:23:00,'AD106506943,1,
2026-07-17 00:00:00,SAB8610141,2026-07-17 00:00:00,LENGKAP,2026-07-17 17:23:00,'AD106506944,1,
2026-07-17 00:00:00,SAB8610141,2026-07-17 00:00:00,LENGKAP,2026-07-17 17:23:00,'AD106506945,1,
2026-07-17 00:00:00,SAB8610141,2026-07-17 00:00:00,LENGKAP,2026-07-17 17:23:00,'AD106506946,1,
2026-07-17 00:00:00,SAB8610141,2026-07-17 00:00:00,LENGKAP,2026-07-17 17:23:00,'AD106506947,1,
2026-07-17 00:00:00,SAB8610141,2026-07-17 00:00:00,LENGKAP,2026-07-17 17:23:00,'AD106506948,1,
2026-07-17 00:00:00,SAB8610141,2026-07-17 00:00:00,LENGKAP,2026-07-17 17:23:00,'AD106506949,1,
2026-07-17 00:00:00,SAB8610141,2026-07-17 00:00:00,LENGKAP,2026-07-17 17:23:00,'AD106506950,1,
2026-07-17 00:00:00,SAB8610141,2026-07-17 00:00:00,LENGKAP,2026-07-17 17:23:00,'AD106506951,1,
2026-07-17 00:00:00,SAB8610141,2026-07-17 00:00:00,LENGKAP,2026-07-17 17:23:00,'AD106506952,1,
2026-07-17 00:00:00,SAB8610141,2026-07-17 00:00:00,LENGKAP,2026-07-17 17:23:00,'AD106506953,1,
2026-07-17 00:00:00,SAB8610141,2026-07-17 00:00:00,LENGKAP,2026-07-17 17:23:00,'AD106506954,1,
2026-07-17 00:00:00,SAB8610141,2026-07-17 00:00:00,LENGKAP,2026-07-17 17:23:00,'AD106506955,1,
2026-07-17 00:00:00,SAB8610141,2026-07-17 00:00:00,LENGKAP,2026-07-17 17:23:00,'AD106506956,1,
2026-07-17 00:00:00,SAB8610141,2026-07-17 00:00:00,LENGKAP,2026-07-17 17:23:00,'AD106506957,1,
2026-07-17 00:00:00,SAB8610141,2026-07-17 00:00:00,LENGKAP,2026-07-17 17:23:00,'AD106506958,1,
2026-07-17 00:00:00,SAB8610141,2026-07-17 00:00:00,LENGKAP,2026-07-17 17:23:00,'AD106506959,1,
2026-07-17 00:00:00,SAB8610141,2026-07-17 00:00:00,LENGKAP,2026-07-17 17:23:00,'AD106506960,1,
2026-07-17 00:00:00,SAB8610141,2026-07-17 00:00:00,LENGKAP,2026-07-17 17:23:00,'AD106506961,1,
2026-07-17 00:00:00,SAB8610141,2026-07-17 00:00:00,LENGKAP,2026-07-17 17:23:00,'AD106506962,1,
2026-07-17 00:00:00,SAB8610141,2026-07-17 00:00:00,LENGKAP,2026-07-17 17:23:00,'AD106506963,1,
2026-07-17 00:00:00,SAB8610141,2026-07-17 00:00:00,LENGKAP,2026-07-17 17:23:00,'AD106506964,1,
2026-07-17 00:00:00,SAB8610141,2026-07-17 00:00:00,LENGKAP,2026-07-17 17:23:00,'AD106506965,1,
2026-07-17 00:00:00,SAB8610141,2026-07-17 00:00:00,LENGKAP,2026-07-17 17:23:00,'AD106506966,1,
2026-07-17 00:00:00,SAB8610141,2026-07-17 00:00:00,LENGKAP,2026-07-17 17:23:00,'AD106506967,1,
2026-07-17 00:00:00,SAB8610141,2026-07-17 00:00:00,LENGKAP,2026-07-17 17:23:00,'AD106506968,1,
2026-07-17 00:00:00,SAB8610141,2026-07-17 00:00:00,LENGKAP,2026-07-17 17:23:00,'AD106506969,1,
2026-07-17 00:00:00,SAB8610141,2026-07-17 00:00:00,LENGKAP,2026-07-17 17:23:00,'AD106506970,1,
2026-07-17 00:00:00,SAB8610141,2026-07-17 00:00:00,LENGKAP,2026-07-17 17:23:00,'AD106506971,1,
2026-07-17 00:00:00,SAB8610141,2026-07-17 00:00:00,LENGKAP,2026-07-17 17:23:00,'AD106506972,1,
2026-07-17 00:00:00,SAB8610141,2026-07-17 00:00:00,LENGKAP,2026-07-17 17:23:00,'AD106506973,1,
2026-07-17 00:00:00,SAB8610141,2026-07-17 00:00:00,LENGKAP,2026-07-17 17:23:00,'AD106506974,1,
2026-07-17 00:00:00,SAB8610141,2026-07-17 00:00:00,LENGKAP,2026-07-17 17:23:00,'AD106506975,1,
2026-07-17 00:00:00,SAB8610141,2026-07-17 00:00:00,LENGKAP,2026-07-17 17:23:00,'AD106506976,1,
2026-07-17 00:00:00,SAB8610141,2026-07-17 00:00:00,LENGKAP,2026-07-17 17:23:00,'AD106506977,1,
2026-07-17 00:00:00,SAB8610141,2026-07-17 00:00:00,LENGKAP,2026-07-17 17:23:00,'AD106506978,1,
2026-07-17 00:00:00,SAB8610141,2026-07-17 00:00:00,LENGKAP,2026-07-17 17:23:00,'AD106506979,1,
2026-07-17 00:00:00,SAB8610141,2026-07-17 00:00:00,LENGKAP,2026-07-17 17:23:00,'AD106506980,1,
2026-07-17 00:00:00,SAB8610141,2026-07-17 00:00:00,LENGKAP,2026-07-17 17:23:00,'AD106506981,1,
2026-07-17 00:00:00,SAB8610141,2026-07-17 00:00:00,LENGKAP,2026-07-17 17:23:00,'AD106506982,1,
2026-07-17 00:00:00,SAB8610141,2026-07-17 00:00:00,LENGKAP,2026-07-17 17:23:00,'AD106506983,1,
2026-07-17 00:00:00,SAB8610141,2026-07-17 00:00:00,LENGKAP,2026-07-17 17:23:00,'AD106506984,1,
2026-07-17 00:00:00,SOE8578703,2026-07-17 00:00:00,LENGKAP,2026-07-17 13:35:00,'AD106442447,1,
2026-07-17 00:00:00,SOE8578704,2026-07-17 00:00:00,LENGKAP,2026-07-17 17:05:00,'AA64482686,1,
2026-07-17 00:00:00,SOE8578704,2026-07-17 00:00:00,LENGKAP,2026-07-17 17:05:00,'AD106442448,5,
2026-07-17 00:00:00,SOE8578704,2026-07-17 00:00:00,LENGKAP,2026-07-17 17:05:00,'AD106442449,1,
2026-07-17 00:00:00,SOE8578704,2026-07-17 00:00:00,LENGKAP,2026-07-17 17:05:00,'AD106442450,1,
2026-07-17 00:00:00,SOE8578706,2026-07-17 00:00:00,LENGKAP,2026-07-17 17:27:00,'AD106442452,1,
2026-07-17 00:00:00,SOE8578707,2026-07-17 00:00:00,LENGKAP,2026-07-17 17:49:00,'AD106442453,2,
2026-07-17 00:00:00,SUX021835,2026-07-17 00:00:00,LENGKAP,2026-07-17 19:01:00,'AA64489924,24,KROSCEK OUTB - SM TIDAK SESUAI
2026-07-17 00:00:00,SUX021835,2026-07-17 00:00:00,LENGKAP,2026-07-17 19:01:00,'AA64490714,9,KROSCEK OUTB - SM TIDAK SESUAI
2026-07-17 00:00:00,SUX021835,2026-07-17 00:00:00,LENGKAP,2026-07-17 19:01:00,'AA64490715,7,KROSCEK OUTB - SM TIDAK SESUAI
2026-07-17 00:00:00,SUX021835,2026-07-17 00:00:00,LENGKAP,2026-07-17 19:01:00,'AA64490716,14,KROSCEK OUTB - SM TIDAK SESUAI
2026-07-17 00:00:00,SUX021835,2026-07-17 00:00:00,LENGKAP,2026-07-17 19:01:00,'AA64490717,4,KROSCEK OUTB - SM TIDAK SESUAI
2026-07-17 00:00:00,SUX021835,2026-07-17 00:00:00,LENGKAP,2026-07-17 19:01:00,'AA64490718,10,KROSCEK OUTB - SM TIDAK SESUAI
2026-07-17 00:00:00,SUX021835,2026-07-17 00:00:00,LENGKAP,2026-07-17 19:01:00,'AA64490719,7,KROSCEK OUTB - SM TIDAK SESUAI
2026-07-17 00:00:00,SUX021835,2026-07-17 00:00:00,OFF AA64490720-2C AA64490723,2026-07-17 19:01:00,'AA64490720,1,KROSCEK OUTB - SM TIDAK SESUAI // FU TEAM SUX BY ADM.FIRSTMILE
2026-07-17 00:00:00,SUX021835,2026-07-17 00:00:00,LENGKAP,2026-07-17 19:01:00,'AA64490721,5,KROSCEK OUTB - SM TIDAK SESUAI
2026-07-17 00:00:00,SUX021835,2026-07-17 00:00:00,LENGKAP,2026-07-17 19:01:00,'AA64490722,11,KROSCEK OUTB - SM TIDAK SESUAI
2026-07-17 00:00:00,SUX021835,2026-07-17 00:00:00,OFF AA64490720-2C AA64490723,2026-07-17 19:01:00,'AA64490723,1,KROSCEK OUTB - SM TIDAK SESUAI // FU TEAM SUX BY ADM.FIRSTMILE
2026-07-17 00:00:00,SUX021835,2026-07-17 00:00:00,LENGKAP,2026-07-17 19:01:00,'AA64490724,22,KROSCEK OUTB - SM TIDAK SESUAI
2026-07-17 00:00:00,SUX021835,2026-07-17 00:00:00,LENGKAP,2026-07-17 19:01:00,'AA64490727,3,KROSCEK OUTB - SM TIDAK SESUAI
2026-07-17 00:00:00,SUX021835,2026-07-17 00:00:00,LENGKAP,2026-07-17 19:01:00,'AA64490728,1,KROSCEK OUTB - SM TIDAK SESUAI
2026-07-17 00:00:00,SUX021835,2026-07-17 00:00:00,LENGKAP,2026-07-17 19:01:00,'AD99242058,18,KROSCEK OUTB - SM TIDAK SESUAI
2026-07-17 00:00:00,SUX021835,2026-07-17 00:00:00,LENGKAP,2026-07-17 19:01:00,'AD99242060,15,KROSCEK OUTB - SM TIDAK SESUAI
2026-07-17 00:00:00,TMC8109500,2026-07-17 00:00:00,LENGKAP,2026-07-18 06:14:00,'AA64499964,11,
2026-07-17 00:00:00,TMC8242485,2026-07-17 00:00:00,LENGKAP,2026-07-18 06:17:00,'AD99249982,1,
2026-07-17 00:00:00,TMC8612352,2026-07-17 00:00:00,LENGKAP,2026-07-17 20:51:00,'AA64499972,1,
2026-07-17 00:00:00,TMC8612353,2026-07-17 00:00:00,LENGKAP,2026-07-17 20:51:00,'AA64499969,3,
2026-07-17 00:00:00,WKB8610837,2026-07-17 00:00:00,LENGKAP,2026-07-17 16:09:00,'AA69423742,1,
2026-07-17 00:00:00,WKB8610837,2026-07-17 00:00:00,LENGKAP,2026-07-17 16:09:00,'AA69423743,1,
2026-07-17 00:00:00,WKB8610837,2026-07-17 00:00:00,LENGKAP,2026-07-17 16:09:00,'AA69423744,1,
2026-07-17 00:00:00,WKB8610837,2026-07-17 00:00:00,LENGKAP,2026-07-17 16:09:00,'AA69423769,1,
2026-07-17 00:00:00,WKB8610837,2026-07-17 00:00:00,LENGKAP,2026-07-17 16:09:00,'AD106343888,1,
2026-07-17 00:00:00,WKB8610837,2026-07-17 00:00:00,LENGKAP,2026-07-17 16:09:00,'AD106343889,1,
2026-07-17 00:00:00,WKB8610837,2026-07-17 00:00:00,LENGKAP,2026-07-17 16:09:00,'AD106343967,1,
2026-07-17 00:00:00,WKB8610837,2026-07-17 00:00:00,LENGKAP,2026-07-17 16:09:00,'AD106597163,1,
2026-07-17 00:00:00,SOE8578705,2026-07-17 00:00:00,LENGKAP,2026-07-18 10:29:00,'AD106442451,1,
2026-07-17 00:00:00,WKB8610837,2026-07-17 00:00:00,LENGKAP,2026-07-17 16:09:00,'AD106597164,1,
2026-07-17 00:00:00,KOE1807202611,2026-07-18 00:00:00,LENGKAP,2026-07-17 23:26:00,'AD104114050,2,
2026-07-17 00:00:00,KOE180720263,2026-07-18 00:00:00,LENGKAP,2026-07-18 10:21:00,'360100033955926,1,
2026-07-17 00:00:00,KOE180720263,2026-07-18 00:00:00,LENGKAP,2026-07-18 10:21:00,'360240018213926,1,
2026-07-17 00:00:00,KOE180720263,2026-07-18 00:00:00,LENGKAP,2026-07-18 10:21:00,'360240018307626,1,
2026-07-17 00:00:00,KOE180720263,2026-07-18 00:00:00,LENGKAP,2026-07-18 10:21:00,'360240018331626,1,
2026-07-17 00:00:00,KOE180720263,2026-07-18 00:00:00,LENGKAP,2026-07-18 10:21:00,'360540005602226,1,
2026-07-17 00:00:00,KOE180720263,2026-07-18 00:00:00,LENGKAP,2026-07-18 10:21:00,'8000109630933,1,
2026-07-17 00:00:00,KOE180720263,2026-07-18 00:00:00,LENGKAP,2026-07-18 10:21:00,'AA56461962,1,
2026-07-17 00:00:00,KOE180720263,2026-07-18 00:00:00,LENGKAP,2026-07-18 10:21:00,'AA64597856,31,
2026-07-17 00:00:00,KOE180720263,2026-07-18 00:00:00,LENGKAP,2026-07-18 10:21:00,'AA64597864,31,
2026-07-17 00:00:00,KOE180720263,2026-07-18 00:00:00,LENGKAP,2026-07-18 10:21:00,'AD106608262,1,
2026-07-17 00:00:00,KOE180720263,2026-07-18 00:00:00,LENGKAP,2026-07-18 10:21:00,'KOEEC02423543726,1,
2026-07-17 00:00:00,KOE180720263,2026-07-18 00:00:00,LENGKAP,2026-07-18 10:21:00,'KOEEC02423902926,1,
2026-07-17 00:00:00,KOE180720264,2026-07-18 00:00:00,LENGKAP,2026-07-18 08:48:00,'AA64597852,13,
2026-07-17 00:00:00,KOE180720264,2026-07-18 00:00:00,LENGKAP,2026-07-18 08:48:00,'AA64597862,18,
2026-07-17 00:00:00,KOE180720264,2026-07-18 00:00:00,LENGKAP,2026-07-18 08:48:00,'KOEEC02423533926,1,
2026-07-17 00:00:00,KOE180720264,2026-07-18 00:00:00,LENGKAP,2026-07-18 08:48:00,'KOEEC02423604126,1,
2026-07-17 00:00:00,KOE180720264,2026-07-18 00:00:00,LENGKAP,2026-07-18 08:48:00,'KOEEC02423703726,1,
2026-07-17 00:00:00,TMC8242428,2026-07-17 00:00:00,LENGKAP,2026-07-18 08:35:00,'360420003101825,1,
2026-07-17 00:00:00,TMC8242428,2026-07-17 00:00:00,LENGKAP,2026-07-18 08:35:00,'AA69424805,1,
2026-07-17 00:00:00,TMC8242428,2026-07-17 00:00:00,LENGKAP,2026-07-18 08:35:00,'AA69424807,1,
2026-07-17 00:00:00,TMC8242428,2026-07-17 00:00:00,LENGKAP,2026-07-18 08:35:00,'AA69424808,1,
2026-07-17 00:00:00,TMC8242428,2026-07-17 00:00:00,LENGKAP,2026-07-18 08:35:00,'AA69424809,1,
2026-07-17 00:00:00,TMC8242428,2026-07-17 00:00:00,LENGKAP,2026-07-18 08:35:00,'AA69424810,1,
2026-07-17 00:00:00,TMC8242428,2026-07-17 00:00:00,LENGKAP,2026-07-18 08:35:00,'AD99249953,1,
2026-07-17 00:00:00,TMC8242428,2026-07-17 00:00:00,LENGKAP,2026-07-18 08:35:00,'AD99249981,1,
2026-07-17 00:00:00,TMC8242428,2026-07-17 00:00:00,LENGKAP,2026-07-18 08:35:00,'AD99249983,1,
2026-07-17 00:00:00,TMC8242428,2026-07-17 00:00:00,LENGKAP,2026-07-18 08:35:00,'AD99249984,1,
2026-07-17 00:00:00,TMC8242428,2026-07-17 00:00:00,LENGKAP,2026-07-18 08:35:00,'RTKOE26014910661,1,
2026-07-17 00:00:00,KOE180720264,2026-07-18 00:00:00,LENGKAP,2026-07-18 08:48:00,'KOEEC02423981326,1,
2026-07-17 00:00:00,KOE180720264,2026-07-18 00:00:00,LENGKAP,2026-07-18 08:48:00,'KOEEC02423991126,1,
2026-07-17 00:00:00,KOE180720264,2026-07-18 00:00:00,LENGKAP,2026-07-18 08:48:00,'KOEEC02424025826,1,
2026-07-17 00:00:00,WBK6113161,2026-07-17 00:00:00,LENGKAP,2026-07-18 08:35:00,'AD106339578,1,
2026-07-17 00:00:00,WBK6113161,2026-07-17 00:00:00,LENGKAP,2026-07-18 08:35:00,'AD106339579,1,
2026-07-17 00:00:00,WBK6113161,2026-07-17 00:00:00,LENGKAP,2026-07-18 08:35:00,'AD106339580,1,
2026-07-17 00:00:00,WBK6113161,2026-07-17 00:00:00,LENGKAP,2026-07-18 08:35:00,'AD106339581,2,
2026-07-17 00:00:00,WBK6113161,2026-07-17 00:00:00,LENGKAP,2026-07-18 08:35:00,'AD106339582,1,
2026-07-17 00:00:00,WBK6113161,2026-07-17 00:00:00,LENGKAP,2026-07-18 08:35:00,'AD106339583,1,
2026-07-17 00:00:00,WGP8218397,2026-07-18 00:00:00,LENGKAP,2026-07-18 07:47:00,'AD106608328,1,
2026-07-17 00:00:00,WGP8218397,2026-07-18 00:00:00,LENGKAP,2026-07-18 07:47:00,'AD97568197,1,
2026-07-17 00:00:00,WGPJTR8108520,2026-07-17 00:00:00,LENGKAP,2026-07-18 09:20:00,'2600107113302M01,1,
2026-07-17 00:00:00,WGPJTR8108520,2026-07-17 00:00:00,LENGKAP,2026-07-18 09:20:00,'2600107113302M02,1,
2026-07-17 00:00:00,WGPJTR8108520,2026-07-17 00:00:00,LENGKAP,2026-07-18 09:20:00,'360420001188826,1,
2026-07-17 00:00:00,WGPJTR8108520,2026-07-17 00:00:00,LENGKAP,2026-07-18 09:20:00,'AA74700085,8,
2026-07-17 00:00:00,WGPJTR8108520,2026-07-17 00:00:00,LENGKAP,2026-07-18 09:20:00,'TR42322761,1,
2026-07-17 00:00:00,KOE180720264,2026-07-18 00:00:00,LENGKAP,2026-07-18 08:48:00,'KOEEC02424035626,1,
2026-07-17 00:00:00,KOE180720264,2026-07-18 00:00:00,LENGKAP,2026-07-18 08:48:00,'KOEEC02424045426,1,
2026-07-17 00:00:00,KOE180720264,2026-07-18 00:00:00,LENGKAP,2026-07-18 08:48:00,'KOEEC02424055226,1,
2026-07-17 00:00:00,KOE180720264,2026-07-18 00:00:00,LENGKAP,2026-07-18 08:48:00,'KOEEC02424065026,1,
2026-07-17 00:00:00,KOE180720264,2026-07-18 00:00:00,LENGKAP,2026-07-18 08:48:00,'KOEEC02424084626,1,
2026-07-17 00:00:00,KOE180720265,2026-07-18 00:00:00,LENGKAP,2026-07-17 23:26:00,'AA64597846,20,
2026-07-17 00:00:00,KOE180720265,2026-07-18 00:00:00,LENGKAP,2026-07-17 23:26:00,'AD99200471,1,
2026-07-17 00:00:00,KOE180720266,2026-07-18 00:00:00,LENGKAP,2026-07-17 23:26:00,'AA64597857,2,
2026-07-18 00:00:00,JTRKOE6892731,2026-07-17 00:00:00,LENGKAP,2026-07-19 10:41:00,'AA64499944,12,
2026-07-18 00:00:00,JTRKOE6892731,2026-07-17 00:00:00,LENGKAP,2026-07-19 10:41:00,'AA64499952,23,
2026-07-18 00:00:00,JTRKOE6892731,2026-07-17 00:00:00,LENGKAP,2026-07-19 10:41:00,'AA64499958,1,
2026-07-18 00:00:00,JTRKOE6892732,2026-07-17 00:00:00,LENGKAP,2026-07-18 08:43:00,'AA64499968,22,
2026-07-18 00:00:00,JTRKOE6892732,2026-07-17 00:00:00,LENGKAP,2026-07-18 08:43:00,'AA64499995,9,
2026-07-18 00:00:00,JTRKOE6892732,2026-07-17 00:00:00,LENGKAP,2026-07-18 08:43:00,'AA64499996,24,
2026-07-17 00:00:00,KOE180720267,2026-07-18 00:00:00,LENGKAP,2026-07-17 23:26:00,'AA64597850,2,
2026-07-18 00:00:00,18254211101RTI,2026-07-18 00:00:00,LENGKAP,2026-07-18 10:36:00,'AA64597711,32,
2026-07-18 00:00:00,18254211101RTI,2026-07-18 00:00:00,LENGKAP,2026-07-18 10:36:00,'AA64597723,23,
2026-07-18 00:00:00,18254211101RTI,2026-07-18 00:00:00,LENGKAP,2026-07-18 10:36:00,'AA64597851,32,
2026-07-18 00:00:00,51300137395LKA,2026-07-18 00:00:00,LENGKAP,2026-07-18 12:24:00,'YS15284671,11,
2026-07-18 00:00:00,ABU18072601,2026-07-18 00:00:00,LENGKAP,2026-07-18 17:57:00,'AD109070505,1,
2026-07-18 00:00:00,ABU18072601,2026-07-18 00:00:00,LENGKAP,2026-07-18 17:57:00,'AD109070507,1,
2026-07-18 00:00:00,ABU18072601,2026-07-18 00:00:00,LENGKAP,2026-07-18 17:57:00,'AD109070514,1,
2026-07-18 00:00:00,ABU18072601,2026-07-18 00:00:00,LENGKAP,2026-07-18 17:57:00,'AD109070515,1,
2026-07-18 00:00:00,ABU18072601,2026-07-18 00:00:00,LENGKAP,2026-07-18 17:57:00,'AD109070521,1,
2026-07-18 00:00:00,ABU18072601,2026-07-18 00:00:00,LENGKAP,2026-07-18 17:57:00,'AD109070522,1,
2026-07-18 00:00:00,ABU18072601,2026-07-18 00:00:00,LENGKAP,2026-07-18 17:57:00,'AD109070523,1,
2026-07-18 00:00:00,ABU18072601,2026-07-18 00:00:00,LENGKAP,2026-07-18 17:57:00,'AD99200492,1,
2026-07-18 00:00:00,ABU18072601,2026-07-18 00:00:00,LENGKAP,2026-07-18 17:57:00,'AD99200493,1,
2026-07-18 00:00:00,ABU18072601,2026-07-18 00:00:00,LENGKAP,2026-07-18 17:57:00,'TR51638766,1,
2026-07-18 00:00:00,ABU18072602,2026-07-18 00:00:00,LENGKAP,2026-07-18 17:57:00,'AD109070516,17,
2026-07-18 00:00:00,ABU18072602,2026-07-18 00:00:00,LENGKAP,2026-07-18 17:57:00,'AD109070524,4,
2026-07-18 00:00:00,ABU18072603,2026-07-18 00:00:00,LENGKAP,2026-07-18 17:58:00,'360160006569026,1,
2026-07-18 00:00:00,ABU18072603,2026-07-18 00:00:00,LENGKAP,2026-07-18 17:58:00,'AD109070517,2,
2026-07-18 00:00:00,2747732506,2026-07-17 00:00:00,LENGKAP,2026-07-18 14:24:00,'AA74700081,10,
2026-07-18 00:00:00,2747732506,2026-07-17 00:00:00,LENGKAP,2026-07-18 14:24:00,'AA74700082,7,
2026-07-18 00:00:00,2747732661MOF,2026-07-19 00:00:00,LENGKAP,2026-07-19 17:12:00,'AA64490731,4,
2026-07-18 00:00:00,2747732661MOF,2026-07-19 00:00:00,LENGKAP,2026-07-19 17:12:00,'AA64499545,6,
2026-07-18 00:00:00,513000139856ENE,2026-07-19 00:00:00,LENGKAP,2026-07-19 14:16:00,'YS40164535,1,
2026-07-18 00:00:00,51300137373ENE,2026-07-18 00:00:00,LENGKAP,2026-07-18 13:11:00,'YS15284669,27,
2026-07-18 00:00:00,51300137384LBJ,2026-07-18 00:00:00,LENGKAP,2026-07-18 15:44:00,'YS15284670,9,
2026-07-18 00:00:00,ABU18072603,2026-07-18 00:00:00,LENGKAP,2026-07-18 17:58:00,'AD109070525,1,
2026-07-18 00:00:00,51300137406WGP,2026-07-18 00:00:00,LENGKAP,2026-07-18 17:08:00,'AA64499950,11,
2026-07-18 00:00:00,51300137745ENE,2026-07-18 00:00:00,LENGKAP,2026-07-18 13:12:00,'AA64499535,19,
2026-07-18 00:00:00,51300137745ENE,2026-07-18 00:00:00,LENGKAP,2026-07-18 13:12:00,'AA64499546,20,
2026-07-18 00:00:00,88812214856,2026-07-18 00:00:00,LENGKAP,2026-07-19 00:13:00,'AA64489899,1,
2026-07-18 00:00:00,88812214856,2026-07-18 00:00:00,LENGKAP,2026-07-19 00:13:00,'AA64489906,15,
2026-07-18 00:00:00,88812214856,2026-07-18 00:00:00,LENGKAP,2026-07-19 00:13:00,'AA64490746,1,
2026-07-18 00:00:00,88812214856,2026-07-18 00:00:00,LENGKAP,2026-07-19 00:13:00,'AA64490747,3,
2026-07-18 00:00:00,88812214856,2026-07-18 00:00:00,LENGKAP,2026-07-19 00:13:00,'AA64490748,3,
2026-07-18 00:00:00,88812214952,2026-07-18 00:00:00,LENGKAP,2026-07-18 18:05:00,'AA64489881,22,
2026-07-18 00:00:00,88812214952,2026-07-18 00:00:00,LENGKAP,2026-07-18 18:05:00,'AA64489882,1,
2026-07-18 00:00:00,88812214952,2026-07-18 00:00:00,LENGKAP,2026-07-18 18:05:00,'AA64489884,22,
2026-07-18 00:00:00,88812214952,2026-07-18 00:00:00,LENGKAP,2026-07-18 18:05:00,'AA64489893,5,
2026-07-18 00:00:00,88812214952,2026-07-18 00:00:00,LENGKAP,2026-07-18 18:05:00,'AA64489910,10,
2026-07-18 00:00:00,88812214952,2026-07-18 00:00:00,LENGKAP,2026-07-18 18:05:00,'AD102696547,9,
2026-07-18 00:00:00,88812214952,2026-07-18 00:00:00,LENGKAP,2026-07-18 18:05:00,'AD102696548,1,
2026-07-18 00:00:00,88812214952,2026-07-18 00:00:00,LENGKAP,2026-07-18 18:05:00,'AD102696554,6,
2026-07-18 00:00:00,88812215276,2026-07-18 00:00:00,LENGKAP,2026-07-18 10:53:00,'AA64489885,36,
2026-07-18 00:00:00,88812215276,2026-07-18 00:00:00,LENGKAP,2026-07-18 10:53:00,'AA64489886,21,
2026-07-18 00:00:00,88812215276,2026-07-18 00:00:00,LENGKAP,2026-07-18 10:53:00,'AA64489888,10,
2026-07-18 00:00:00,88812215276,2026-07-18 00:00:00,LENGKAP,2026-07-18 10:53:00,'AA64489889,9,
2026-07-18 00:00:00,88812215276,2026-07-18 00:00:00,LENGKAP,2026-07-18 10:53:00,'AA64489890,3,
2026-07-18 00:00:00,88812215276,2026-07-18 00:00:00,LENGKAP,2026-07-18 10:53:00,'AA64489892,5,
2026-07-18 00:00:00,88812215276,2026-07-18 00:00:00,LENGKAP,2026-07-18 10:53:00,'AA64489894,3,
2026-07-18 00:00:00,88812215276,2026-07-18 00:00:00,LENGKAP,2026-07-18 10:53:00,'AA64489896,4,
2026-07-18 00:00:00,88812215276,2026-07-18 00:00:00,LENGKAP,2026-07-18 10:53:00,'AD102696543,17,
2026-07-18 00:00:00,88812215276,2026-07-18 00:00:00,LENGKAP,2026-07-18 10:53:00,'AD102696551,22,
2026-07-18 00:00:00,88812215276,2026-07-18 00:00:00,LENGKAP,2026-07-18 10:53:00,'AD102696552,14,
2026-07-18 00:00:00,88812215276,2026-07-18 00:00:00,LENGKAP,2026-07-18 10:53:00,'AD102696553,21,
2026-07-18 00:00:00,88812215276,2026-07-18 00:00:00,LENGKAP,2026-07-18 10:53:00,'YT1820037,5,
2026-07-18 00:00:00,88812215276,2026-07-18 00:00:00,LENGKAP,2026-07-18 10:53:00,'YT1820039,16,
2026-07-18 00:00:00,88812215276,2026-07-18 00:00:00,LENGKAP,2026-07-18 10:53:00,'YT1820040,3,
2026-07-18 00:00:00,88812215383,2026-07-18 00:00:00,LENGKAP,2026-07-18 10:53:00,'YS15281307,3,
2026-07-18 00:00:00,88812215383,2026-07-18 00:00:00,LENGKAP,2026-07-18 10:53:00,'YS15281313,1,
2026-07-18 00:00:00,88812215383,2026-07-18 00:00:00,LENGKAP,2026-07-18 10:53:00,'YS15281314,3,
2026-07-18 00:00:00,88812215383,2026-07-18 00:00:00,LENGKAP,2026-07-18 10:53:00,'YS15281316,1,
2026-07-18 00:00:00,88812215383,2026-07-18 00:00:00,LENGKAP,2026-07-18 10:53:00,'YS15281317,2,
2026-07-18 00:00:00,88812215383,2026-07-18 00:00:00,LENGKAP,2026-07-18 10:53:00,'YS15281318,9,
2026-07-18 00:00:00,88812215383,2026-07-18 00:00:00,LENGKAP,2026-07-18 10:53:00,'YS15281320,2,
2026-07-18 00:00:00,88812215490,2026-07-18 00:00:00,LENGKAP,2026-07-18 16:10:00,'AA64490732,8,
2026-07-18 00:00:00,88812215490,2026-07-18 00:00:00,LENGKAP,2026-07-18 16:10:00,'AA64490733,2,
2026-07-18 00:00:00,88812215490,2026-07-18 00:00:00,LENGKAP,2026-07-18 16:10:00,'AA64490734,1,
2026-07-18 00:00:00,88812215490,2026-07-18 00:00:00,LENGKAP,2026-07-18 16:10:00,'AA64490735,6,
2026-07-18 00:00:00,88812215490,2026-07-18 00:00:00,LENGKAP,2026-07-18 16:10:00,'AA64490736,5,
2026-07-18 00:00:00,88812215490,2026-07-18 00:00:00,LENGKAP,2026-07-18 16:10:00,'AA64490737,11,
2026-07-18 00:00:00,88812215490,2026-07-18 00:00:00,LENGKAP,2026-07-18 16:10:00,'AA64490738,5,
2026-07-18 00:00:00,88812215490,2026-07-18 00:00:00,LENGKAP,2026-07-18 16:10:00,'AA64490739,10,
2026-07-18 00:00:00,88812215490,2026-07-18 00:00:00,LENGKAP,2026-07-18 16:10:00,'AA64490740,33,
2026-07-18 00:00:00,88812215490,2026-07-18 00:00:00,LENGKAP,2026-07-18 16:10:00,'AA64490745,1,
2026-07-18 00:00:00,88812215490,2026-07-18 00:00:00,LENGKAP,2026-07-18 16:10:00,'AD99242081,41,
2026-07-18 00:00:00,88812215490,2026-07-18 00:00:00,LENGKAP,2026-07-18 16:10:00,'AD99242084,1,
2026-07-18 00:00:00,88812215770,2026-07-18 00:00:00,LENGKAP,2026-07-18 21:31:00,'AD99242082,1,
2026-07-18 00:00:00,88812215770,2026-07-18 00:00:00,LENGKAP,2026-07-18 21:31:00,'AD99242083,32,
2026-07-18 00:00:00,93801450433,2026-07-18 00:00:00,LENGKAP,2026-07-18 13:28:00,'AA64490744,5,
2026-07-18 00:00:00,93801450433,2026-07-18 00:00:00,LENGKAP,2026-07-18 13:28:00,'YS40164539,3,
2026-07-18 00:00:00,99001226842,2026-07-18 00:00:00,LENGKAP,2026-07-18 10:41:00,'AA64490743,17,
2026-07-18 00:00:00,99001226842,2026-07-18 00:00:00,LENGKAP,2026-07-18 10:41:00,'YS40164538,15,
2026-07-18 00:00:00,JTRKAI8219745,2026-07-18 00:00:00,LENGKAP,2026-07-18 10:33:00,'AA56461963,1,
2026-07-18 00:00:00,JTRKAI8219745,2026-07-18 00:00:00,LENGKAP,2026-07-18 10:33:00,'AA56461965,1,
2026-07-18 00:00:00,JTRKAI8219745,2026-07-18 00:00:00,LENGKAP,2026-07-18 10:33:00,'AA56461966,1,
2026-07-18 00:00:00,JTRKAI8219745,2026-07-18 00:00:00,LENGKAP,2026-07-18 10:33:00,'AA56461967,1,
2026-07-18 00:00:00,JTRKAI8219745,2026-07-18 00:00:00,LENGKAP,2026-07-18 10:33:00,'AA56461968,1,
2026-07-18 00:00:00,JTRKAI8219745,2026-07-18 00:00:00,LENGKAP,2026-07-18 10:33:00,'AD99176320,1,
2026-07-18 00:00:00,JTRKAI8219745,2026-07-18 00:00:00,LENGKAP,2026-07-18 10:33:00,'AD99176321,1,
2026-07-18 00:00:00,JTRKAI8219745,2026-07-18 00:00:00,LENGKAP,2026-07-18 10:33:00,'AD99176322,1,
2026-07-18 00:00:00,JTRKAI8219745,2026-07-18 00:00:00,LENGKAP,2026-07-18 10:33:00,'AD99176323,1,
2026-07-18 00:00:00,JTRKAI8219745,2026-07-18 00:00:00,LENGKAP,2026-07-18 10:33:00,'AD99176325,1,
2026-07-18 00:00:00,JTRKAI8219745,2026-07-18 00:00:00,LENGKAP,2026-07-18 10:33:00,'AD99176326,1,
2026-07-18 00:00:00,JTRKAI8219745,2026-07-18 00:00:00,LENGKAP,2026-07-18 10:33:00,'AD99176327,1,
2026-07-18 00:00:00,JTRKAI8219745,2026-07-18 00:00:00,LENGKAP,2026-07-18 10:33:00,'AD99176328,1,
2026-07-18 00:00:00,JTRKAI8219745,2026-07-18 00:00:00,LENGKAP,2026-07-18 10:33:00,'AD99176329,1,
2026-07-18 00:00:00,JTRKAI8219745,2026-07-18 00:00:00,LENGKAP,2026-07-18 10:33:00,'AD99176330,1,
2026-07-18 00:00:00,JTRKAI8219745,2026-07-18 00:00:00,LENGKAP,2026-07-18 10:33:00,'AD99176331,1,
2026-07-18 00:00:00,JTRKAI8219745,2026-07-18 00:00:00,LENGKAP,2026-07-18 10:33:00,'AD99176332,1,
2026-07-18 00:00:00,JTRKAI8219745,2026-07-18 00:00:00,LENGKAP,2026-07-18 10:33:00,'AD99176333,1,
2026-07-18 00:00:00,JTRKAI8219745,2026-07-18 00:00:00,LENGKAP,2026-07-18 10:33:00,'AD99176334,1,
2026-07-18 00:00:00,JTRKAI8219745,2026-07-18 00:00:00,LENGKAP,2026-07-18 10:33:00,'AD99176337,1,
2026-07-18 00:00:00,JTRKAI8219745,2026-07-18 00:00:00,LENGKAP,2026-07-18 10:33:00,'AD99176338,1,
2026-07-18 00:00:00,JTRKAI8219745,2026-07-18 00:00:00,LENGKAP,2026-07-18 10:33:00,'AD99176339,1,
2026-07-18 00:00:00,JTRKAI8219745,2026-07-18 00:00:00,LENGKAP,2026-07-18 10:33:00,'AD99176340,1,
2026-07-18 00:00:00,JTRKAI8219745,2026-07-18 00:00:00,LENGKAP,2026-07-18 10:33:00,'AD99176341,1,
2026-07-18 00:00:00,JTRKAI8219745,2026-07-18 00:00:00,LENGKAP,2026-07-18 10:33:00,'AD99176342,1,
2026-07-18 00:00:00,JTRKAI8219745,2026-07-18 00:00:00,LENGKAP,2026-07-18 10:33:00,'AD99176344,1,
2026-07-18 00:00:00,JTRKAI8219745,2026-07-18 00:00:00,LENGKAP,2026-07-18 10:33:00,'AD99176348,1,
2026-07-18 00:00:00,JTRKAI8219745,2026-07-18 00:00:00,LENGKAP,2026-07-18 10:33:00,'AD99176349,1,
2026-07-18 00:00:00,JTRKAI8219745,2026-07-18 00:00:00,LENGKAP,2026-07-18 10:33:00,'AD99176350,1,
2026-07-18 00:00:00,JTRKAI8219745,2026-07-18 00:00:00,LENGKAP,2026-07-18 10:33:00,'AD99176351,1,
2026-07-18 00:00:00,JTRKAI8219745,2026-07-18 00:00:00,LENGKAP,2026-07-18 10:33:00,'AD99176354,1,
2026-07-18 00:00:00,JTRKAI8219745,2026-07-18 00:00:00,LENGKAP,2026-07-18 10:33:00,'AD99176355,1,
2026-07-18 00:00:00,JTRKAI8219745,2026-07-18 00:00:00,LENGKAP,2026-07-18 10:33:00,'AD99176356,1,
2026-07-18 00:00:00,JTRKAI8219745,2026-07-18 00:00:00,LENGKAP,2026-07-18 10:33:00,'AD99176357,1,
2026-07-18 00:00:00,JTRKAI8219745,2026-07-18 00:00:00,LENGKAP,2026-07-18 10:33:00,'AD99176358,1,
2026-07-18 00:00:00,JTRKAI8219745,2026-07-18 00:00:00,LENGKAP,2026-07-18 10:33:00,'TR51637123,1,
2026-07-18 00:00:00,JTRKOE6892729,2026-07-18 00:00:00,"BAHARI OFF, CUACA BURUK, STANDBY ETD 21 JULI",2026-07-18 07:43:00,'AA64499941,30,UN CONFIRM - FU TEAM ROTE
2026-07-18 00:00:00,JTRKOE6892729,2026-07-18 00:00:00,"BAHARI OFF, CUACA BURUK, STANDBY ETD 21 JULI",2026-07-18 07:43:00,'AA64499946,40,UN CONFIRM - FU TEAM ROTE
2026-07-18 00:00:00,JTRKOE6892729,2026-07-18 00:00:00,"BAHARI OFF, CUACA BURUK, STANDBY ETD 21 JULI",2026-07-18 07:43:00,'AA64499955,13,UN CONFIRM - FU TEAM ROTE
2026-07-18 00:00:00,JTRKOE6892729,2026-07-18 00:00:00,"BAHARI OFF, CUACA BURUK, STANDBY ETD 21 JULI",2026-07-18 07:43:00,'AA64499973,1,UN CONFIRM - FU TEAM ROTE
2026-07-18 00:00:00,JTRKOE6892731B,2026-07-18 00:00:00,LENGKAP,,'AA64499615,6,
2026-07-18 00:00:00,JTRKOE8217585,2026-07-18 00:00:00,,,'360100033017526,1,JTR KOE TO SUX//ETA 23-07-2026 06:00
2026-07-18 00:00:00,JTRKOE8217585,2026-07-18 00:00:00,,,'KOEEC02416503826,1,JTR KOE TO SUX//ETA 23-07-2026 06:00
2026-07-18 00:00:00,JTRKOE8217585,2026-07-18 00:00:00,,,'TR00041211,1,JTR KOE TO SUX//ETA 23-07-2026 06:00
2026-07-18 00:00:00,JTRKOE8217586,2026-07-18 00:00:00,,,'2600105780902M01,1,JTR KOE TO SUX//ETA 23-07-2026 06:00
2026-07-18 00:00:00,JTRKOE8217586,2026-07-18 00:00:00,,,'2600105780902M02,1,JTR KOE TO SUX//ETA 23-07-2026 06:00
2026-07-18 00:00:00,JTRKOE8217586,2026-07-18 00:00:00,,,'2600107933103M01,1,JTR KOE TO SUX//ETA 23-07-2026 06:00
2026-07-18 00:00:00,JTRKOE8217586,2026-07-18 00:00:00,,,'2600107933103M02,1,JTR KOE TO SUX//ETA 23-07-2026 06:00
2026-07-18 00:00:00,JTRKOE8217586,2026-07-18 00:00:00,,,'2600107933103M03,1,JTR KOE TO SUX//ETA 23-07-2026 06:00
2026-07-18 00:00:00,JTRKOE8217586,2026-07-18 00:00:00,,,'360100032840026,1,JTR KOE TO SUX//ETA 23-07-2026 06:00
2026-07-18 00:00:00,JTRKOE8217586,2026-07-18 00:00:00,,,'360100032919626,1,JTR KOE TO SUX//ETA 23-07-2026 06:00
2026-07-18 00:00:00,JTRKOE8217586,2026-07-18 00:00:00,,,'360100033186026,1,JTR KOE TO SUX//ETA 23-07-2026 06:00
2026-07-18 00:00:00,JTRKOE8217586,2026-07-18 00:00:00,,,'360100033301026,1,JTR KOE TO SUX//ETA 23-07-2026 06:00
2026-07-18 00:00:00,JTRKOE8217586,2026-07-18 00:00:00,,,'360100033304726,1,JTR KOE TO SUX//ETA 23-07-2026 06:00
2026-07-18 00:00:00,JTRKOE8217586,2026-07-18 00:00:00,,,'360100033426026,1,JTR KOE TO SUX//ETA 23-07-2026 06:00
2026-07-18 00:00:00,JTRKOE8217586,2026-07-18 00:00:00,,,'360100033564226,1,JTR KOE TO SUX//ETA 23-07-2026 06:00
2026-07-18 00:00:00,JTRKOE8217586,2026-07-18 00:00:00,,,'360140009685826,1,JTR KOE TO SUX//ETA 23-07-2026 06:00
2026-07-18 00:00:00,JTRKOE8217586,2026-07-18 00:00:00,,,'360140010745426,1,JTR KOE TO SUX//ETA 23-07-2026 06:00
2026-07-18 00:00:00,JTRKOE8217586,2026-07-18 00:00:00,,,'360140010849926,1,JTR KOE TO SUX//ETA 23-07-2026 06:00
2026-07-18 00:00:00,JTRKOE8217586,2026-07-18 00:00:00,,,'360140010880926,1,JTR KOE TO SUX//ETA 23-07-2026 06:00
2026-07-18 00:00:00,JTRKOE8217586,2026-07-18 00:00:00,,,'360170002841726,1,JTR KOE TO SUX//ETA 23-07-2026 06:00
2026-07-18 00:00:00,JTRKOE8217586,2026-07-18 00:00:00,,,'360240017807326,1,JTR KOE TO SUX//ETA 23-07-2026 06:00
2026-07-18 00:00:00,JTRKOE8217586,2026-07-18 00:00:00,,,'360240017966026,1,JTR KOE TO SUX//ETA 23-07-2026 06:00
2026-07-18 00:00:00,JTRKOE8217586,2026-07-18 00:00:00,,,'360290019061926,1,JTR KOE TO SUX//ETA 23-07-2026 06:00
2026-07-18 00:00:00,JTRKOE8217586,2026-07-18 00:00:00,,,'360290019097726,1,JTR KOE TO SUX//ETA 23-07-2026 06:00
2026-07-18 00:00:00,JTRKOE8217586,2026-07-18 00:00:00,,,'360340006508726,1,JTR KOE TO SUX//ETA 23-07-2026 06:00
2026-07-18 00:00:00,JTRKOE8217586,2026-07-18 00:00:00,,,'360340006795926,1,JTR KOE TO SUX//ETA 23-07-2026 06:00
2026-07-18 00:00:00,JTRKOE8217586,2026-07-18 00:00:00,,,'360520007361326,1,JTR KOE TO SUX//ETA 23-07-2026 06:00
2026-07-18 00:00:00,JTRKOE8217586,2026-07-18 00:00:00,,,'3605262600000490,1,JTR KOE TO SUX//ETA 23-07-2026 06:00
2026-07-18 00:00:00,JTRKOE8217586,2026-07-18 00:00:00,,,'360540005444426,1,JTR KOE TO SUX//ETA 23-07-2026 06:00
2026-07-18 00:00:00,JTRKOE8217586,2026-07-18 00:00:00,,,'360540005524726,1,JTR KOE TO SUX//ETA 23-07-2026 06:00
2026-07-18 00:00:00,JTRKOE8217586,2026-07-18 00:00:00,,,'360700012721026,1,JTR KOE TO SUX//ETA 23-07-2026 06:00
2026-07-18 00:00:00,JTRKOE8217586,2026-07-18 00:00:00,,,'AA63898527,1,JTR KOE TO SUX//ETA 23-07-2026 06:00
2026-07-18 00:00:00,JTRKOE8217586,2026-07-18 00:00:00,,,'AD99176256,1,JTR KOE TO SUX//ETA 23-07-2026 06:00
2026-07-18 00:00:00,JTRKOE8217586,2026-07-18 00:00:00,,,'AD99200328,1,JTR KOE TO SUX//ETA 23-07-2026 06:00
2026-07-18 00:00:00,JTRKOE8217586,2026-07-18 00:00:00,,,'JT03787993175,1,JTR KOE TO SUX//ETA 23-07-2026 06:00
2026-07-18 00:00:00,JTRKOE8217586,2026-07-18 00:00:00,,,'JT06679474783,1,JTR KOE TO SUX//ETA 23-07-2026 06:00
2026-07-18 00:00:00,JTRKOE8217586,2026-07-18 00:00:00,,,'JT08119250395,1,JTR KOE TO SUX//ETA 23-07-2026 06:00
2026-07-18 00:00:00,JTRKOE8217586,2026-07-18 00:00:00,,,'JT19483073943,1,JTR KOE TO SUX//ETA 23-07-2026 06:00
2026-07-18 00:00:00,JTRKOE8217586,2026-07-18 00:00:00,,,'JT29171953693,1,JTR KOE TO SUX//ETA 23-07-2026 06:00
2026-07-18 00:00:00,JTRKOE8217586,2026-07-18 00:00:00,,,'JT31622275877,1,JTR KOE TO SUX//ETA 23-07-2026 06:00
2026-07-18 00:00:00,JTRKOE8217586,2026-07-18 00:00:00,,,'JT37683815912,1,JTR KOE TO SUX//ETA 23-07-2026 06:00
2026-07-18 00:00:00,JTRKOE8217586,2026-07-18 00:00:00,,,'JT44417346760,1,JTR KOE TO SUX//ETA 23-07-2026 06:00
2026-07-18 00:00:00,JTRKOE8217586,2026-07-18 00:00:00,,,'JT60167197656,1,JTR KOE TO SUX//ETA 23-07-2026 06:00
2026-07-18 00:00:00,JTRKOE8217586,2026-07-18 00:00:00,,,'JT63751349485,1,JTR KOE TO SUX//ETA 23-07-2026 06:00
2026-07-18 00:00:00,JTRKOE8217586,2026-07-18 00:00:00,,,'JT64145878771,1,JTR KOE TO SUX//ETA 23-07-2026 06:00
2026-07-18 00:00:00,JTRKOE8217586,2026-07-18 00:00:00,,,'JT79314496839,1,JTR KOE TO SUX//ETA 23-07-2026 06:00
2026-07-18 00:00:00,JTRKOE8217586,2026-07-18 00:00:00,,,'JT87437433479,1,JTR KOE TO SUX//ETA 23-07-2026 06:00
2026-07-18 00:00:00,JTRKOE8217586,2026-07-18 00:00:00,,,'KOEBC00081625326,1,JTR KOE TO SUX//ETA 23-07-2026 06:00
2026-07-18 00:00:00,JTRKOE8217586,2026-07-18 00:00:00,,,'KOEEC02415055126,1,JTR KOE TO SUX//ETA 23-07-2026 06:00
2026-07-18 00:00:00,JTRKOE8217586,2026-07-18 00:00:00,,,'KOEEC02418651826,1,JTR KOE TO SUX//ETA 23-07-2026 06:00
2026-07-18 00:00:00,JTRKOE8217586,2026-07-18 00:00:00,,,'KOEEC02420683426,1,JTR KOE TO SUX//ETA 23-07-2026 06:00
2026-07-18 00:00:00,JTRKOE8217586,2026-07-18 00:00:00,,,'KOEEC02421415326,1,JTR KOE TO SUX//ETA 23-07-2026 06:00
2026-07-18 00:00:00,JTRKOE8217586,2026-07-18 00:00:00,,,'RTKOE26014901182,1,JTR KOE TO SUX//ETA 23-07-2026 06:00
2026-07-18 00:00:00,JTRKOE8217586,2026-07-18 00:00:00,,,'RTKOE26014903769,1,JTR KOE TO SUX//ETA 23-07-2026 06:00
2026-07-18 00:00:00,JTRKOE8217586,2026-07-18 00:00:00,,,'RTKOE26014907041,1,JTR KOE TO SUX//ETA 23-07-2026 06:00
2026-07-18 00:00:00,JTRKOE8217586,2026-07-18 00:00:00,,,'RTKOE26014907061,1,JTR KOE TO SUX//ETA 23-07-2026 06:00
2026-07-18 00:00:00,JTRKOE8217586,2026-07-18 00:00:00,,,'RTKOE26014909808,1,JTR KOE TO SUX//ETA 23-07-2026 06:00
2026-07-18 00:00:00,JTRKOE8217586,2026-07-18 00:00:00,,,'TR00041194,1,JTR KOE TO SUX//ETA 23-07-2026 06:00
2026-07-18 00:00:00,JTRKOE8217586,2026-07-18 00:00:00,,,'TR00041198,3,JTR KOE TO SUX//ETA 23-07-2026 06:00
2026-07-18 00:00:00,JTRKOE8217586,2026-07-18 00:00:00,,,'TR00041199,1,JTR KOE TO SUX//ETA 23-07-2026 06:00
2026-07-18 00:00:00,JTRKOE8217586,2026-07-18 00:00:00,,,'TR00041201,1,JTR KOE TO SUX//ETA 23-07-2026 06:00
2026-07-18 00:00:00,JTRKOE8217586,2026-07-18 00:00:00,,,'TR00041202,1,JTR KOE TO SUX//ETA 23-07-2026 06:00
2026-07-18 00:00:00,JTRKOE8217586,2026-07-18 00:00:00,,,'TR00041204,1,JTR KOE TO SUX//ETA 23-07-2026 06:00
2026-07-18 00:00:00,JTRKOE8217586,2026-07-18 00:00:00,,,'TR00041206,1,JTR KOE TO SUX//ETA 23-07-2026 06:00
2026-07-18 00:00:00,JTRKOE8217586,2026-07-18 00:00:00,,,'TR00041207,1,JTR KOE TO SUX//ETA 23-07-2026 06:00
2026-07-18 00:00:00,JTRKOE8217586,2026-07-18 00:00:00,,,'TR00041208,1,JTR KOE TO SUX//ETA 23-07-2026 06:00
2026-07-18 00:00:00,JTRKOE8217586,2026-07-18 00:00:00,,,'TR00041210,1,JTR KOE TO SUX//ETA 23-07-2026 06:00
2026-07-18 00:00:00,JTRKOE8217586,2026-07-18 00:00:00,,,'TR00041213,2,JTR KOE TO SUX//ETA 23-07-2026 06:00
2026-07-18 00:00:00,JTRKOE8217586,2026-07-18 00:00:00,,,'TR00041214,1,JTR KOE TO SUX//ETA 23-07-2026 06:00
2026-07-18 00:00:00,JTRKOE8217586,2026-07-18 00:00:00,,,'TR00041215,1,JTR KOE TO SUX//ETA 23-07-2026 06:00
2026-07-18 00:00:00,JTRKOE8217586,2026-07-18 00:00:00,,,'TR51638748,1,JTR KOE TO SUX//ETA 23-07-2026 06:00
2026-07-18 00:00:00,JTRKOE8217586,2026-07-18 00:00:00,,,'TR51638754,1,JTR KOE TO SUX//ETA 23-07-2026 06:00
2026-07-18 00:00:00,JTRKOE8217586,2026-07-18 00:00:00,,,'TR51638755,1,JTR KOE TO SUX//ETA 23-07-2026 06:00
2026-07-18 00:00:00,JTRKOE8217586,2026-07-18 00:00:00,,,'TR51638756,1,JTR KOE TO SUX//ETA 23-07-2026 06:00
2026-07-18 00:00:00,JTRKOE8217586,2026-07-18 00:00:00,,,'TR51638757,1,JTR KOE TO SUX//ETA 23-07-2026 06:00
2026-07-18 00:00:00,JTRKOE8217586,2026-07-18 00:00:00,,,'TR51638758,1,JTR KOE TO SUX//ETA 23-07-2026 06:00
2026-07-18 00:00:00,JTRKOE8217586,2026-07-18 00:00:00,,,'TR51638759,1,JTR KOE TO SUX//ETA 23-07-2026 06:00
2026-07-18 00:00:00,JTRKOE8217586,2026-07-18 00:00:00,,,'TR51638760,1,JTR KOE TO SUX//ETA 23-07-2026 06:00
2026-07-18 00:00:00,JTRKOE8217586,2026-07-18 00:00:00,,,'TR51638761,1,JTR KOE TO SUX//ETA 23-07-2026 06:00
2026-07-18 00:00:00,JTRKOE8217586,2026-07-18 00:00:00,,,'TR51638762,1,JTR KOE TO SUX//ETA 23-07-2026 06:00
2026-07-18 00:00:00,JTRKOE8217586,2026-07-18 00:00:00,,,'TR51638763,1,JTR KOE TO SUX//ETA 23-07-2026 06:00
2026-07-18 00:00:00,JTRKOE8217586,2026-07-18 00:00:00,,,'TR64766656,4,JTR KOE TO SUX//ETA 23-07-2026 06:00
2026-07-18 00:00:00,JTRKOE8217586,2026-07-18 00:00:00,,,'TR64766657,2,JTR KOE TO SUX//ETA 23-07-2026 06:00
2026-07-18 00:00:00,JTRKOE8241220,2026-07-18 00:00:00,LENGKAP,2026-07-18 07:43:00,'AA64499942,20,
2026-07-18 00:00:00,JTRKOE8241220,2026-07-18 00:00:00,LENGKAP,2026-07-18 07:43:00,'AA64499943,15,
2026-07-18 00:00:00,JTRKOE8241220,2026-07-18 00:00:00,LENGKAP,2026-07-18 07:43:00,'AA64499945,20,
2026-07-18 00:00:00,JTRKOE8241220,2026-07-18 00:00:00,LENGKAP,2026-07-18 07:43:00,'AA64499947,18,
2026-07-18 00:00:00,JTRKOE8241220,2026-07-18 00:00:00,LENGKAP,2026-07-18 07:43:00,'AA64499948,26,
2026-07-18 00:00:00,JTRKOE8241220,2026-07-18 00:00:00,LENGKAP,2026-07-18 07:43:00,'AA64499951,1,
2026-07-18 00:00:00,JTRKOE8241220,2026-07-18 00:00:00,LENGKAP,2026-07-18 07:43:00,'AA64499953,2,
2026-07-18 00:00:00,JTRKOE8241220,2026-07-18 00:00:00,LENGKAP,2026-07-18 07:43:00,'AA64499954,1,
2026-07-18 00:00:00,KAI8219746,2026-07-18 00:00:00,LENGKAP,2026-07-18 11:20:00,'AA56461964,1,
2026-07-18 00:00:00,KAI8219746,2026-07-18 00:00:00,LENGKAP,2026-07-18 11:20:00,'AD99176324,1,
2026-07-18 00:00:00,KAI8219746,2026-07-18 00:00:00,LENGKAP,2026-07-18 11:20:00,'AD99176335,1,
2026-07-18 00:00:00,KAI8219746,2026-07-18 00:00:00,LENGKAP,2026-07-18 11:20:00,'AD99176336,1,
2026-07-18 00:00:00,KAI8219746,2026-07-18 00:00:00,LENGKAP,2026-07-18 11:20:00,'AD99176343,1,
2026-07-18 00:00:00,KAI8219746,2026-07-18 00:00:00,LENGKAP,2026-07-18 11:20:00,'AD99176345,1,
2026-07-18 00:00:00,KAI8219746,2026-07-18 00:00:00,LENGKAP,2026-07-18 11:20:00,'AD99176346,1,
2026-07-18 00:00:00,KAI8219746,2026-07-18 00:00:00,LENGKAP,2026-07-18 11:20:00,'AD99176347,1,
2026-07-18 00:00:00,KAI8219746,2026-07-18 00:00:00,LENGKAP,2026-07-18 11:20:00,'AD99176352,1,
2026-07-18 00:00:00,KAI8219746,2026-07-18 00:00:00,LENGKAP,2026-07-18 11:20:00,'AD99176353,1,
2026-07-18 00:00:00,KAI8219746,2026-07-18 00:00:00,LENGKAP,2026-07-18 11:20:00,'AD99176359,1,
2026-07-18 00:00:00,KAI8219746,2026-07-18 00:00:00,LENGKAP,2026-07-18 11:20:00,'AD99176360,1,
2026-07-18 00:00:00,KAI8219746,2026-07-18 00:00:00,LENGKAP,2026-07-18 11:20:00,'AD99176361,1,
2026-07-18 00:00:00,KEF1807264,2026-07-18 00:00:00,LENGKAP,,'AD106585349,1,
2026-07-18 00:00:00,MLA8218677,2026-07-18 00:00:00,LENGKAP,2026-07-18 21:35:00,'AD106441319,2,
2026-07-18 00:00:00,MLA8218677,2026-07-18 00:00:00,LENGKAP,2026-07-18 21:35:00,'AD106441322,3,
2026-07-18 00:00:00,MLA8218678,2026-07-18 00:00:00,LENGKAP,2026-07-19 11:23:00,'AD106441321,1,
2026-07-18 00:00:00,OLS18072603,2026-07-18 00:00:00,LENGKAP,2026-07-18 23:05:00,'AD104095851,1,
2026-07-18 00:00:00,RTI6893849,2026-07-18 00:00:00,LENGKAP,2026-07-21 14:19:00,'AD99250731,1,
2026-07-18 00:00:00,RTI6893849,2026-07-18 00:00:00,LENGKAP,2026-07-21 14:19:00,'AD99250732,1,
2026-07-18 00:00:00,RTI6893849,2026-07-18 00:00:00,LENGKAP,2026-07-21 14:19:00,'AD99250733,1,
2026-07-18 00:00:00,RTI6893849,2026-07-18 00:00:00,LENGKAP,2026-07-21 14:19:00,'AD99250734,1,
2026-07-18 00:00:00,JTRKOE8241221,2026-07-18 00:00:00,LENGKAP,2026-07-19 18:29:00,'AA64499529,17,
2026-07-18 00:00:00,JTRKOE8241221,2026-07-18 00:00:00,LENGKAP,2026-07-19 18:29:00,'AA64499530,13,
2026-07-18 00:00:00,JTRKOE8241221,2026-07-18 00:00:00,LENGKAP,2026-07-19 18:29:00,'AA64499531,9,
2026-07-18 00:00:00,JTRKOE8241221,2026-07-18 00:00:00,LENGKAP,2026-07-19 18:29:00,'AA64499532,16,
2026-07-18 00:00:00,JTRKOE8241221,2026-07-18 00:00:00,LENGKAP,2026-07-19 18:29:00,'AA64499533,21,
2026-07-18 00:00:00,JTRKOE8241221,2026-07-18 00:00:00,LENGKAP,2026-07-19 18:29:00,'AA64499534,12,
2026-07-18 00:00:00,JTRKOE8241221,2026-07-18 00:00:00,LENGKAP,2026-07-19 18:29:00,'AA64499538,26,
2026-07-18 00:00:00,JTRKOE8241221,2026-07-18 00:00:00,LENGKAP,2026-07-19 18:29:00,'AA64499539,16,
2026-07-18 00:00:00,JTRKOE8241221,2026-07-18 00:00:00,LENGKAP,2026-07-19 18:29:00,'AA64499541,9,
2026-07-18 00:00:00,JTRKOE8241221,2026-07-18 00:00:00,LENGKAP,2026-07-19 18:29:00,'AA64499543,17,
2026-07-18 00:00:00,JTRKOE8241221,2026-07-18 00:00:00,LENGKAP,2026-07-19 18:29:00,'AA64499544,1,
2026-07-18 00:00:00,JTRKOE8241221,2026-07-18 00:00:00,LENGKAP,2026-07-19 18:29:00,'AA64499868,8,
2026-07-18 00:00:00,JTRKOE8241221,2026-07-18 00:00:00,LENGKAP,2026-07-19 18:29:00,'TR81305453,2,
2026-07-18 00:00:00,RTI6893849,2026-07-18 00:00:00,LENGKAP,2026-07-21 14:19:00,'AD99250735,1,
2026-07-18 00:00:00,RTI6893849,2026-07-18 00:00:00,LENGKAP,2026-07-21 14:19:00,'AD99250736,1,
2026-07-18 00:00:00,RTI6893849,2026-07-18 00:00:00,LENGKAP,2026-07-21 14:19:00,'AD99250737,1,
2026-07-18 00:00:00,RTI6893849,2026-07-18 00:00:00,LENGKAP,2026-07-21 14:19:00,'AD99250738,1,
2026-07-18 00:00:00,RTI6893849,2026-07-18 00:00:00,LENGKAP,2026-07-21 14:19:00,'AD99250739,1,
2026-07-18 00:00:00,RTI6893849,2026-07-18 00:00:00,LENGKAP,2026-07-21 14:19:00,'AD99250740,1,
2026-07-18 00:00:00,RTI6893849,2026-07-18 00:00:00,LENGKAP,2026-07-21 14:19:00,'AD99250741,1,
2026-07-18 00:00:00,RTI6893849,2026-07-18 00:00:00,LENGKAP,2026-07-21 14:19:00,'AD99250742,1,
2026-07-18 00:00:00,RTI6893849,2026-07-18 00:00:00,LENGKAP,2026-07-21 14:19:00,'AD99250743,1,
2026-07-18 00:00:00,RTI6893849,2026-07-18 00:00:00,LENGKAP,2026-07-21 14:19:00,'AD99250744,1,
2026-07-18 00:00:00,RTI6893849,2026-07-18 00:00:00,LENGKAP,2026-07-21 14:19:00,'AD99250745,1,
2026-07-18 00:00:00,RTI6893849,2026-07-18 00:00:00,LENGKAP,2026-07-21 14:19:00,'AD99250746,1,
2026-07-18 00:00:00,RTI6893849,2026-07-18 00:00:00,LENGKAP,2026-07-21 14:19:00,'AD99250747,1,
2026-07-18 00:00:00,KEF1807261,2026-07-18 00:00:00,LENGKAP,2026-07-19 12:24:00,'AA63898637,1,
2026-07-18 00:00:00,KEF1807261,2026-07-18 00:00:00,LENGKAP,2026-07-19 12:24:00,'AA63898638,1,
2026-07-18 00:00:00,KEF1807261,2026-07-18 00:00:00,LENGKAP,2026-07-19 12:24:00,'AA63898639,1,
2026-07-18 00:00:00,KEF1807261,2026-07-18 00:00:00,LENGKAP,2026-07-19 12:24:00,'AA63898640,1,
2026-07-18 00:00:00,KEF1807261,2026-07-18 00:00:00,LENGKAP,2026-07-19 12:24:00,'AA63898641,1,
2026-07-18 00:00:00,KEF1807261,2026-07-18 00:00:00,LENGKAP,2026-07-19 12:24:00,'AA63898642,1,
2026-07-18 00:00:00,KEF1807261,2026-07-18 00:00:00,LENGKAP,2026-07-19 12:24:00,'AA63898643,1,
2026-07-18 00:00:00,KEF1807261,2026-07-18 00:00:00,LENGKAP,2026-07-19 12:24:00,'AA63898645,1,
2026-07-18 00:00:00,KEF1807261,2026-07-18 00:00:00,LENGKAP,2026-07-19 12:24:00,'AA63898646,1,
2026-07-18 00:00:00,KEF1807261,2026-07-18 00:00:00,LENGKAP,2026-07-19 12:24:00,'AA63898647,1,
2026-07-18 00:00:00,KEF1807261,2026-07-18 00:00:00,LENGKAP,2026-07-19 12:24:00,'AA63898648,1,
2026-07-18 00:00:00,KEF1807261,2026-07-18 00:00:00,LENGKAP,2026-07-19 12:24:00,'AA63898650,1,
2026-07-18 00:00:00,KEF1807261,2026-07-18 00:00:00,LENGKAP,2026-07-19 12:24:00,'AA63898653,1,
2026-07-18 00:00:00,KEF1807261,2026-07-18 00:00:00,LENGKAP,2026-07-19 12:24:00,'AA63898654,1,
2026-07-18 00:00:00,KEF1807262,2026-07-18 00:00:00,LENGKAP,2026-07-18 20:32:00,'AD106585345,5,
2026-07-18 00:00:00,KEF1807262,2026-07-18 00:00:00,LENGKAP,2026-07-18 20:32:00,'AD106585348,1,
2026-07-18 00:00:00,KEF1807263,2026-07-18 00:00:00,LENGKAP,2026-07-19 12:25:00,'TR00041219,1,
2026-07-18 00:00:00,RTI6893849,2026-07-18 00:00:00,LENGKAP,2026-07-21 14:19:00,'AD99250748,1,
2026-07-18 00:00:00,KEF1807265,2026-07-19 00:00:00,LENGKAP,2026-07-19 11:10:00,'AD106585350,2,
2026-07-18 00:00:00,RTI6893849,2026-07-18 00:00:00,LENGKAP,2026-07-21 14:19:00,'AD99250749,1,
2026-07-18 00:00:00,RTI6893849,2026-07-18 00:00:00,LENGKAP,2026-07-21 14:19:00,'AD99250750,1,
2026-07-18 00:00:00,RTI6893849,2026-07-18 00:00:00,LENGKAP,2026-07-21 14:19:00,'AD99250751,1,
2026-07-18 00:00:00,RTI6893849,2026-07-18 00:00:00,LENGKAP,2026-07-21 14:19:00,'AD99250752,1,
2026-07-18 00:00:00,RTI6893849,2026-07-18 00:00:00,LENGKAP,2026-07-21 14:19:00,'AD99250753,1,
2026-07-18 00:00:00,RTI6893849,2026-07-18 00:00:00,LENGKAP,2026-07-21 14:19:00,'AD99250754,1,
2026-07-18 00:00:00,RTI6893849,2026-07-18 00:00:00,LENGKAP,2026-07-21 14:19:00,'AD99250755,2,
2026-07-18 00:00:00,RTI6893849,2026-07-18 00:00:00,LENGKAP,2026-07-21 14:19:00,'AD99250756,2,
2026-07-18 00:00:00,RTI6893849,2026-07-18 00:00:00,LENGKAP,2026-07-21 14:19:00,'TR64766659,1,
2026-07-18 00:00:00,RTI6893849,2026-07-18 00:00:00,LENGKAP,2026-07-21 14:19:00,'TR64766660,2,
2026-07-18 00:00:00,SAB8610142,2026-07-18 00:00:00,LENGKAP,2026-07-19 11:16:00,'AD106506985,1,
2026-07-18 00:00:00,SAB8610142,2026-07-18 00:00:00,LENGKAP,2026-07-19 11:16:00,'AD106506986,1,
2026-07-18 00:00:00,SAB8610142,2026-07-18 00:00:00,LENGKAP,2026-07-19 11:16:00,'AD106506987,1,
2026-07-18 00:00:00,SAB8610142,2026-07-18 00:00:00,LENGKAP,2026-07-19 11:16:00,'AD106506988,1,
2026-07-18 00:00:00,SAB8610142,2026-07-18 00:00:00,LENGKAP,2026-07-19 11:16:00,'AD106506989,1,
2026-07-18 00:00:00,SAB8610142,2026-07-18 00:00:00,LENGKAP,2026-07-19 11:16:00,'AD106506990,1,
2026-07-18 00:00:00,SAB8610142,2026-07-18 00:00:00,LENGKAP,2026-07-19 11:16:00,'AD106506991,1,
2026-07-18 00:00:00,SAB8610142,2026-07-18 00:00:00,LENGKAP,2026-07-19 11:16:00,'AD106506992,1,
2026-07-18 00:00:00,KOE190720263,2026-07-19 00:00:00,LENGKAP,2026-07-19 11:20:00,'360240018360026,1,
2026-07-18 00:00:00,KOE190720263,2026-07-19 00:00:00,LENGKAP,2026-07-19 11:20:00,'AA64499680,1,
2026-07-18 00:00:00,KOE190720263,2026-07-19 00:00:00,LENGKAP,2026-07-19 11:20:00,'AA64499682,34,
2026-07-18 00:00:00,KOE190720263,2026-07-19 00:00:00,LENGKAP,2026-07-19 11:20:00,'AA64597849,31,
2026-07-18 00:00:00,KOE190720263,2026-07-19 00:00:00,LENGKAP,2026-07-19 11:20:00,'KOEEC02425732526,1,
2026-07-18 00:00:00,KOE190720263,2026-07-19 00:00:00,LENGKAP,2026-07-19 11:20:00,'KOEEC02426224426,1,
2026-07-18 00:00:00,SOE8578708,2026-07-18 00:00:00,LENGKAP,2026-07-18 17:10:00,'AA64482692,1,
2026-07-18 00:00:00,SOE8578708,2026-07-18 00:00:00,LENGKAP,2026-07-18 17:10:00,'AD106442454,2,
2026-07-18 00:00:00,SOE8578708,2026-07-18 00:00:00,LENGKAP,2026-07-18 17:10:00,'AD106442456,5,
2026-07-18 00:00:00,SOE8578708,2026-07-18 00:00:00,LENGKAP,2026-07-18 17:10:00,'AD106442457,1,
2026-07-18 00:00:00,SOE8578708,2026-07-18 00:00:00,LENGKAP,2026-07-18 17:10:00,'TR02013616,1,
2026-07-18 00:00:00,SOE8578710,2026-07-18 00:00:00,LENGKAP,2026-07-19 11:24:00,'AD106442460,1,
2026-07-18 00:00:00,TMC8242491,2026-07-18 00:00:00,LENGKAP,2026-07-20 09:00:00,'AD99249954,1,
2026-07-18 00:00:00,TMC8242492,2026-07-18 00:00:00,LENGKAP,2026-07-18 22:34:00,'AD99249957,2,
2026-07-18 00:00:00,WGPJTR8611612,2026-07-18 00:00:00,BELUM MASUK SUX,,'2600107125902M01,1,KROSCEK VENDOR
2026-07-18 00:00:00,WGPJTR8611612,2026-07-18 00:00:00,BELUM MASUK SUX,,'2600107125902M02,1,KROSCEK VENDOR
2026-07-18 00:00:00,WGPJTR8611612,2026-07-18 00:00:00,BELUM MASUK SUX,,'2600107477302M01,1,KROSCEK VENDOR
2026-07-18 00:00:00,WGPJTR8611612,2026-07-18 00:00:00,BELUM MASUK SUX,,'2600107477302M02,1,KROSCEK VENDOR
2026-07-18 00:00:00,WGPJTR8611612,2026-07-18 00:00:00,BELUM MASUK SUX,,'360420003101825,1,KROSCEK VENDOR
2026-07-18 00:00:00,KOE471076,2026-07-18 00:00:00,LENGKAP,2026-07-18 23:10:00,'AA69471075,5,
2026-07-18 00:00:00,KOE471076,2026-07-18 00:00:00,LENGKAP,2026-07-18 23:10:00,'AA69471076,2,
2026-07-18 00:00:00,MLA8218676,2026-07-18 00:00:00,LENGKAP,2026-07-19 12:28:00,'AA72283818,1,
2026-07-18 00:00:00,MLA8218676,2026-07-18 00:00:00,LENGKAP,2026-07-19 12:28:00,'AA72283821,1,
2026-07-18 00:00:00,WGPJTR8611612,2026-07-18 00:00:00,BELUM MASUK SUX,,'360510003705926,1,KROSCEK VENDOR
2026-07-18 00:00:00,WGPJTR8611612,2026-07-18 00:00:00,BELUM MASUK SUX,,'JT76424579729,1,KROSCEK VENDOR
2026-07-18 00:00:00,WGPJTR8611612,2026-07-18 00:00:00,BELUM MASUK SUX,,'JT86698241734,1,KROSCEK VENDOR
2026-07-18 00:00:00,MLO8611751,2026-07-18 00:00:00,LENGKAP,2026-07-18 16:04:00,'AD97568198,1,
2026-07-18 00:00:00,MLO8611751,2026-07-18 00:00:00,LENGKAP,2026-07-18 16:04:00,'AD97568199,1,
2026-07-18 00:00:00,OLS1807202602,2026-07-18 00:00:00,LENGKAP,2026-07-19 12:28:00,'AD104095849,2,
2026-07-18 00:00:00,WGPJTR8611612,2026-07-18 00:00:00,BELUM MASUK SUX,,'RTKOE26014910661,1,KROSCEK VENDOR
2026-07-18 00:00:00,WGPJTR8611612,2026-07-18 00:00:00,BELUM MASUK SUX,,'TR42322763,1,KROSCEK VENDOR
2026-07-18 00:00:00,WGPJTR8611612,2026-07-18 00:00:00,BELUM MASUK SUX,,'TR42322768,1,KROSCEK VENDOR
2026-07-18 00:00:00,WKB8610838,2026-07-18 00:00:00,LENGKAP,2026-07-18 16:15:00,'AA69423753,1,
2026-07-18 00:00:00,WKB8610838,2026-07-18 00:00:00,LENGKAP,2026-07-18 16:15:00,'AA69423754,1,
2026-07-18 00:00:00,WKB8610838,2026-07-18 00:00:00,LENGKAP,2026-07-18 16:15:00,'AA69423756,1,
2026-07-18 00:00:00,WKB8610838,2026-07-18 00:00:00,LENGKAP,2026-07-18 16:15:00,'AA69423763,1,
2026-07-18 00:00:00,WKB8610838,2026-07-18 00:00:00,LENGKAP,2026-07-18 16:15:00,'AA69423764,1,
2026-07-18 00:00:00,WKB8610838,2026-07-18 00:00:00,LENGKAP,2026-07-18 16:15:00,'AA69423765,1,
2026-07-18 00:00:00,WKB8610838,2026-07-18 00:00:00,LENGKAP,2026-07-18 16:15:00,'AA69423766,1,
2026-07-18 00:00:00,WKB8610838,2026-07-18 00:00:00,LENGKAP,2026-07-18 16:15:00,'AA69423767,1,
2026-07-18 00:00:00,WKB8610838,2026-07-18 00:00:00,LENGKAP,2026-07-18 16:15:00,'AA69423768,1,
2026-07-18 00:00:00,WKB8610838,2026-07-18 00:00:00,LENGKAP,2026-07-18 16:15:00,'AD106343521,1,
2026-07-18 00:00:00,WKB8610838,2026-07-18 00:00:00,LENGKAP,2026-07-18 16:15:00,'AD106343522,1,
2026-07-18 00:00:00,WKB8610838,2026-07-18 00:00:00,LENGKAP,2026-07-18 16:15:00,'AD106343523,1,
2026-07-18 00:00:00,WKB8610838,2026-07-18 00:00:00,LENGKAP,2026-07-18 16:15:00,'AD106343525,1,
2026-07-18 00:00:00,WKB8610838,2026-07-18 00:00:00,LENGKAP,2026-07-18 16:15:00,'AD106343885,1,
2026-07-18 00:00:00,WKB8610838,2026-07-18 00:00:00,LENGKAP,2026-07-18 16:15:00,'AD106597162,1,
2026-07-18 00:00:00,WKB8610838,2026-07-18 00:00:00,LENGKAP,2026-07-18 16:15:00,'TR42330743,1,
2026-07-18 00:00:00,WKB8610838,2026-07-18 00:00:00,LENGKAP,2026-07-18 16:15:00,'TR42330744,1,
2026-07-18 00:00:00,WKB8610838,2026-07-18 00:00:00,LENGKAP,2026-07-18 16:15:00,'TR42330745,1,
2026-07-18 00:00:00,021841HLP,2026-07-19 00:00:00,LENGKAP,,'AA64489868,1,
2026-07-18 00:00:00,021841HLP,2026-07-19 00:00:00,LENGKAP,,'AA64489869,27,
2026-07-18 00:00:00,021841HLP,2026-07-19 00:00:00,LENGKAP,,'AA64489870,11,
2026-07-18 00:00:00,021841HLP,2026-07-19 00:00:00,LENGKAP,,'AA64489871,27,
2026-07-18 00:00:00,021841HLP,2026-07-19 00:00:00,LENGKAP,,'AA64489872,7,
2026-07-18 00:00:00,021841HLP,2026-07-19 00:00:00,LENGKAP,,'AA64489873,35,
2026-07-18 00:00:00,021841HLP,2026-07-19 00:00:00,LENGKAP,,'AA64489874,6,
2026-07-18 00:00:00,021841HLP,2026-07-19 00:00:00,LENGKAP,,'AA64489875,11,
2026-07-18 00:00:00,021841HLP,2026-07-19 00:00:00,LENGKAP,,'AA64489876,11,
2026-07-18 00:00:00,021841HLP,2026-07-19 00:00:00,LENGKAP,,'AA64489877,13,
2026-07-18 00:00:00,021841HLP,2026-07-19 00:00:00,LENGKAP,,'AA64489878,3,
2026-07-18 00:00:00,021841HLP,2026-07-19 00:00:00,LENGKAP,,'AA64489879,5,
2026-07-18 00:00:00,021841HLP,2026-07-19 00:00:00,LENGKAP,,'AA64489880,10,
2026-07-18 00:00:00,021841HLP,2026-07-19 00:00:00,LENGKAP,,'AA64489883,6,
2026-07-18 00:00:00,021841HLP,2026-07-19 00:00:00,LENGKAP,,'AD102696561,10,
2026-07-18 00:00:00,021841HLP,2026-07-19 00:00:00,LENGKAP,,'AD102696562,25,
2026-07-18 00:00:00,021841HLP,2026-07-19 00:00:00,LENGKAP,,'AD102696564,5,
2026-07-18 00:00:00,021841HLP,2026-07-19 00:00:00,LENGKAP,,'AD102696565,11,
2026-07-18 00:00:00,021841HLP,2026-07-19 00:00:00,LENGKAP,,'AD102696566,1,
2026-07-18 00:00:00,021841HLP,2026-07-19 00:00:00,LENGKAP,,'AD102696568,9,
2026-07-18 00:00:00,021841HLP,2026-07-19 00:00:00,LENGKAP,,'AD109070502,1,
2026-07-18 00:00:00,SOE8578709,2026-07-18 00:00:00,LENGKAP,2026-07-19 11:12:00,'AD106442459,2,
2026-07-18 00:00:00,ABU18072604,2026-07-19 00:00:00,LENGKAP,2026-07-18 17:58:00,'AD109070518,6,
2026-07-18 00:00:00,TMC8242489,2026-07-18 00:00:00,LENGKAP,2026-07-18 22:52:00,'360420001222626,1,
2026-07-18 00:00:00,TMC8242489,2026-07-18 00:00:00,LENGKAP,2026-07-18 22:52:00,'AA69424501,1,
2026-07-18 00:00:00,TMC8242489,2026-07-18 00:00:00,LENGKAP,2026-07-18 22:52:00,'AA69424502,1,
2026-07-18 00:00:00,TMC8242489,2026-07-18 00:00:00,LENGKAP,2026-07-18 22:52:00,'AA69424503,1,
2026-07-18 00:00:00,TMC8242489,2026-07-18 00:00:00,LENGKAP,2026-07-18 22:52:00,'AA69424505,1,
2026-07-18 00:00:00,TMC8242489,2026-07-18 00:00:00,LENGKAP,2026-07-18 22:52:00,'AA69424506,1,
2026-07-18 00:00:00,TMC8242489,2026-07-18 00:00:00,LENGKAP,2026-07-18 22:52:00,'AA69424519,1,
2026-07-18 00:00:00,TMC8242489,2026-07-18 00:00:00,LENGKAP,2026-07-18 22:52:00,'AA69424520,1,
2026-07-18 00:00:00,TMC8242489,2026-07-18 00:00:00,LENGKAP,2026-07-18 22:52:00,'AD99249956,1,
2026-07-18 00:00:00,TMC8242489,2026-07-18 00:00:00,LENGKAP,2026-07-18 22:52:00,'AD99249960,1,
2026-07-18 00:00:00,TMC8242489,2026-07-18 00:00:00,LENGKAP,2026-07-18 22:52:00,'AD99249969,1,
2026-07-18 00:00:00,TMC8242489,2026-07-18 00:00:00,LENGKAP,2026-07-18 22:52:00,'AD99249972,1,
2026-07-18 00:00:00,TMC8242490,2026-07-18 00:00:00,LENGKAP,2026-07-19 08:44:00,'AD99249958,1,
2026-07-18 00:00:00,TMC8242490,2026-07-18 00:00:00,LENGKAP,2026-07-19 08:44:00,'AD99249970,1,
2026-07-18 00:00:00,KOE190720261,2026-07-19 00:00:00,LENGKAP,2026-07-19 11:30:00,'360100033973726,1,
2026-07-18 00:00:00,KOE190720261,2026-07-19 00:00:00,LENGKAP,2026-07-19 11:30:00,'360100034059226,1,
2026-07-18 00:00:00,WBK6113162,2026-07-18 00:00:00,LENGKAP,2026-07-18 22:51:00,'AD106339584,1,
2026-07-18 00:00:00,WBK6113162,2026-07-18 00:00:00,LENGKAP,2026-07-18 22:51:00,'AD106339585,1,
2026-07-18 00:00:00,WBK6113162,2026-07-18 00:00:00,LENGKAP,2026-07-18 22:51:00,'AD106339586,1,
2026-07-18 00:00:00,KOE190720261,2026-07-19 00:00:00,LENGKAP,2026-07-19 11:30:00,'660108245171,1,
2026-07-18 00:00:00,KOE190720261,2026-07-19 00:00:00,LENGKAP,2026-07-19 11:30:00,'AA64499686,47,
2026-07-18 00:00:00,KOE190720261,2026-07-19 00:00:00,LENGKAP,2026-07-19 11:30:00,'AA64597847,35,
2026-07-18 00:00:00,KOE190720261,2026-07-19 00:00:00,LENGKAP,2026-07-19 11:30:00,'AD106608289,1,
2026-07-18 00:00:00,KOE190720261,2026-07-19 00:00:00,LENGKAP,2026-07-19 11:30:00,'KOEAA03667749826,1,
2026-07-18 00:00:00,KOE190720261,2026-07-19 00:00:00,LENGKAP,2026-07-19 11:30:00,'KOEEC02424772026,1,
2026-07-18 00:00:00,KOE190720261,2026-07-19 00:00:00,LENGKAP,2026-07-19 11:30:00,'KOEEC02424842226,1,
2026-07-18 00:00:00,KOE190720261,2026-07-19 00:00:00,LENGKAP,2026-07-19 11:30:00,'KOEEC02425314526,1,
2026-07-18 00:00:00,KOE190720261,2026-07-19 00:00:00,LENGKAP,2026-07-19 11:30:00,'KOEEC02425324326,1,
2026-07-18 00:00:00,KOE190720261,2026-07-19 00:00:00,LENGKAP,2026-07-19 11:30:00,'KOEEC02425722726,1,
2026-07-18 00:00:00,KOE190720262,2026-07-19 00:00:00,LENGKAP,2026-07-19 11:09:00,'360290019748026,1,
2026-07-18 00:00:00,KOE190720262,2026-07-19 00:00:00,LENGKAP,2026-07-19 11:09:00,'AA64499669,2,
2026-07-18 00:00:00,KOE190720262,2026-07-19 00:00:00,LENGKAP,2026-07-19 11:09:00,'AA64499684,25,
2026-07-18 00:00:00,KOE190720262,2026-07-19 00:00:00,LENGKAP,2026-07-19 11:09:00,'AA64597845,20,
2026-07-18 00:00:00,KOE190720262,2026-07-19 00:00:00,LENGKAP,2026-07-19 11:09:00,'KOEEC02426234226,1,
2026-07-18 00:00:00,KOE190720262,2026-07-19 00:00:00,LENGKAP,2026-07-19 11:09:00,'KOEEC02426562426,1,
2026-07-18 00:00:00,KOE190720264,2026-07-19 00:00:00,LENGKAP,2026-07-18 23:55:00,'360290019765826,1,
2026-07-18 00:00:00,KOE190720264,2026-07-19 00:00:00,LENGKAP,2026-07-18 23:55:00,'AA64499675,19,
2026-07-18 00:00:00,KOE190720264,2026-07-19 00:00:00,LENGKAP,2026-07-18 23:55:00,'AA64499685,17,
2026-07-18 00:00:00,KOE190720264,2026-07-19 00:00:00,LENGKAP,2026-07-18 23:55:00,'KOEEC02426293026,1,
2026-07-18 00:00:00,KOE190720264,2026-07-19 00:00:00,LENGKAP,2026-07-18 23:55:00,'KOEEC02426304426,1,
2026-07-18 00:00:00,KOE190720264,2026-07-19 00:00:00,LENGKAP,2026-07-18 23:55:00,'KOEEC02426591826,1,
2026-07-18 00:00:00,KOE190720265,2026-07-19 00:00:00,LENGKAP,2026-07-18 23:59:00,'AA64499671,12,
2026-07-18 00:00:00,KOE190720265,2026-07-19 00:00:00,LENGKAP,2026-07-18 23:59:00,'AA64499681,8,
2026-07-18 00:00:00,KOE190720265,2026-07-19 00:00:00,LENGKAP,2026-07-18 23:59:00,'AD104114073,2,
2026-07-18 00:00:00,KOE190720266,2026-07-19 00:00:00,LENGKAP,2026-07-18 23:59:00,'AA64499667,1,
2026-07-18 00:00:00,KOE190720266,2026-07-19 00:00:00,LENGKAP,2026-07-18 23:59:00,'AD104114074,2,
2026-07-18 00:00:00,KOE190720267,2026-07-19 00:00:00,LENGKAP,2026-07-18 23:59:00,'11004067177334,1,
2026-07-18 00:00:00,KOE190720267,2026-07-19 00:00:00,LENGKAP,2026-07-18 23:59:00,'AA64499668,2,
2026-07-18 00:00:00,WGP8218398,2026-07-19 00:00:00,LENGKAP,2026-07-18 18:15:00,'AD106608350,1,
2026-07-19 00:00:00,2747732744MOF,2026-07-19 00:00:00,LENGKAP,2026-07-19 17:13:00,'AA64499549,18,
2026-07-19 00:00:00,2747732744MOF,2026-07-19 00:00:00,LENGKAP,2026-07-19 17:13:00,'AA64499566,9,
2026-07-19 00:00:00,2747732744MOF,2026-07-19 00:00:00,LENGKAP,2026-07-19 17:13:00,'AA64499568,13,
2026-07-19 00:00:00,2747732744MOF,2026-07-19 00:00:00,LENGKAP,2026-07-19 17:13:00,'AA64499569,4,
2026-07-19 00:00:00,2747732744MOF,2026-07-19 00:00:00,LENGKAP,2026-07-19 17:13:00,'AA64499572,21,
2026-07-19 00:00:00,2747732744MOF,2026-07-19 00:00:00,LENGKAP,2026-07-19 17:13:00,'AA64499573,42,
2026-07-19 00:00:00,2747732745MOF,2026-07-19 00:00:00,LENGKAP,2026-07-19 17:13:00,'AA64499552,1,
2026-07-19 00:00:00,2747732745MOF,2026-07-19 00:00:00,LENGKAP,2026-07-19 17:13:00,'AA64499553,2,
2026-07-19 00:00:00,2747732745MOF,2026-07-19 00:00:00,LENGKAP,2026-07-19 17:13:00,'AA64499571,8,
2026-07-19 00:00:00,2747732747MOF,2026-07-19 00:00:00,LENGKAP,2026-07-19 17:13:00,'AA64499547,19,
2026-07-19 00:00:00,2747732747MOF,2026-07-19 00:00:00,LENGKAP,2026-07-19 17:13:00,'AA64499550,14,
2026-07-19 00:00:00,2747732747MOF,2026-07-19 00:00:00,LENGKAP,2026-07-19 17:13:00,'AA64499554,1,
2026-07-19 00:00:00,2747732747MOF,2026-07-19 00:00:00,LENGKAP,2026-07-19 17:13:00,'AA64499555,10,
2026-07-19 00:00:00,2747732747MOF,2026-07-19 00:00:00,LENGKAP,2026-07-19 17:13:00,'AA64499557,13,
2026-07-19 00:00:00,2747732747MOF,2026-07-19 00:00:00,LENGKAP,2026-07-19 17:13:00,'AA64499558,1,
2026-07-19 00:00:00,2747732747MOF,2026-07-19 00:00:00,LENGKAP,2026-07-19 17:13:00,'AA64499563,1,
2026-07-19 00:00:00,2747732758MOF,2026-07-19 00:00:00,LENGKAP,2026-07-19 17:13:00,'AA64499548,21,
2026-07-19 00:00:00,2747732758MOF,2026-07-19 00:00:00,LENGKAP,2026-07-19 17:13:00,'AA64499551,16,
2026-07-19 00:00:00,2747732758MOF,2026-07-19 00:00:00,LENGKAP,2026-07-19 17:13:00,'AA64499556,20,
2026-07-19 00:00:00,2747732758MOF,2026-07-19 00:00:00,LENGKAP,2026-07-19 17:13:00,'AA64499560,7,
2026-07-19 00:00:00,2747732758MOF,2026-07-19 00:00:00,LENGKAP,2026-07-19 17:13:00,'AA64499561,2,
2026-07-19 00:00:00,2747732758MOF,2026-07-19 00:00:00,LENGKAP,2026-07-19 17:13:00,'AA64499562,9,
2026-07-19 00:00:00,2747732758MOF,2026-07-19 00:00:00,LENGKAP,2026-07-19 17:13:00,'AA64499567,21,
2026-07-19 00:00:00,2747732817,2026-07-19 00:00:00,LENGKAP,2026-07-20 02:01:00,'AA74700108,24,
2026-07-19 00:00:00,2747732817,2026-07-19 00:00:00,LENGKAP,2026-07-20 02:01:00,'AA74700109,18,
2026-07-19 00:00:00,27477732743TMC,2026-07-19 00:00:00,LENGKAP,2026-07-19 16:23:00,'AA64499638,4,
2026-07-19 00:00:00,51300139996KAI,2026-07-19 00:00:00,LENGKAP,2026-07-19 13:18:00,'AA64499993,23,
2026-07-19 00:00:00,51300139996KAI,2026-07-19 00:00:00,LENGKAP,2026-07-19 13:18:00,'AA64597715,25,
2026-07-19 00:00:00,51300140210ENE,2026-07-19 00:00:00,LENGKAP,2026-07-19 14:17:00,'YS15284672,31,
2026-07-19 00:00:00,51300140221LBJ,2026-07-19 00:00:00,LENGKAP,2026-07-19 13:27:00,'YS15284673,20,
2026-07-19 00:00:00,51300140346,2026-07-19 00:00:00,LENGKAP,2026-07-19 16:26:00,'AA74700105,26,
2026-07-19 00:00:00,88812235904,2026-07-19 00:00:00,LENGKAP,2026-07-19 13:06:00,'AA64489887,3,
2026-07-19 00:00:00,88812235904,2026-07-19 00:00:00,LENGKAP,2026-07-19 13:06:00,'YS15281315,2,
2026-07-19 00:00:00,88812235904,2026-07-19 00:00:00,LENGKAP,2026-07-19 13:06:00,'YS15281319,3,
2026-07-19 00:00:00,88812235904,2026-07-19 00:00:00,LENGKAP,2026-07-19 13:06:00,'YS15281321,1,
2026-07-19 00:00:00,88812235904,2026-07-19 00:00:00,LENGKAP,2026-07-19 13:06:00,'YS15281322,1,
2026-07-19 00:00:00,88812235904,2026-07-19 00:00:00,LENGKAP,2026-07-19 13:06:00,'YS15281324,1,
2026-07-19 00:00:00,88812235904,2026-07-19 00:00:00,LENGKAP,2026-07-19 13:06:00,'YT1820038,1,
2026-07-19 00:00:00,88812235904,2026-07-19 00:00:00,LENGKAP,2026-07-19 13:06:00,'YT1820042,2,
2026-07-19 00:00:00,88812236033,2026-07-19 00:00:00,LENGKAP,2026-07-20 00:42:00,'360100033995126,1,
2026-07-19 00:00:00,88812236033,2026-07-19 00:00:00,LENGKAP,2026-07-20 00:42:00,'AD99242063,19,
2026-07-19 00:00:00,88812236033,2026-07-19 00:00:00,LENGKAP,2026-07-20 00:42:00,'AD99242066,11,
2026-07-19 00:00:00,88812236151,2026-07-19 00:00:00,LENGKAP,2026-07-19 16:28:00,'AA64490729,8,
2026-07-19 00:00:00,88812236151,2026-07-19 00:00:00,LENGKAP,2026-07-19 16:28:00,'AA64490730,7,
2026-07-19 00:00:00,88812236151,2026-07-19 00:00:00,LENGKAP,2026-07-19 16:28:00,'AA64490749,11,
2026-07-19 00:00:00,88812236151,2026-07-19 00:00:00,LENGKAP,2026-07-19 16:28:00,'AA64490750,21,
2026-07-19 00:00:00,88812236151,2026-07-19 00:00:00,LENGKAP,2026-07-19 16:28:00,'AA64490751,26,
2026-07-19 00:00:00,88812236151,2026-07-19 00:00:00,LENGKAP,2026-07-19 16:28:00,'AA64490752,3,
2026-07-19 00:00:00,88812236151,2026-07-19 00:00:00,LENGKAP,2026-07-19 16:28:00,'AA64490754,5,
2026-07-19 00:00:00,88812236151,2026-07-19 00:00:00,LENGKAP,2026-07-19 16:28:00,'AD99242062,12,
2026-07-19 00:00:00,88812236151,2026-07-19 00:00:00,LENGKAP,2026-07-19 16:28:00,'AD99242065,15,
2026-07-19 00:00:00,99001248962,2026-07-19 00:00:00,LENGKAP,2026-07-19 16:28:00,'YS40164533,11,
2026-07-19 00:00:00,99001248962,2026-07-19 00:00:00,LENGKAP,2026-07-19 16:28:00,'YS40164537,1,
2026-07-19 00:00:00,99001248962,2026-07-19 00:00:00,LENGKAP,2026-07-19 16:28:00,'YT1267189,4,
2026-07-19 00:00:00,99001248962,2026-07-19 00:00:00,LENGKAP,2026-07-19 16:28:00,'YT1267190,3,
2026-07-19 00:00:00,ABU19072601,2026-07-19 00:00:00,LENGKAP,2026-07-19 11:12:00,'AD109070526,1,
2026-07-19 00:00:00,ABU19072601,2026-07-19 00:00:00,LENGKAP,2026-07-19 11:12:00,'AD109070527,1,
2026-07-19 00:00:00,ABU19072601,2026-07-19 00:00:00,LENGKAP,2026-07-19 11:12:00,'AD109070528,1,
2026-07-19 00:00:00,ABU19072601,2026-07-19 00:00:00,LENGKAP,2026-07-19 11:12:00,'AD109070529,1,
2026-07-19 00:00:00,ABU19072601,2026-07-19 00:00:00,LENGKAP,2026-07-19 11:12:00,'AD109070530,1,
2026-07-19 00:00:00,ABU19072601,2026-07-19 00:00:00,LENGKAP,2026-07-19 11:12:00,'AD109070531,1,
2026-07-19 00:00:00,ABU19072601,2026-07-19 00:00:00,LENGKAP,2026-07-19 11:12:00,'AD109070532,1,
2026-07-19 00:00:00,ABU19072601,2026-07-19 00:00:00,LENGKAP,2026-07-19 11:12:00,'AD109070533,1,
2026-07-19 00:00:00,ABU19072601,2026-07-19 00:00:00,LENGKAP,2026-07-19 11:12:00,'AD109070534,1,
2026-07-19 00:00:00,ABU19072601,2026-07-19 00:00:00,LENGKAP,2026-07-19 11:12:00,'AD109070535,1,
2026-07-19 00:00:00,ABU19072601,2026-07-19 00:00:00,LENGKAP,2026-07-19 11:12:00,'AD109070536,1,
2026-07-19 00:00:00,ABU19072601,2026-07-19 00:00:00,LENGKAP,2026-07-19 11:12:00,'AD109070537,1,
2026-07-19 00:00:00,ABU19072601,2026-07-19 00:00:00,LENGKAP,2026-07-19 11:12:00,'AD109070538,1,
2026-07-19 00:00:00,ABU19072601,2026-07-19 00:00:00,LENGKAP,2026-07-19 11:12:00,'AD109070539,1,
2026-07-19 00:00:00,ABU19072601,2026-07-19 00:00:00,LENGKAP,2026-07-19 11:12:00,'AD109070540,1,
2026-07-19 00:00:00,ABU19072601,2026-07-19 00:00:00,LENGKAP,2026-07-19 11:12:00,'AD109070541,1,
2026-07-19 00:00:00,ABU19072601,2026-07-19 00:00:00,LENGKAP,2026-07-19 11:12:00,'AD109070542,1,
2026-07-19 00:00:00,ABU19072601,2026-07-19 00:00:00,LENGKAP,2026-07-19 11:12:00,'AD109070546,1,
2026-07-19 00:00:00,ABU19072601,2026-07-19 00:00:00,LENGKAP,2026-07-19 11:12:00,'AD109070547,1,
2026-07-19 00:00:00,ABU19072601,2026-07-19 00:00:00,LENGKAP,2026-07-19 11:12:00,'AD109070548,1,
2026-07-19 00:00:00,ABU19072601,2026-07-19 00:00:00,LENGKAP,2026-07-19 11:12:00,'AD109070549,1,
2026-07-19 00:00:00,ABU19072601,2026-07-19 00:00:00,LENGKAP,2026-07-19 11:12:00,'TR51638767,1,
2026-07-19 00:00:00,ABU19072601,2026-07-19 00:00:00,LENGKAP,2026-07-19 11:12:00,'TR51638768,1,
2026-07-19 00:00:00,ABU19072602,2026-07-19 00:00:00,LENGKAP,2026-07-19 18:54:00,'360160006588726,1,
2026-07-19 00:00:00,ABU19072602,2026-07-19 00:00:00,LENGKAP,2026-07-19 18:54:00,'AD109070543,5,
2026-07-19 00:00:00,ABU19072602,2026-07-19 00:00:00,LENGKAP,2026-07-19 18:54:00,'AD109070545,1,
2026-07-19 00:00:00,ABU19072602,2026-07-19 00:00:00,LENGKAP,2026-07-19 18:54:00,'AD109070550,1,
2026-07-19 00:00:00,ABU19072603,2026-07-19 00:00:00,LENGKAP,2026-07-19 11:12:00,'AD109070544,1,
2026-07-19 00:00:00,JTRKOE6892733,2026-07-19 00:00:00,LENGKAP,2026-07-19 08:57:00,'AA64499624,25,
2026-07-19 00:00:00,JTRKOE6892733,2026-07-19 00:00:00,LENGKAP,2026-07-19 08:57:00,'AA64499625,1,
2026-07-19 00:00:00,JTRKOE6892733,2026-07-19 00:00:00,LENGKAP,2026-07-19 08:57:00,'AA64499628,23,
2026-07-19 00:00:00,JTRKOE6892733,2026-07-19 00:00:00,LENGKAP,2026-07-19 08:57:00,'AA64499688,13,
2026-07-19 00:00:00,JTRKOE6892733,2026-07-19 00:00:00,LENGKAP,2026-07-19 08:57:00,'TR81305097,21,
2026-07-19 00:00:00,JTRKOE8241186,2026-07-19 00:00:00,EX KOE TO ENE,,'KOEEC02426392626,1,ETA 20-07-2026 23:00
2026-07-19 00:00:00,JTRKOE8241187,2026-07-19 00:00:00,EX KOE TO MOF,2026-07-20 08:29:00,'360420001188826,1,ETA 20-07-2026 23:00
2026-07-19 00:00:00,JTRKOE8241187,2026-07-19 00:00:00,EX KOE TO MOF,2026-07-20 08:29:00,'TR81305454,3,ETA 20-07-2026 23:00
2026-07-19 00:00:00,JTRKOE8241188,2026-07-19 00:00:00,EX KOE TO LKA,2026-07-20 08:29:00,'TR81305455,3,ETA 20-07-2026 23:00
2026-07-19 00:00:00,JTRKOE8241190,2026-07-19 00:00:00,EX KOE TO ENE,2026-07-20 08:31:00,'360100034012826,1,ETA 20-07-2026 23:00
2026-07-19 00:00:00,JTRKOE8241190,2026-07-19 00:00:00,EX KOE TO ENE,2026-07-20 08:31:00,'360290018802526,1,ETA 20-07-2026 23:00
2026-07-19 00:00:00,JTRKOE8241190,2026-07-19 00:00:00,EX KOE TO ENE,2026-07-20 08:31:00,'8000109630957,1,ETA 20-07-2026 23:00
2026-07-19 00:00:00,JTRKOE8241190,2026-07-19 00:00:00,EX KOE TO ENE,2026-07-20 08:31:00,'KOEEC02425273726,1,ETA 20-07-2026 23:00
2026-07-19 00:00:00,JTRKOE8241190,2026-07-19 00:00:00,EX KOE TO ENE,2026-07-20 08:31:00,'KOEEC02425742326,1,ETA 20-07-2026 23:00
2026-07-19 00:00:00,JTRKOE8241190,2026-07-19 00:00:00,EX KOE TO ENE,2026-07-20 08:31:00,'KOEEC02425771726,1,ETA 20-07-2026 23:00
2026-07-19 00:00:00,JTRKOE8241190,2026-07-19 00:00:00,EX KOE TO ENE,2026-07-20 08:31:00,'TR81305456,3,ETA 20-07-2026 23:00
2026-07-19 00:00:00,JTRKOE8610006,2026-07-19 00:00:00,LENGKAP,2026-07-19 19:05:00,'AA72299507,2,
2026-07-19 00:00:00,JTRKOE8610006,2026-07-19 00:00:00,LENGKAP,2026-07-19 19:05:00,'AD104084003,1,
2026-07-19 00:00:00,JTRKOE8610006,2026-07-19 00:00:00,LENGKAP,2026-07-19 19:05:00,'AD104114005,6,
2026-07-19 00:00:00,JTRKOE8610006,2026-07-19 00:00:00,LENGKAP,2026-07-19 19:05:00,'AD104114436,2,
2026-07-19 00:00:00,JTRKOE8610006,2026-07-19 00:00:00,LENGKAP,2026-07-19 19:05:00,'AD104114437,6,
2026-07-19 00:00:00,JTRKOE8610006,2026-07-19 00:00:00,LENGKAP,2026-07-19 19:05:00,'AD104114439,7,
2026-07-19 00:00:00,JTRKOE8610006,2026-07-19 00:00:00,LENGKAP,2026-07-19 19:05:00,'AD104114440,4,
2026-07-19 00:00:00,JTRKOE8610006,2026-07-19 00:00:00,LENGKAP,2026-07-19 19:05:00,'AD104114465,7,
2026-07-19 00:00:00,JTRKOE8610006,2026-07-19 00:00:00,LENGKAP,2026-07-19 19:05:00,'AD106445694,1,
2026-07-19 00:00:00,JTRKOE8610006,2026-07-19 00:00:00,LENGKAP,2026-07-19 19:05:00,'AD106601491,1,
2026-07-19 00:00:00,JTRKOE8610006,2026-07-19 00:00:00,LENGKAP,2026-07-19 19:05:00,'AD106606481,1,
2026-07-19 00:00:00,JTRKOE8610008,2026-07-19 00:00:00,KOE_WGP L-JRM100,2026-07-19 19:11:00,'AD104114055,7,ETA 20-07-2026 19:00
2026-07-19 00:00:00,JTRKOE8610008,2026-07-19 00:00:00,KOE_WGP L-JRM100,2026-07-19 19:11:00,'AD104114452,4,ETA 20-07-2026 19:00
2026-07-19 00:00:00,JTRKOE8610008,2026-07-19 00:00:00,KOE_WGP L-JRM100,2026-07-19 19:11:00,'AD104114453,6,ETA 20-07-2026 19:00
2026-07-19 00:00:00,JTRKOE8610008,2026-07-19 00:00:00,KOE_WGP L-JRM100,2026-07-19 19:11:00,'AD104114457,9,ETA 20-07-2026 19:00
2026-07-19 00:00:00,JTRKOE8610008,2026-07-19 00:00:00,KOE_WGP L-JRM100,2026-07-19 19:11:00,'AD104114461,7,ETA 20-07-2026 19:00
2026-07-19 00:00:00,JTRKOE8610008,2026-07-19 00:00:00,KOE_WGP L-JRM100,2026-07-19 19:11:00,'AD104114463,7,ETA 20-07-2026 19:00
2026-07-19 00:00:00,JTRKOE8610008,2026-07-19 00:00:00,KOE_WGP L-JRM100,2026-07-19 19:11:00,'JT75743617222,1,ETA 20-07-2026 19:00
2026-07-19 00:00:00,JTRKOE8610010,2026-07-19 00:00:00,KOE_WKB L-JRM100,2026-07-19 19:11:00,'AD104114053,15,ETA 20-07-2026 19:00
2026-07-19 00:00:00,JTRKOE8610010,2026-07-19 00:00:00,KOE_WKB L-JRM100,2026-07-19 19:11:00,'AD104114455,3,ETA 20-07-2026 19:00
2026-07-19 00:00:00,JTRKOE8610010,2026-07-19 00:00:00,KOE_WKB L-JRM100,2026-07-19 19:11:00,'AD104114458,5,ETA 20-07-2026 19:00
2026-07-19 00:00:00,JTRKOE8610010,2026-07-19 00:00:00,KOE_WKB L-JRM100,2026-07-19 19:11:00,'AD104114459,3,ETA 20-07-2026 19:00
2026-07-19 00:00:00,JTRKOE8610010,2026-07-19 00:00:00,KOE_WKB L-JRM100,2026-07-19 19:11:00,'AD104114460,8,ETA 20-07-2026 19:00
2026-07-19 00:00:00,JTRKOE8610010,2026-07-19 00:00:00,KOE_WKB L-JRM100,2026-07-19 19:11:00,'AD104114462,6,ETA 20-07-2026 19:00
2026-07-19 00:00:00,JTRKOE8610011,2026-07-19 00:00:00,KOE_WKB L-JRM100,2026-07-19 19:12:00,'068300002443126,1,ETA 20-07-2026 19:00
2026-07-19 00:00:00,JTRKOE8610011,2026-07-19 00:00:00,KOE_WKB L-JRM100,2026-07-19 19:12:00,'AD104114056,2,ETA 20-07-2026 19:00
2026-07-19 00:00:00,JTRKOE8610011,2026-07-19 00:00:00,KOE_WKB L-JRM100,2026-07-19 19:12:00,'AD104114454,3,ETA 20-07-2026 19:00
2026-07-19 00:00:00,JTRKOE8610011,2026-07-19 00:00:00,KOE_WKB L-JRM100,2026-07-19 19:12:00,'AD104114456,4,ETA 20-07-2026 19:00
2026-07-19 00:00:00,JTRKOE8610011,2026-07-19 00:00:00,KOE_WKB L-JRM100,2026-07-19 19:12:00,'AD104114464,5,ETA 20-07-2026 19:00
2026-07-19 00:00:00,JTRKOE8610011,2026-07-19 00:00:00,KOE_WKB L-JRM100,2026-07-19 19:12:00,'JT08305861522,1,ETA 20-07-2026 19:00
2026-07-19 00:00:00,KEF1907261,2026-07-19 00:00:00,LENGKAP,,'AA63898656,1,
2026-07-19 00:00:00,KEF1907261,2026-07-19 00:00:00,LENGKAP,,'AA63898657,1,
2026-07-19 00:00:00,KEF1907261,2026-07-19 00:00:00,LENGKAP,,'AA63898658,1,
2026-07-19 00:00:00,KEF1907261,2026-07-19 00:00:00,LENGKAP,,'AA63898659,1,
2026-07-19 00:00:00,KEF1907261,2026-07-19 00:00:00,LENGKAP,,'AA63898660,1,
2026-07-19 00:00:00,KEF1907261,2026-07-19 00:00:00,LENGKAP,,'AA63898661,1,
2026-07-19 00:00:00,KEF1907261,2026-07-19 00:00:00,LENGKAP,,'AA63898662,1,
2026-07-19 00:00:00,KEF1907261,2026-07-19 00:00:00,LENGKAP,,'AA63898663,1,
2026-07-19 00:00:00,KEF1907262,2026-07-19 00:00:00,LENGKAP,2026-07-19 18:50:00,'AD106585352,1,
2026-07-19 00:00:00,KEF1907263,2026-07-19 00:00:00,LENGKAP,,'AD106585353,1,
2026-07-19 00:00:00,KOE2007202610,2026-07-19 00:00:00,LENGKAP,2026-07-19 21:12:00,'AA64489763,11,
2026-07-19 00:00:00,KOE2007202610,2026-07-19 00:00:00,LENGKAP,2026-07-19 21:12:00,'KOEEC02426761626,1,
2026-07-19 00:00:00,KOE2007202610,2026-07-19 00:00:00,LENGKAP,2026-07-19 21:12:00,'KOEEC02426791026,1,
2026-07-19 00:00:00,KOE2007202610,2026-07-19 00:00:00,LENGKAP,2026-07-19 21:12:00,'KOEEC02426802426,1,
2026-07-19 00:00:00,KOE2007202610,2026-07-19 00:00:00,LENGKAP,2026-07-19 21:12:00,'KOEEC02426861226,1,
2026-07-19 00:00:00,KOE2007202610,2026-07-19 00:00:00,LENGKAP,2026-07-19 21:12:00,'KOEEC02427015126,1,
2026-07-19 00:00:00,KOE2007202611,2026-07-19 00:00:00,LENGKAP,2026-07-19 21:13:00,'AA64489767,12,
2026-07-19 00:00:00,KOE2007202612,2026-07-19 00:00:00,LENGKAP,2026-07-19 21:13:00,'AA64489775,10,
2026-07-19 00:00:00,KOE163451,2026-07-19 00:00:00,LENGKAP,2026-07-19 21:10:00,'360100034187726,1,
2026-07-19 00:00:00,KOE163451,2026-07-19 00:00:00,LENGKAP,2026-07-19 21:10:00,'360100034189526,1,
2026-07-19 00:00:00,KOE2007202612,2026-07-19 00:00:00,LENGKAP,2026-07-19 21:13:00,'AD106506933,1,
2026-07-19 00:00:00,KOE2007202612,2026-07-19 00:00:00,LENGKAP,2026-07-19 21:13:00,'KOEEC02426771426,1,
2026-07-19 00:00:00,KOE2007202612,2026-07-19 00:00:00,LENGKAP,2026-07-19 21:13:00,'KOEEC02426781226,1,
2026-07-19 00:00:00,KOE2007202612,2026-07-19 00:00:00,LENGKAP,2026-07-19 21:13:00,'KOEEC02426831826,1,
2026-07-19 00:00:00,KOE2007202612,2026-07-19 00:00:00,LENGKAP,2026-07-19 21:13:00,'KOEEC02426871026,1,
2026-07-19 00:00:00,KOE2007202612,2026-07-19 00:00:00,LENGKAP,2026-07-19 21:13:00,'KOEEC02426880826,1,
2026-07-19 00:00:00,KOE2007202612,2026-07-19 00:00:00,LENGKAP,2026-07-19 21:13:00,'KOEEC02426890626,1,
2026-07-19 00:00:00,KOE2007202614,2026-07-19 00:00:00,LENGKAP,2026-07-19 21:13:00,'AA64489771,7,
2026-07-19 00:00:00,KOE2007202614,2026-07-19 00:00:00,LENGKAP,2026-07-19 21:13:00,'KOEEC02426812226,1,
2026-07-19 00:00:00,KOE2007202614,2026-07-19 00:00:00,LENGKAP,2026-07-19 21:13:00,'KOEEC02426822026,1,
2026-07-19 00:00:00,KOE2007202614,2026-07-19 00:00:00,LENGKAP,2026-07-19 21:13:00,'KOEEC02426841626,1,
2026-07-19 00:00:00,KOE2007202614,2026-07-19 00:00:00,LENGKAP,2026-07-19 21:13:00,'KOEEC02426851426,1,
2026-07-19 00:00:00,KOE2007202614,2026-07-19 00:00:00,LENGKAP,2026-07-19 21:13:00,'KOEEC02426902026,1,
2026-07-19 00:00:00,KOE2007202614,2026-07-19 00:00:00,LENGKAP,2026-07-19 21:13:00,'KOEEC02426911826,1,
2026-07-19 00:00:00,KOE2007202614,2026-07-19 00:00:00,LENGKAP,2026-07-19 21:13:00,'KOEEC02426921626,1,
2026-07-19 00:00:00,KOE2007202614,2026-07-19 00:00:00,LENGKAP,2026-07-19 21:13:00,'KOEEC02427024926,1,
2026-07-19 00:00:00,KOE2007202615,2026-07-19 00:00:00,LENGKAP,2026-07-19 21:13:00,'AA64489823,6,
2026-07-19 00:00:00,KOE2007202615,2026-07-19 00:00:00,LENGKAP,2026-07-19 21:13:00,'AD106585351,1,
2026-07-19 00:00:00,MLA8218679,2026-07-19 00:00:00,LENGKAP,2026-07-19 11:06:00,'AA72283825,1,
2026-07-19 00:00:00,MLA8218679,2026-07-19 00:00:00,LENGKAP,2026-07-19 11:06:00,'AA72283826,1,
2026-07-19 00:00:00,MLA8218679,2026-07-19 00:00:00,LENGKAP,2026-07-19 11:06:00,'AA72283827,1,
2026-07-19 00:00:00,MLA8218679,2026-07-19 00:00:00,LENGKAP,2026-07-19 11:06:00,'AA72283828,1,
2026-07-19 00:00:00,MLA8218679,2026-07-19 00:00:00,LENGKAP,2026-07-19 11:06:00,'AA72283829,1,
2026-07-19 00:00:00,MLA8218679,2026-07-19 00:00:00,LENGKAP,2026-07-19 11:06:00,'AA72283830,1,
2026-07-19 00:00:00,MLA8218679,2026-07-19 00:00:00,LENGKAP,2026-07-19 11:06:00,'AA72283831,1,
2026-07-19 00:00:00,MLA8218679,2026-07-19 00:00:00,LENGKAP,2026-07-19 11:06:00,'AA72283832,1,
2026-07-19 00:00:00,MLA8218680,2026-07-19 00:00:00,LENGKAP,2026-07-19 11:07:00,'AD106441323,1,
2026-07-19 00:00:00,MLA8218680,2026-07-19 00:00:00,LENGKAP,2026-07-19 11:07:00,'AD106441324,1,
2026-07-19 00:00:00,MLA8218681,2026-07-19 00:00:00,LENGKAP,2026-07-19 11:07:00,'AD106441325,3,
2026-07-19 00:00:00,TMC8612355,2026-07-19 00:00:00,LENGKAP,2026-07-19 16:37:00,'AA69424822,9,
2026-07-19 00:00:00,ABU19072604,2026-07-20 00:00:00,LENGKAP,,'AD109070551,1,
2026-07-19 00:00:00,JTRKOE8241189,2026-07-20 00:00:00,JTR RX KOE TO WGP,2026-07-20 08:26:00,'360240018372626,1,"ASDP OFF, CUACA BURUK, STANDBY ETD 23 JULI"
2026-07-19 00:00:00,JTRKOE8241189,2026-07-20 00:00:00,JTR RX KOE TO WGP,2026-07-20 08:26:00,'KOEEC02425334126,1,"ASDP OFF, CUACA BURUK, STANDBY ETD 23 JULI"
2026-07-19 00:00:00,JTRKOE8241189,2026-07-20 00:00:00,JTR RX KOE TO WGP,2026-07-20 08:26:00,'TR00041218,1,"ASDP OFF, CUACA BURUK, STANDBY ETD 23 JULI"
2026-07-19 00:00:00,JTRKOE8241189,2026-07-20 00:00:00,JTR RX KOE TO WGP,2026-07-20 08:26:00,'TR81305093,3,"ASDP OFF, CUACA BURUK, STANDBY ETD 23 JULI"
2026-07-19 00:00:00,JTRKOE8241189,2026-07-20 00:00:00,JTR RX KOE TO WGP,2026-07-20 08:26:00,'TR81305095,1,"ASDP OFF, CUACA BURUK, STANDBY ETD 23 JULI"
2026-07-19 00:00:00,KEF1907264,2026-07-20 00:00:00,LENGKAP,,'AD106585354,1,
2026-07-19 00:00:00,TMC8612354,2026-07-19 00:00:00,LENGKAP,2026-07-20 05:13:00,'AA64499644,5,
2026-07-19 00:00:00,TMC8612354,2026-07-19 00:00:00,LENGKAP,2026-07-20 05:13:00,'AD106580944,2,
2026-07-19 00:00:00,KEF1907265,2026-07-20 00:00:00,LENGKAP,,' AD106585355,1,
2026-07-19 00:00:00,WBK6113163,2026-07-19 00:00:00,LENGKAP,2026-07-20 08:31:00,'AD106339587,1,
2026-07-19 00:00:00,WBK6113163,2026-07-19 00:00:00,LENGKAP,2026-07-20 08:31:00,'AD106339588,1,
2026-07-19 00:00:00,WGP8218399,2026-07-20 00:00:00,LENGKAP,2026-07-20 08:58:00,'2600105848902M01,1,
2026-07-19 00:00:00,WGP8218399,2026-07-20 00:00:00,LENGKAP,2026-07-20 08:58:00,'2600105848902M02,1,
2026-07-19 00:00:00,WGP8218399,2026-07-20 00:00:00,LENGKAP,2026-07-20 08:58:00,'AA64499947,18,
2026-07-19 00:00:00,WGP8218399,2026-07-20 00:00:00,LENGKAP,2026-07-20 08:58:00,'AA64499962,9,
2026-07-19 00:00:00,WGP8218399,2026-07-20 00:00:00,LENGKAP,2026-07-20 08:58:00,'AA64499991,10,
2026-07-19 00:00:00,WGP8218399,2026-07-20 00:00:00,LENGKAP,2026-07-20 08:58:00,'KOEEC02420663826,1,
2026-07-19 00:00:00,WGP8218400,2026-07-20 00:00:00,LENGKAP,2026-07-19 19:37:00,'2600105680002M01,1,
2026-07-19 00:00:00,WGP8218400,2026-07-20 00:00:00,LENGKAP,2026-07-19 19:37:00,'2600105680002M02,1,
2026-07-19 00:00:00,WGP8218400,2026-07-20 00:00:00,LENGKAP,2026-07-19 19:37:00,'360240017739626,1,
2026-07-19 00:00:00,WGP8218400,2026-07-20 00:00:00,LENGKAP,2026-07-19 19:37:00,'360240017804626,1,
2026-07-19 00:00:00,WGP8218400,2026-07-20 00:00:00,LENGKAP,2026-07-19 19:37:00,'AA64499948,26,
2026-07-19 00:00:00,WGP8218400,2026-07-20 00:00:00,LENGKAP,2026-07-19 19:37:00,'AA64499954,1,
2026-07-19 00:00:00,WGP8218400,2026-07-20 00:00:00,LENGKAP,2026-07-19 19:37:00,'AA64499959,19,
2026-07-19 00:00:00,WGP8218400,2026-07-20 00:00:00,LENGKAP,2026-07-19 19:37:00,'AA64499992,24,
2026-07-19 00:00:00,WGP8218400,2026-07-20 00:00:00,LENGKAP,2026-07-19 19:37:00,'AA72279358,7,
2026-07-19 00:00:00,WGP8218400,2026-07-20 00:00:00,LENGKAP,2026-07-19 19:37:00,'KOEEC02420693226,1,
2026-07-19 00:00:00,WGP8242351,2026-07-20 00:00:00,LENGKAP,2026-07-19 19:38:00,'360100020138626,1,
2026-07-19 00:00:00,WGP8242351,2026-07-20 00:00:00,LENGKAP,2026-07-19 19:38:00,'AA64499942,20,
2026-07-19 00:00:00,WGP8242351,2026-07-20 00:00:00,LENGKAP,2026-07-19 19:38:00,'AA64499943,15,
2026-07-19 00:00:00,WGP8242351,2026-07-20 00:00:00,LENGKAP,2026-07-19 19:38:00,'AA64499960,21,
2026-07-19 00:00:00,WGP8242351,2026-07-20 00:00:00,LENGKAP,2026-07-19 19:38:00,'AA64499983,1,
2026-07-19 00:00:00,WGP8242351,2026-07-20 00:00:00,LENGKAP,2026-07-19 19:38:00,'AA64499989,15,
2026-07-19 00:00:00,WGP8242351,2026-07-20 00:00:00,LENGKAP,2026-07-19 19:38:00,'AA64597727,15,
2026-07-19 00:00:00,WGP8242351,2026-07-20 00:00:00,LENGKAP,2026-07-19 19:38:00,'AA72279357,6,
2026-07-19 00:00:00,WGP8242351,2026-07-20 00:00:00,LENGKAP,2026-07-19 19:38:00,'KOEEC02420644226,1,
2026-07-19 00:00:00,WGP8242351,2026-07-20 00:00:00,LENGKAP,2026-07-19 19:38:00,'KOEEC02420714426,1,
2026-07-20 00:00:00,2747732885KOE,2026-07-20 00:00:00,LENGKAP,2026-07-20 22:30:00,'AA74700106,16,
2026-07-20 00:00:00,2747732885KOE,2026-07-20 00:00:00,LENGKAP,2026-07-20 22:30:00,'AA74700107,21,
2026-07-20 00:00:00,2747732885KOE,2026-07-20 00:00:00,LENGKAP,2026-07-20 22:30:00,'AD106608334,1,
2026-07-20 00:00:00,2747732910TMC,2026-07-20 00:00:00,LENGKAP,2026-07-20 13:58:00,'AA64489780,5,
2026-07-20 00:00:00,2747732910TMC,2026-07-20 00:00:00,LENGKAP,2026-07-20 13:58:00,'AA64499620,12,
2026-07-20 00:00:00,2747732910TMC,2026-07-20 00:00:00,LENGKAP,2026-07-20 13:58:00,'AA64499626,20,
2026-07-20 00:00:00,2747732910TMC,2026-07-20 00:00:00,LENGKAP,2026-07-20 13:58:00,'AA64499639,3,
2026-07-20 00:00:00,51300141282LBJ,2026-07-20 00:00:00,LENGKAP,2026-07-20 08:26:00,'AA64489820,7,
2026-07-20 00:00:00,51300141481ENE,2026-07-20 00:00:00,LENGKAP,2026-07-20 08:27:00,'AA64489785,12,
2026-07-20 00:00:00,51300141481ENE,2026-07-20 00:00:00,LENGKAP,2026-07-20 08:27:00,'AA64489810,14,
2026-07-20 00:00:00,51300141481ENE,2026-07-20 00:00:00,LENGKAP,2026-07-20 08:27:00,'AA64489828,16,
2026-07-20 00:00:00,51300141606RTI,2026-07-20 00:00:00,LENGKAP,2026-07-21 07:32:00,'AA64499990,9,
2026-07-20 00:00:00,51300141606RTI,2026-07-20 00:00:00,LENGKAP,2026-07-21 07:32:00,'AA64499998,20,
2026-07-20 00:00:00,51300141606RTI,2026-07-20 00:00:00,LENGKAP,2026-07-21 07:32:00,'AA64500000,18,
2026-07-20 00:00:00,51300141606RTI,2026-07-20 00:00:00,LENGKAP,2026-07-21 07:32:00,'AA64597728,30,
2026-07-20 00:00:00,88812247572,2026-07-20 00:00:00,LENGKAP,2017-02-14 23:44:00,'AA64489756,1,
2026-07-20 00:00:00,88812247384,2026-07-20 00:00:00,LENGKAP,2026-07-20 17:41:00,'AA64489760,1,
2026-07-20 00:00:00,88812247384,2026-07-20 00:00:00,LENGKAP,2026-07-20 17:41:00,'AA64489866,6,
2026-07-20 00:00:00,88812247406,2026-07-20 00:00:00,LENGKAP,2026-07-21 11:23:00,'360140011138726,1,
2026-07-20 00:00:00,88812247406,2026-07-20 00:00:00,LENGKAP,2026-07-21 11:23:00,'AA64489758,4,
2026-07-20 00:00:00,88812247406,2026-07-20 00:00:00,LENGKAP,2026-07-21 11:23:00,'AA64489891,6,
2026-07-20 00:00:00,88812247406,2026-07-20 00:00:00,LENGKAP,2026-07-21 11:23:00,'AA64490753,4,
2026-07-20 00:00:00,88812247406,2026-07-20 00:00:00,LENGKAP,2026-07-21 11:23:00,'AD99242067,1,
2026-07-20 00:00:00,88812247406,2026-07-20 00:00:00,LENGKAP,2026-07-21 11:23:00,'KOEEC02426035026,1,
2026-07-20 00:00:00,88812247572,2026-07-20 00:00:00,LENGKAP,2017-02-14 23:44:00,'AA64489757,24,
2026-07-20 00:00:00,88812247572,2026-07-20 00:00:00,LENGKAP,2017-02-14 23:44:00,'AA64489865,36,
2026-07-20 00:00:00,88812247572,2026-07-20 00:00:00,LENGKAP,2017-02-14 23:44:00,'AA64489867,2,
2026-07-20 00:00:00,88812247572,2026-07-20 00:00:00,LENGKAP,2017-02-14 23:44:00,'YS15281325,2,
2026-07-20 00:00:00,88812247572,2026-07-20 00:00:00,LENGKAP,2017-02-14 23:44:00,'YS15281326,11,
2026-07-20 00:00:00,88812247572,2026-07-20 00:00:00,LENGKAP,2017-02-14 23:44:00,'YS15281327,1,
2026-07-20 00:00:00,88812247572,2026-07-20 00:00:00,LENGKAP,2017-02-14 23:44:00,'YT1820045,3,
2026-07-20 00:00:00,88812247572,2026-07-20 00:00:00,LENGKAP,2017-02-14 23:44:00,'YT1820046,3,
2026-07-20 00:00:00,ABU562564,2026-07-20 00:00:00,LENGKAP,2026-07-20 21:38:00,'AD109070562,2,
2026-07-20 00:00:00,88812247631,2026-07-20 00:00:00,LENGKAP,2026-07-20 16:19:00,'AA64489759,30,
2026-07-20 00:00:00,88812247631,2026-07-20 00:00:00,LENGKAP,2026-07-20 16:19:00,'AA64489861,4,
2026-07-20 00:00:00,88812247631,2026-07-20 00:00:00,LENGKAP,2026-07-20 16:19:00,'AA64489862,3,
2026-07-20 00:00:00,88812247686,2026-07-20 00:00:00,LENGKAP,2026-07-21 00:07:00,'AA64489755,4,
2026-07-20 00:00:00,88812247686,2026-07-20 00:00:00,LENGKAP,2026-07-21 00:07:00,'AD102696567,9,
2026-07-20 00:00:00,88812252811,2026-07-20 00:00:00,LENGKAP,2026-07-20 17:41:00,'AA64489754,4,
2026-07-20 00:00:00,88812252811,2026-07-20 00:00:00,LENGKAP,2026-07-20 17:41:00,'YS15281323,1,
2026-07-20 00:00:00,99001264572,2026-07-20 00:00:00,LENGKAP,2026-07-20 13:58:00,'YS15281328,7,
2026-07-20 00:00:00,ABU552563,2026-07-20 00:00:00,LENGKAP,2026-07-20 22:44:00,'AD109070552,1,
2026-07-20 00:00:00,ABU552563,2026-07-20 00:00:00,LENGKAP,2026-07-20 22:44:00,'AD109070553,1,
2026-07-20 00:00:00,ABU552563,2026-07-20 00:00:00,LENGKAP,2026-07-20 22:44:00,'AD109070554,1,
2026-07-20 00:00:00,ABU552563,2026-07-20 00:00:00,LENGKAP,2026-07-20 22:44:00,'AD109070555,1,
2026-07-20 00:00:00,ABU552563,2026-07-20 00:00:00,LENGKAP,2026-07-20 22:44:00,'AD109070556,1,
2026-07-20 00:00:00,ABU552563,2026-07-20 00:00:00,LENGKAP,2026-07-20 22:44:00,'AD109070557,1,
2026-07-20 00:00:00,ABU552563,2026-07-20 00:00:00,LENGKAP,2026-07-20 22:44:00,'AD109070558,1,
2026-07-20 00:00:00,ABU552563,2026-07-20 00:00:00,LENGKAP,2026-07-20 22:44:00,'AD109070559,1,
2026-07-20 00:00:00,ABU552563,2026-07-20 00:00:00,LENGKAP,2026-07-20 22:44:00,'AD109070560,1,
2026-07-20 00:00:00,ABU552563,2026-07-20 00:00:00,LENGKAP,2026-07-20 22:44:00,'AD109070561,1,
2026-07-20 00:00:00,ABU552563,2026-07-20 00:00:00,LENGKAP,2026-07-20 22:44:00,'AD109070563,1,
2026-07-20 00:00:00,ABU552563,2026-07-20 00:00:00,LENGKAP,2026-07-20 22:44:00,'TR51638770,1,
2026-07-20 00:00:00,ABU562564,2026-07-20 00:00:00,LENGKAP,2026-07-20 21:38:00,'AD109070564,3,
2026-07-20 00:00:00,ABU565599,2026-07-20 00:00:00,LENGKAP,,'AD109070565,1,
2026-07-20 00:00:00,ABU565599,2026-07-20 00:00:00,LENGKAP,,'AD109070566,1,
2026-07-20 00:00:00,ABU565599,2026-07-20 00:00:00,LENGKAP,,'AD109070567,1,
2026-07-20 00:00:00,ABU565599,2026-07-20 00:00:00,LENGKAP,,'AD109070568,1,
2026-07-20 00:00:00,ABU565599,2026-07-20 00:00:00,LENGKAP,,'AD109070569,1,
2026-07-20 00:00:00,ABU565599,2026-07-20 00:00:00,LENGKAP,,'AD109070570,1,
2026-07-20 00:00:00,ABU565599,2026-07-20 00:00:00,LENGKAP,,'AD109070571,1,
2026-07-20 00:00:00,ABU565599,2026-07-20 00:00:00,LENGKAP,,'AD109070572,1,
2026-07-20 00:00:00,ABU565599,2026-07-20 00:00:00,LENGKAP,,'AD109070573,1,
2026-07-20 00:00:00,ABU565599,2026-07-20 00:00:00,LENGKAP,,'AD109070574,1,
2026-07-20 00:00:00,ABU565599,2026-07-20 00:00:00,LENGKAP,,'AD109070575,1,
2026-07-20 00:00:00,ABU565599,2026-07-20 00:00:00,LENGKAP,,'AD109070576,1,
2026-07-20 00:00:00,ABU565599,2026-07-20 00:00:00,LENGKAP,,'AD109070577,1,
2026-07-20 00:00:00,ABU565599,2026-07-20 00:00:00,LENGKAP,,'AD109070578,1,
2026-07-20 00:00:00,ABU565599,2026-07-20 00:00:00,LENGKAP,,'AD109070579,1,
2026-07-20 00:00:00,ABU565599,2026-07-20 00:00:00,LENGKAP,,'AD109070580,1,
2026-07-20 00:00:00,ABU565599,2026-07-20 00:00:00,LENGKAP,,'AD109070581,1,
2026-07-20 00:00:00,ABU565599,2026-07-20 00:00:00,LENGKAP,,'AD109070582,1,
2026-07-20 00:00:00,ABU565599,2026-07-20 00:00:00,LENGKAP,,'AD109070583,1,
2026-07-20 00:00:00,ABU565599,2026-07-20 00:00:00,LENGKAP,,'AD109070584,1,
2026-07-20 00:00:00,ABU565599,2026-07-20 00:00:00,LENGKAP,,'AD109070585,1,
2026-07-20 00:00:00,ABU565599,2026-07-20 00:00:00,LENGKAP,,'AD109070586,1,
2026-07-20 00:00:00,ABU565599,2026-07-20 00:00:00,LENGKAP,,'AD109070587,1,
2026-07-20 00:00:00,ABU565599,2026-07-20 00:00:00,LENGKAP,,'AD109070588,1,
2026-07-20 00:00:00,ABU565599,2026-07-20 00:00:00,LENGKAP,,'AD109070589,1,
2026-07-20 00:00:00,ABU565599,2026-07-20 00:00:00,LENGKAP,,'AD109070590,1,
2026-07-20 00:00:00,ABU565599,2026-07-20 00:00:00,LENGKAP,,'AD109070591,1,
2026-07-20 00:00:00,ABU565599,2026-07-20 00:00:00,LENGKAP,,'AD109070592,1,
2026-07-20 00:00:00,ABU565599,2026-07-20 00:00:00,LENGKAP,,'AD109070593,1,
2026-07-20 00:00:00,ABU565599,2026-07-20 00:00:00,LENGKAP,,'AD109070594,1,
2026-07-20 00:00:00,ABU565599,2026-07-20 00:00:00,LENGKAP,,'AD109070595,1,
2026-07-20 00:00:00,ABU565599,2026-07-20 00:00:00,LENGKAP,,'AD109070596,1,
2026-07-20 00:00:00,ABU565599,2026-07-20 00:00:00,LENGKAP,,'AD109070597,1,
2026-07-20 00:00:00,ABU565599,2026-07-20 00:00:00,LENGKAP,,'AD109070598,1,
2026-07-20 00:00:00,ABU565599,2026-07-20 00:00:00,LENGKAP,,'AD109070599,1,
2026-07-20 00:00:00,ABU565599,2026-07-20 00:00:00,LENGKAP,,'TR51638771,1,
2026-07-20 00:00:00,ABU600603,2026-07-20 00:00:00,LENGKAP,2026-07-21 10:39:00,'AD109070600,5,
2026-07-20 00:00:00,ABU600603,2026-07-20 00:00:00,LENGKAP,2026-07-21 10:39:00,'AD109070603,1,
2026-07-20 00:00:00,ABU60160111,2026-07-20 00:00:00,LENGKAP,2026-07-21 08:30:00,'AD109070601,10,
2026-07-20 00:00:00,JTRKOE6892734,2026-07-20 00:00:00,LENGKAP,2026-07-21 07:43:00,'AA64489818,17,
2026-07-20 00:00:00,JTRKOE6892734,2026-07-20 00:00:00,LENGKAP,2026-07-21 07:43:00,'AA64499619,10,
2026-07-20 00:00:00,JTRKOE6892734,2026-07-20 00:00:00,LENGKAP,2026-07-21 07:43:00,'AA64499629,13,
2026-07-20 00:00:00,JTRKOE6892734,2026-07-20 00:00:00,LENGKAP,2026-07-21 07:43:00,'AA64499630,1,
2026-07-20 00:00:00,JTRKOE6892734,2026-07-20 00:00:00,LENGKAP,2026-07-21 07:43:00,'AA64499637,24,
2026-07-20 00:00:00,JTRKOE6892734,2026-07-20 00:00:00,LENGKAP,2026-07-21 07:43:00,'AA64499949,39,
2026-07-20 00:00:00,JTRKOE6892734,2026-07-20 00:00:00,LENGKAP,2026-07-21 07:43:00,'AA64499966,20,
2026-07-20 00:00:00,JTRKOE6892734,2026-07-20 00:00:00,LENGKAP,2026-07-21 07:43:00,'AA64499967,24,
2026-07-20 00:00:00,JTRKOE6892734,2026-07-20 00:00:00,LENGKAP,2026-07-21 07:43:00,'AA64499974,25,
2026-07-20 00:00:00,JTRKOE6892734,2026-07-20 00:00:00,LENGKAP,2026-07-21 07:43:00,'AA64499985,25,
2026-07-20 00:00:00,JTRKOE6892734,2026-07-20 00:00:00,LENGKAP,2026-07-21 07:43:00,'KOEEC02419213926,1,
2026-07-20 00:00:00,JTRKOE6892734,2026-07-20 00:00:00,LENGKAP,2026-07-21 07:43:00,'KOEEC02420814026,1,
2026-07-20 00:00:00,JTRKOE6892734,2026-07-20 00:00:00,LENGKAP,2026-07-21 07:43:00,'TR81305089,3,
2026-07-20 00:00:00,JTRKOE6892734,2026-07-20 00:00:00,LENGKAP,2026-07-21 07:43:00,'TR81305091,4,
2026-07-20 00:00:00,JTRKOE6892734,2026-07-20 00:00:00,LENGKAP,2026-07-21 07:43:00,'TR81305092,4,
2026-07-20 00:00:00,JTRKOE6892734,2026-07-20 00:00:00,LENGKAP,2026-07-21 07:43:00,'TR81305094,2,
2026-07-20 00:00:00,JTRKOE6892734,2026-07-20 00:00:00,LENGKAP,2026-07-21 07:43:00,'TR81305098,2,
2026-07-20 00:00:00,JTRKOE6892736,2026-07-20 00:00:00,EX KOE TO RTI,2026-07-20 08:24:00,'AA64489814,16,"BAHARI OFF, CUACA BURUK, STANDBY ETD 21 JULI//DIALIHKAN VIA TRUCK VANG"
2026-07-20 00:00:00,JTRKOE8241193,2026-07-20 00:00:00,"CANCEL FORCE MAJUERE , CAUCA BURUK , MENUNGGU JADWAL BERIKUTNYA",2026-07-20 23:21:00,'AA64499617,9,UN CONFIRM - FU TEAM SABU
2026-07-20 00:00:00,JTRKOE8241193,2026-07-20 00:00:00,"CANCEL FORCE MAJUERE , CAUCA BURUK , MENUNGGU JADWAL BERIKUTNYA",2026-07-20 23:21:00,'AA64499636,26,UN CONFIRM - FU TEAM SABU
2026-07-20 00:00:00,JTRKOE8241193,2026-07-20 00:00:00,"CANCEL FORCE MAJUERE , CAUCA BURUK , MENUNGGU JADWAL BERIKUTNYA",2026-07-20 23:21:00,'AA64499651,25,UN CONFIRM - FU TEAM SABU
2026-07-20 00:00:00,KAI8219747,2026-07-20 00:00:00,LENGKAP,2026-07-20 17:34:00,'AA56461969,1,
2026-07-20 00:00:00,KAI8219747,2026-07-20 00:00:00,LENGKAP,2026-07-20 17:34:00,'AA56461970,1,
2026-07-20 00:00:00,KAI8219747,2026-07-20 00:00:00,LENGKAP,2026-07-20 17:34:00,'AD99176362,1,
2026-07-20 00:00:00,KAI8219747,2026-07-20 00:00:00,LENGKAP,2026-07-20 17:34:00,'AD99176363,1,
2026-07-20 00:00:00,KAI8219747,2026-07-20 00:00:00,LENGKAP,2026-07-20 17:34:00,'AD99176364,1,
2026-07-20 00:00:00,KAI8219747,2026-07-20 00:00:00,LENGKAP,2026-07-20 17:34:00,'AD99176365,1,
2026-07-20 00:00:00,KAI8219747,2026-07-20 00:00:00,LENGKAP,2026-07-20 17:34:00,'AD99176366,1,
2026-07-20 00:00:00,KAI8219747,2026-07-20 00:00:00,LENGKAP,2026-07-20 17:34:00,'AD99176367,1,
2026-07-20 00:00:00,KAI8219747,2026-07-20 00:00:00,LENGKAP,2026-07-20 17:34:00,'AD99176368,1,
2026-07-20 00:00:00,KAI8219747,2026-07-20 00:00:00,LENGKAP,2026-07-20 17:34:00,'AD99176369,1,
2026-07-20 00:00:00,KAI8219747,2026-07-20 00:00:00,LENGKAP,2026-07-20 17:34:00,'AD99176370,1,
2026-07-20 00:00:00,KAI8219747,2026-07-20 00:00:00,LENGKAP,2026-07-20 17:34:00,'AD99176371,1,
2026-07-20 00:00:00,KAI8219747,2026-07-20 00:00:00,LENGKAP,2026-07-20 17:34:00,'AD99176372,1,
2026-07-20 00:00:00,KAI8219747,2026-07-20 00:00:00,LENGKAP,2026-07-20 17:34:00,'AD99176373,1,
2026-07-20 00:00:00,KAI8219747,2026-07-20 00:00:00,LENGKAP,2026-07-20 17:34:00,'AD99176374,1,
2026-07-20 00:00:00,KAI8219747,2026-07-20 00:00:00,LENGKAP,2026-07-20 17:34:00,'AD99176375,1,
2026-07-20 00:00:00,KAI8219747,2026-07-20 00:00:00,LENGKAP,2026-07-20 17:34:00,'AD99176376,1,
2026-07-20 00:00:00,KAI8219747,2026-07-20 00:00:00,LENGKAP,2026-07-20 17:34:00,'AD99176377,1,
2026-07-20 00:00:00,KAI8219747,2026-07-20 00:00:00,LENGKAP,2026-07-20 17:34:00,'AD99176378,1,
2026-07-20 00:00:00,KAI8219747,2026-07-20 00:00:00,LENGKAP,2026-07-20 17:34:00,'AD99176379,1,
2026-07-20 00:00:00,KAI8219747,2026-07-20 00:00:00,LENGKAP,2026-07-20 17:34:00,'AD99176380,1,
2026-07-20 00:00:00,KAI8219747,2026-07-20 00:00:00,LENGKAP,2026-07-20 17:34:00,'AD99176381,1,
2026-07-20 00:00:00,KAI8219747,2026-07-20 00:00:00,LENGKAP,2026-07-20 17:34:00,'AD99176382,1,
2026-07-20 00:00:00,KAI8219747,2026-07-20 00:00:00,LENGKAP,2026-07-20 17:34:00,'AD99176383,1,
2026-07-20 00:00:00,KAI8219747,2026-07-20 00:00:00,LENGKAP,2026-07-20 17:34:00,'AD99176384,1,
2026-07-20 00:00:00,KAI8219747,2026-07-20 00:00:00,LENGKAP,2026-07-20 17:34:00,'AD99176385,1,
2026-07-20 00:00:00,KAI8219747,2026-07-20 00:00:00,LENGKAP,2026-07-20 17:34:00,'AD99176386,1,
2026-07-20 00:00:00,KAI8219747,2026-07-20 00:00:00,LENGKAP,2026-07-20 17:34:00,'AD99176387,1,
2026-07-20 00:00:00,KAI8219747,2026-07-20 00:00:00,LENGKAP,2026-07-20 17:34:00,'AD99176388,1,
2026-07-20 00:00:00,KAI8219747,2026-07-20 00:00:00,LENGKAP,2026-07-20 17:34:00,'AD99176389,1,
2026-07-20 00:00:00,KAI8219747,2026-07-20 00:00:00,LENGKAP,2026-07-20 17:34:00,'AD99176390,1,
2026-07-20 00:00:00,KAI8219747,2026-07-20 00:00:00,LENGKAP,2026-07-20 17:34:00,'AD99176391,1,
2026-07-20 00:00:00,KAI8219747,2026-07-20 00:00:00,LENGKAP,2026-07-20 17:34:00,'AD99176392,1,
2026-07-20 00:00:00,KAI8219747,2026-07-20 00:00:00,LENGKAP,2026-07-20 17:34:00,'AD99176393,1,
2026-07-20 00:00:00,KAI8219747,2026-07-20 00:00:00,LENGKAP,2026-07-20 17:34:00,'AD99176394,1,
2026-07-20 00:00:00,KAI8219747,2026-07-20 00:00:00,LENGKAP,2026-07-20 17:34:00,'AD99176395,1,
2026-07-20 00:00:00,KAI8219747,2026-07-20 00:00:00,LENGKAP,2026-07-20 17:34:00,'AD99176396,1,
2026-07-20 00:00:00,KAI8219747,2026-07-20 00:00:00,LENGKAP,2026-07-20 17:34:00,'AD99176397,1,
2026-07-20 00:00:00,KAI8219747,2026-07-20 00:00:00,LENGKAP,2026-07-20 17:34:00,'AD99176398,1,
2026-07-20 00:00:00,KAI8219747,2026-07-20 00:00:00,LENGKAP,2026-07-20 17:34:00,'AD99176399,1,
2026-07-20 00:00:00,KAI8219747,2026-07-20 00:00:00,LENGKAP,2026-07-20 17:34:00,'AD99176400,1,
2026-07-20 00:00:00,KAI8219747,2026-07-20 00:00:00,LENGKAP,2026-07-20 17:34:00,'AD99176401,1,
2026-07-20 00:00:00,KAI8219747,2026-07-20 00:00:00,LENGKAP,2026-07-20 17:34:00,'TR51637124,1,
2026-07-20 00:00:00,KEF2007263,2026-07-20 00:00:00,LENGKAP,,'AD106585357,1,
2026-07-20 00:00:00,KEF2007264,2026-07-20 00:00:00,LENGKAP,,'AA63898679,1,
2026-07-20 00:00:00,KEF2007264,2026-07-20 00:00:00,LENGKAP,,'AA63898680,1,
2026-07-20 00:00:00,KEF2007264,2026-07-20 00:00:00,LENGKAP,,'AA63898681,1,
2026-07-20 00:00:00,KEF2007264,2026-07-20 00:00:00,LENGKAP,,'AA63898682,1,
2026-07-20 00:00:00,KEF2007264,2026-07-20 00:00:00,LENGKAP,,'AA63898683,1,
2026-07-20 00:00:00,KEF2007264,2026-07-20 00:00:00,LENGKAP,,'AA63898684,1,
2026-07-20 00:00:00,KEF2007264,2026-07-20 00:00:00,LENGKAP,,'AA63898685,1,
2026-07-20 00:00:00,KEF2007264,2026-07-20 00:00:00,LENGKAP,,'AA63898686,1,
2026-07-20 00:00:00,KEF2007261,2026-07-20 00:00:00,LENGKAP,2026-07-20 22:47:00,'AA63898664,1,
2026-07-20 00:00:00,KEF2007261,2026-07-20 00:00:00,LENGKAP,2026-07-20 22:47:00,'AA63898665,1,
2026-07-20 00:00:00,KEF2007261,2026-07-20 00:00:00,LENGKAP,2026-07-20 22:47:00,'AA63898666,1,
2026-07-20 00:00:00,KEF2007261,2026-07-20 00:00:00,LENGKAP,2026-07-20 22:47:00,'AA63898667,1,
2026-07-20 00:00:00,KEF2007261,2026-07-20 00:00:00,LENGKAP,2026-07-20 22:47:00,'AA63898668,1,
2026-07-20 00:00:00,KEF2007261,2026-07-20 00:00:00,LENGKAP,2026-07-20 22:47:00,'AA63898669,1,
2026-07-20 00:00:00,KEF2007261,2026-07-20 00:00:00,LENGKAP,2026-07-20 22:47:00,'AA63898670,1,
2026-07-20 00:00:00,KEF2007261,2026-07-20 00:00:00,LENGKAP,2026-07-20 22:47:00,'AA63898671,1,
2026-07-20 00:00:00,KEF2007261,2026-07-20 00:00:00,LENGKAP,2026-07-20 22:47:00,'AA63898672,1,
2026-07-20 00:00:00,KEF2007261,2026-07-20 00:00:00,LENGKAP,2026-07-20 22:47:00,'AA63898673,1,
2026-07-20 00:00:00,KEF2007261,2026-07-20 00:00:00,LENGKAP,2026-07-20 22:47:00,'AA63898674,1,
2026-07-20 00:00:00,KEF2007261,2026-07-20 00:00:00,LENGKAP,2026-07-20 22:47:00,'AA63898675,1,
2026-07-20 00:00:00,KEF2007261,2026-07-20 00:00:00,LENGKAP,2026-07-20 22:47:00,'AA63898676,1,
2026-07-20 00:00:00,KEF2007261,2026-07-20 00:00:00,LENGKAP,2026-07-20 22:47:00,'AA63898677,1,
2026-07-20 00:00:00,KEF2007261,2026-07-20 00:00:00,LENGKAP,2026-07-20 22:47:00,'AA63898678,1,
2026-07-20 00:00:00,KEF2007261,2026-07-20 00:00:00,LENGKAP,2026-07-20 22:47:00,'TR00041220,1,
2026-07-20 00:00:00,KEF2007262,2026-07-20 00:00:00,LENGKAP,2026-07-20 22:22:00,'AD106585356,9,
2026-07-20 00:00:00,KEF2007264,2026-07-20 00:00:00,LENGKAP,,'AA63898687,1,
2026-07-20 00:00:00,KEF2007264,2026-07-20 00:00:00,LENGKAP,,'AA63898688,1,
2026-07-20 00:00:00,KEF2007264,2026-07-20 00:00:00,LENGKAP,,'AA63898690,1,
2026-07-20 00:00:00,KEF2007264,2026-07-20 00:00:00,LENGKAP,,'AA63898691,1,
2026-07-20 00:00:00,KOE200720263,2026-07-20 00:00:00,LENGKAP,2026-07-21 10:40:00,'AA64489747,5,
2026-07-20 00:00:00,KOE471097,2026-07-20 00:00:00,LENGKAP,2026-07-21 00:33:00,'AA69471097,10,
2026-07-20 00:00:00,KOE471097,2026-07-20 00:00:00,LENGKAP,2026-07-21 00:33:00,'AA69471099,2,
2026-07-20 00:00:00,KOESSL200726WGP,2026-07-20 00:00:00,LENGKAP,2026-07-20 20:02:00,'AD106370252,1,
2026-07-20 00:00:00,MLA8218682,2026-07-20 00:00:00,LENGKAP,,'AA72283833,1,
2026-07-20 00:00:00,MLA8218682,2026-07-20 00:00:00,LENGKAP,,'AA72283834,1,
2026-07-20 00:00:00,MLA8218682,2026-07-20 00:00:00,LENGKAP,,'AA72283835,1,
2026-07-20 00:00:00,MLA8218682,2026-07-20 00:00:00,LENGKAP,,'AA72283836,1,
2026-07-20 00:00:00,MLA8218682,2026-07-20 00:00:00,LENGKAP,,'AA72283837,1,
2026-07-20 00:00:00,KEF2007265,2026-07-20 00:00:00,LENGKAP,2026-07-21 09:29:00,'AD106585358,4,
2026-07-20 00:00:00,KEF2007266,2026-07-21 00:00:00,LENGKAP,2026-07-21 11:55:00,'AD106585359,1,
2026-07-20 00:00:00,MLA8218682,2026-07-20 00:00:00,LENGKAP,,'AA72283838,1,
2026-07-20 00:00:00,KOE200720261,2026-07-20 00:00:00,LENGKAP,2026-07-20 17:13:00,'AA64489751,5,
2026-07-20 00:00:00,KOE200720262,2026-07-20 00:00:00,LENGKAP,2026-07-21 11:57:00,'AA64489749,6,
2026-07-20 00:00:00,MLA8218682,2026-07-20 00:00:00,LENGKAP,,'AA72283839,1,
2026-07-20 00:00:00,MLA8218682,2026-07-20 00:00:00,LENGKAP,,'AA72283840,1,
2026-07-20 00:00:00,MLA8218682,2026-07-20 00:00:00,LENGKAP,,'AA72283841,1,
2026-07-20 00:00:00,MLA8218682,2026-07-20 00:00:00,LENGKAP,,'AA72283842,1,
2026-07-20 00:00:00,MLA8218682,2026-07-20 00:00:00,LENGKAP,,'AA72283843,1,
2026-07-20 00:00:00,MLA8218682,2026-07-20 00:00:00,LENGKAP,,'AA72283844,1,
2026-07-20 00:00:00,MLA8218683,2026-07-20 00:00:00,LENGKAP,2026-07-21 08:29:00,'AD106441326,5,
2026-07-20 00:00:00,MLA8218684,2026-07-20 00:00:00,LENGKAP,,'AD106441327,1,
2026-07-20 00:00:00,MLA8218685,2026-07-20 00:00:00,LENGKAP,,'AD106441328,6,
2026-07-20 00:00:00,MLA8218686,2026-07-20 00:00:00,LENGKAP,,'AD106441329,4,
2026-07-20 00:00:00,MLA8218687,2026-07-20 00:00:00,LENGKAP,,'AA72283845,1,
2026-07-20 00:00:00,MLA8218687,2026-07-20 00:00:00,LENGKAP,,'AA72283846,1,
2026-07-20 00:00:00,MLA8218687,2026-07-20 00:00:00,LENGKAP,,'AA72283847,1,
2026-07-20 00:00:00,MLA8218687,2026-07-20 00:00:00,LENGKAP,,'AA72283848,1,
2026-07-20 00:00:00,MLA8218687,2026-07-20 00:00:00,LENGKAP,,'AA72283849,1,
2026-07-20 00:00:00,MLA8218687,2026-07-20 00:00:00,LENGKAP,,'AA72283850,1,
2026-07-20 00:00:00,MLA8218687,2026-07-20 00:00:00,LENGKAP,,'AA72283851,2,
2026-07-20 00:00:00,MLA8218687,2026-07-20 00:00:00,LENGKAP,,'AA72283852,3,
2026-07-20 00:00:00,MLA8218688,2026-07-20 00:00:00,LENGKAP,2026-07-21 08:31:00,'AD106441335,1,
2026-07-20 00:00:00,MLA8218689,2026-07-20 00:00:00,LENGKAP,,'AD106441336,2,
2026-07-20 00:00:00,OLS20072026,2026-07-20 00:00:00,LENGKAP,2026-07-20 21:41:00,'AD104095854,3,
2026-07-20 00:00:00,OLS2007202602,2026-07-20 00:00:00,LENGKAP,2026-07-20 16:39:00,'AD104095852,1,
2026-07-20 00:00:00,RTI6893850,2026-07-20 00:00:00,LENGKAP,2026-07-21 14:28:00,'AD99250757,1,
2026-07-20 00:00:00,RTI6893850,2026-07-20 00:00:00,LENGKAP,2026-07-21 14:28:00,'AD99250758,1,
2026-07-20 00:00:00,RTI6893850,2026-07-20 00:00:00,LENGKAP,2026-07-21 14:28:00,'AD99250759,1,
2026-07-20 00:00:00,RTI6893850,2026-07-20 00:00:00,LENGKAP,2026-07-21 14:28:00,'AD99250760,1,
2026-07-20 00:00:00,RTI6893850,2026-07-20 00:00:00,LENGKAP,2026-07-21 14:28:00,'AD99250761,1,
2026-07-20 00:00:00,RTI6893850,2026-07-20 00:00:00,LENGKAP,2026-07-21 14:28:00,'AD99250762,1,
2026-07-20 00:00:00,RTI6893850,2026-07-20 00:00:00,LENGKAP,2026-07-21 14:28:00,'AD99250763,1,
2026-07-20 00:00:00,RTI6893850,2026-07-20 00:00:00,LENGKAP,2026-07-21 14:28:00,'AD99250764,1,
2026-07-20 00:00:00,RTI6893850,2026-07-20 00:00:00,LENGKAP,2026-07-21 14:28:00,'AD99250765,1,
2026-07-20 00:00:00,RTI6893850,2026-07-20 00:00:00,LENGKAP,2026-07-21 14:28:00,'AD99250766,1,
2026-07-20 00:00:00,SOE8578555,2026-07-20 00:00:00,LENGKAP,2026-07-21 14:28:00,'AA64482708,3,
2026-07-20 00:00:00,SOE8578711,2026-07-20 00:00:00,LENGKAP,2026-07-20 17:11:00,'AA64482699,1,
2026-07-20 00:00:00,SOE8578711,2026-07-20 00:00:00,LENGKAP,2026-07-20 17:11:00,'AA64482700,1,
2026-07-20 00:00:00,SOE8578711,2026-07-20 00:00:00,LENGKAP,2026-07-20 17:11:00,'AA64482701,1,
2026-07-20 00:00:00,SOE8578711,2026-07-20 00:00:00,LENGKAP,2026-07-20 17:11:00,'AA64482702,1,
2026-07-20 00:00:00,SOE8578711,2026-07-20 00:00:00,LENGKAP,2026-07-20 17:11:00,'AA64482703,7,
2026-07-20 00:00:00,SOE8578711,2026-07-20 00:00:00,LENGKAP,2026-07-20 17:11:00,'AA64482704,1,
2026-07-20 00:00:00,SOE8578711,2026-07-20 00:00:00,LENGKAP,2026-07-20 17:11:00,'AD106442461,1,
2026-07-20 00:00:00,SOE8578712,2026-07-20 00:00:00,LENGKAP,2026-07-20 17:44:00,'AD106442462,1,
2026-07-20 00:00:00,SOE8578713,2026-07-20 00:00:00,LENGKAP,2026-07-20 17:47:00,'AD106442463,1,
2026-07-20 00:00:00,SOE8578554,2026-07-20 00:00:00,LENGKAP,2026-07-20 22:49:00,'AA64482697,4,
2026-07-20 00:00:00,SOE8578714,2026-07-20 00:00:00,LENGKAP,2026-07-20 17:51:00,'AD106442464,1,
2026-07-20 00:00:00,SOE8578716,2026-07-20 00:00:00,LENGKAP,2026-07-21 10:42:00,'AD106442466,1,
2026-07-20 00:00:00,TMC8612356,2026-07-20 00:00:00,LENGKAP,2026-07-21 05:32:00,'AA64489792,12,
2026-07-20 00:00:00,TMC8612356,2026-07-20 00:00:00,LENGKAP,2026-07-21 05:32:00,'AA64499614,15,
2026-07-20 00:00:00,TMC8612356,2026-07-20 00:00:00,LENGKAP,2026-07-21 05:32:00,'AA64499623,24,
2026-07-20 00:00:00,TMC8612356,2026-07-20 00:00:00,LENGKAP,2026-07-21 05:32:00,'AA64499627,10,
2026-07-20 00:00:00,TMC8612356,2026-07-20 00:00:00,LENGKAP,2026-07-21 05:32:00,'AA69424781,9,
2026-07-20 00:00:00,TMC8612357,2026-07-20 00:00:00,LENGKAP,2026-07-20 20:05:00,'AA64499622,12,
2026-07-20 00:00:00,TMC8612357,2026-07-20 00:00:00,LENGKAP,2026-07-20 20:05:00,'AA69424784,5,
2026-07-20 00:00:00,TMC8612358,2026-07-20 00:00:00,LENGKAP,2026-07-20 20:04:00,'AA64499613,16,
2026-07-20 00:00:00,TMC8612358,2026-07-20 00:00:00,LENGKAP,2026-07-20 20:04:00,'AA64499621,10,
2026-07-20 00:00:00,SOE8578715,2026-07-20 00:00:00,LENGKAP,2026-07-21 09:27:00,'AD106442465,4,
2026-07-20 00:00:00,TMC8612358,2026-07-20 00:00:00,LENGKAP,2026-07-20 20:04:00,'AA69424783,11,
2026-07-20 00:00:00,TMC8242493,2026-07-20 00:00:00,LENGKAP,2026-07-21 01:40:00,'AA69424507,1,
2026-07-20 00:00:00,TMC8242493,2026-07-20 00:00:00,LENGKAP,2026-07-21 01:40:00,'AA69424508,1,
2026-07-20 00:00:00,TMC8242493,2026-07-20 00:00:00,LENGKAP,2026-07-21 01:40:00,'AD99249959,1,
2026-07-20 00:00:00,TMC8242493,2026-07-20 00:00:00,LENGKAP,2026-07-21 01:40:00,'AD99249961,1,
2026-07-20 00:00:00,TMC8242493,2026-07-20 00:00:00,LENGKAP,2026-07-21 01:40:00,'AD99249962,1,
2026-07-20 00:00:00,TMC8242493,2026-07-20 00:00:00,LENGKAP,2026-07-21 01:40:00,'AD99249963,1,
2026-07-20 00:00:00,TMC8242493,2026-07-20 00:00:00,LENGKAP,2026-07-21 01:40:00,'AD99249964,1,
2026-07-20 00:00:00,TMC8242493,2026-07-20 00:00:00,LENGKAP,2026-07-21 01:40:00,'AD99249966,1,
2026-07-20 00:00:00,WKB8610839,2026-07-20 00:00:00,LENGKAP,2026-07-20 16:22:00,'AA69423745,1,
2026-07-20 00:00:00,WKB8610839,2026-07-20 00:00:00,LENGKAP,2026-07-20 16:22:00,'AA69423750,1,
2026-07-20 00:00:00,WKB8610839,2026-07-20 00:00:00,LENGKAP,2026-07-20 16:22:00,'AA69423752,1,
2026-07-20 00:00:00,WKB8610839,2026-07-20 00:00:00,LENGKAP,2026-07-20 16:22:00,'AD106343524,1,
2026-07-20 00:00:00,WKB8610839,2026-07-20 00:00:00,LENGKAP,2026-07-20 16:22:00,'AD106343526,1,
2026-07-20 00:00:00,WKB8610839,2026-07-20 00:00:00,LENGKAP,2026-07-20 16:22:00,'AD106343527,1,
2026-07-20 00:00:00,WKB8610839,2026-07-20 00:00:00,LENGKAP,2026-07-20 16:22:00,'AD106343529,1,
2026-07-20 00:00:00,WKB8610839,2026-07-20 00:00:00,LENGKAP,2026-07-20 16:22:00,'AD106343530,1,
2026-07-20 00:00:00,WKB8610839,2026-07-20 00:00:00,LENGKAP,2026-07-20 16:22:00,'AD106343531,1,
2026-07-20 00:00:00,WKB8610839,2026-07-20 00:00:00,LENGKAP,2026-07-20 16:22:00,'TR42330747,1,
2026-07-20 00:00:00,WBK6113164,2026-07-20 00:00:00,LENGKAP,2026-07-21 01:40:00,'AD106339589,1,
2026-07-20 00:00:00,WBK6113164,2026-07-20 00:00:00,LENGKAP,2026-07-21 01:40:00,'AD106339590,1,
2026-07-20 00:00:00,WBK6113164,2026-07-20 00:00:00,LENGKAP,2026-07-21 01:40:00,'AD106339591,1,
2026-07-20 00:00:00,WBK6113164,2026-07-20 00:00:00,LENGKAP,2026-07-21 01:40:00,'AD106339592,1,
2026-07-20 00:00:00,WBK6113164,2026-07-20 00:00:00,LENGKAP,2026-07-21 01:40:00,'AD106339593,1,
2026-07-20 00:00:00,WBK6113164,2026-07-20 00:00:00,LENGKAP,2026-07-21 01:40:00,'AD106339594,1,
2026-07-20 00:00:00,WBK6113164,2026-07-20 00:00:00,LENGKAP,2026-07-21 01:40:00,'AD106339595,1,
2026-07-20 00:00:00,WKB8610841,2026-07-20 00:00:00,LENGKAP,2026-07-20 15:55:00,'AD106343532,1,
2026-07-20 00:00:00,51300141853KAI,2026-07-21 00:00:00,LENGKAP,2026-07-21 07:20:00,'AA64597700,3,
2026-07-20 00:00:00,ABU602206,2026-07-21 00:00:00,LENGKAP,2026-07-21 11:53:00,'AD109070602,2,
2026-07-20 00:00:00,JTRKOE8241192,2026-07-21 00:00:00,JTR EX KOE TO RTI,2026-07-21 07:20:00,'AA64489753,1,VIA TRUCK VANG
2026-07-20 00:00:00,JTRKOE8241192,2026-07-21 00:00:00,JTR EX KOE TO RTI,2026-07-21 07:20:00,'KOEEC02426413826,1,VIA TRUCK VANG
2026-07-20 00:00:00,JTRKOE8241192,2026-07-21 00:00:00,JTR EX KOE TO RTI,2026-07-21 07:20:00,'KOEEC02426423626,1,VIA TRUCK VANG
2026-07-20 00:00:00,JTRKOE8241192,2026-07-21 00:00:00,JTR EX KOE TO RTI,2026-07-21 07:20:00,'KOEEC02426443226,1,VIA TRUCK VANG
2026-07-20 00:00:00,JTRKOE8241192,2026-07-21 00:00:00,JTR EX KOE TO RTI,2026-07-21 07:20:00,'KOEEC02426462826,1,VIA TRUCK VANG
2026-07-20 00:00:00,JTRKOE8241192,2026-07-21 00:00:00,JTR EX KOE TO RTI,2026-07-21 07:20:00,'KOEEC02426482426,1,VIA TRUCK VANG
2026-07-20 00:00:00,JTRKOE8241192,2026-07-21 00:00:00,JTR EX KOE TO RTI,2026-07-21 07:20:00,'KOEEC02426492226,1,VIA TRUCK VANG
2026-07-20 00:00:00,KEF2007267,2026-07-21 00:00:00,LENGKAP,,'AD106585360,1,
2026-07-20 00:00:00,WGP8242352,2026-07-21 00:00:00,LENGKAP,2026-07-20 22:22:00,'AD106608373,1,
2026-07-20 00:00:00,WGP8242353,2026-07-21 00:00:00,LENGKAP,2026-07-20 22:22:00,'AD106608361,1,
2026-07-20 00:00:00,WKB8610840,2026-07-20 00:00:00,LENGKAP,2026-07-21 05:34:00,'AD106343528,1,
2026-07-20 00:00:00,WGP8242353,2026-07-21 00:00:00,LENGKAP,2026-07-20 22:22:00,'AD106608365,1,
2026-07-21 00:00:00,51300143986ENE,2026-07-21 00:00:00,LENGKAP,2026-07-21 07:21:00,'YS15284676,20,
2026-07-21 00:00:00,51300144362LKA,2026-07-21 00:00:00,EX KOE TO LKA,2026-07-21 07:21:00,'AA64499692,22,"CANCEL FLIGHT, AKTIVITAS VULKANIK GUNUNG LEWOTOBI, STANDBY ETD 23 JULI"
2026-07-21 00:00:00,51300144362LKA,2026-07-21 00:00:00,EX KOE TO LKA,2026-07-21 07:21:00,'AA64499697,11,"CANCEL FLIGHT, AKTIVITAS VULKANIK GUNUNG LEWOTOBI, STANDBY ETD 23 JULI"
2026-07-21 00:00:00,51300144362LKA,2026-07-21 00:00:00,EX KOE TO LKA,2026-07-21 07:21:00,'AA64499702,15,"CANCEL FLIGHT, AKTIVITAS VULKANIK GUNUNG LEWOTOBI, STANDBY ETD 23 JULI"
2026-07-21 00:00:00,51300144362LKA,2026-07-21 00:00:00,EX KOE TO LKA,2026-07-21 07:21:00,'AA64499718,5,"CANCEL FLIGHT, AKTIVITAS VULKANIK GUNUNG LEWOTOBI, STANDBY ETD 23 JULI"
2026-07-21 00:00:00,99001280996LBJ,2026-07-21 00:00:00,EX KOE TO LBJ,2026-07-21 07:21:00,'YS15284674,2,LBJ/IM/00069433 > 22-07-2026 11:16
2026-07-21 00:00:00,99001281033LBJ,2026-07-21 00:00:00,EX KOE TO LBJ,2026-07-21 07:21:00,'YS15284677,3,LBJ/IM/00069432 > 22-07-2026 11:16
2026-07-21 00:00:00,JTRKOE8241191,2026-07-21 00:00:00,LENGKAP,2026-07-21 21:37:00,'AA64499633,30,
2026-07-21 00:00:00,JTRKOE8241191,2026-07-21 00:00:00,LENGKAP,2026-07-21 21:37:00,'AA64499647,30,
2026-07-21 00:00:00,JTRKOE8241191,2026-07-21 00:00:00,LENGKAP,2026-07-21 21:37:00,'AA64499648,20,
2026-07-21 00:00:00,JTRKOE8241191,2026-07-21 00:00:00,LENGKAP,2026-07-21 21:37:00,'AA64499649,11,
2026-07-21 00:00:00,JTRKOE8241191,2026-07-21 00:00:00,LENGKAP,2026-07-21 21:37:00,'AA64499664,1,
2026-07-21 00:00:00,JTRKOE8241191,2026-07-21 00:00:00,LENGKAP,2026-07-21 21:37:00,'AA64499707,4,
2026-07-21 00:00:00,JTRKOE8241194,2026-07-21 00:00:00,LENGKAP,2026-07-22 07:51:00,'AA64499617,9,
2026-07-21 00:00:00,KOE2107202611,2026-07-21 00:00:00,LENGKAP,2026-07-21 11:54:00,'360700013108126,1,
2026-07-21 00:00:00,2747733036,2026-07-21 00:00:00,LENGKAP,2026-07-21 23:11:00,'AA74700116,1,
2026-07-21 00:00:00,2747733036,2026-07-21 00:00:00,LENGKAP,2026-07-21 23:11:00,'AA74700123,1,
2026-07-21 00:00:00,2747733036,2026-07-21 00:00:00,LENGKAP,2026-07-21 23:11:00,'AA74700135,12,
2026-07-21 00:00:00,2747733036,2026-07-21 00:00:00,LENGKAP,2026-07-21 23:11:00,'AA74700136,15,
2026-07-21 00:00:00,KOE2107202611,2026-07-21 00:00:00,LENGKAP,2026-07-21 11:54:00,'AA64597584,1,
2026-07-21 00:00:00,KOE2107202611,2026-07-21 00:00:00,LENGKAP,2026-07-21 11:54:00,'AA64597586,9,
2026-07-21 00:00:00,KOE2107202611,2026-07-21 00:00:00,LENGKAP,2026-07-21 11:54:00,'AA64597592,3,
2026-07-21 00:00:00,KOE2107202611,2026-07-21 00:00:00,LENGKAP,2026-07-21 11:54:00,'AA64597604,49,
2026-07-21 00:00:00,KOE2107202611,2026-07-21 00:00:00,LENGKAP,2026-07-21 11:54:00,'AD106343525,1,
2026-07-21 00:00:00,KOE2107202611,2026-07-21 00:00:00,LENGKAP,2026-07-21 11:54:00,'KOEEC02427442926,1,
2026-07-21 00:00:00,KOE2107202614,2026-07-21 00:00:00,INBOUND SA OESAO,2026-07-21 00:29:00,'360100034303626,1,UN CONFIRM - FU TEAM OESAO
2026-07-21 00:00:00,51300143651ENE,2026-07-21 00:00:00,LENGKAP,2026-07-21 14:39:00,'YS15284675,9,
2026-07-21 00:00:00,KOE2107202614,2026-07-21 00:00:00,INBOUND SA OESAO,2026-07-21 00:29:00,'AA64482704,1,UN CONFIRM - FU TEAM OESAO
2026-07-21 00:00:00,KOE2107202614,2026-07-21 00:00:00,INBOUND SA OESAO,2026-07-21 00:29:00,'AA64597596,24,UN CONFIRM - FU TEAM OESAO
2026-07-21 00:00:00,KOE2107202615,2026-07-21 00:00:00,LENGKAP,2026-07-21 00:29:00,'AA64597594,3,
2026-07-21 00:00:00,KOE471101,2026-07-21 00:00:00,LENGKAP,2026-07-21 23:10:00,'360100034584626,1,
2026-07-21 00:00:00,KOE471101,2026-07-21 00:00:00,LENGKAP,2026-07-21 23:10:00,'AA69471101,3,
2026-07-21 00:00:00,51300144605KOE,2026-07-21 00:00:00,LENGKAP,2026-07-21 09:37:00,'AA74700134,17,
2026-07-21 00:00:00,51300144605KOE,2026-07-21 00:00:00,LENGKAP,2026-07-21 09:37:00,'AD106608370,1,
2026-07-21 00:00:00,51300144605KOE,2026-07-21 00:00:00,LENGKAP,2026-07-21 09:37:00,'AD106608372,1,
2026-07-21 00:00:00,88812267206,2026-07-21 00:00:00,LENGKAP,2026-07-21 12:53:00,'AA64489733,35,
2026-07-21 00:00:00,88812267206,2026-07-21 00:00:00,LENGKAP,2026-07-21 12:53:00,'AA64489735,8,
2026-07-21 00:00:00,88812267206,2026-07-21 00:00:00,LENGKAP,2026-07-21 12:53:00,'AA64489736,15,
2026-07-21 00:00:00,88812267206,2026-07-21 00:00:00,LENGKAP,2026-07-21 12:53:00,'AA64489737,6,
2026-07-21 00:00:00,88812267206,2026-07-21 00:00:00,LENGKAP,2026-07-21 12:53:00,'AA64489739,4,
2026-07-21 00:00:00,88812267206,2026-07-21 00:00:00,LENGKAP,2026-07-21 12:53:00,'AA64489740,6,
2026-07-21 00:00:00,88812267206,2026-07-21 00:00:00,LENGKAP,2026-07-21 12:53:00,'AA64489741,12,
2026-07-21 00:00:00,88812267206,2026-07-21 00:00:00,LENGKAP,2026-07-21 12:53:00,'AA64489743,21,
2026-07-21 00:00:00,88812267206,2026-07-21 00:00:00,LENGKAP,2026-07-21 12:53:00,'AA64489744,1,
2026-07-21 00:00:00,88812267206,2026-07-21 00:00:00,LENGKAP,2026-07-21 12:53:00,'AA64489748,4,
2026-07-21 00:00:00,88812267206,2026-07-21 00:00:00,LENGKAP,2026-07-21 12:53:00,'AA64489750,5,
2026-07-21 00:00:00,88812267206,2026-07-21 00:00:00,LENGKAP,2026-07-21 12:53:00,'AA64489752,1,
2026-07-21 00:00:00,88812267206,2026-07-21 00:00:00,LENGKAP,2026-07-21 12:53:00,'AD102696570,12,
2026-07-21 00:00:00,88812267206,2026-07-21 00:00:00,LENGKAP,2026-07-21 12:53:00,'AD102696574,24,
2026-07-21 00:00:00,88812267206,2026-07-21 00:00:00,LENGKAP,2026-07-21 12:53:00,'YS15281330,1,
2026-07-21 00:00:00,88812267286,2026-07-21 00:00:00,LENGKAP,2026-07-21 21:52:00,'AA64489745,1,
2026-07-21 00:00:00,88812267286,2026-07-21 00:00:00,LENGKAP,2026-07-21 21:52:00,'AA64490758,9,
2026-07-21 00:00:00,88812267286,2026-07-21 00:00:00,LENGKAP,2026-07-21 21:52:00,'AA64490759,11,
2026-07-21 00:00:00,88812267286,2026-07-21 00:00:00,LENGKAP,2026-07-21 21:52:00,'AA64490760,17,
2026-07-21 00:00:00,88812267286,2026-07-21 00:00:00,LENGKAP,2026-07-21 21:52:00,'AA64490761,7,
2026-07-21 00:00:00,88812267286,2026-07-21 00:00:00,LENGKAP,2026-07-21 21:52:00,'AA64490762,13,
2026-07-21 00:00:00,88812267286,2026-07-21 00:00:00,LENGKAP,2026-07-21 21:52:00,'AA64490763,16,
2026-07-21 00:00:00,88812267286,2026-07-21 00:00:00,LENGKAP,2026-07-21 21:52:00,'AA64490764,8,
2026-07-21 00:00:00,88812267286,2026-07-21 00:00:00,LENGKAP,2026-07-21 21:52:00,'AA64490765,22,
2026-07-21 00:00:00,88812267286,2026-07-21 00:00:00,LENGKAP,2026-07-21 21:52:00,'AA64490766,8,
2026-07-21 00:00:00,88812267286,2026-07-21 00:00:00,LENGKAP,2026-07-21 21:52:00,'AD99242068,4,
2026-07-21 00:00:00,88812267286,2026-07-21 00:00:00,LENGKAP,2026-07-21 21:52:00,'AD99242069,35,
2026-07-21 00:00:00,88812267286,2026-07-21 00:00:00,LENGKAP,2026-07-21 21:52:00,'AD99242071,10,
2026-07-21 00:00:00,88812267323,2026-07-21 00:00:00,LENGKAP,2026-07-21 12:53:00,'YS15281329,11,
2026-07-21 00:00:00,88812267323,2026-07-21 00:00:00,LENGKAP,2026-07-21 12:53:00,'YS15281331,8,
2026-07-21 00:00:00,88812267323,2026-07-21 00:00:00,LENGKAP,2026-07-21 12:53:00,'YS15281332,21,
2026-07-21 00:00:00,88812267323,2026-07-21 00:00:00,LENGKAP,2026-07-21 12:53:00,'YS15281333,24,
2026-07-21 00:00:00,88812267323,2026-07-21 00:00:00,LENGKAP,2026-07-21 12:53:00,'YS15281334,1,
2026-07-21 00:00:00,88812267323,2026-07-21 00:00:00,LENGKAP,2026-07-21 12:53:00,'YS15281335,1,
2026-07-21 00:00:00,88812267323,2026-07-21 00:00:00,LENGKAP,2026-07-21 12:53:00,'YS15281336,21,
2026-07-21 00:00:00,88812267323,2026-07-21 00:00:00,LENGKAP,2026-07-21 12:53:00,'YT1820041,13,
2026-07-21 00:00:00,88812267323,2026-07-21 00:00:00,LENGKAP,2026-07-21 12:53:00,'YT1820044,16,
2026-07-21 00:00:00,88812267323,2026-07-21 00:00:00,LENGKAP,2026-07-21 12:53:00,'YT1820050,22,
2026-07-21 00:00:00,88812267323,2026-07-21 00:00:00,LENGKAP,2026-07-21 12:53:00,'YT1820052,11,
2026-07-21 00:00:00,88812267415,2026-07-21 00:00:00,LENGKAP,2026-07-21 23:36:00,'AD99242070,14,
2026-07-21 00:00:00,93801475891,2026-07-19 00:00:00,LENGKAP,2026-07-21 21:37:00,'YS40164534,3,
2026-07-21 00:00:00,93801475891,2026-07-19 00:00:00,LENGKAP,2026-07-21 21:37:00,'YS40164536,1,
2026-07-21 00:00:00,93801514903,2026-07-21 00:00:00,LENGKAP,2026-07-21 13:02:00,'YS40164541,6,
2026-07-21 00:00:00,MLA8218690,2026-07-21 00:00:00,,,'AA72283853,1,BELUM MASUK KOE
2026-07-21 00:00:00,MLA8218690,2026-07-21 00:00:00,,,'AA72283854,1,BELUM MASUK KOE
2026-07-21 00:00:00,99001284371,2026-07-21 00:00:00,LENGKAP,2026-07-21 10:42:00,'YS40164540,6,
2026-07-21 00:00:00,99001284371,2026-07-21 00:00:00,LENGKAP,2026-07-21 10:42:00,'YS40164542,1,
2026-07-21 00:00:00,99001284371,2026-07-21 00:00:00,LENGKAP,2026-07-21 10:42:00,'YT1267191,6,
2026-07-21 00:00:00,99001284371,2026-07-21 00:00:00,LENGKAP,2026-07-21 10:42:00,'YT1267192,3,
2026-07-21 00:00:00,ABU604615,2026-07-21 00:00:00,LENGKAP,2026-07-21 22:59:00,'AD109070604,1,
2026-07-21 00:00:00,ABU604615,2026-07-21 00:00:00,LENGKAP,2026-07-21 22:59:00,'AD109070605,1,
2026-07-21 00:00:00,ABU604615,2026-07-21 00:00:00,LENGKAP,2026-07-21 22:59:00,'AD109070606,1,
2026-07-21 00:00:00,ABU604615,2026-07-21 00:00:00,LENGKAP,2026-07-21 22:59:00,'AD109070607,1,
2026-07-21 00:00:00,ABU604615,2026-07-21 00:00:00,LENGKAP,2026-07-21 22:59:00,'AD109070608,1,
2026-07-21 00:00:00,ABU604615,2026-07-21 00:00:00,LENGKAP,2026-07-21 22:59:00,'AD109070609,1,
2026-07-21 00:00:00,ABU604615,2026-07-21 00:00:00,LENGKAP,2026-07-21 22:59:00,'AD109070610,1,
2026-07-21 00:00:00,ABU604615,2026-07-21 00:00:00,LENGKAP,2026-07-21 22:59:00,'AD109070611,1,
2026-07-21 00:00:00,ABU604615,2026-07-21 00:00:00,LENGKAP,2026-07-21 22:59:00,'AD109070612,1,
2026-07-21 00:00:00,ABU604615,2026-07-21 00:00:00,LENGKAP,2026-07-21 22:59:00,'AD109070613,1,
2026-07-21 00:00:00,ABU604615,2026-07-21 00:00:00,LENGKAP,2026-07-21 22:59:00,'AD109070614,1,
2026-07-21 00:00:00,ABU604615,2026-07-21 00:00:00,LENGKAP,2026-07-21 22:59:00,'AD109070615,1,
2026-07-21 00:00:00,ABU604615,2026-07-21 00:00:00,LENGKAP,2026-07-21 22:59:00,'TR51638772,1,
2026-07-21 00:00:00,ABU616,2026-07-21 00:00:00,LENGKAP,2026-07-21 19:49:00,'AD109070616,2,
2026-07-21 00:00:00,MLA8218690,2026-07-21 00:00:00,,,'AA72283855,1,BELUM MASUK KOE
2026-07-21 00:00:00,MLA8218690,2026-07-21 00:00:00,,,'AA72283856,1,BELUM MASUK KOE
2026-07-21 00:00:00,MLA8218690,2026-07-21 00:00:00,,,'AA72283857,1,BELUM MASUK KOE
2026-07-21 00:00:00,MLA8218690,2026-07-21 00:00:00,,,'AA72283858,1,BELUM MASUK KOE
2026-07-21 00:00:00,MLA8218690,2026-07-21 00:00:00,,,'AA72283859,1,BELUM MASUK KOE
2026-07-21 00:00:00,MLA8218690,2026-07-21 00:00:00,,,'AA72283860,4,BELUM MASUK KOE
2026-07-21 00:00:00,MLA8218690,2026-07-21 00:00:00,,,'AA72283861,1,BELUM MASUK KOE
2026-07-21 00:00:00,MLA8218690,2026-07-21 00:00:00,,,'AD106441343,3,BELUM MASUK KOE
2026-07-21 00:00:00,KEF2107261,2026-07-21 00:00:00,LENGKAP,2026-07-21 23:03:00,'AA63898689,1,
2026-07-21 00:00:00,KEF2107262,2026-07-21 00:00:00,LENGKAP,2026-07-21 23:04:00,'AA63898705,1,
2026-07-21 00:00:00,KEF2107262,2026-07-21 00:00:00,LENGKAP,2026-07-21 23:04:00,'AA63898706,1,
2026-07-21 00:00:00,KEF2107262,2026-07-21 00:00:00,LENGKAP,2026-07-21 23:04:00,'AA63898707,1,
2026-07-21 00:00:00,KEF2107262,2026-07-21 00:00:00,LENGKAP,2026-07-21 23:04:00,'AA63898708,1,
2026-07-21 00:00:00,KEF2107262,2026-07-21 00:00:00,LENGKAP,2026-07-21 23:04:00,'AA63898709,1,
2026-07-21 00:00:00,KEF2107262,2026-07-21 00:00:00,LENGKAP,2026-07-21 23:04:00,'AA63898710,1,
2026-07-21 00:00:00,KEF2107262,2026-07-21 00:00:00,LENGKAP,2026-07-21 23:04:00,'AA63898711,1,
2026-07-21 00:00:00,KEF21072626,2026-07-21 00:00:00,LENGKAP,2026-07-21 23:06:00,'AA63898692,1,
2026-07-21 00:00:00,KEF21072626,2026-07-21 00:00:00,LENGKAP,2026-07-21 23:06:00,'AA63898693,1,
2026-07-21 00:00:00,KEF21072626,2026-07-21 00:00:00,LENGKAP,2026-07-21 23:06:00,'AA63898694,1,
2026-07-21 00:00:00,KEF21072626,2026-07-21 00:00:00,LENGKAP,2026-07-21 23:06:00,'AA63898695,1,
2026-07-21 00:00:00,KEF21072626,2026-07-21 00:00:00,LENGKAP,2026-07-21 23:06:00,'AA63898696,1,
2026-07-21 00:00:00,KEF21072626,2026-07-21 00:00:00,LENGKAP,2026-07-21 23:06:00,'AA63898697,1,
2026-07-21 00:00:00,KEF21072626,2026-07-21 00:00:00,LENGKAP,2026-07-21 23:06:00,'AA63898698,1,
2026-07-21 00:00:00,KEF21072626,2026-07-21 00:00:00,LENGKAP,2026-07-21 23:06:00,'AA63898699,1,
2026-07-21 00:00:00,KEF21072626,2026-07-21 00:00:00,LENGKAP,2026-07-21 23:06:00,'AA63898700,1,
2026-07-21 00:00:00,KEF21072626,2026-07-21 00:00:00,LENGKAP,2026-07-21 23:06:00,'AA63898701,1,
2026-07-21 00:00:00,KEF21072626,2026-07-21 00:00:00,LENGKAP,2026-07-21 23:06:00,'AA63898702,1,
2026-07-21 00:00:00,KEF21072626,2026-07-21 00:00:00,LENGKAP,2026-07-21 23:06:00,'AA63898703,1,
2026-07-21 00:00:00,KEF21072626,2026-07-21 00:00:00,LENGKAP,2026-07-21 23:06:00,'AA63898704,1,
2026-07-21 00:00:00,KEF2107263,2026-07-21 00:00:00,LENGKAP,2026-07-21 19:51:00,'AD106585361,6,
2026-07-21 00:00:00,MLA8218691,2026-07-21 00:00:00,,,'AD106441337,4,BELUM MASUK KOE
2026-07-21 00:00:00,KOE2107202610,2026-07-21 00:00:00,LENGKAP,2026-07-21 13:38:00,'360660002776326,1,
2026-07-21 00:00:00,KOE2107202610,2026-07-21 00:00:00,LENGKAP,2026-07-21 13:38:00,'AA64499676,50,
2026-07-21 00:00:00,KOE2107202610,2026-07-21 00:00:00,LENGKAP,2026-07-21 13:38:00,'AA64597598,45,
2026-07-21 00:00:00,KOE2107202610,2026-07-21 00:00:00,LENGKAP,2026-07-21 13:38:00,'AD106343523,1,
2026-07-21 00:00:00,KOE2107202610,2026-07-21 00:00:00,LENGKAP,2026-07-21 13:38:00,'KOEAA03667919626,1,
2026-07-21 00:00:00,KOE2107202610,2026-07-21 00:00:00,LENGKAP,2026-07-21 13:38:00,'KOEAA03667939226,1,
2026-07-21 00:00:00,KOE2107202610,2026-07-21 00:00:00,LENGKAP,2026-07-21 13:38:00,'KOEAA03667949026,1,
2026-07-21 00:00:00,KOE2107202610,2026-07-21 00:00:00,LENGKAP,2026-07-21 13:38:00,'KOEEC02427403726,1,
2026-07-21 00:00:00,KOE2107202610,2026-07-21 00:00:00,LENGKAP,2026-07-21 13:38:00,'KOEEC02427651926,1,
2026-07-21 00:00:00,KOE2107202610,2026-07-21 00:00:00,LENGKAP,2026-07-21 13:38:00,'KOEEC02427681326,1,
2026-07-21 00:00:00,KOE2107202610,2026-07-21 00:00:00,LENGKAP,2026-07-21 13:38:00,'KOEEC02427702526,1,
2026-07-21 00:00:00,KOE2107202610,2026-07-21 00:00:00,LENGKAP,2026-07-21 13:38:00,'KOEEC02427841326,1,
2026-07-21 00:00:00,KOE2107202610,2026-07-21 00:00:00,LENGKAP,2026-07-21 13:38:00,'KOEEC02427911526,1,
2026-07-21 00:00:00,KOE2107202610,2026-07-21 00:00:00,LENGKAP,2026-07-21 13:38:00,'KOEEC02428163426,1,
2026-07-21 00:00:00,MLA8218691,2026-07-21 00:00:00,,,'AD106441344,2,BELUM MASUK KOE
2026-07-21 00:00:00,SAB8610143,2026-07-21 00:00:00,LENGKAP,2026-07-22 09:19:00,'360280002140226,1,
2026-07-21 00:00:00,SAB8610143,2026-07-21 00:00:00,LENGKAP,2026-07-22 09:19:00,'360280002147526,1,
2026-07-21 00:00:00,SAB8610143,2026-07-21 00:00:00,LENGKAP,2026-07-22 09:19:00,'AD99173001,1,
2026-07-21 00:00:00,SAB8610143,2026-07-21 00:00:00,LENGKAP,2026-07-22 09:19:00,'AD99173002,1,
2026-07-21 00:00:00,SAB8610143,2026-07-21 00:00:00,LENGKAP,2026-07-22 09:19:00,'AD99173003,1,
2026-07-21 00:00:00,SAB8610143,2026-07-21 00:00:00,LENGKAP,2026-07-22 09:19:00,'AD99173004,1,
2026-07-21 00:00:00,KOE2107202612,2026-07-21 00:00:00,LENGKAP,2026-07-21 10:37:00,'360700013094726,1,
2026-07-21 00:00:00,KOE2107202612,2026-07-21 00:00:00,LENGKAP,2026-07-21 10:37:00,'AA64499678,38,
2026-07-21 00:00:00,KOE2107202612,2026-07-21 00:00:00,LENGKAP,2026-07-21 10:37:00,'AA64597600,43,
2026-07-21 00:00:00,KOE2107202612,2026-07-21 00:00:00,LENGKAP,2026-07-21 10:37:00,'KOEEC02427423326,1,
2026-07-21 00:00:00,KOE2107202612,2026-07-21 00:00:00,LENGKAP,2026-07-21 10:37:00,'KOEEC02427562126,1,
2026-07-21 00:00:00,KOE2107202612,2026-07-21 00:00:00,LENGKAP,2026-07-21 10:37:00,'KOEEC02427602926,1,
2026-07-21 00:00:00,KOE2107202612,2026-07-21 00:00:00,LENGKAP,2026-07-21 10:37:00,'KOEEC02427931126,1,
2026-07-21 00:00:00,KOE2107202612,2026-07-21 00:00:00,LENGKAP,2026-07-21 10:37:00,'KOEEC02428093226,1,
2026-07-21 00:00:00,KOE2107202612,2026-07-21 00:00:00,LENGKAP,2026-07-21 10:37:00,'KOEEC02428104626,1,
2026-07-21 00:00:00,KOE2107202612,2026-07-21 00:00:00,LENGKAP,2026-07-21 10:37:00,'KOEEC02428423026,1,
2026-07-21 00:00:00,KOE2107202613,2026-07-21 00:00:00,LENGKAP,2026-07-21 17:24:00,'AA64597602,41,
2026-07-21 00:00:00,KOE2107202613,2026-07-21 00:00:00,LENGKAP,2026-07-21 17:24:00,'AD106339582,1,
2026-07-21 00:00:00,KOE2107202613,2026-07-21 00:00:00,LENGKAP,2026-07-21 17:24:00,'KOEEC02427413526,1,
2026-07-21 00:00:00,KOE2107202613,2026-07-21 00:00:00,LENGKAP,2026-07-21 17:24:00,'KOEEC02428114426,1,
2026-07-21 00:00:00,KOE2107202613,2026-07-21 00:00:00,LENGKAP,2026-07-21 17:24:00,'KOEEC02428362626,1,
2026-07-21 00:00:00,SAB8610143,2026-07-21 00:00:00,LENGKAP,2026-07-22 09:19:00,'AD99173005,1,
2026-07-21 00:00:00,SAB8610143,2026-07-21 00:00:00,LENGKAP,2026-07-22 09:19:00,'AD99173006,1,
2026-07-21 00:00:00,SAB8610143,2026-07-21 00:00:00,LENGKAP,2026-07-22 09:19:00,'AD99173007,1,
2026-07-21 00:00:00,SAB8610143,2026-07-21 00:00:00,LENGKAP,2026-07-22 09:19:00,'AD99173008,1,
2026-07-21 00:00:00,KOE2107202616,2026-07-21 00:00:00,LENGKAP,2026-07-21 09:02:00,'AA64597588,1,
2026-07-21 00:00:00,SAB8610143,2026-07-21 00:00:00,LENGKAP,2026-07-22 09:19:00,'AD99173009,1,
2026-07-21 00:00:00,SAB8610143,2026-07-21 00:00:00,LENGKAP,2026-07-22 09:19:00,'AD99173010,1,
2026-07-21 00:00:00,SAB8610143,2026-07-21 00:00:00,LENGKAP,2026-07-22 09:19:00,'AD99173011,1,
2026-07-21 00:00:00,SAB8610143,2026-07-21 00:00:00,LENGKAP,2026-07-22 09:19:00,'AD99173012,1,
2026-07-21 00:00:00,SAB8610143,2026-07-21 00:00:00,LENGKAP,2026-07-22 09:19:00,'AD99173013,1,
2026-07-21 00:00:00,SAB8610143,2026-07-21 00:00:00,LENGKAP,2026-07-22 09:19:00,'AD99173014,1,
2026-07-21 00:00:00,SAB8610143,2026-07-21 00:00:00,LENGKAP,2026-07-22 09:19:00,'AD99173015,1,
2026-07-21 00:00:00,SAB8610143,2026-07-21 00:00:00,LENGKAP,2026-07-22 09:19:00,'AD99173016,1,
2026-07-21 00:00:00,SAB8610143,2026-07-21 00:00:00,LENGKAP,2026-07-22 09:19:00,'AD99173017,1,
2026-07-21 00:00:00,SAB8610143,2026-07-21 00:00:00,LENGKAP,2026-07-22 09:19:00,'AD99173018,1,
2026-07-21 00:00:00,SAB8610143,2026-07-21 00:00:00,LENGKAP,2026-07-22 09:19:00,'AD99173019,1,
2026-07-21 00:00:00,SAB8610143,2026-07-21 00:00:00,LENGKAP,2026-07-22 09:19:00,'AD99173020,1,
2026-07-21 00:00:00,SAB8610143,2026-07-21 00:00:00,LENGKAP,2026-07-22 09:19:00,'AD99173021,1,
2026-07-21 00:00:00,SAB8610143,2026-07-21 00:00:00,LENGKAP,2026-07-22 09:19:00,'AD99173022,1,
2026-07-21 00:00:00,SAB8610143,2026-07-21 00:00:00,LENGKAP,2026-07-22 09:19:00,'AD99173023,1,
2026-07-21 00:00:00,SAB8610143,2026-07-21 00:00:00,LENGKAP,2026-07-22 09:19:00,'AD99173024,1,
2026-07-21 00:00:00,SAB8610143,2026-07-21 00:00:00,LENGKAP,2026-07-22 09:19:00,'AD99173025,1,
2026-07-21 00:00:00,SAB8610143,2026-07-21 00:00:00,LENGKAP,2026-07-22 09:19:00,'AD99173026,1,
2026-07-21 00:00:00,SAB8610143,2026-07-21 00:00:00,LENGKAP,2026-07-22 09:19:00,'AD99173027,1,
2026-07-21 00:00:00,SAB8610143,2026-07-21 00:00:00,LENGKAP,2026-07-22 09:19:00,'AD99173028,1,
2026-07-21 00:00:00,SAB8610143,2026-07-21 00:00:00,LENGKAP,2026-07-22 09:19:00,'AD99173029,1,
2026-07-21 00:00:00,SAB8610143,2026-07-21 00:00:00,LENGKAP,2026-07-22 09:19:00,'AD99173030,1,
2026-07-21 00:00:00,KOE220720262,2026-07-22 00:00:00,LENGKAP,2026-07-22 09:05:00,'AA56461965,1,
2026-07-21 00:00:00,KOE220720262,2026-07-22 00:00:00,LENGKAP,2026-07-22 09:05:00,'AA64499674,5,
2026-07-21 00:00:00,KOE220720262,2026-07-22 00:00:00,LENGKAP,2026-07-22 09:05:00,'AA64597576,44,
2026-07-21 00:00:00,SAB8610143,2026-07-21 00:00:00,LENGKAP,2026-07-22 09:19:00,'AD99173031,1,
2026-07-21 00:00:00,SOE8578717,2026-07-21 00:00:00,LENGKAP,2026-07-21 19:54:00,'AA64482698,1,
2026-07-21 00:00:00,SOE8578717,2026-07-21 00:00:00,LENGKAP,2026-07-21 19:54:00,'AA64482709,1,
2026-07-21 00:00:00,SOE8578717,2026-07-21 00:00:00,LENGKAP,2026-07-21 19:54:00,'AA64482712,1,
2026-07-21 00:00:00,SOE8578717,2026-07-21 00:00:00,LENGKAP,2026-07-21 19:54:00,'AD106442468,3,
2026-07-21 00:00:00,SOE8578717,2026-07-21 00:00:00,LENGKAP,2026-07-21 19:54:00,'AD106442469,1,
2026-07-21 00:00:00,SOE8578718,2026-07-21 00:00:00,LENGKAP,2026-07-21 17:35:00,'AD106442470,1,
2026-07-21 00:00:00,2747732997MOF,2026-07-22 00:00:00,EX KOE TO MOF,2026-07-21 07:21:00,'AA64499689,16,
2026-07-21 00:00:00,2747732997MOF,2026-07-22 00:00:00,EX KOE TO MOF,2026-07-21 07:21:00,'AA64499690,24,
2026-07-21 00:00:00,KOE220720264,2026-07-22 00:00:00,LENGKAP,2026-07-22 07:57:00,'360100034606026,1,
2026-07-21 00:00:00,KOE220720264,2026-07-22 00:00:00,LENGKAP,2026-07-22 07:57:00,'AA56461968,1,
2026-07-21 00:00:00,KOE220720264,2026-07-22 00:00:00,LENGKAP,2026-07-22 07:57:00,'AA64597572,27,
2026-07-21 00:00:00,KOE220720264,2026-07-22 00:00:00,LENGKAP,2026-07-22 07:57:00,'AA64597580,31,
2026-07-21 00:00:00,KOE220720264,2026-07-22 00:00:00,LENGKAP,2026-07-22 07:57:00,'AD99250758,1,
2026-07-21 00:00:00,KOE220720264,2026-07-22 00:00:00,LENGKAP,2026-07-22 07:57:00,'KOEEC02429481526,1,
2026-07-21 00:00:00,KOE220720264,2026-07-22 00:00:00,LENGKAP,2026-07-22 07:57:00,'KOEEC02429930526,1,
2026-07-21 00:00:00,KOE220720264,2026-07-22 00:00:00,LENGKAP,2026-07-22 07:57:00,'KOEEC02430384426,1,
2026-07-21 00:00:00,2747732997MOF,2026-07-22 00:00:00,EX KOE TO MOF,2026-07-21 07:21:00,'AA64499693,25,
2026-07-21 00:00:00,2747732997MOF,2026-07-22 00:00:00,EX KOE TO MOF,2026-07-21 07:21:00,'AA64499698,8,
2026-07-21 00:00:00,2747732997MOF,2026-07-22 00:00:00,EX KOE TO MOF,2026-07-21 07:21:00,'AA64499701,13,
2026-07-21 00:00:00,KOE220720267,2026-07-22 00:00:00,LENGKAP,2026-07-22 09:13:00,'AA64597570,6,
2026-07-21 00:00:00,2747732997MOF,2026-07-22 00:00:00,EX KOE TO MOF,2026-07-21 07:21:00,'AA64499705,14,
2026-07-21 00:00:00,2747732997MOF,2026-07-22 00:00:00,EX KOE TO MOF,2026-07-21 07:21:00,'AA64499706,5,
2026-07-21 00:00:00,2747732997MOF,2026-07-22 00:00:00,EX KOE TO MOF,2026-07-21 07:21:00,'AA64499709,21,
2026-07-21 00:00:00,2747732997MOF,2026-07-22 00:00:00,EX KOE TO MOF,2026-07-21 07:21:00,'AA64499710,1,
2026-07-21 00:00:00,2747732997MOF,2026-07-22 00:00:00,EX KOE TO MOF,2026-07-21 07:21:00,'AA64499713,12,
2026-07-21 00:00:00,2747732997MOF,2026-07-22 00:00:00,EX KOE TO MOF,2026-07-21 07:21:00,'AA64499714,11,
2026-07-21 00:00:00,2747732997MOF,2026-07-22 00:00:00,EX KOE TO MOF,2026-07-21 07:21:00,'AA64499717,1,
2026-07-21 00:00:00,2747733001MOF,2026-07-22 00:00:00,EX KOE TO MOF,2026-07-22 07:49:00,'AA64499577,1,
2026-07-21 00:00:00,2747733001MOF,2026-07-22 00:00:00,EX KOE TO MOF,2026-07-22 07:49:00,'AA64499585,17,
2026-07-21 00:00:00,2747733001MOF,2026-07-22 00:00:00,EX KOE TO MOF,2026-07-22 07:49:00,'AA64499737,16,
2026-07-21 00:00:00,2747733041TMC,2026-07-22 00:00:00,EX KOE TO TMC,2026-07-21 11:40:00,'AA64499631,1,
2026-07-21 00:00:00,2747733041TMC,2026-07-22 00:00:00,EX KOE TO TMC,2026-07-21 11:40:00,'AA64499654,27,
2026-07-21 00:00:00,2747733041TMC,2026-07-22 00:00:00,EX KOE TO TMC,2026-07-21 11:40:00,'AA64499656,25,
2026-07-21 00:00:00,2747733041TMC,2026-07-22 00:00:00,EX KOE TO TMC,2026-07-21 11:40:00,'AA64499657,13,
2026-07-21 00:00:00,MLA8218692,2026-07-21 00:00:00,LENGKAP,2026-07-21 13:38:00,'AD106441338,1,
2026-07-21 00:00:00,MLO8611752,2026-07-21 00:00:00,LENGKAP,2026-07-21 15:46:00,'AD97568200,1,
2026-07-21 00:00:00,OLS2107202602,2026-07-21 00:00:00,LENGKAP,2026-07-21 23:09:00,'AD104095853,1,
2026-07-21 00:00:00,OLS2107202602,2026-07-21 00:00:00,LENGKAP,2026-07-21 23:09:00,'AD104095855,1,
2026-07-21 00:00:00,OLS2107202602,2026-07-21 00:00:00,LENGKAP,2026-07-21 23:09:00,'AD104095856,1,
2026-07-21 00:00:00,OLS2107202602,2026-07-21 00:00:00,LENGKAP,2026-07-21 23:09:00,'AD104095857,1,
2026-07-21 00:00:00,OLS2107202602,2026-07-21 00:00:00,LENGKAP,2026-07-21 23:09:00,'AD104095858,1,
2026-07-21 00:00:00,OLS2107202602,2026-07-21 00:00:00,LENGKAP,2026-07-21 23:09:00,'AD104095859,1,
2026-07-21 00:00:00,2747733041TMC,2026-07-22 00:00:00,EX KOE TO TMC,2026-07-21 11:40:00,'AA64499666,1,
2026-07-21 00:00:00,2747733041TMC,2026-07-22 00:00:00,EX KOE TO TMC,2026-07-21 11:40:00,'AD104114054,8,
2026-07-21 00:00:00,2747733041TMC,2026-07-22 00:00:00,EX KOE TO TMC,2026-07-21 11:40:00,'AD104114433,7,
2026-07-21 00:00:00,ABU643346,2026-07-22 00:00:00,LENGKAP,2026-07-22 09:04:00,'AD109070643,4,
2026-07-21 00:00:00,KEF2107264,2026-07-22 00:00:00,LENGKAP,2026-07-22 09:04:00,'AD106585363,1,
2026-07-21 00:00:00,KOE220720261,2026-07-22 00:00:00,LENGKAP,2026-07-22 07:57:00,'360100034617726,1,
2026-07-21 00:00:00,KOE220720261,2026-07-22 00:00:00,LENGKAP,2026-07-22 07:57:00,'AA64597568,31,
2026-07-21 00:00:00,KOE220720261,2026-07-22 00:00:00,LENGKAP,2026-07-22 07:57:00,'AA64597578,52,
2026-07-21 00:00:00,KOE220720261,2026-07-22 00:00:00,LENGKAP,2026-07-22 07:57:00,'AD106608374,1,
2026-07-21 00:00:00,KOE220720261,2026-07-22 00:00:00,LENGKAP,2026-07-22 07:57:00,'AD99250760,1,
2026-07-21 00:00:00,KOE220720261,2026-07-22 00:00:00,LENGKAP,2026-07-22 07:57:00,'KOEAA03667958826,1,
2026-07-21 00:00:00,KOE220720261,2026-07-22 00:00:00,LENGKAP,2026-07-22 07:57:00,'KOEAW00081664526,1,
2026-07-21 00:00:00,KOE220720261,2026-07-22 00:00:00,LENGKAP,2026-07-22 07:57:00,'KOEEC02429352526,1,
2026-07-21 00:00:00,KOE220720261,2026-07-22 00:00:00,LENGKAP,2026-07-22 07:57:00,'KOEEC02429391726,1,
2026-07-21 00:00:00,KOE220720261,2026-07-22 00:00:00,LENGKAP,2026-07-22 07:57:00,'KOEEC02429471726,1,
2026-07-21 00:00:00,KOE220720261,2026-07-22 00:00:00,LENGKAP,2026-07-22 07:57:00,'KOEEC02429602326,1,
2026-07-21 00:00:00,KOE220720261,2026-07-22 00:00:00,LENGKAP,2026-07-22 07:57:00,'KOEEC02429920726,1,
2026-07-21 00:00:00,KOE220720261,2026-07-22 00:00:00,LENGKAP,2026-07-22 07:57:00,'KOEEC02430284826,1,
2026-07-21 00:00:00,KOE220720261,2026-07-22 00:00:00,LENGKAP,2026-07-22 07:57:00,'KOEEC02430294626,1,
2026-07-21 00:00:00,KOE220720261,2026-07-22 00:00:00,LENGKAP,2026-07-22 07:57:00,'KOEEC02430306026,1,
2026-07-21 00:00:00,KOE220720261,2026-07-22 00:00:00,LENGKAP,2026-07-22 07:57:00,'KOEEC02430315826,1,
2026-07-21 00:00:00,KOE220720261,2026-07-22 00:00:00,LENGKAP,2026-07-22 07:57:00,'KOEEC02430325626,1,
2026-07-21 00:00:00,KOE220720261,2026-07-22 00:00:00,LENGKAP,2026-07-22 07:57:00,'KOEEC02430335426,1,
2026-07-21 00:00:00,KOE220720261,2026-07-22 00:00:00,LENGKAP,2026-07-22 07:57:00,'KOEEC02430345226,1,
2026-07-21 00:00:00,KOE220720261,2026-07-22 00:00:00,LENGKAP,2026-07-22 07:57:00,'KOEEC02430355026,1,
2026-07-21 00:00:00,KOE220720261,2026-07-22 00:00:00,LENGKAP,2026-07-22 07:57:00,'KOEEC02430364826,1,
2026-07-21 00:00:00,KOE220720261,2026-07-22 00:00:00,LENGKAP,2026-07-22 07:57:00,'KOEEC02430474226,1,
2026-07-21 00:00:00,KOE220720263,2026-07-22 00:00:00,LENGKAP,2026-07-22 10:21:00,'360100034528526,1,
2026-07-21 00:00:00,KOE220720263,2026-07-22 00:00:00,LENGKAP,2026-07-22 10:21:00,'360250002831226,1,
2026-07-21 00:00:00,KOE220720263,2026-07-22 00:00:00,LENGKAP,2026-07-22 10:21:00,'AA56461969,1,
2026-07-21 00:00:00,KOE220720263,2026-07-22 00:00:00,LENGKAP,2026-07-22 10:21:00,'AA645975741,25,
2026-07-21 00:00:00,KOE220720263,2026-07-22 00:00:00,LENGKAP,2026-07-22 10:21:00,'AA64597582,20,
2026-07-21 00:00:00,KOE220720263,2026-07-22 00:00:00,LENGKAP,2026-07-22 10:21:00,'AD104114077,3,
2026-07-21 00:00:00,KOE220720263,2026-07-22 00:00:00,LENGKAP,2026-07-22 10:21:00,'KOEEC02429770526,1,
2026-07-21 00:00:00,KOE220720263,2026-07-22 00:00:00,LENGKAP,2026-07-22 10:21:00,'KOEEC02430245626,1,
2026-07-21 00:00:00,KOE220720263,2026-07-22 00:00:00,LENGKAP,2026-07-22 10:21:00,'KOEEC02430275026,1,
2026-07-21 00:00:00,KOE220720265,2026-07-22 00:00:00,LENGKAP,2026-07-21 23:56:00,'AA64597566,20,
2026-07-21 00:00:00,KOE220720265,2026-07-22 00:00:00,LENGKAP,2026-07-21 23:56:00,'AD104114071,2,
2026-07-21 00:00:00,KOE220720266,2026-07-22 00:00:00,LENGKAP,2026-07-21 23:57:00,'AA64597564,1,
2026-07-21 00:00:00,TMC8242495,2026-07-21 00:00:00,LENGKAP,2026-07-21 22:18:00,'AA69424509,1,
2026-07-21 00:00:00,TMC8242495,2026-07-21 00:00:00,LENGKAP,2026-07-21 22:18:00,'AA69424511,1,
2026-07-21 00:00:00,TMC8242495,2026-07-21 00:00:00,LENGKAP,2026-07-21 22:18:00,'AA69424512,1,
2026-07-21 00:00:00,TMC8242495,2026-07-21 00:00:00,LENGKAP,2026-07-21 22:18:00,'AA69424769,1,
2026-07-21 00:00:00,TMC8242495,2026-07-21 00:00:00,LENGKAP,2026-07-21 22:18:00,'AA69424770,1,
2026-07-21 00:00:00,TMC8242495,2026-07-21 00:00:00,LENGKAP,2026-07-21 22:18:00,'AA69424771,1,
2026-07-21 00:00:00,TMC8242495,2026-07-21 00:00:00,LENGKAP,2026-07-21 22:18:00,'AA69424903,1,
2026-07-21 00:00:00,TMC8242495,2026-07-21 00:00:00,LENGKAP,2026-07-21 22:18:00,'AA69424904,1,
2026-07-21 00:00:00,TMC8242495,2026-07-21 00:00:00,LENGKAP,2026-07-21 22:18:00,'AD99249945,1,
2026-07-21 00:00:00,TMC8242495,2026-07-21 00:00:00,LENGKAP,2026-07-21 22:18:00,'AD99249946,1,
2026-07-21 00:00:00,TMC8242495,2026-07-21 00:00:00,LENGKAP,2026-07-21 22:18:00,'AD99249949,1,
2026-07-21 00:00:00,TMC8242495,2026-07-21 00:00:00,LENGKAP,2026-07-21 22:18:00,'AD99249950,1,
2026-07-21 00:00:00,TMC8242495,2026-07-21 00:00:00,LENGKAP,2026-07-21 22:18:00,'AD99249951,1,
2026-07-21 00:00:00,TMC8242495,2026-07-21 00:00:00,LENGKAP,2026-07-21 22:18:00,'AD99249952,1,
2026-07-21 00:00:00,TMC8242495,2026-07-21 00:00:00,LENGKAP,2026-07-21 22:18:00,'AD99249967,1,
2026-07-21 00:00:00,TMC8242495,2026-07-21 00:00:00,LENGKAP,2026-07-21 22:18:00,'AD99249968,1,
2026-07-21 00:00:00,TMC8242495,2026-07-21 00:00:00,LENGKAP,2026-07-21 22:18:00,'AD99249971,1,
2026-07-21 00:00:00,TMC8612359,2026-07-21 00:00:00,LENGKAP,2026-07-21 14:08:00,'AD99249965,1,
2026-07-21 00:00:00,WBK6113165,2026-07-21 00:00:00,LENGKAP,2026-07-22 07:36:00,'AD106339598,1,
2026-07-21 00:00:00,WBK6113165,2026-07-21 00:00:00,LENGKAP,2026-07-22 07:36:00,'AD106339599,1,
2026-07-21 00:00:00,WBK6113166,2026-07-21 00:00:00,LENGKAP,2026-07-21 22:18:00,'AD106339596,1,
2026-07-21 00:00:00,WBK6113166,2026-07-21 00:00:00,LENGKAP,2026-07-21 22:18:00,'AD106339597,1,
2026-07-21 00:00:00,WGP8242354,2026-07-22 00:00:00,LENGKAP,2026-07-21 21:07:00,'AD106608385,1,
2026-07-21 00:00:00,WGP8242354,2026-07-22 00:00:00,LENGKAP,2026-07-21 21:07:00,'AD106608386,1,
2026-07-21 00:00:00,WGP8242355,2026-07-22 00:00:00,LENGKAP,2026-07-21 21:08:00,'AD106608406,1,
2026-07-21 00:00:00,WGP8242355,2026-07-22 00:00:00,LENGKAP,2026-07-21 21:08:00,'AD106608408,1,
2026-07-21 00:00:00,WGP8242356,2026-07-22 00:00:00,LENGKAP,2026-07-22 07:30:00,'AD106608388,1,
2026-07-21 00:00:00,WGP8242356,2026-07-22 00:00:00,LENGKAP,2026-07-22 07:30:00,'AD106608398,1,
2026-07-21 00:00:00,WKB8610842,2026-07-21 00:00:00,LENGKAP,2026-07-21 22:23:00,'AA69423746,1,
2026-07-21 00:00:00,WKB8610842,2026-07-21 00:00:00,LENGKAP,2026-07-21 22:23:00,'AA69423747,1,
2026-07-21 00:00:00,WKB8610842,2026-07-21 00:00:00,LENGKAP,2026-07-21 22:23:00,'AA69423755,1,
2026-07-21 00:00:00,WKB8610842,2026-07-21 00:00:00,LENGKAP,2026-07-21 22:23:00,'AA69423757,2,
2026-07-21 00:00:00,WKB8610842,2026-07-21 00:00:00,LENGKAP,2026-07-21 22:23:00,'AA69423758,1,
2026-07-21 00:00:00,WKB8610842,2026-07-21 00:00:00,LENGKAP,2026-07-21 22:23:00,'AA69423759,2,
2026-07-21 00:00:00,WKB8610842,2026-07-21 00:00:00,LENGKAP,2026-07-21 22:23:00,'AA69423760,1,
2026-07-21 00:00:00,WKB8610842,2026-07-21 00:00:00,LENGKAP,2026-07-21 22:23:00,'AA69423761,1,
2026-07-21 00:00:00,WKB8610842,2026-07-21 00:00:00,LENGKAP,2026-07-21 22:23:00,'AA69423762,1,
2026-07-21 00:00:00,WKB8610842,2026-07-21 00:00:00,LENGKAP,2026-07-21 22:23:00,'AD106343577,1,
2026-07-21 00:00:00,WKB8610842,2026-07-21 00:00:00,LENGKAP,2026-07-21 22:23:00,'AD106343578,1,
2026-07-21 00:00:00,WKB8610842,2026-07-21 00:00:00,LENGKAP,2026-07-21 22:23:00,'AD106343579,1,
2026-07-21 00:00:00,WKB8610842,2026-07-21 00:00:00,LENGKAP,2026-07-21 22:23:00,'AD106343580,1,
2026-07-21 00:00:00,WKB8610842,2026-07-21 00:00:00,LENGKAP,2026-07-21 22:23:00,'AD106343581,1,
2026-07-21 00:00:00,WKB8610842,2026-07-21 00:00:00,LENGKAP,2026-07-21 22:23:00,'AD106343582,1,
2026-07-21 00:00:00,WKB8610842,2026-07-21 00:00:00,LENGKAP,2026-07-21 22:23:00,'AD106343583,1,
2026-07-21 00:00:00,WKB8610842,2026-07-21 00:00:00,LENGKAP,2026-07-21 22:23:00,'TR42322610,1,
