SYSCODE,CODE,REGIONAL,KABUPATEN,KECAMATAN,STATUS,THREE LETTER CODE,MANIFEST DOMESTIC,MANIFEST INTERCITY,ZONA TARIF (PPDD),ZONA DELEVERY (QCE),RING ORIGIN,WILAYAH
CGK10000,CGK,JAKARTA,DKI Jakarta,Jakarta,CABANG UTAMA,CGK,CGK10000,CGK10000,A,A,RING 1,
CGK10100,CGK,JAKARTA,Jakarta Barat,Jakarta Barat,,CGK-BRT,CGK10000,CGK10000,A,A,RING 1,
CGK10101,CGK,JAKARTA,Jakarta Barat,Grogol Petamburan,,CGK-BRT,CGK10000,CGK10000,A,A,RING 1,
CGK10102,CGK,JAKARTA,Jakarta Barat,Kalideres,,CGK-BRT,CGK10000,CGK10000,A,A,RING 1,
CGK10103,CGK,JAKARTA,Jakarta Barat,Kebon Jeruk,,CGK-BRT,CGK10000,CGK10000,A,A,RING 1,
CGK10104,CGK,JAKARTA,Jakarta Barat,Kembangan,,CGK-BRT,CGK10000,CGK10000,A,A,RING 1,
CGK10105,CGK,JAKARTA,Jakarta Barat,Palmerah,,CGK-BRT,CGK10000,CGK10000,A,A,RING 1,
CGK10106,CGK,JAKARTA,Jakarta Barat,Taman Sari,,CGK-BRT,CGK10000,CGK10000,A,A,RING 1,
CGK10107,CGK,JAKARTA,Jakarta Barat,Tambora,,CGK-BRT,CGK10000,CGK10000,A,A,RING 1,
CGK10108,CGK,JAKARTA,Jakarta Barat,Cengkareng,,CGK-BRT,CGK10000,CGK10000,A,A,RING 1,
CGK10200,CGK,JAKARTA,Jakarta Selatan,Jakarta Selatan,,CGK-SLT,CGK10000,CGK10000,A,A,RING 1,
CGK10201,CGK,JAKARTA,Jakarta Selatan,Jagakarsa,,CGK-SLT,CGK10000,CGK10000,A,A,RING 1,
CGK10202,CGK,JAKARTA,Jakarta Selatan,Kebayoran Baru,,CGK-SLT,CGK10000,CGK10000,A,A,RING 1,
CGK10203,CGK,JAKARTA,Jakarta Selatan,Kebayoran Lama,,CGK-SLT,CGK10000,CGK10000,A,A,RING 1,
CGK10204,CGK,JAKARTA,Jakarta Selatan,Mampang Prapatan,,CGK-SLT,CGK10000,CGK10000,A,A,RING 1,
CGK10205,CGK,JAKARTA,Jakarta Selatan,Pancoran,,CGK-SLT,CGK10000,CGK10000,A,A,RING 1,
CGK10206,CGK,JAKARTA,Jakarta Selatan,Pasar Minggu,,CGK-SLT,CGK10000,CGK10000,A,A,RING 1,
CGK10207,CGK,JAKARTA,Jakarta Selatan,Pesanggrahan,,CGK-SLT,CGK10000,CGK10000,A,A,RING 1,
CGK10208,CGK,JAKARTA,Jakarta Selatan,Setia Budi,,CGK-SLT,CGK10000,CGK10000,A,A,RING 1,
CGK10209,CGK,JAKARTA,Jakarta Selatan,Tebet,,CGK-SLT,CGK10000,CGK10000,A,A,RING 1,
CGK10211,CGK,JAKARTA,Jakarta Selatan,Cilandak,,CGK-SLT,CGK10000,CGK10000,A,A,RING 1,
CGK10300,CGK,JAKARTA,Jakarta Pusat,Jakarta Pusat,,CGK-PST,CGK10000,CGK10000,A,A,RING 1,
CGK10301,CGK,JAKARTA,Jakarta Pusat,Cempaka Putih,,CGK-PST,CGK10000,CGK10000,A,A,RING 1,
CGK10302,CGK,JAKARTA,Jakarta Pusat,Gambir,,CGK-PST,CGK10000,CGK10000,A,A,RING 1,
CGK10303,CGK,JAKARTA,Jakarta Pusat,Johar Baru,,CGK-PST,CGK10000,CGK10000,A,A,RING 1,
CGK10304,CGK,JAKARTA,Jakarta Pusat,Kemayoran,,CGK-PST,CGK10000,CGK10000,A,A,RING 1,
CGK10305,CGK,JAKARTA,Jakarta Pusat,Menteng,,CGK-PST,CGK10000,CGK10000,A,A,RING 1,
CGK10306,CGK,JAKARTA,Jakarta Pusat,Sawah Besar,,CGK-PST,CGK10000,CGK10000,A,A,RING 1,
CGK10307,CGK,JAKARTA,Jakarta Pusat,Senen,,CGK-PST,CGK10000,CGK10000,A,A,RING 1,
CGK10308,CGK,JAKARTA,Jakarta Pusat,Tanah Abang,,CGK-PST,CGK10000,CGK10000,A,A,RING 1,
CGK10400,CGK,JAKARTA,Jakarta Utara,Jakarta Utara,,CGK-UTR,CGK10000,CGK10000,A,A,RING 1,
CGK10401,CGK,JAKARTA,Jakarta Utara,Kelapa Gading,,CGK-UTR,CGK10000,CGK10000,A,A,RING 1,
CGK10402,CGK,JAKARTA,Jakarta Utara,Koja,,CGK-UTR,CGK10000,CGK10000,A,A,RING 1,
CGK10403,CGK,JAKARTA,Jakarta Utara,Pademangan,,CGK-UTR,CGK10000,CGK10000,A,A,RING 1,
CGK10404,CGK,JAKARTA,Jakarta Utara,Penjaringan,,CGK-UTR,CGK10000,CGK10000,A,A,RING 1,
CGK10405,CGK,JAKARTA,Jakarta Utara,Tanjung Priok,,CGK-UTR,CGK10000,CGK10000,A,A,RING 1,
CGK10406,CGK,JAKARTA,Jakarta Utara,Cilincing,,CGK-UTR,CGK10000,CGK10000,A,A,RING 1,
CGK10500,CGK,JAKARTA,Jakarta Timur,Jakarta Timur,,CGK-TMR,CGK10000,CGK10000,A,A,RING 1,
CGK10501,CGK,JAKARTA,Jakarta Timur,Cakung,,CGK-TMR,CGK10000,CGK10000,A,A,RING 1,
CGK10502,CGK,JAKARTA,Jakarta Timur,Cipayung,,CGK-TMR,CGK10000,CGK10000,A,A,RING 1,
CGK10503,CGK,JAKARTA,Jakarta Timur,Ciracas,,CGK-TMR,CGK10000,CGK10000,A,A,RING 1,
CGK10504,CGK,JAKARTA,Jakarta Timur,Duren Sawit,,CGK-TMR,CGK10000,CGK10000,A,A,RING 1,
CGK10505,CGK,JAKARTA,Jakarta Timur,Jatinegara,,CGK-TMR,CGK10000,CGK10000,A,A,RING 1,
CGK10506,CGK,JAKARTA,Jakarta Timur,Kramat Jati,,CGK-TMR,CGK10000,CGK10000,A,A,RING 1,
CGK10507,CGK,JAKARTA,Jakarta Timur,Makasar,,CGK-TMR,CGK10000,CGK10000,A,A,RING 1,
CGK10508,CGK,JAKARTA,Jakarta Timur,Matraman,,CGK-TMR,CGK10000,CGK10000,A,A,RING 1,
CGK10509,CGK,JAKARTA,Jakarta Timur,Pasar Rebo,,CGK-TMR,CGK10000,CGK10000,A,A,RING 1,
CGK10510,CGK,JAKARTA,Jakarta Timur,Pulo Gadung,,CGK-TMR,CGK10000,CGK10000,A,A,RING 1,
CGK10600,CGK,JAKARTA,Pulau Pramuka,Pulau Pramuka,,CGK-TMR,CGK10000,CGK10000,B,B,RING 2,
CGK10601,CGK,JAKARTA,Kepulauan Seribu,Kepulauan Seribu Selatan,,CGK-TMR,CGK10000,CGK10000,B,B,RING 2,
CGK10602,CGK,JAKARTA,Kepulauan Seribu,Kepulauan Seribu Utara,,CGK-TMR,CGK10000,CGK10000,B,B,RING 2,
BKI10000,BKI,BODETABEKCILCIK,Kota Bekasi ,Bekasi,CABANG UTAMA,BKI,BKI10000,BKI10000,A,A,RING 1,
BKI10002,BKI,BODETABEKCILCIK,Bekasi,Bantar Gebang,,BKI-KRS,BKI10000,BKI10000,A,A,RING 1,
BKI10039,BKI,BODETABEKCILCIK,Bekasi,Bekasi Barat,,BKI-KRS,BKI10000,BKI10000,A,A,RING 1,
BKI10040,BKI,BODETABEKCILCIK,Bekasi,Bekasi Selatan,,BKI-KRS,BKI10000,BKI10000,A,A,RING 1,
BKI10041,BKI,BODETABEKCILCIK,Bekasi,Bekasi Timur,,BKI-KRS,BKI10000,BKI10000,A,A,RING 1,
BKI10042,BKI,BODETABEKCILCIK,Bekasi,Bekasi Utara,,BKI-KRS,BKI10000,BKI10000,A,A,RING 1,
BKI10043,BKI,BODETABEKCILCIK,Bekasi,Jatiasih,,BKI-JTA,BKI10000,BKI10000,A,A,RING 1,
BKI10044,BKI,BODETABEKCILCIK,Bekasi,Jati Sampurna,,BKI-JTA,BKI10000,BKI10000,A,A,RING 1,
BKI10045,BKI,BODETABEKCILCIK,Bekasi,Medan Satria,,BKI-KRS,BKI10000,BKI10000,A,A,RING 1,
BKI10046,BKI,BODETABEKCILCIK,Bekasi,Mustika Jaya,,BKI-KRS,BKI10000,BKI10000,A,A,RING 1,
BKI10047,BKI,BODETABEKCILCIK,Bekasi,Pondok Gede,,BKI-JTA,BKI10000,BKI10000,A,A,RING 1,
BKI10048,BKI,BODETABEKCILCIK,Bekasi,Pondok Melati,,BKI-JTA,BKI10000,BKI10000,A,A,RING 1,
BKI10049,BKI,BODETABEKCILCIK,Bekasi,Rawalumbu,,BKI-KRS,BKI10000,BKI10000,A,A,RING 1,
BKI10121,BKI,BODETABEKCILCIK,Bekasi,Tambun Utara,,BKI-KRS,BKI10000,BKI10000,A,A,RING 1,
BKI10122,BKI,BODETABEKCILCIK,Bekasi,Tarumajaya,,BKI-KRS,BKI10000,BKI10000,A,A,RING 1,
BKI10123,BKI,BODETABEKCILCIK,Bekasi,Babelan,,BKI-KRS,BKI10000,BKI10000,A,A,RING 1,
BOO10000,BOO,BODETABEKCILCIK,Kota Bogor,Bogor,CABANG UTAMA,BOO,BOO10000,BOO10000,A,A,RING 1,
BOO10026,BOO,BODETABEKCILCIK,Bogor,Bogor Barat - Kota,,BOO,BOO10000,BOO10000,A,A,RING 1,
BOO10027,BOO,BODETABEKCILCIK,Bogor,Bogor Selatan - Kota,,BOO,BOO10000,BOO10000,A,A,RING 1,
BOO10028,BOO,BODETABEKCILCIK,Bogor,Bogor Tengah - Kota,,BOO,BOO10000,BOO10000,A,A,RING 1,
BOO10029,BOO,BODETABEKCILCIK,Bogor,Bogor Timur - Kota,,BOO,BOO10000,BOO10000,A,A,RING 1,
BOO10030,BOO,BODETABEKCILCIK,Bogor,Bogor Utara - Kota,,BOO,BOO10000,BOO10000,A,A,RING 1,
BOO10031,BOO,BODETABEKCILCIK,Bogor,Tanah Sereal,,BOO,BOO10000,BOO10000,A,A,RING 1,
BOO20100,BOO,BODETABEKCILCIK,Bogor,Cibinong,,BOO,BOO10000,BOO10000,A,A,RING 1,
BOO20120,BOO,BODETABEKCILCIK,Bogor,Caringin,,BOO,BOO10000,BOO10000,A,A,RING 1,
BOO20121,BOO,BODETABEKCILCIK,Bogor,Cariu,,BOO - CLS,BOO20127,BOO10000,A,A,RING 1,
BOO20122,BOO,BODETABEKCILCIK,Bogor,Ciawi,,BOO,BOO10000,BOO10000,A,A,RING 1,
BOO20123,BOO,BODETABEKCILCIK,Bogor,Ciampea,,BOO,BOO10000,BOO10000,A,A,RING 1,
BOO20124,BOO,BODETABEKCILCIK,Bogor,Cibungbulang,,BOO,BOO10000,BOO10000,A,A,RING 1,
BOO20125,BOO,BODETABEKCILCIK,Bogor,Cigudeg,,BOO,BOO10000,BOO10000,A,A,RING 1,
BOO20126,BOO,BODETABEKCILCIK,Bogor,Cijeruk,,BOO,BOO10000,BOO10000,A,A,RING 1,
BOO20127,BOO,BODETABEKCILCIK,Bogor,Cileungsi,,BOO - CLS,BOO20127,BOO10000,A,A,RING 1,
BOO20128,BOO,BODETABEKCILCIK,Bogor,Ciomas,,BOO,BOO10000,BOO10000,A,A,RING 1,
BOO20129,BOO,BODETABEKCILCIK,Bogor,Cisarua,,BOO,BOO10000,BOO10000,A,A,RING 1,
BOO20130,BOO,BODETABEKCILCIK,Bogor,Citeureup,,BOO,BOO10000,BOO10000,A,A,RING 1,
BOO20131,BOO,BODETABEKCILCIK,Bogor,Dramaga,,BOO,BOO10000,BOO10000,A,A,RING 1,
BOO20132,BOO,BODETABEKCILCIK,Bogor,Gunung Sindur,,BOO,BOO10000,BOO10000,A,A,RING 1,
BOO20133,BOO,BODETABEKCILCIK,Bogor,Jasinga,,BOO,BOO10000,BOO10000,A,A,RING 1,
BOO20134,BOO,BODETABEKCILCIK,Bogor,Jonggol,,BOO - CLS,BOO20127,BOO10000,A,A,RING 1,
BOO20135,BOO,BODETABEKCILCIK,Bogor,Leuwiliang,,BOO,BOO10000,BOO10000,A,A,RING 1,
BOO20136,BOO,BODETABEKCILCIK,Bogor,Megamendung,,BOO,BOO10000,BOO10000,A,A,RING 1,
BOO20137,BOO,BODETABEKCILCIK,Bogor,Nanggung,,BOO,BOO10000,BOO10000,A,A,RING 1,
BOO20138,BOO,BODETABEKCILCIK,Bogor,Parung,,BOO,BOO10000,BOO10000,A,A,RING 1,
BOO20139,BOO,BODETABEKCILCIK,Bogor,Parung Panjang,,BOO,BOO10000,BOO10000,A,A,RING 1,
BOO20140,BOO,BODETABEKCILCIK,Bogor,Rumpin,,BOO,BOO10000,BOO10000,A,A,RING 1,
BOO20141,BOO,BODETABEKCILCIK,Bogor,Tenjo,,BOO,BOO10000,BOO10000,A,A,RING 1,
BOO20142,BOO,BODETABEKCILCIK,Bogor,Babakan Madang,,BOO,BOO10000,BOO10000,A,A,RING 1,
BOO20143,BOO,BODETABEKCILCIK,Bogor,Bojonggede,,BOO,BOO10000,BOO10000,A,A,RING 1,
BOO20144,BOO,BODETABEKCILCIK,Bogor,Cigombong,,BOO,BOO10000,BOO10000,A,A,RING 1,
BOO20145,BOO,BODETABEKCILCIK,Bogor,Ciseeng,,BOO,BOO10000,BOO10000,A,A,RING 1,
BOO20146,BOO,BODETABEKCILCIK,Bogor,Kemang,,BOO,BOO10000,BOO10000,A,A,RING 1,
BOO20147,BOO,BODETABEKCILCIK,Bogor,Klapanunggal,,BOO - CLS,BOO20127,BOO10000,A,A,RING 1,
BOO20148,BOO,BODETABEKCILCIK,Bogor,Leuwisadeng,,BOO,BOO10000,BOO10000,A,A,RING 1,
BOO20149,BOO,BODETABEKCILCIK,Bogor,Pamijahan,,BOO,BOO10000,BOO10000,A,A,RING 1,
BOO20150,BOO,BODETABEKCILCIK,Bogor,Ranca Bungur,,BOO,BOO10000,BOO10000,A,A,RING 1,
BOO20151,BOO,BODETABEKCILCIK,Bogor,Sukajaya,,BOO,BOO10000,BOO10000,A,A,RING 1,
BOO20152,BOO,BODETABEKCILCIK,Bogor,Sukamakmur,,BOO - CLS,BOO20127,BOO10000,A,A,RING 1,
BOO20153,BOO,BODETABEKCILCIK,Bogor,Sukaraja,,BOO,BOO10000,BOO10000,A,A,RING 1,
BOO20154,BOO,BODETABEKCILCIK,Bogor,Tajurhalang,,BOO,BOO10000,BOO10000,A,A,RING 1,
BOO20155,BOO,BODETABEKCILCIK,Bogor,Tamansari,,BOO,BOO10000,BOO10000,A,A,RING 1,
BOO20156,BOO,BODETABEKCILCIK,Bogor,Tanjungsari,,BOO - CLS,BOO20127,BOO10000,A,A,RING 1,
BOO20157,BOO,BODETABEKCILCIK,Bogor,Tenjolaya,,BOO,BOO10000,BOO10000,A,A,RING 1,
BOO20159,BOO,BODETABEKCILCIK,Bogor,Gunung Putri,,BOO - CLS,BOO20127,BOO10000,A,A,RING 1,
CKR10000,CKR,BODETABEKCILCIK,Cikarang,Cikarang,CABANG UTAMA,CKR,CKR10000,CKR10000,A,A,RING 1,
CKR10001,CKR,BODETABEKCILCIK,Bekasi,Cikarang Barat,,CKR,CKR10000,CKR10000,A,A,RING 1,
CKR10002,CKR,BODETABEKCILCIK,Bekasi,Cikarang Pusat,,CKR,CKR10000,CKR10000,A,A,RING 1,
CKR10003,CKR,BODETABEKCILCIK,Bekasi,Cikarang Selatan,,CKR,CKR10000,CKR10000,A,A,RING 1,
CKR10004,CKR,BODETABEKCILCIK,Bekasi,Cikarang Timur,,CKR-SKN,CKR10014,CKR10000,A,A,RING 1,
CKR10005,CKR,BODETABEKCILCIK,Bekasi,Cikarang Utara,,CKR,CKR10000,CKR10000,A,A,RING 1,
CKR10006,CKR,BODETABEKCILCIK,Bekasi,Cabangbungin,,CKR-SKN,CKR10014,CKR10000,A,A,RING 1,
CKR10007,CKR,BODETABEKCILCIK,Bekasi,Cibarusah,,CKR,CKR10000,CKR10000,A,A,RING 1,
CKR10008,CKR,BODETABEKCILCIK,Bekasi,Cibitung,,CKR,CKR10000,CKR10000,A,A,RING 1,
CKR10009,CKR,BODETABEKCILCIK,Bekasi,Kedung Waringin,,CKR-SKN,CKR10014,CKR10000,A,A,RING 1,
CKR10010,CKR,BODETABEKCILCIK,Bekasi,Muara Gembong,,CKR-SKN,CKR10014,CKR10000,A,A,RING 1,
CKR10011,CKR,BODETABEKCILCIK,Bekasi,Pebayuran,,CKR-SKN,CKR10014,CKR10000,A,A,RING 1,
CKR10012,CKR,BODETABEKCILCIK,Bekasi,Serang Baru,,CKR,CKR10000,CKR10000,A,A,RING 1,
CKR10013,CKR,BODETABEKCILCIK,Bekasi,Setu,,CKR,CKR10000,CKR10000,A,A,RING 1,
CKR10014,CKR,BODETABEKCILCIK,Bekasi,Sukatani,,CKR-SKN,CKR10014,CKR10000,A,A,RING 1,
CKR10015,CKR,BODETABEKCILCIK,Bekasi,Tambelang,,CKR-SKN,CKR10014,CKR10000,A,A,RING 1,
CKR10016,CKR,BODETABEKCILCIK,Bekasi,Karangbahagia,,CKR-SKN,CKR10014,CKR10000,A,A,RING 1,
CKR10017,CKR,BODETABEKCILCIK,Bekasi,Sukakarya,,CKR-SKN,CKR10014,CKR10000,A,A,RING 1,
CKR10018,CKR,BODETABEKCILCIK,Bekasi,Sukawangi,,CKR-SKN,CKR10014,CKR10000,A,A,RING 1,
CKR10019,CKR,BODETABEKCILCIK,Bekasi,Bojongmangu,,CKR,CKR10000,CKR10000,A,A,RING 1,
CKR10020,CKR,BODETABEKCILCIK,Bekasi,Tambun Selatan,,CKR,CKR10000,CKR10000,A,A,RING 1,
CLG10000,CLG,BODETABEKCILCIK,Kota Cilegon,Cilegon,CABANG UTAMA,CLG,CLG10000,CLG10000,A,A,RING 1,
CLG10004,CLG,BODETABEKCILCIK,Cilegon,Pulomerak,,CLG,CLG10000,CLG10000,A,A,RING 1,
CLG10037,CLG,BODETABEKCILCIK,Cilegon,Cibeber,,CLG,CLG10000,CLG10000,A,A,RING 1,
CLG10039,CLG,BODETABEKCILCIK,Cilegon,Citangkil,,CLG,CLG10000,CLG10000,A,A,RING 1,
CLG10040,CLG,BODETABEKCILCIK,Cilegon,Ciwandan,,CLG,CLG10000,CLG10000,A,A,RING 1,
CLG10041,CLG,BODETABEKCILCIK,Cilegon,Gerogol,,CLG,CLG10000,CLG10000,A,A,RING 1,
CLG10042,CLG,BODETABEKCILCIK,Cilegon,Jombang,,CLG,CLG10000,CLG10000,A,A,RING 1,
CLG10043,CLG,BODETABEKCILCIK,Cilegon,Purwakarta,,CLG,CLG10000,CLG10000,A,A,RING 1,
CLG20100,CLG,BODETABEKCILCIK,Kab. Pandeglang,Pandeglang,CABANG,CLG-PDL,CLG20100,CLG20100,B,B,RING 2,
CLG20101,CLG,BODETABEKCILCIK,Pandeglang,Banjar,,CLG-PDL,CLG20100,CLG20100,C,C,RING 2,
CLG20103,CLG,BODETABEKCILCIK,Pandeglang,Bojong,,CLG-PDL,CLG20100,CLG20100,C,C,RING 2,
CLG20105,CLG,BODETABEKCILCIK,Cadas Sari,Cadas Sari,,CLG-PDL,CLG20100,CLG20100,C,C,RING 2,
CLG20106,CLG,BODETABEKCILCIK,Pandeglang,Cibaliung,,CLG-LAB,CLG20100,CLG20100,C,C,RING 2,
CLG20108,CLG,BODETABEKCILCIK,Pandeglang,Cikeusik,,CLG-PDL,CLG20100,CLG20100,C,C,RING 2,
CLG20109,CLG,BODETABEKCILCIK,Pandeglang,Cimanggu,,CLG-LAB,CLG20100,CLG20100,C,C,RING 2,
CLG20110,CLG,BODETABEKCILCIK,Pandeglang,Cimanuk,,CLG-PDL,CLG20100,CLG20100,C,C,RING 2,
CLG20112,CLG,BODETABEKCILCIK,Pandeglang,Jiput,,CLG-PDL,CLG20100,CLG20100,C,C,RING 2,
CLG20113,CLG,BODETABEKCILCIK,Pandeglang,Labuan,,CLG-LAB,CLG20100,CLG20100,C,C,RING 2,
CLG20114,CLG,BODETABEKCILCIK,Pandeglang,Mandalawangi,,CLG-PDL,CLG20100,CLG20100,C,C,RING 2,
CLG20115,CLG,BODETABEKCILCIK,Pandeglang,Menes,,CLG-PDL,CLG20100,CLG20100,C,C,RING 2,
CLG20116,CLG,BODETABEKCILCIK,Pandeglang,Munjul,,CLG-PDL,CLG20100,CLG20100,C,C,RING 2,
CLG20118,CLG,BODETABEKCILCIK,Pandeglang,Pagelaran,,CLG-LAB,CLG20100,CLG20100,C,C,RING 2,
CLG20120,CLG,BODETABEKCILCIK,Pandeglang,Saketi,,CLG-PDL,CLG20100,CLG20100,C,C,RING 2,
CLG20121,CLG,BODETABEKCILCIK,Pandeglang,Sumur,,CLG-LAB,CLG20100,CLG20100,C,C,RING 2,
CLG20122,CLG,BODETABEKCILCIK,Pandeglang,Angsana,,CLG-LAB,CLG20100,CLG20100,C,C,RING 2,
CLG20123,CLG,BODETABEKCILCIK,Pandeglang,Carita,,CLG-LAB,CLG20100,CLG20100,C,C,RING 2,
CLG20124,CLG,BODETABEKCILCIK,Pandeglang,Cibitung,,CLG-LAB,CLG20100,CLG20100,C,C,RING 2,
CLG20125,CLG,BODETABEKCILCIK,Pandeglang,Cigeulis,,CLG-LAB,CLG20100,CLG20100,C,C,RING 2,
CLG20126,CLG,BODETABEKCILCIK,Pandeglang,Cikeudal (Cikedal),,CLG-PDL,CLG20100,CLG20100,C,C,RING 2,
CLG20128,CLG,BODETABEKCILCIK,Pandeglang,Cipeucang,,CLG-PDL,CLG20100,CLG20100,C,C,RING 2,
CLG20129,CLG,BODETABEKCILCIK,Pandeglang,Cisata,,CLG-PDL,CLG20100,CLG20100,C,C,RING 2,
CLG20130,CLG,BODETABEKCILCIK,Pandeglang,Kaduhejo,,CLG-PDL,CLG20100,CLG20100,C,C,RING 2,
CLG20131,CLG,BODETABEKCILCIK,Karangtanjung,Karangtanjung,,CLG-PDL,CLG20100,CLG20100,C,C,RING 2,
CLG20133,CLG,BODETABEKCILCIK,Pandeglang,Panimbang,,CLG-LAB,CLG20100,CLG20100,C,C,RING 2,
CLG20134,CLG,BODETABEKCILCIK,Pandeglang,Patia,,CLG-LAB,CLG20100,CLG20100,C,C,RING 2,
CLG20135,CLG,BODETABEKCILCIK,Pandeglang,Picung,,CLG-PDL,CLG20100,CLG20100,C,C,RING 2,
CLG20136,CLG,BODETABEKCILCIK,Pandeglang,Sukaresmi,,CLG-LAB,CLG20100,CLG20100,C,C,RING 2,
CLG20137,CLG,BODETABEKCILCIK,Pandeglang,Koroncong,,CLG-PDL,CLG20100,CLG20100,C,C,RING 2,
CLG20138,CLG,BODETABEKCILCIK,Pandeglang,Mekarjaya,,CLG-PDL,CLG20100,CLG20100,C,C,RING 2,
CLG20139,CLG,BODETABEKCILCIK,Pandeglang,Pulosari,,CLG-PDL,CLG20100,CLG20100,C,C,RING 2,
CLG20140,CLG,BODETABEKCILCIK,Pandeglang,Sindangresmi,,CLG-PDL,CLG20100,CLG20100,C,C,RING 2,
CLG20141,CLG,BODETABEKCILCIK,Pandeglang,Sobang,,CLG-LAB,CLG20100,CLG20100,C,C,RING 2,
CLG20142,CLG,BODETABEKCILCIK,Pandeglang,Cadasari,,CLG-PDL,CLG20100,CLG20100,C,C,RING 2,
CLG20143,CLG,BODETABEKCILCIK,Pandeglang,Karang Tanjung,,CLG-PDL,CLG20100,CLG20100,C,C,RING 2,
CLG20144,CLG,BODETABEKCILCIK,Pandeglang,Majasari,,CLG-PDL,CLG20100,CLG20100,C,C,RING 2,
CLG20200,CLG,BODETABEKCILCIK,Kab. Lebak,Rangkasbitung,CABANG,CLG-RKS,CLG20200,CLG20200,B,B,RING 2,
CLG20201,CLG,BODETABEKCILCIK,Lebak,Banjarsari,,CLG-MLP,CLG20200,CLG20200,C,C,RING 2,
CLG20202,CLG,BODETABEKCILCIK,Lebak,Bayah,,CLG-MLP,CLG20200,CLG20200,C,C,RING 2,
CLG20203,CLG,BODETABEKCILCIK,Lebak,Bojongmanik,,CLG-RKS,CLG20200,CLG20200,C,C,RING 2,
CLG20204,CLG,BODETABEKCILCIK,Lebak,Cibadak,,CLG-RKS,CLG20200,CLG20200,C,C,RING 2,
CLG20205,CLG,BODETABEKCILCIK,Lebak,Cibeber,,CLG-MLP,CLG20200,CLG20200,C,C,RING 2,
CLG20206,CLG,BODETABEKCILCIK,Lebak,Cijaku,,CLG-MLP,CLG20200,CLG20200,C,C,RING 2,
CLG20207,CLG,BODETABEKCILCIK,Lebak,Cikulur,,CLG-RKS,CLG20200,CLG20200,C,C,RING 2,
CLG20208,CLG,BODETABEKCILCIK,Lebak,Cileles,,CLG-RKS,CLG20200,CLG20200,C,C,RING 2,
CLG20209,CLG,BODETABEKCILCIK,Lebak,Cimarga,,CLG-RKS,CLG20200,CLG20200,C,C,RING 2,
CLG20210,CLG,BODETABEKCILCIK,Lebak,Cipanas,,CLG-RKS,CLG20200,CLG20200,C,C,RING 2,
CLG20211,CLG,BODETABEKCILCIK,Lebak,Gunung Kencana,,CLG-MLP,CLG20200,CLG20200,C,C,RING 2,
CLG20212,CLG,BODETABEKCILCIK,Lebak,Leuwidamar,,CLG-RKS,CLG20200,CLG20200,C,C,RING 2,
CLG20213,CLG,BODETABEKCILCIK,Lebak,Maja,,CLG-RKS,CLG20200,CLG20200,C,C,RING 2,
CLG20214,CLG,BODETABEKCILCIK,Lebak,Malingping,,CLG-MLP,CLG20200,CLG20200,C,C,RING 2,
CLG20215,CLG,BODETABEKCILCIK,Lebak,Muncang,,CLG-RKS,CLG20200,CLG20200,C,C,RING 2,
CLG20216,CLG,BODETABEKCILCIK,Lebak,Panggarangan,,CLG-MLP,CLG20200,CLG20200,C,C,RING 2,
CLG20217,CLG,BODETABEKCILCIK,Lebak,Sajira,,CLG-RKS,CLG20200,CLG20200,C,C,RING 2,
CLG20218,CLG,BODETABEKCILCIK,Lebak,Wanasalam,,CLG-MLP,CLG20200,CLG20200,C,C,RING 2,
CLG20219,CLG,BODETABEKCILCIK,Lebak,Warunggunung,,CLG-RKS,CLG20200,CLG20200,C,C,RING 2,
CLG20221,CLG,BODETABEKCILCIK,Lebak,Curugbitung,,CLG-RKS,CLG20200,CLG20200,C,C,RING 2,
CLG20223,CLG,BODETABEKCILCIK,Lebak,Sobang,,CLG-RKS,CLG20200,CLG20200,C,C,RING 2,
CLG20224,CLG,BODETABEKCILCIK,Lebak,Cigemblong,,CLG-MLP,CLG20200,CLG20200,C,C,RING 2,
CLG20225,CLG,BODETABEKCILCIK,Lebak,Cihara,,CLG-MLP,CLG20200,CLG20200,C,C,RING 2,
CLG20226,CLG,BODETABEKCILCIK,Lebak,Cilograng,,CLG-MLP,CLG20200,CLG20200,C,C,RING 2,
CLG20227,CLG,BODETABEKCILCIK,Lebak,Cirinten,,CLG-RKS,CLG20200,CLG20200,C,C,RING 2,
CLG20228,CLG,BODETABEKCILCIK,Lebak,Kalanganyar,,CLG-RKS,CLG20200,CLG20200,C,C,RING 2,
CLG20229,CLG,BODETABEKCILCIK,Lebak,Lebakgedong,,CLG-RKS,CLG20200,CLG20200,C,C,RING 2,
CLG20300,CLG,BODETABEKCILCIK,Serang,Serang,,CLG-SEG,CLG10000,CLG10000,A,A,RING 1,
CLG20310,CLG,BODETABEKCILCIK,Serang,Curug,,CLG-SEG,CLG10000,CLG10000,A,A,RING 1,
CLG20312,CLG,BODETABEKCILCIK,Serang,Kasemen,,CLG-SEG,CLG10000,CLG10000,A,A,RING 1,
CLG20323,CLG,BODETABEKCILCIK,Serang,Taktakan,,CLG-SEG,CLG10000,CLG10000,A,A,RING 1,
CLG20327,CLG,BODETABEKCILCIK,Serang,Walantaka,,CLG-SEG,CLG10000,CLG10000,A,A,RING 1,
CLG20328,CLG,BODETABEKCILCIK,Serang,Cipocok Jaya,,CLG-SEG,CLG10000,CLG10000,A,A,RING 1,
CLG20500,CLG,BODETABEKCILCIK,Serang,Baros,,CLG-SEG,CLG10000,CLG10000,B,B,RING 1,
CLG20501,CLG,BODETABEKCILCIK,Serang,Anyar,,CLG-SEG,CLG10000,CLG10000,B,B,RING 1,
CLG20502,CLG,BODETABEKCILCIK,Serang,Binuang,,CLG-SEG,CLG10000,CLG10000,C,C,RING 1,
CLG20503,CLG,BODETABEKCILCIK,Serang,Bojonegara,,CLG-SEG,CLG10000,CLG10000,C,C,RING 1,
CLG20504,CLG,BODETABEKCILCIK,Serang,Carenang (Cerenang),,CLG-SEG,CLG10000,CLG10000,C,C,RING 1,
CLG20505,CLG,BODETABEKCILCIK,Serang,Cikande,,CLG-SEG,CLG10000,CLG10000,C,C,RING 1,
CLG20506,CLG,BODETABEKCILCIK,Serang,Cikeusal,,CLG-SEG,CLG10000,CLG10000,C,C,RING 1,
CLG20507,CLG,BODETABEKCILCIK,Serang,Cinangka,,CLG-SEG,CLG10000,CLG10000,C,C,RING 1,
CLG20508,CLG,BODETABEKCILCIK,Serang,Ciomas,,CLG-SEG,CLG10000,CLG10000,C,C,RING 1,
CLG20509,CLG,BODETABEKCILCIK,Serang,Ciruas,,CLG-SEG,CLG10000,CLG10000,C,C,RING 1,
CLG20510,CLG,BODETABEKCILCIK,Serang,Jawilan,,CLG-SEG,CLG10000,CLG10000,C,C,RING 1,
CLG20511,CLG,BODETABEKCILCIK,Serang,Kibin,,CLG-SEG,CLG10000,CLG10000,C,C,RING 1,
CLG20512,CLG,BODETABEKCILCIK,Serang,Kopo,,CLG-SEG,CLG10000,CLG10000,C,C,RING 1,
CLG20513,CLG,BODETABEKCILCIK,Serang,Kragilan,,CLG-SEG,CLG10000,CLG10000,C,C,RING 1,
CLG20514,CLG,BODETABEKCILCIK,Serang,Kramatwatu,,CLG-SEG,CLG10000,CLG10000,C,C,RING 1,
CLG20515,CLG,BODETABEKCILCIK,Serang,Mancak,,CLG-SEG,CLG10000,CLG10000,C,C,RING 1,
CLG20516,CLG,BODETABEKCILCIK,Serang,Pabuaran,,CLG-SEG,CLG10000,CLG10000,C,C,RING 1,
CLG20517,CLG,BODETABEKCILCIK,Serang,Padarincang,,CLG-SEG,CLG10000,CLG10000,C,C,RING 1,
CLG20518,CLG,BODETABEKCILCIK,Serang,Pamarayan,,CLG-SEG,CLG10000,CLG10000,C,C,RING 1,
CLG20519,CLG,BODETABEKCILCIK,Serang,Petir,,CLG-SEG,CLG10000,CLG10000,C,C,RING 1,
CLG20520,CLG,BODETABEKCILCIK,Serang,Pontang,,CLG-SEG,CLG10000,CLG10000,C,C,RING 1,
CLG20521,CLG,BODETABEKCILCIK,Serang,Pulo Ampel,,CLG-SEG,CLG10000,CLG10000,C,C,RING 1,
CLG20522,CLG,BODETABEKCILCIK,Serang,Tanara,,CLG-SEG,CLG10000,CLG10000,C,C,RING 1,
CLG20523,CLG,BODETABEKCILCIK,Serang,Tirtayasa,,CLG-SEG,CLG10000,CLG10000,C,C,RING 1,
CLG20524,CLG,BODETABEKCILCIK,Serang,Tunjung Teja,,CLG-SEG,CLG10000,CLG10000,C,C,RING 1,
CLG20525,CLG,BODETABEKCILCIK,Serang,Waringin Kurung,,CLG-SEG,CLG10000,CLG10000,B,C,RING 1,
CLG20526,CLG,BODETABEKCILCIK,Serang,Bandung,,CLG-SEG,CLG10000,CLG10000,B,B,RING 1,
CLG20527,CLG,BODETABEKCILCIK,Serang,Gunungsari,,CLG-SEG,CLG10000,CLG10000,A,A,RING 1,
CLG20528,CLG,BODETABEKCILCIK,Serang,Lebak Wangi,,CLG-SEG,CLG10000,CLG10000,A,A,RING 1,
DPK10000,DPK,BODETABEKCILCIK,Kota Depok,Depok,CABANG UTAMA,DPK,DPK10000,DPK10000,A,A,RING 1,
DPK10050,DPK,BODETABEKCILCIK,Cibubur,Cibubur,,DPK,DPK10000,DPK10000,A,A,RING 1,
DPK10052,DPK,BODETABEKCILCIK,Depok,Cimanggis,,DPK-CIM,DPK10000,DPK10000,A,A,RING 1,
DPK10058,DPK,BODETABEKCILCIK,Depok,Sawangan,,DPK-SAW,DPK10060,DPK10000,A,A,RING 1,
DPK10059,DPK,BODETABEKCILCIK,Depok,Beji,,DPK,DPK10000,DPK10000,A,A,RING 1,
DPK10060,DPK,BODETABEKCILCIK,Depok,Limo,,DPK-LIM,DPK10060,DPK10000,A,A,RING 1,
DPK10061,DPK,BODETABEKCILCIK,Depok,Pancoran Mas,,DPK,DPK10000,DPK10000,A,A,RING 1,
DPK10062,DPK,BODETABEKCILCIK,Depok,Sukmajaya,,DPK,DPK10000,DPK10000,A,A,RING 1,
DPK10063,DPK,BODETABEKCILCIK,Depok,Cilodong,,DPK-COL,DPK10000,DPK10000,A,A,RING 1,
DPK10064,DPK,BODETABEKCILCIK,Depok,Tapos,,DPK,DPK10000,DPK10000,A,A,RING 1,
DPK10065,DPK,BODETABEKCILCIK,Depok,Cipayung,,DPK,DPK10000,DPK10000,A,A,RING 1,
DPK10066,DPK,BODETABEKCILCIK,Depok,Bojongsari,,DPK-SAW,DPK10060,DPK10000,A,A,RING 1,
DPK10067,DPK,BODETABEKCILCIK,Depok,Cinere,,DPK-LIM,DPK10060,DPK10000,A,A,RING 1,
TGR10000,TGR,BODETABEKCILCIK,Kota Tangerang,Tangerang,CABANG UTAMA,TGR,TGR10000,TGR10000,A,A,RING 1,
TGR10036,TGR,BODETABEKCILCIK,Tangerang,Ciledug,,TGR,TGR10000,TGR10000,A,A,RING 1,
TGR10046,TGR,BODETABEKCILCIK,Tangerang,Batuceper,,TGR,TGR10000,TGR10000,A,A,RING 1,
TGR10047,TGR,BODETABEKCILCIK,Tangerang,Benda,,TGR-NEG,TGR10054,TGR10000,A,A,RING 1,
TGR10048,TGR,BODETABEKCILCIK,Tangerang,Cibodas,,TGR,TGR10000,TGR10000,A,A,RING 1,
TGR10049,TGR,BODETABEKCILCIK,Tangerang,Cipondoh,,TGR,TGR10000,TGR10000,A,A,RING 1,
TGR10050,TGR,BODETABEKCILCIK,Tangerang,Jatiuwung,,TGR-NEG,TGR10054,TGR10000,A,A,RING 1,
TGR10051,TGR,BODETABEKCILCIK,Karangtengah ,Karangtengah ,,TGR,TGR10000,TGR10000,A,A,RING 1,
TGR10052,TGR,BODETABEKCILCIK,Tangerang,Karawaci,,TGR-NEG,TGR10054,TGR10000,A,A,RING 1,
TGR10053,TGR,BODETABEKCILCIK,Tangerang,Larangan,,TGR,TGR10000,TGR10000,A,A,RING 1,
TGR10054,TGR,BODETABEKCILCIK,Tangerang,Neglasari,,TGR-NEG,TGR10054,TGR10000,A,A,RING 1,
TGR10055,TGR,BODETABEKCILCIK,Tangerang,Periuk,,TGR-NEG,TGR10054,TGR10000,A,A,RING 1,
TGR10056,TGR,BODETABEKCILCIK,Tangerang,Pinang (Penang),,TGR,TGR10000,TGR10000,A,A,RING 1,
TGR10057,TGR,BODETABEKCILCIK,Tangerang,Karang Tengah,,TGR,TGR10000,TGR10000,A,A,RING 1,
TGR10100,TGR,BODETABEKCILCIK,Tangerang,Tigaraksa,,TGR-TGA,TGR10100,TGR10000,A,A,RING 1,
TGR10101,TGR,BODETABEKCILCIK,Tangerang,Balaraja,,TGR-KRK,TGR10106,TGR10000,A,A,RING 1,
TGR10102,TGR,BODETABEKCILCIK,Tangerang,Cikupa,,TGR-TGA,TGR10100,TGR10000,A,A,RING 1,
TGR10103,TGR,BODETABEKCILCIK,Tangerang,Cisoka,,TGR-TGA,TGR10100,TGR10000,A,A,RING 1,
TGR10104,TGR,BODETABEKCILCIK,Tangerang,Curug,,TGR-TGA,TGR10100,TGR10000,A,A,RING 1,
TGR10105,TGR,BODETABEKCILCIK,Tangerang,Kronjo,,TGR-KRK,TGR10106,TGR10000,A,A,RING 1,
TGR10106,TGR,BODETABEKCILCIK,Tangerang,Kresek,,TGR-KRK,TGR10106,TGR10000,A,A,RING 1,
TGR10107,TGR,BODETABEKCILCIK,Tangerang,Legok,,TGR-LGK,TGR10113,TGR10000,A,A,RING 1,
TGR10108,TGR,BODETABEKCILCIK,Tangerang,Mauk,,TGR-SMK,TGR10054,TGR10000,A,A,RING 1,
TGR10109,TGR,BODETABEKCILCIK,Tangerang,Pasar Kemis,,TGR-PKM,TGR10054,TGR10000,A,A,RING 1,
TGR10110,TGR,BODETABEKCILCIK,Tangerang,Pakuhaji,,TGR-NEG,TGR10054,TGR10000,A,A,RING 1,
TGR10111,TGR,BODETABEKCILCIK,Tangerang,Rajeg,,TGR-PKM,TGR10054,TGR10000,A,A,RING 1,
TGR10112,TGR,BODETABEKCILCIK,Tangerang,Sepatan,,TGR-NEG,TGR10054,TGR10000,A,A,RING 1,
TGR10113,TGR,BODETABEKCILCIK,Tangerang Selatan,Serpong,,TGR-TAS,TGR10113,TGR10000,A,A,RING 1,
TGR10114,TGR,BODETABEKCILCIK,Tangerang,Teluknaga,,TGR-NEG,TGR10054,TGR10000,A,A,RING 1,
TGR10115,TGR,BODETABEKCILCIK,Tangerang Selatan,Pondok Aren,,TGR-PAR,TGR10113,TGR10000,A,A,RING 1,
TGR10116,TGR,BODETABEKCILCIK,Tangerang Selatan,Pamulang,,TGR-CPT,TGR10117,TGR10000,A,A,RING 1,
TGR10117,TGR,BODETABEKCILCIK,Tangerang Selatan,Ciputat,,TGR-CPT,TGR10117,TGR10000,A,A,RING 1,
TGR10118,TGR,BODETABEKCILCIK,Tangerang,Cisauk,,TGR-LGK,TGR10113,TGR10000,A,A,RING 1,
TGR10119,TGR,BODETABEKCILCIK,Tangerang,Jambe,,TGR-TGA,TGR10100,TGR10000,A,A,RING 1,
TGR10120,TGR,BODETABEKCILCIK,Tangerang,Jayanti,,TGR-KRK,TGR10106,TGR10000,A,A,RING 1,
TGR10121,TGR,BODETABEKCILCIK,Tangerang,Kemiri,,TGR-SMK,TGR10054,TGR10000,A,A,RING 1,
TGR10122,TGR,BODETABEKCILCIK,Tangerang,Kosambi,,TGR-NEG,TGR10054,TGR10000,A,A,RING 1,
TGR10123,TGR,BODETABEKCILCIK,Tangerang,Pagedangan,,TGR-LGK,TGR10113,TGR10000,A,A,RING 1,
TGR10124,TGR,BODETABEKCILCIK,Tangerang,Panongan,,TGR-TGA,TGR10100,TGR10000,A,A,RING 1,
TGR10125,TGR,BODETABEKCILCIK,Tangerang,Sukadiri,,TGR-SMK,TGR10054,TGR10000,A,A,RING 1,
TGR10126,TGR,BODETABEKCILCIK,Tangerang,Sukamulya,,TGR-KRK,TGR10106,TGR10000,A,A,RING 1,
TGR10127,TGR,BODETABEKCILCIK,Tangerang,Solear,,TGR-TGA,TGR10100,TGR10000,A,A,RING 1,
TGR10128,TGR,BODETABEKCILCIK,Tangerang,Sindang Jaya,,TGR-PKM,TGR10054,TGR10000,A,A,RING 1,
TGR10129,TGR,BODETABEKCILCIK,Tangerang Selatan,Setu,,TGR-TAS,TGR10113,TGR10000,A,A,RING 1,
TGR10130,TGR,BODETABEKCILCIK,Tangerang Selatan,Serpong Utara,,TGR-TAS,TGR10113,TGR10000,A,A,RING 1,
TGR10131,TGR,BODETABEKCILCIK,Tangerang,Sepatan Timur,,TGR-NEG,TGR10054,TGR10000,A,A,RING 1,
TGR10132,TGR,BODETABEKCILCIK,Tangerang,Mekar Baru,,TGR-KRK,TGR10106,TGR10000,A,A,RING 1,
TGR10133,TGR,BODETABEKCILCIK,Tangerang,Kelapa Dua,,TGR,TGR10000,TGR10000,A,A,RING 1,
TGR10134,TGR,BODETABEKCILCIK,Tangerang,Gunung Kaler,,TGR-KRK,TGR10106,TGR10000,A,A,RING 1,
TGR10135,TGR,BODETABEKCILCIK,Tangerang Selatan,Ciputat Timur,,TGR-CPT,TGR10117,TGR10000,A,A,RING 1,
BDO10000,BDO,JABAR,Kota Bandung,Bandung,CABANG UTAMA,BDO,BDO10000,BDO10000,A,A,RING 1,
BDO10002,BDO,JABAR,Bandung,Cibiru,,BDO - TMR,BDO10000,BDO10000,A,A,RING 1,
BDO10018,BDO,JABAR,Bandung,Ujung Berung,,BDO - TMR,BDO10000,BDO10000,A,A,RING 1,
BDO10037,BDO,JABAR,Bandung,Sukasari,,BDO - UTR,BDO10000,BDO10000,A,A,RING 1,
BDO10038,BDO,JABAR,Bandung,Antapani (Cicadas),,BDO - TMR,BDO10000,BDO10000,A,A,RING 1,
BDO10039,BDO,JABAR,Bandung,Cidadap,,BDO - UTR,BDO10000,BDO10000,A,B,RING 1,
BDO10040,BDO,JABAR,Bandung,Lengkong,,BDO - TGH,BDO10000,BDO10000,A,A,RING 1,
BDO10041,BDO,JABAR,Bandung,Andir,,BDO - BRT,BDO10000,BDO10000,A,A,RING 1,
BDO10042,BDO,JABAR,Bandung,Arcamanik,,BDO - TMR,BDO10000,BDO10000,A,A,RING 1,
BDO10043,BDO,JABAR,Bandung,Astana Anyar,,BDO - TGH,BDO10000,BDO10000,A,A,RING 1,
BDO10044,BDO,JABAR,Bandung,Babakan Ciparay,,BDO - SLT,BDO10000,BDO10000,A,A,RING 2,
BDO10045,BDO,JABAR,Bandung,Bandung Kidul,,BDO - SLT,BDO10000,BDO10000,A,A,RING 1,
BDO10046,BDO,JABAR,Bandung,Bandung Kulon,,BDO - BRT,BDO10000,BDO10000,A,A,RING 1,
BDO10047,BDO,JABAR,Bandung,Bandung Wetan,,BDO - TGH,BDO10000,BDO10000,A,A,RING 1,
BDO10048,BDO,JABAR,Bandung,Batununggal,,BDO - TGH,BDO10000,BDO10000,A,A,RING 2,
BDO10049,BDO,JABAR,Bandung,Bojongloa Kaler,,BDO - TGH,BDO10000,BDO10000,A,A,RING 2,
BDO10050,BDO,JABAR,Bandung,Bojongloa Kidul,,BDO - SLT,BDO10000,BDO10000,A,A,RING 1,
BDO10051,BDO,JABAR,Bandung,Cibeunying Kaler,,BDO - TMR,BDO10000,BDO10000,A,A,RING 1,
BDO10052,BDO,JABAR,Bandung,Cibeunying Kidul,,BDO - TMR,BDO10000,BDO10000,A,A,RING 1,
BDO10053,BDO,JABAR,Bandung,Cicendo,,BDO - TGH,BDO10000,BDO10000,A,A,RING 2,
BDO10054,BDO,JABAR,Bandung,Coblong,,BDO - UTR,BDO10000,BDO10000,A,A,RING 1,
BDO10055,BDO,JABAR,Bandung,Kiaracondong,,BDO - TMR,BDO10000,BDO10000,A,A,RING 1,
BDO10056,BDO,JABAR,Bandung,Buahbatu (Margacinta),,BDO - TMR,BDO10000,BDO10000,A,A,RING 1,
BDO10057,BDO,JABAR,Bandung,Rancasari,,BDO - TMR,BDO10000,BDO10000,A,A,RING 1,
BDO10058,BDO,JABAR,Bandung,Regol,,BDO - TGH,BDO10000,BDO10000,A,A,RING 2,
BDO10059,BDO,JABAR,Bandung,Sukajadi,,BDO - UTR,BDO10000,BDO10000,A,A,RING 1,
BDO10060,BDO,JABAR,Bandung,Sumur Bandung,,BDO - TGH,BDO10000,BDO10000,A,A,RING 1,
BDO10062,BDO,JABAR,Bandung,Cinambo,,BDO - TMR,BDO10000,BDO10000,A,A,RING 1,
BDO10063,BDO,JABAR,Bandung,Gedebage,,BDO - TMR,BDO10000,BDO10000,A,A,RING 1,
BDO10064,BDO,JABAR,Bandung,Mandalajati,,BDO - TMR,BDO10000,BDO10000,A,A,RING 1,
BDO10065,BDO,JABAR,Bandung,Panyileukan,,BDO - TMR,BDO10000,BDO10000,A,A,RING 1,
BDO10100,BDO,JABAR,Bandung,Soreang,CABANG,BDO-SOR,BDO10100,BDO10100,A,B,RING 2,
BDO10101,BDO,JABAR,Bandung,Arjasari,,BDO-SOR,BDO10100,BDO10100,A,B,RING 2,
BDO10102,BDO,JABAR,Bandung,Baleendah,,BDO-SOR,BDO10100,BDO10100,A,B,RING 1,
BDO10103,BDO,JABAR,Bandung,Banjaran,,BDO-SOR,BDO10100,BDO10100,A,B,RING 2,
BDO10104,BDO,JABAR,Bandung,Bojongsoang,,BDO - SLT,BDO10000,BDO10000,A,B,RING 1,
BDO10105,BDO,JABAR,Bandung,Cangkuang,,BDO-SOR,BDO10100,BDO10100,A,B,RING 2,
BDO10106,BDO,JABAR,Bandung,Cicalengka,,BDO-CLY,BDO10129,BDO10129,A,B,RING 2,
BDO10107,BDO,JABAR,Bandung,Cikancung,,BDO-CLY,BDO10129,BDO10129,A,B,RING 2,
BDO10108,BDO,JABAR,Bandung,Cilengkrang,,BDO - TMR,BDO10000,BDO10000,A,A,RING 1,
BDO10109,BDO,JABAR,Bandung,Cileunyi,,BDO-CLY,BDO10129,BDO10129,A,A,RING 1,
BDO10110,BDO,JABAR,Bandung,Cimaung,,BDO-SOR,BDO10100,BDO10100,A,B,RING 2,
BDO10111,BDO,JABAR,Bandung,Cimeunyan,,BDO - TMR,BDO10000,BDO10000,A,B,RING 1,
BDO10112,BDO,JABAR,Bandung,Ciparay,,BDO-RCK,BDO10129,BDO10129,A,B,RING 1,
BDO10113,BDO,JABAR,Bandung,Ciwidey,,BDO-SOR,BDO10100,BDO10100,B,C,RING 2,
BDO10114,BDO,JABAR,Bandung,Dayeuhkolot,,BDO - SLT,BDO10000,BDO10000,A,B,RING 1,
BDO10115,BDO,JABAR,Bandung,Ibun,,BDO-RCK,BDO10129,BDO10129,A,B,RING 1,
BDO10116,BDO,JABAR,Bandung,Kertasari,,BDO-RCK,BDO10129,BDO10129,A,C,RING 2,
BDO10118,BDO,JABAR,Bandung,Katapang,,BDO-SOR,BDO10100,BDO10100,A,B,RING 1,
BDO10119,BDO,JABAR,Bandung,Majalaya,,BDO-RCK,BDO10129,BDO10129,B,B,RING 2,
BDO10120,BDO,JABAR,Bandung,Margaasih,,BDO - SLT,BDO10000,BDO10000,A,B,RING 2,
BDO10121,BDO,JABAR,Bandung,Margahayu,,BDO - SLT,BDO10000,BDO10000,A,B,RING 1,
BDO10122,BDO,JABAR,Bandung,Nagreg,,BDO-CLY,BDO10129,BDO10129,B,B,RING 1,
BDO10123,BDO,JABAR,Bandung,Pacet,,BDO-RCK,BDO10129,BDO10129,B,B,RING 2,
BDO10124,BDO,JABAR,Bandung,Pameungpeuk,,BDO-SOR,BDO10100,BDO10100,A,B,RING 1,
BDO10125,BDO,JABAR,Bandung,Pangalengan,,BDO-SOR,BDO10100,BDO10100,B,C,RING 1,
BDO10126,BDO,JABAR,Bandung,Paseh,,BDO-RCK,BDO10129,BDO10129,B,B,RING 2,
BDO10127,BDO,JABAR,Bandung,Pasirjambu,,BDO-SOR,BDO10100,BDO10100,B,C,RING 2,
BDO10128,BDO,JABAR,Bandung,Ranca Bali,,BDO-SOR,BDO10100,BDO10100,B,C,RING 2,
BDO10129,BDO,JABAR,Bandung,Rancaekek,CABANG,BDO-RCK,BDO10129,BDO10129,A,B,RING 2,
BDO10130,BDO,JABAR,Bandung,Solokan Jeruk,,BDO-RCK,BDO10129,BDO10129,A,B,RING 1,
BDO10131,BDO,JABAR,Bandung,Kutawaringin,,BDO-SOR,BDO10100,BDO10100,A,B,RING 2,
BDO20100,BDO,JABAR,Cimahi ,Cimahi ,,BDO - BRT,BDO10000,BDO10000,A,A,RING 1,
BDO20117,BDO,JABAR,Cimahi,Cimahi Selatan,,BDO - BRT,BDO10000,BDO10000,A,A,RING 1,
BDO20118,BDO,JABAR,Cimahi,Cimahi Tengah,,BDO - BRT,BDO10000,BDO10000,A,A,RING 1,
BDO20119,BDO,JABAR,Cimahi,Cimahi Utara,,BDO - BRT,BDO10000,BDO10000,A,A,RING 1,
BDO20200,BDO,JABAR,Kab. Sumedang,Sumedang,CABANG,BDO-SMG,BDO20200,BDO20200,B,B,RING 2,
BDO20201,BDO,JABAR,Sumedang,Buahdua,,BDO-SMG,BDO20200,BDO20200,C,C,RING 2,
BDO20203,BDO,JABAR,Sumedang,Cibugel,,BDO-SMG,BDO20200,BDO20200,C,C,RING 2,
BDO20205,BDO,JABAR,Sumedang,Cimalaka,,BDO-SMG,BDO20200,BDO20200,C,C,RING 2,
BDO20206,BDO,JABAR,Sumedang,Cimanggung,,BDO-SMG,BDO20200,BDO20200,C,C,RING 2,
BDO20208,BDO,JABAR,Sumedang,Conggeang,,BDO-SMG,BDO20200,BDO20200,C,C,RING 2,
BDO20209,BDO,JABAR,Sumedang,Darmaraja,,BDO-SMG,BDO20200,BDO20200,C,C,RING 2,
BDO20210,BDO,JABAR,Sumedang,Ganeas,,BDO-SMG,BDO20200,BDO20200,C,C,RING 2,
BDO20214,BDO,JABAR,Sumedang,Pamulihan,,BDO-SMG,BDO20200,BDO20200,C,C,RING 2,
BDO20215,BDO,JABAR,Sumedang,Paseh,,BDO-SMG,BDO20200,BDO20200,C,C,RING 2,
BDO20216,BDO,JABAR,Sumedang,Rancakalong,,BDO-SMG,BDO20200,BDO20200,C,C,RING 2,
BDO20217,BDO,JABAR,Sumedang,Situraja,,BDO-SMG,BDO20200,BDO20200,C,C,RING 2,
BDO20218,BDO,JABAR,Sumedang,Sukasari,,BDO-SMG,BDO20200,BDO20200,C,C,RING 2,
BDO20219,BDO,JABAR,Sumedang,Surian,,BDO-SMG,BDO20200,BDO20200,C,C,RING 2,
BDO20220,BDO,JABAR,Sumedang,Tanjungkerta,,BDO-SMG,BDO20200,BDO20200,C,C,RING 2,
BDO20221,BDO,JABAR,Sumedang,Tanjungsari,,BDO-SMG,BDO20200,BDO20200,C,C,RING 2,
BDO20222,BDO,JABAR,Sumedang,Tomo,,BDO-SMG,BDO20200,BDO20200,C,C,RING 2,
BDO20223,BDO,JABAR,Sumedang,Ujungjaya,,BDO-SMG,BDO20200,BDO20200,C,C,RING 2,
BDO20224,BDO,JABAR,Sumedang,Wado,,BDO-SMG,BDO20200,BDO20200,C,C,RING 2,
BDO20247,BDO,JABAR,Sumedang,Jatinangor,,BDO-SMG,BDO20200,BDO20200,A,B,RING 2,
BDO20248,BDO,JABAR,Sumedang,Cisarua,,BDO-SMG,BDO20200,BDO20200,C,C,RING 2,
BDO20249,BDO,JABAR,Sumedang,Cisitu,,BDO-SMG,BDO20200,BDO20200,C,C,RING 2,
BDO20250,BDO,JABAR,Sumedang,Jatigede,,BDO-SMG,BDO20200,BDO20200,C,C,RING 2,
BDO20251,BDO,JABAR,Sumedang,Jatinunggal,,BDO-SMG,BDO20200,BDO20200,C,C,RING 2,
BDO20252,BDO,JABAR,Sumedang,Sumedang Selatan,,BDO-SMG,BDO20200,BDO20200,B,B,RING 2,
BDO20253,BDO,JABAR,Sumedang,Sumedang Utara,,BDO-SMG,BDO20200,BDO20200,B,B,RING 2,
BDO20254,BDO,JABAR,Sumedang,Tanjungmedar,,BDO-SMG,BDO20200,BDO20200,C,C,RING 2,
BDO20700,BDO,JABAR,Kab. Garut,"Garut, Kab. Garut",CABANG,BDO-GRT,BDO20700,BDO20700,B,B,RING 2,
BDO20701,BDO,JABAR,Garut,Banjarwangi,,BDO-GRT,BDO20700,BDO20700,C,C,RING 2,
BDO20702,BDO,JABAR,Garut,Banyuresmi,,BDO-GRT,BDO20700,BDO20700,C,C,RING 2,
BDO20703,BDO,JABAR,Garut,Bayongbong,,BDO-GRT,BDO20700,BDO20700,C,C,RING 2,
BDO20704,BDO,JABAR,Garut,Blubur Limbangan,,BDO-GRT,BDO20700,BDO20700,C,C,RING 2,
BDO20705,BDO,JABAR,Garut,Bungbulang,,BDO-GRT,BDO20700,BDO20700,C,C,RING 2,
BDO20706,BDO,JABAR,Garut,Cibatu,,BDO-GRT,BDO20700,BDO20700,C,C,RING 2,
BDO20707,BDO,JABAR,Garut,Cibalong,,BDO-GRT,BDO20700,BDO20700,C,C,RING 2,
BDO20708,BDO,JABAR,Garut,Cibiuk,,BDO-GRT,BDO20700,BDO20700,C,C,RING 2,
BDO20709,BDO,JABAR,Garut,Cikelet,,BDO-GRT,BDO20700,BDO20700,C,C,RING 2,
BDO20710,BDO,JABAR,Garut,Cikajang,,BDO-GRT,BDO20700,BDO20700,C,C,RING 2,
BDO20711,BDO,JABAR,Garut,Cilawu,,BDO-GRT,BDO20700,BDO20700,C,C,RING 2,
BDO20712,BDO,JABAR,Garut,Cisompet,,BDO-GRT,BDO20700,BDO20700,C,C,RING 2,
BDO20713,BDO,JABAR,Garut,Cisurupan,,BDO-GRT,BDO20700,BDO20700,C,C,RING 2,
BDO20714,BDO,JABAR,Garut,Cisewu,,BDO-GRT,BDO20700,BDO20700,C,C,RING 2,
BDO20715,BDO,JABAR,Garut,Kadungora,,BDO-GRT,BDO20700,BDO20700,C,C,RING 2,
BDO20716,BDO,JABAR,Garut,Karangpawitan,,BDO-GRT,BDO20700,BDO20700,C,C,RING 2,
BDO20717,BDO,JABAR,Garut,Leles,,BDO-GRT,BDO20700,BDO20700,C,C,RING 2,
BDO20718,BDO,JABAR,Garut,Leuwigoong,,BDO-GRT,BDO20700,BDO20700,C,C,RING 2,
BDO20719,BDO,JABAR,Garut,Malangbong,,BDO-GRT,BDO20700,BDO20700,C,C,RING 2,
BDO20720,BDO,JABAR,Garut,Pakenjeng,,BDO-GRT,BDO20700,BDO20700,C,C,RING 2,
BDO20721,BDO,JABAR,Garut,Pameungpeuk,,BDO-GRT,BDO20700,BDO20700,C,C,RING 2,
BDO20722,BDO,JABAR,Garut,Pamulihan,,BDO-GRT,BDO20700,BDO20700,C,C,RING 2,
BDO20723,BDO,JABAR,Garut,Peundeuy,,BDO-GRT,BDO20700,BDO20700,C,C,RING 2,
BDO20724,BDO,JABAR,Garut,Samarang,,BDO-GRT,BDO20700,BDO20700,C,C,RING 2,
BDO20725,BDO,JABAR,Garut,Selaawi,,BDO-GRT,BDO20700,BDO20700,C,C,RING 2,
BDO20726,BDO,JABAR,Garut,Singajaya,,BDO-GRT,BDO20700,BDO20700,C,C,RING 2,
BDO20727,BDO,JABAR,Garut,Sukawening,,BDO-GRT,BDO20700,BDO20700,C,C,RING 2,
BDO20728,BDO,JABAR,Garut,Talegong,,BDO-GRT,BDO20700,BDO20700,C,C,RING 2,
BDO20730,BDO,JABAR,Garut,Wanaraja,,BDO-GRT,BDO20700,BDO20700,C,C,RING 2,
BDO20734,BDO,JABAR,Garut,Caringin,,BDO-GRT,BDO20700,BDO20700,C,C,RING 2,
BDO20735,BDO,JABAR,Garut,Karangtengah,,BDO-GRT,BDO20700,BDO20700,C,C,RING 2,
BDO20736,BDO,JABAR,Garut,Sukaresmi,,BDO-GRT,BDO20700,BDO20700,C,C,RING 2,
BDO20737,BDO,JABAR,Garut,Cigedug,,BDO-GRT,BDO20700,BDO20700,C,C,RING 2,
BDO20738,BDO,JABAR,Garut,Cihurip,,BDO-GRT,BDO20700,BDO20700,C,C,RING 2,
BDO20739,BDO,JABAR,Garut,Kersamanah,,BDO-GRT,BDO20700,BDO20700,C,C,RING 2,
BDO20740,BDO,JABAR,Garut,Mekarmukti,,BDO-GRT,BDO20700,BDO20700,C,C,RING 2,
BDO20741,BDO,JABAR,Garut,Pangatikan,,BDO-GRT,BDO20700,BDO20700,C,C,RING 2,
BDO20742,BDO,JABAR,Garut,Pasirwangi,,BDO-GRT,BDO20700,BDO20700,C,C,RING 2,
BDO20743,BDO,JABAR,Garut,Sucinaraja,,BDO-GRT,BDO20700,BDO20700,C,C,RING 2,
BDO20744,BDO,JABAR,Garut,Tarogong Kaler,,BDO-GRT,BDO20700,BDO20700,C,C,RING 2,
BDO20745,BDO,JABAR,Garut,Tarogong Kidul,,BDO-GRT,BDO20700,BDO20700,B,C,RING 2,
BDO20746,BDO,JABAR,Garut,Garut Kota,,BDO-GRT,BDO20700,BDO20700,B,B,RING 1,
BDO21000,BDO,JABAR,Bandung Barat,Ngamprah,CABANG,BDO-CMM,BDO21000,BDO21000,A,B,RING 2,
BDO21001,BDO,JABAR,Bandung Barat,Lembang,,BDO - UTR,BDO10000,BDO10000,A,B,RING 1,
BDO21002,BDO,JABAR,Bandung Barat,Batujajar,,BDO-CMM,BDO21000,BDO21000,A,B,RING 2,
BDO21003,BDO,JABAR,Bandung Barat,Cikalong Wetan,,BDO-CMM,BDO21000,BDO21000,B,B,RING 2,
BDO21004,BDO,JABAR,Bandung Barat,Cililin,,BDO-CMM,BDO21000,BDO21000,A,C,RING 2,
BDO21005,BDO,JABAR,Bandung Barat,Cipeundeuy,,BDO-CMM,BDO21000,BDO21000,B,B,RING 2,
BDO21006,BDO,JABAR,Bandung Barat,Cipatat,,BDO-CMM,BDO21000,BDO21000,A,B,RING 2,
BDO21007,BDO,JABAR,Bandung Barat,Cipongkor,,BDO-CMM,BDO21000,BDO21000,B,C,RING 2,
BDO21008,BDO,JABAR,Bandung Barat,Cisarua,,BDO-CMM,BDO21000,BDO21000,B,B,RING 2,
BDO21009,BDO,JABAR,Bandung Barat,Gununghalu,,BDO-CMM,BDO21000,BDO21000,B,C,RING 2,
BDO21010,BDO,JABAR,Bandung Barat,Padalarang,,BDO-CMM,BDO21000,BDO21000,A,B,RING 2,
BDO21011,BDO,JABAR,Bandung Barat,Sindangkerta,,BDO-CMM,BDO21000,BDO21000,B,C,RING 1,
BDO21012,BDO,JABAR,Bandung Barat,Cihampelas,,BDO-CMM,BDO21000,BDO21000,B,C,RING 2,
BDO21013,BDO,JABAR,Bandung Barat,Parongpong,,BDO - UTR,BDO10000,BDO10000,B,B,RING 1,
BDO21014,BDO,JABAR,Bandung Barat,Rongga,,BDO-CMM,BDO21000,BDO21000,B,C,RING 2,
BDO21015,BDO,JABAR,Cimareme,Cimareme,,BDO-CMM,BDO21000,BDO21000,A,B,RING 2,
BDO21016,BDO,JABAR,Bandung Barat,Saguling,,BDO-CMM,BDO21000,BDO21000,B,C,RING 2,
BDO21200,BDO,JABAR,Kab. Cianjur,Cianjur,CABANG,BDO-CNR,BDO21200,BDO21200,B,B,RING 2,
BDO21201,BDO,JABAR,Cianjur,Agrabinta,,BDO-TGG,BDO21222,BDO21222,C,C,RING 2,
BDO21202,BDO,JABAR,Cianjur,Bojongpicung,,BDO-CNR,BDO21200,BDO21200,C,C,RING 2,
BDO21203,BDO,JABAR,Cianjur,Campaka,,BDO-TGG,BDO21222,BDO21222,C,C,RING 2,
BDO21204,BDO,JABAR,Cianjur,Cibeber,,BDO-CNR,BDO21200,BDO21200,C,C,RING 2,
BDO21205,BDO,JABAR,Cianjur,Cibinong,,BDO-TGG,BDO21222,BDO21222,C,C,RING 2,
BDO21206,BDO,JABAR,Cianjur,Cidaun,,BDO-TGG,BDO21222,BDO21222,C,C,RING 2,
BDO21207,BDO,JABAR,Cianjur,Cikalongkulon,,BDO-CNR,BDO21200,BDO21200,C,C,RING 2,
BDO21208,BDO,JABAR,Cianjur,Cilaku,,BDO-CNR,BDO21200,BDO21200,B,C,RING 2,
BDO21209,BDO,JABAR,Cianjur,Ciranjang,,BDO-CNR,BDO21200,BDO21200,C,C,RING 2,
BDO21210,BDO,JABAR,Cianjur,Cugenang,,BDO-CNR,BDO21200,BDO21200,B,C,RING 2,
BDO21211,BDO,JABAR,Cianjur,Kadupandak,,BDO-TGG,BDO21222,BDO21222,C,C,RING 2,
BDO21212,BDO,JABAR,Cianjur,Karangtengah,,BDO-CNR,BDO21200,BDO21200,B,C,RING 2,
BDO21213,BDO,JABAR,Cianjur,Mande,,BDO-CNR,BDO21200,BDO21200,C,C,RING 2,
BDO21214,BDO,JABAR,Cianjur,Naringgul,,BDO-TGG,BDO21222,BDO21222,C,C,RING 2,
BDO21215,BDO,JABAR,Cianjur,Pacet,,BDO-CNR,BDO21200,BDO21200,C,C,RING 2,
BDO21216,BDO,JABAR,Cianjur,Pagelaran,,BDO-TGG,BDO21222,BDO21222,C,C,RING 2,
BDO21217,BDO,JABAR,Cianjur,Sindangbarang,,BDO-TGG,BDO21222,BDO21222,C,C,RING 2,
BDO21218,BDO,JABAR,Cianjur,Sukaluyu,,BDO-CNR,BDO21200,BDO21200,C,C,RING 2,
BDO21219,BDO,JABAR,Cianjur,Sukanagara,,BDO-TGG,BDO21222,BDO21222,C,C,RING 2,
BDO21220,BDO,JABAR,Cianjur,Sukaresmi,,BDO-CNR,BDO21200,BDO21200,C,C,RING 2,
BDO21221,BDO,JABAR,Cianjur,Takokak,,BDO-TGG,BDO21222,BDO21222,C,C,RING 2,
BDO21222,BDO,JABAR,Cianjur,Tanggeung,CABANG,BDO-TGG,BDO21222,BDO21222,C,C,RING 2,
BDO21223,BDO,JABAR,Cianjur,Warungkondang,,BDO-CNR,BDO21200,BDO21200,C,C,RING 2,
BDO21224,BDO,JABAR,Cianjur,Cipanas,,BDO-CNR,BDO21200,BDO21200,C,C,RING 2,
BDO21225,BDO,JABAR,Cianjur,Campaka Mulya,,BDO-TGG,BDO21222,BDO21222,C,C,RING 2,
BDO21226,BDO,JABAR,Cianjur,Cijati,,BDO-TGG,BDO21222,BDO21222,C,C,RING 2,
BDO21227,BDO,JABAR,Cianjur,Cikadu,,BDO-TGG,BDO21222,BDO21222,C,C,RING 2,
BDO21228,BDO,JABAR,Cianjur,Gekbrong,,BDO-CNR,BDO21200,BDO21200,C,C,RING 2,
BDO21229,BDO,JABAR,Cianjur,Leles,,BDO-TGG,BDO21222,BDO21222,C,C,RING 2,
BDO21230,BDO,JABAR,Cianjur,Haurwangi,,BDO-CNR,BDO21200,BDO21200,C,C,RING 2,
BDO21231,BDO,JABAR,Cianjur,Pasirkuda,,BDO-TGG,BDO21222,BDO21222,C,C,RING 2,
CBN10000,CBN,JABAR,Kota Cirebon,Cirebon,CABANG UTAMA,CBN,CBN10000,CBN10000,A,A,RING 1,
CBN10006,CBN,JABAR,Cirebon Barat,Cirebon Barat,,CBN,CBN10000,CBN10000,A,B,RING 1,
CBN10034,CBN,JABAR,Cirebon,Harjamukti,,CBN,CBN10000,CBN10000,A,A,RING 1,
CBN10035,CBN,JABAR,Cirebon,Kejaksan,,CBN,CBN10000,CBN10000,A,A,RING 1,
CBN10036,CBN,JABAR,Cirebon,Kesambi,,CBN,CBN10000,CBN10000,A,A,RING 1,
CBN10037,CBN,JABAR,Cirebon,Lemahwungkuk,,CBN,CBN10000,CBN10000,A,A,RING 1,
CBN10038,CBN,JABAR,Cirebon,Pekalipan,,CBN,CBN10000,CBN10000,A,A,RING 1,
CBN20100,CBN,JABAR,Kab. Indramayu,Indramayu,CABANG,CBN-IDM,CBN20100,CBN20100,B,B,RING 2,
CBN20101,CBN,JABAR,Indramayu,Anjatan,,CBN-IDM,CBN20100,CBN20100,C,C,RING 2,
CBN20102,CBN,JABAR,Indramayu,Balongan,,CBN-IDM,CBN20100,CBN20100,C,C,RING 2,
CBN20103,CBN,JABAR,Indramayu,Bangodua,,CBN-IDM,CBN20100,CBN20100,C,C,RING 2,
CBN20104,CBN,JABAR,Indramayu,Bongas,,CBN-IDM,CBN20100,CBN20100,C,C,RING 2,
CBN20105,CBN,JABAR,Indramayu,Cikedung,,CBN-IDM,CBN20100,CBN20100,C,C,RING 2,
CBN20106,CBN,JABAR,Indramayu,Gabuswetan,,CBN-IDM,CBN20100,CBN20100,C,C,RING 2,
CBN20107,CBN,JABAR,Indramayu,Haurgeulis,,CBN-IDM,CBN20100,CBN20100,C,C,RING 2,
CBN20108,CBN,JABAR,Indramayu,Jatibarang,,CBN-IDM,CBN20100,CBN20100,B,C,RING 2,
CBN20109,CBN,JABAR,Indramayu,Juntinyuat,,CBN-IDM,CBN20100,CBN20100,C,C,RING 2,
CBN20110,CBN,JABAR,Indramayu,Kandanghaur,,CBN-IDM,CBN20100,CBN20100,C,C,RING 2,
CBN20111,CBN,JABAR,Indramayu,Karangampel,,CBN-IDM,CBN20100,CBN20100,C,C,RING 2,
CBN20112,CBN,JABAR,Indramayu,Kertasemaya,,CBN-IDM,CBN20100,CBN20100,C,C,RING 2,
CBN20113,CBN,JABAR,Indramayu,Krangkeng,,CBN-IDM,CBN20100,CBN20100,C,C,RING 2,
CBN20114,CBN,JABAR,Indramayu,Kroya,,CBN-IDM,CBN20100,CBN20100,C,C,RING 2,
CBN20115,CBN,JABAR,Indramayu,Lelea,,CBN-IDM,CBN20100,CBN20100,C,C,RING 2,
CBN20116,CBN,JABAR,Indramayu,Lohbener,,CBN-IDM,CBN20100,CBN20100,C,C,RING 2,
CBN20117,CBN,JABAR,Indramayu,Losarang,,CBN-IDM,CBN20100,CBN20100,C,C,RING 2,
CBN20118,CBN,JABAR,Indramayu,Sliyeg,,CBN-IDM,CBN20100,CBN20100,C,C,RING 2,
CBN20119,CBN,JABAR,Indramayu,Sukra,,CBN-IDM,CBN20100,CBN20100,C,C,RING 2,
CBN20120,CBN,JABAR,Indramayu,Widasari,,CBN-IDM,CBN20100,CBN20100,C,C,RING 2,
CBN20121,CBN,JABAR,Indramayu,Arahan,,CBN-IDM,CBN20100,CBN20100,C,C,RING 2,
CBN20122,CBN,JABAR,Indramayu,Cantigi,,CBN-IDM,CBN20100,CBN20100,C,C,RING 2,
CBN20123,CBN,JABAR,Indramayu,Gantar,,CBN-IDM,CBN20100,CBN20100,C,C,RING 2,
CBN20124,CBN,JABAR,Indramayu,Kedokan Bunder,,CBN-IDM,CBN20100,CBN20100,C,C,RING 2,
CBN20125,CBN,JABAR,Indramayu,Sindang,,CBN-IDM,CBN20100,CBN20100,B,C,RING 2,
CBN20126,CBN,JABAR,Indramayu,Sukagumiwang,,CBN-IDM,CBN20100,CBN20100,C,C,RING 2,
CBN20127,CBN,JABAR,Indramayu,Trisi/Terisi,,CBN-IDM,CBN20100,CBN20100,C,C,RING 2,
CBN20128,CBN,JABAR,Indramayu,Pasekan,,CBN-IDM,CBN20100,CBN20100,B,C,RING 2,
CBN20129,CBN,JABAR,Indramayu,Patrol,,CBN-IDM,CBN20100,CBN20100,C,C,RING 2,
CBN20130,CBN,JABAR,Indramayu,Tukdana,,CBN-IDM,CBN20100,CBN20100,B,C,RING 2,
CBN20200,CBN,JABAR,Kab. Kuningan,Kuningan,CABANG,CBN-KNG,CBN20200,CBN20200,B,B,RING 2,
CBN20202,CBN,JABAR,Kuningan,Ciawigebang,,CBN-KNG,CBN20200,CBN20200,C,C,RING 2,
CBN20203,CBN,JABAR,Kuningan,Cibingbin,,CBN-KNG,CBN20200,CBN20200,C,C,RING 2,
CBN20204,CBN,JABAR,Kuningan,Cibeureum,,CBN-KNG,CBN20200,CBN20200,C,C,RING 2,
CBN20205,CBN,JABAR,Kuningan,Cidahu,,CBN-KNG,CBN20200,CBN20200,C,C,RING 2,
CBN20206,CBN,JABAR,Kuningan,Cigugur,,CBN-KNG,CBN20200,CBN20200,C,C,RING 2,
CBN20208,CBN,JABAR,Kuningan,Cilimus,,CBN-KNG,CBN20200,CBN20200,C,C,RING 2,
CBN20209,CBN,JABAR,Kuningan,Cilebak,,CBN-KNG,CBN20200,CBN20200,C,C,RING 2,
CBN20210,CBN,JABAR,Kuningan,Cimahi,,CBN-KNG,CBN20200,CBN20200,C,C,RING 2,
CBN20211,CBN,JABAR,Kuningan,Ciniru,,CBN-KNG,CBN20200,CBN20200,C,C,RING 2,
CBN20212,CBN,JABAR,Kuningan,Cipicung,,CBN-KNG,CBN20200,CBN20200,B,C,RING 2,
CBN20213,CBN,JABAR,Kuningan,Darma,,CBN-KNG,CBN20200,CBN20200,C,C,RING 2,
CBN20214,CBN,JABAR,Kuningan,Garawangi,,CBN-KNG,CBN20200,CBN20200,B,C,RING 2,
CBN20215,CBN,JABAR,Kuningan,Hantara,,CBN-KNG,CBN20200,CBN20200,C,C,RING 2,
CBN20216,CBN,JABAR,Kuningan,Jalaksana,,CBN-KNG,CBN20200,CBN20200,C,C,RING 2,
CBN20217,CBN,JABAR,Kuningan,Japara,,CBN-KNG,CBN20200,CBN20200,C,C,RING 2,
CBN20218,CBN,JABAR,Kuningan,Kadugede,,CBN-KNG,CBN20200,CBN20200,C,C,RING 2,
CBN20219,CBN,JABAR,Kuningan,Kalimanggis,,CBN-KNG,CBN20200,CBN20200,C,C,RING 2,
CBN20220,CBN,JABAR,Kuningan,Karangkancana,,CBN-KNG,CBN20200,CBN20200,C,C,RING 2,
CBN20221,CBN,JABAR,Kuningan,Kramat Mulya,,CBN-KNG,CBN20200,CBN20200,C,C,RING 2,
CBN20222,CBN,JABAR,Kuningan,Lebakwangi,,CBN-KNG,CBN20200,CBN20200,C,C,RING 2,
CBN20224,CBN,JABAR,Kuningan,Luragung,,CBN-KNG,CBN20200,CBN20200,C,C,RING 2,
CBN20225,CBN,JABAR,Kuningan,Maleber,,CBN-KNG,CBN20200,CBN20200,C,C,RING 2,
CBN20226,CBN,JABAR,Kuningan,Mandirancan,,CBN-KNG,CBN20200,CBN20200,C,C,RING 2,
CBN20228,CBN,JABAR,Kuningan,Nusaherang,,CBN-KNG,CBN20200,CBN20200,C,C,RING 2,
CBN20230,CBN,JABAR,Kuningan,Pancalang,,CBN-KNG,CBN20200,CBN20200,C,C,RING 2,
CBN20231,CBN,JABAR,Kuningan,Pasawahan,,CBN-KNG,CBN20200,CBN20200,C,C,RING 2,
CBN20232,CBN,JABAR,Kuningan,Selajambe,,CBN-KNG,CBN20200,CBN20200,C,C,RING 2,
CBN20233,CBN,JABAR,Kuningan,Sindangagung,,CBN-KNG,CBN20200,CBN20200,C,C,RING 2,
CBN20234,CBN,JABAR,Kuningan,Subang,,CBN-KNG,CBN20200,CBN20200,C,C,RING 2,
CBN20237,CBN,JABAR,Kuningan,Cigandamekar,,CBN-KNG,CBN20200,CBN20200,C,C,RING 2,
CBN20238,CBN,JABAR,Kuningan,Ciwaru,,CBN-KNG,CBN20200,CBN20200,C,C,RING 2,
CBN20300,CBN,JABAR,Kab. Majalengka,Majalengka,CABANG,CBN-MJL,CBN20300,CBN20300,B,B,RING 2,
CBN20301,CBN,JABAR,Majalengka,Argapura,,CBN-MJL,CBN20300,CBN20300,C,C,RING 2,
CBN20302,CBN,JABAR,Majalengka,Bantarujeg,,CBN-MJL,CBN20300,CBN20300,C,C,RING 2,
CBN20303,CBN,JABAR,Majalengka,Cikijing,,CBN-MJL,CBN20300,CBN20300,C,C,RING 2,
CBN20304,CBN,JABAR,Majalengka,Dawuan,,CBN-MJL,CBN20300,CBN20300,C,C,RING 2,
CBN20305,CBN,JABAR,Majalengka,Jatiwangi,,CBN-MJL,CBN20300,CBN20300,B,C,RING 2,
CBN20306,CBN,JABAR,Majalengka,Jatitujuh,,CBN-MJL,CBN20300,CBN20300,C,C,RING 2,
CBN20307,CBN,JABAR,Majalengka,Kadipaten,,CBN-MJL,CBN20300,CBN20300,B,C,RING 2,
CBN20308,CBN,JABAR,Majalengka,Kertajati,,CBN-MJL,CBN20300,CBN20300,C,C,RING 2,
CBN20309,CBN,JABAR,Majalengka,Lemahsugih,,CBN-MJL,CBN20300,CBN20300,C,C,RING 2,
CBN20310,CBN,JABAR,Majalengka,Leuwimunding,,CBN-MJL,CBN20300,CBN20300,C,C,RING 2,
CBN20311,CBN,JABAR,Majalengka,Ligung,,CBN-MJL,CBN20300,CBN20300,C,C,RING 2,
CBN20312,CBN,JABAR,Majalengka,Maja,,CBN-MJL,CBN20300,CBN20300,C,C,RING 2,
CBN20313,CBN,JABAR,Majalengka,Palasah,,CBN-MJL,CBN20300,CBN20300,C,C,RING 2,
CBN20314,CBN,JABAR,Majalengka,Panyingkiran,,CBN-MJL,CBN20300,CBN20300,B,C,RING 2,
CBN20315,CBN,JABAR,Majalengka,Rajagaluh,,CBN-MJL,CBN20300,CBN20300,C,C,RING 2,
CBN20317,CBN,JABAR,Majalengka,Sukahaji,,CBN-MJL,CBN20300,CBN20300,C,C,RING 2,
CBN20318,CBN,JABAR,Majalengka,Sumberjaya,,CBN-MJL,CBN20300,CBN20300,C,C,RING 2,
CBN20319,CBN,JABAR,Majalengka,Talaga,,CBN-MJL,CBN20300,CBN20300,C,C,RING 2,
CBN20320,CBN,JABAR,Majalengka,Banjaran,,CBN-MJL,CBN20300,CBN20300,C,C,RING 2,
CBN20321,CBN,JABAR,Majalengka,Cigasong,,CBN-MJL,CBN20300,CBN20300,B,C,RING 2,
CBN20322,CBN,JABAR,Majalengka,Cingambul,,CBN-MJL,CBN20300,CBN20300,C,C,RING 2,
CBN20323,CBN,JABAR,Majalengka,Sindangwangi,,CBN-MJL,CBN20300,CBN20300,C,C,RING 2,
CBN20324,CBN,JABAR,Majalengka,Kasokandel,,CBN-MJL,CBN20300,CBN20300,C,C,RING 2,
CBN20325,CBN,JABAR,Majalengka,Malausma,,CBN-MJL,CBN20300,CBN20300,C,C,RING 2,
CBN20326,CBN,JABAR,Majalengka,Sindang,,CBN-MJL,CBN20300,CBN20300,C,C,RING 2,
CBN20400,CBN,JABAR,Cirebon,Sumber,,CBN-KLN,CBN20420,CBN20420,B,C,RING 2,
CBN20402,CBN,JABAR,Cirebon,Arjawinangun,,CBN-KLN,CBN20420,CBN20420,B,C,RING 2,
CBN20403,CBN,JABAR,Cirebon,Astanajapura,,CBN-PAB,CBN20426,CBN20426,C,C,RING 2,
CBN20404,CBN,JABAR,Cirebon,Babakan,,CBN-PAB,CBN20426,CBN20426,C,C,RING 2,
CBN20405,CBN,JABAR,Cirebon,Beber,,CBN,CBN10000,CBN10000,C,C,RING 2,
CBN20406,CBN,JABAR,Cirebon,Ciledug,,CBN-PAB,CBN20426,CBN20426,C,C,RING 2,
CBN20407,CBN,JABAR,Cirebon,Gunung Jati (Cirebon Utara),,CBN,CBN10000,CBN10000,A,B,RING 2,
CBN20408,CBN,JABAR,Cirebon,Talun (Cirebon Selatan),,CBN,CBN10000,CBN10000,B,B,RING 2,
CBN20409,CBN,JABAR,Cirebon,Ciwaringin,,CBN-KLN,CBN20420,CBN20420,B,C,RING 1,
CBN20410,CBN,JABAR,Cirebon,Depok,,CBN-KLN,CBN20420,CBN20420,B,C,RING 2,
CBN20411,CBN,JABAR,Cirebon,Dukupuntang,,CBN-KLN,CBN20420,CBN20420,B,C,RING 2,
CBN20412,CBN,JABAR,Cirebon,Gebang,,CBN-PAB,CBN20426,CBN20426,C,C,RING 2,
CBN20413,CBN,JABAR,Cirebon,Gegesik,,CBN-KLN,CBN20420,CBN20420,B,C,RING 2,
CBN20414,CBN,JABAR,Cirebon,Gempol,,CBN-KLN,CBN20420,CBN20420,B,C,RING 2,
CBN20415,CBN,JABAR,Cirebon,Kaliwedi,,CBN-KLN,CBN20420,CBN20420,B,C,RING 2,
CBN20416,CBN,JABAR,Cirebon,Kapetakan,,CBN,CBN10000,CBN10000,B,C,RING 2,
CBN20417,CBN,JABAR,Cirebon,Karangsembung,,CBN-PAB,CBN20426,CBN20426,C,B,RING 2,
CBN20418,CBN,JABAR,Cirebon,Karangwareng,,CBN-PAB,CBN20426,CBN20426,C,B,RING 2,
CBN20419,CBN,JABAR,Cirebon,Kedawung,,CBN,CBN10000,CBN10000,A,B,RING 2,
CBN20420,CBN,JABAR,Cirebon,Klangenan,CABANG,CBN-KLN,CBN20420,CBN20420,B,B,RING 2,
CBN20421,CBN,JABAR,Cirebon,Lemahabang,,CBN-PAB,CBN20426,CBN20426,B,B,RING 2,
CBN20422,CBN,JABAR,Cirebon,Losari,,CBN-PAB,CBN20426,CBN20426,C,C,RING 2,
CBN20423,CBN,JABAR,Cirebon,Mundu,,CBN,CBN10000,CBN10000,A,B,RING 2,
CBN20424,CBN,JABAR,Cirebon,Pabedilan,,CBN-PAB,CBN20426,CBN20426,C,C,RING 2,
CBN20425,CBN,JABAR,Cirebon,Susukan,,CBN-KLN,CBN20420,CBN20420,B,C,RING 2,
CBN20426,CBN,JABAR,Cirebon,Pabuaran,CABANG,CBN-PAB,CBN20426,CBN20426,B,C,RING 2,
CBN20427,CBN,JABAR,Cirebon,Susukan Lebak,,CBN-PAB,CBN20426,CBN20426,B,C,RING 2,
CBN20428,CBN,JABAR,Cirebon,Palimanan,,CBN-KLN,CBN20420,CBN20420,B,B,RING 2,
CBN20429,CBN,JABAR,Cirebon,Waled,,CBN-PAB,CBN20426,CBN20426,C,C,RING 2,
CBN20430,CBN,JABAR,Cirebon,Pangenan,,CBN-PAB,CBN20426,CBN20426,B,C,RING 2,
CBN20431,CBN,JABAR,Cirebon,Weru,,CBN-KLN,CBN20420,CBN20420,B,C,RING 2,
CBN20432,CBN,JABAR,Cirebon,Panguragan,,CBN,CBN10000,CBN10000,C,C,RING 2,
CBN20433,CBN,JABAR,Cirebon,Pasaleman,,CBN-PAB,CBN20426,CBN20426,B,C,RING 2,
CBN20434,CBN,JABAR,Cirebon,Plered,,CBN,CBN10000,CBN10000,A,B,RING 2,
CBN20435,CBN,JABAR,Cirebon,Plumbon,,CBN-KLN,CBN20420,CBN20420,B,C,RING 2,
CBN20436,CBN,JABAR,Cirebon,Tengah Tani,,CBN,CBN10000,CBN10000,A,B,RING 2,
CBN20438,CBN,JABAR,Cirebon,Sedong,,CBN-PAB,CBN20426,CBN20426,C,C,RING 2,
CBN20439,CBN,JABAR,Cirebon,Greged (Greget),,CBN-PAB,CBN20426,CBN20426,C,C,RING 2,
CBN20440,CBN,JABAR,Cirebon,Jamblang,,CBN-KLN,CBN20420,CBN20420,C,B,RING 2,
CBN20441,CBN,JABAR,Cirebon,Suranenggala,,CBN,CBN10000,CBN10000,B,B,RING 2,
KRW10000,KRW,JABAR,Kab. Karawang,Karawang,CABANG UTAMA,KRW,KRW10000,KRW10000,A,A,RING 1,
KRW10001,KRW,JABAR,Karawang,Batujaya,,KRW-RDK,KRW10012,KRW10012,C,C,RING 1,
KRW10002,KRW,JABAR,Karawang,Cibuaya,,KRW-RDK,KRW10012,KRW10012,C,C,RING 1,
KRW10003,KRW,JABAR,Karawang,Cikampek,CABANG,KRW-CKP,KRW10003,KRW10003,A,A,RING 1,
KRW10004,KRW,JABAR,Karawang,Cilamaya Kulon,,KRW,KRW10000,KRW10000,C,C,RING 1,
KRW10005,KRW,JABAR,Karawang,Jatisari,,KRW-CKP,KRW10003,KRW10003,A,B,RING 1,
KRW10006,KRW,JABAR,Karawang,Klari,,KRW,KRW10000,KRW10000,A,A,RING 1,
KRW10007,KRW,JABAR,Karawang,Lemahabang,,KRW,KRW10000,KRW10000,A,B,RING 1,
KRW10008,KRW,JABAR,Karawang,Pakisjaya,,KRW-RDK,KRW10012,KRW10012,C,C,RING 1,
KRW10009,KRW,JABAR,Karawang,Pangkalan,,KRW,KRW10000,KRW10000,C,C,RING 1,
KRW10010,KRW,JABAR,Karawang,Pedes,,KRW-RDK,KRW10012,KRW10012,C,C,RING 1,
KRW10011,KRW,JABAR,Karawang,Rawamerta,,KRW,KRW10000,KRW10000,A,B,RING 1,
KRW10012,KRW,JABAR,Karawang,Rengasdengklok,CABANG,KRW-RDK,KRW10012,KRW10012,A,B,RING 1,
KRW10013,KRW,JABAR,Karawang,Talagasari,,KRW,KRW10000,KRW10000,A,B,RING 1,
KRW10014,KRW,JABAR,Karawang,Telukjambe Barat,,KRW,KRW10000,KRW10000,A,A,RING 1,
KRW10015,KRW,JABAR,Karawang,Tempuran,,KRW,KRW10000,KRW10000,C,C,RING 1,
KRW10016,KRW,JABAR,Karawang,Tirtamulya,,KRW-CKP,KRW10003,KRW10003,A,B,RING 1,
KRW10017,KRW,JABAR,Karawang,Tegalwaru,,KRW,KRW10000,KRW10000,C,C,RING 1,
KRW10018,KRW,JABAR,Karawang,Banyusari,,KRW,KRW10000,KRW10000,C,C,RING 1,
KRW10019,KRW,JABAR,Karawang,Ciampel,,KRW,KRW10000,KRW10000,A,A,RING 1,
KRW10020,KRW,JABAR,Karawang,Cilamaya Wetan,,KRW,KRW10000,KRW10000,C,C,RING 1,
KRW10021,KRW,JABAR,Karawang,Cilebar,,KRW-RDK,KRW10012,KRW10012,C,C,RING 1,
KRW10022,KRW,JABAR,Karawang,Jayakerta,,KRW-RDK,KRW10012,KRW10012,C,C,RING 1,
KRW10023,KRW,JABAR,Karawang,Karawang Barat,,KRW,KRW10000,KRW10000,A,A,RING 1,
KRW10024,KRW,JABAR,Karawang,Karawang Timur,,KRW,KRW10000,KRW10000,A,A,RING 1,
KRW10025,KRW,JABAR,Karawang,Kotabaru,,KRW-CKP,KRW10003,KRW10003,A,A,RING 1,
KRW10026,KRW,JABAR,Karawang,Kutawaluya,,KRW-RDK,KRW10012,KRW10012,C,C,RING 1,
KRW10027,KRW,JABAR,Karawang,Majalaya,,KRW,KRW10000,KRW10000,A,A,RING 1,
KRW10028,KRW,JABAR,Karawang,Purwasari,,KRW-CKP,KRW10003,KRW10003,A,A,RING 1,
KRW10029,KRW,JABAR,Karawang,Telukjambe Timur,,KRW,KRW10000,KRW10000,A,A,RING 1,
KRW10030,KRW,JABAR,Karawang,Tirtajaya,,KRW-RDK,KRW10012,KRW10012,C,C,RING 1,
PWT10000,PWT,JABAR,Kab. Purwakarta,Purwakarta,CABANG UTAMA,PWT,PWT10000,PWT10000,A,A,RING 1,
PWT10001,PWT,JABAR,Purwakarta,Jatiluhur,,PWT,PWT10000,PWT10000,A,B,RING 1,
PWT10002,PWT,JABAR,Purwakarta,Kiarapedes,,PWT,PWT10000,PWT10000,B,C,RING 1,
PWT10003,PWT,JABAR,Purwakarta,Bojong,,PWT-PLD,PWT10000,PWT10000,C,C,RING 1,
PWT10004,PWT,JABAR,Purwakarta,Pondoksalam,,PWT,PWT10000,PWT10000,B,B,RING 1,
PWT10005,PWT,JABAR,Purwakarta,Sukasari,,PWT,PWT10000,PWT10000,C,C,RING 1,
PWT10006,PWT,JABAR,Purwakarta,Wanayasa,,PWT,PWT10000,PWT10000,B,C,RING 1,
PWT10007,PWT,JABAR,Purwakarta,Tegal Waru,,PWT-PLD,PWT10000,PWT10000,C,C,RING 1,
PWT10008,PWT,JABAR,Purwakarta,Maniis,,PWT-PLD,PWT10000,PWT10000,C,C,RING 1,
PWT10009,PWT,JABAR,Purwakarta,Darangdan,,PWT-PLD,PWT10000,PWT10000,C,C,RING 1,
PWT10010,PWT,JABAR,Purwakarta,Sukatani,,PWT-PLD,PWT10000,PWT10000,B,B,RING 1,
PWT10011,PWT,JABAR,Purwakarta,Plered,,PWT-PLD,PWT10000,PWT10000,B,C,RING 1,
PWT10012,PWT,JABAR,Purwakarta,Cibatu,,PWT,PWT10000,PWT10000,B,B,RING 1,
PWT10013,PWT,JABAR,Purwakarta,Bungursari,,PWT,PWT10000,PWT10000,A,A,RING 1,
PWT10014,PWT,JABAR,Purwakarta,Babakancikao,,PWT,PWT10000,PWT10000,A,A,RING 1,
PWT10015,PWT,JABAR,Purwakarta,Pasawahan,,PWT,PWT10000,PWT10000,B,B,RING 1,
PWT10016,PWT,JABAR,Purwakarta,Campaka,,PWT,PWT10000,PWT10000,A,B,RING 1,
PWT20000,PWT,JABAR,Kab. Subang,Subang,CABANG,PWT-SUG,PWT20000,PWT20000,B,B,RING 2,
PWT20001,PWT,JABAR,Subang,Tambakdahan,,PWT-PAM,PWT20017,PWT20017,C,C,RING 2,
PWT20002,PWT,JABAR,Subang,Serangpanjang,,PWT-GAK,PWT20000,PWT20000,C,C,RING 2,
PWT20003,PWT,JABAR,Subang,Pusakajaya,,PWT-PAM,PWT20017,PWT20017,C,C,RING 2,
PWT20004,PWT,JABAR,Subang,Pagaden Barat,,PWT-SUG,PWT20000,PWT20000,C,C,RING 2,
PWT20005,PWT,JABAR,Subang,Kasomalang,,PWT-GAK,PWT20000,PWT20000,C,C,RING 2,
PWT20006,PWT,JABAR,Subang,Dawuan,,PWT-SUG,PWT20000,PWT20000,C,C,RING 2,
PWT20007,PWT,JABAR,Subang,Ciater,,PWT-GAK,PWT20000,PWT20000,C,C,RING 2,
PWT20008,PWT,JABAR,Subang,Sukasari,,PWT-PAM,PWT20017,PWT20017,C,C,RING 2,
PWT20009,PWT,JABAR,Subang,Pagaden,,PWT-SUG,PWT20000,PWT20000,C,C,RING 2,
PWT20010,PWT,JABAR,Subang,Legonkulon,,PWT-PAM,PWT20017,PWT20017,C,C,RING 2,
PWT20011,PWT,JABAR,Subang,Cipunagara,,PWT-SUG,PWT20000,PWT20000,C,C,RING 2,
PWT20012,PWT,JABAR,Subang,Cikaum,,PWT-PUR,PWT20028,PWT20028,C,C,RING 2,
PWT20013,PWT,JABAR,Subang,Tanjungsiang,,PWT-GAK,PWT20000,PWT20000,C,C,RING 2,
PWT20014,PWT,JABAR,Subang,Sagalaherang,,PWT-GAK,PWT20000,PWT20000,C,C,RING 2,
PWT20015,PWT,JABAR,Subang,Pusakanagara,,PWT-PAM,PWT20017,PWT20017,C,C,RING 2,
PWT20016,PWT,JABAR,Subang,Patokbeusi,,PWT-PAM,PWT20017,PWT20017,C,C,RING 2,
PWT20017,PWT,JABAR,Subang,Pamanukan,CABANG,PWT-PAM,PWT20017,PWT20017,C,C,RING 2,
PWT20018,PWT,JABAR,Subang,Pabuaran,,PWT-PUR,PWT20028,PWT20028,C,C,RING 2,
PWT20019,PWT,JABAR,Subang,Kalijati,,PWT-PUR,PWT20028,PWT20028,C,C,RING 2,
PWT20020,PWT,JABAR,Subang,Jalancagak,,PWT-GAK,PWT20000,PWT20000,C,C,RING 2,
PWT20021,PWT,JABAR,Subang,Compreng,,PWT-PAM,PWT20017,PWT20017,C,C,RING 2,
PWT20022,PWT,JABAR,Subang,Cisalak,,PWT-GAK,PWT20000,PWT20000,C,C,RING 2,
PWT20023,PWT,JABAR,Subang,Cijambe,,PWT-SUG,PWT20000,PWT20000,C,C,RING 2,
PWT20024,PWT,JABAR,Subang,Cibogo,,PWT-SUG,PWT20000,PWT20000,C,C,RING 2,
PWT20025,PWT,JABAR,Subang,Ciasem,,PWT-PAM,PWT20017,PWT20017,C,C,RING 2,
PWT20026,PWT,JABAR,Subang,Blanakan,,PWT-PAM,PWT20017,PWT20017,C,C,RING 2,
PWT20027,PWT,JABAR,Subang,Binong,,PWT-PAM,PWT20017,PWT20017,C,C,RING 2,
PWT20028,PWT,JABAR,Subang,Purwadadi,CABANG,PWT-PUR,PWT20028,PWT20028,C,C,RING 2,
PWT20029,PWT,JABAR,Subang,Cipeundeuy,,PWT-PUR,PWT20028,PWT20028,C,C,RING 2,
SMI10000,SMI,JABAR,Kab. Sukabumi,Sukabumi,CABANG UTAMA,SMI,SMI10000,SMI10000,A,A,RING 1,
SMI10001,SMI,JABAR,Sukabumi,Bantargadung,,SMI-PLR,SMI10036,SMI10036,C,C,RING 2,
SMI10002,SMI,JABAR,Sukabumi,Baros,,SMI,SMI10000,SMI10000,A,A,RING 2,
SMI10003,SMI,JABAR,Sukabumi,Bojong Genteng,,SMI-PKD,SMI10034,SMI10034,B,C,RING 2,
SMI10004,SMI,JABAR,Sukabumi,Caringin,,SMI-BDK,SMI10005,SMI10007,C,C,RING 2,
SMI10005,SMI,JABAR,Sukabumi,Cibadak,CABANG,SMI-BDK,SMI10005,SMI10005,A,B,RING 2,
SMI10006,SMI,JABAR,Sukabumi,Cibitung,,SMI-JPK,SMI10023,SMI10023,C,C,RING 2,
SMI10007,SMI,JABAR,Sukabumi,Cicurug,CABANG,SMI-CCR,SMI10007,SMI10007,C,C,RING 2,
SMI10008,SMI,JABAR,Sukabumi,Cicantayan,,SMI-BDK,SMI10005,SMI10005,B,C,RING 2,
SMI10009,SMI,JABAR,Sukabumi,Cidahu,,SMI-CCR,SMI10007,SMI10007,C,C,RING 1,
SMI10010,SMI,JABAR,Sukabumi,Cidolog,,SMI-SGN,SMI10038,SMI10038,C,C,RING 1,
SMI10011,SMI,JABAR,Sukabumi,Cidadap,,SMI-SGN,SMI10038,SMI10038,C,C,RING 1,
SMI10012,SMI,JABAR,Sukabumi,Ciemas,,SMI-JPK,SMI10023,SMI10023,C,C,RING 1,
SMI10013,SMI,JABAR,Sukabumi,Cikidang,,SMI-BDK,SMI10005,SMI10005,C,C,RING 1,
SMI10014,SMI,JABAR,Sukabumi,Cikembar,CABANG,SMI-KMB,SMI10014,SMI10014,C,C,RING 2,
SMI10015,SMI,JABAR,Sukabumi,Cikakak,,SMI-PLR,SMI10036,SMI10036,C,C,RING 2,
SMI10016,SMI,JABAR,Sukabumi,Ciracap,,SMI-JPK,SMI10023,SMI10023,C,C,RING 2,
SMI10017,SMI,JABAR,Sukabumi,Cireunghas,,SMI,SMI10000,SMI10000,C,C,RING 2,
SMI10018,SMI,JABAR,Sukabumi,Cisaat,,SMI,SMI10000,SMI10000,A,A,RING 1,
SMI10019,SMI,JABAR,Sukabumi,Cisolok,,SMI-PLR,SMI10036,SMI10036,C,C,RING 2,
SMI10020,SMI,JABAR,Sukabumi,Curugkembar,,SMI-SGN,SMI10038,SMI10038,B,C,RING 1,
SMI10021,SMI,JABAR,Sukabumi,Geger Bitung,,SMI,SMI10000,SMI10000,C,C,RING 2,
SMI10022,SMI,JABAR,Sukabumi,Gunungguruh,,SMI-KMB,SMI10014,SMI10014,B,C,RING 2,
SMI10023,SMI,JABAR,Sukabumi,Jampang Kulon,CABANG,SMI-JPK,SMI10023,SMI10023,C,C,RING 2,
SMI10024,SMI,JABAR,Sukabumi,Jampang Tengah,CABANG,SMI-JPT,SMI10024,SMI10024,C,C,RING 2,
SMI10025,SMI,JABAR,Sukabumi,Kabandungan,,SMI-PKD,SMI10034,SMI10034,C,C,RING 2,
SMI10026,SMI,JABAR,Sukabumi,Kadudampit,,SMI,SMI10000,SMI10000,C,C,RING 2,
SMI10027,SMI,JABAR,Sukabumi,Kalapa Nunggal,,SMI-PKD,SMI10034,SMI10034,C,C,RING 2,
SMI10028,SMI,JABAR,Sukabumi,Kalibunder,,SMI-JPK,SMI10023,SMI10023,C,C,RING 1,
SMI10029,SMI,JABAR,Sukabumi,Kebonpedes,,SMI,SMI10000,SMI10000,B,C,RING 2,
SMI10030,SMI,JABAR,Sukabumi,Lengkong,,SMI-JPT,SMI10024,SMI10024,C,C,RING 2,
SMI10031,SMI,JABAR,Sukabumi,Nagrak,,SMI-BDK,SMI10005,SMI10005,B,C,RING 1,
SMI10032,SMI,JABAR,Sukabumi,Nyalindung,,SMI-SGN,SMI10038,SMI10038,C,C,RING 2,
SMI10033,SMI,JABAR,Sukabumi,Pabuaran,,SMI-SGN,SMI10038,SMI10038,C,C,RING 1,
SMI10034,SMI,JABAR,Sukabumi,Parung Kuda,CABANG,SMI-PKD,SMI10034,SMI10034,C,C,RING 2,
SMI10035,SMI,JABAR,Sukabumi,Parakan Salak,,SMI-PKD,SMI10034,SMI10034,C,C,RING 2,
SMI10036,SMI,JABAR,Sukabumi,Pelabuhan Ratu,CABANG,SMI-PLR,SMI10036,SMI10036,B,C,RING 1,
SMI10037,SMI,JABAR,Sukabumi,Purabaya,,SMI-SGN,SMI10038,SMI10038,C,C,RING 2,
SMI10038,SMI,JABAR,Sukabumi,Sagaranten,CABANG,SMI-SGN,SMI10038,SMI10038,C,C,RING 1,
SMI10039,SMI,JABAR,Sukabumi,Simpenan,,SMI-PLR,SMI10036,SMI10036,C,C,RING 2,
SMI10040,SMI,JABAR,Sukabumi,Sukalarang,,SMI,SMI10000,SMI10000,C,C,RING 2,
SMI10042,SMI,JABAR,Sukabumi,Sukaraja,,SMI,SMI10000,SMI10000,A,B,RING 2,
SMI10043,SMI,JABAR,Sukabumi,Surade,,SMI-JPK,SMI10023,SMI10023,C,C,RING 2,
SMI10044,SMI,JABAR,Sukabumi,Tegalbuleud,,SMI-JPK,SMI10023,SMI10023,C,C,RING 2,
SMI10045,SMI,JABAR,Sukabumi,Waluran,,SMI-JPK,SMI10023,SMI10023,B,C,RING 2,
SMI10046,SMI,JABAR,Sukabumi,Warungkiara,,SMI-PLR,SMI10036,SMI10036,C,C,RING 1,
SMI10047,SMI,JABAR,Sukabumi,Lembursitu,,SMI,SMI10000,SMI10000,A,A,RING 2,
SMI10051,SMI,JABAR,Sukabumi,Cikole,,SMI,SMI10000,SMI10000,A,A,RING 2,
SMI10052,SMI,JABAR,Sukabumi,Citamiang,,SMI,SMI10000,SMI10000,A,A,RING 2,
SMI10053,SMI,JABAR,Sukabumi,Gunung Puyuh,,SMI,SMI10000,SMI10000,A,A,RING 2,
SMI10054,SMI,JABAR,Sukabumi,Warudoyong,,SMI,SMI10000,SMI10000,A,A,RING 2,
SMI10055,SMI,JABAR,Sukabumi,Cibeureum,,SMI,SMI10000,SMI10000,A,A,RING 2,
SMI10056,SMI,JABAR,Sukabumi,Ciambar,,SMI-PKD,SMI10034,SMI10034,B,C,RING 1,
SMI10057,SMI,JABAR,Sukabumi,Cimanggu,,SMI-JPK,SMI10023,SMI10023,C,C,RING 2,
TSM10000,TSM,JABAR,Kota Tasikmalaya,Tasikmalaya,CABANG UTAMA,TSM,TSM10000,TSM10000,A,A,RING 1,
TSM10001,TSM,JABAR,Tasikmalaya,Cibeureum,,TSM,TSM10000,TSM10000,A,A,RING 1,
TSM10002,TSM,JABAR,Tasikmalaya,Indihiang,,TSM,TSM10000,TSM10000,A,A,RING 1,
TSM10003,TSM,JABAR,Tasikmalaya,Kawalu,,TSM,TSM10000,TSM10000,A,A,RING 1,
TSM10004,TSM,JABAR,Tasikmalaya,Cihideung,,TSM,TSM10000,TSM10000,A,A,RING 1,
TSM10005,TSM,JABAR,Tasikmalaya,Cipedes,,TSM,TSM10000,TSM10000,A,A,RING 1,
TSM10006,TSM,JABAR,Tasikmalaya,Mangkubumi,,TSM,TSM10000,TSM10000,A,A,RING 1,
TSM10007,TSM,JABAR,Tasikmalaya,Tamansari,,TSM,TSM10000,TSM10000,A,A,RING 1,
TSM10008,TSM,JABAR,Tasikmalaya,Tawang,,TSM,TSM10000,TSM10000,A,A,RING 1,
TSM10009,TSM,JABAR,Tasikmalaya,Bungursari,,TSM,TSM10000,TSM10000,B,B,RING 1,
TSM10010,TSM,JABAR,Tasikmalaya,Purbaratu,,TSM,TSM10000,TSM10000,B,B,RING 1,
TSM10100,TSM,JABAR,Tasikmalaya,Singaparna,,TSM-SPA,TSM10000,TSM10000,A,A,RING 2,
TSM10101,TSM,JABAR,Tasikmalaya,Bojonggambir,,TSM-SPA,TSM10000,TSM10000,B,C,RING 2,
TSM10102,TSM,JABAR,Tasikmalaya,Cigalontang,,TSM-SPA,TSM10000,TSM10000,B,B,RING 2,
TSM10103,TSM,JABAR,Tasikmalaya,Leuwisari,,TSM-SPA,TSM10000,TSM10000,B,B,RING 2,
TSM10104,TSM,JABAR,Tasikmalaya,Sariwangi,,TSM-SPA,TSM10000,TSM10000,B,B,RING 2,
TSM10105,TSM,JABAR,Tasikmalaya,Salawu,,TSM-SPA,TSM10000,TSM10000,B,B,RING 2,
TSM10106,TSM,JABAR,Tasikmalaya,Sukarame,,TSM-SPA,TSM10000,TSM10000,B,B,RING 2,
TSM10107,TSM,JABAR,Tasikmalaya,Mangunreja,,TSM-SPA,TSM10000,TSM10000,B,B,RING 2,
TSM10108,TSM,JABAR,Tasikmalaya,Sodonghilir,,TSM-SPA,TSM10000,TSM10000,B,B,RING 2,
TSM10109,TSM,JABAR,Tasikmalaya,Taraju,,TSM-SPA,TSM10000,TSM10000,B,B,RING 2,
TSM10110,TSM,JABAR,Tasikmalaya,Bantarkalong,,TSM-SJA,TSM10000,TSM10000,B,B,RING 2,
TSM10111,TSM,JABAR,Tasikmalaya,Culamega,,TSM-SJA,TSM10000,TSM10000,B,C,RING 2,
TSM10112,TSM,JABAR,Tasikmalaya,Ciawi,,TSM-CWI,TSM10000,TSM10000,B,B,RING 2,
TSM10113,TSM,JABAR,Tasikmalaya,Cibalong,,TSM-SJA,TSM10000,TSM10000,B,B,RING 2,
TSM10114,TSM,JABAR,Tasikmalaya,Cikatomas,,TSM-SJA,TSM10000,TSM10000,B,B,RING 2,
TSM10115,TSM,JABAR,Tasikmalaya,Cikalong,,TSM-SJA,TSM10000,TSM10000,B,C,RING 2,
TSM10116,TSM,JABAR,Tasikmalaya,Cineam,,TSM,TSM10000,TSM10000,B,B,RING 2,
TSM10117,TSM,JABAR,Tasikmalaya,Cipatujah,,TSM-SJA,TSM10000,TSM10000,B,C,RING 2,
TSM10118,TSM,JABAR,Tasikmalaya,Cisayong,,TSM-CWI,TSM10000,TSM10000,B,B,RING 2,
TSM10119,TSM,JABAR,Tasikmalaya,Jamanis,,TSM-CWI,TSM10000,TSM10000,B,B,RING 2,
TSM10120,TSM,JABAR,Tasikmalaya,Karangnunggal,,TSM-SJA,TSM10000,TSM10000,B,B,RING 2,
TSM10121,TSM,JABAR,Tasikmalaya,Manonjaya,,TSM,TSM10000,TSM10000,B,B,RING 1,
TSM10122,TSM,JABAR,Tasikmalaya,Pancatengah,,TSM-SJA,TSM10000,TSM10000,B,C,RING 2,
TSM10123,TSM,JABAR,Tasikmalaya,Rajapolah,,TSM-CWI,TSM10000,TSM10000,B,B,RING 2,
TSM10124,TSM,JABAR,Tasikmalaya,Salopa,,TSM-SJA,TSM10000,TSM10000,B,B,RING 2,
TSM10125,TSM,JABAR,Tasikmalaya,Sukaraja,,TSM-SJA,TSM10000,TSM10000,B,B,RING 2,
TSM10126,TSM,JABAR,Tasikmalaya,Kadipaten,,TSM-CWI,TSM10000,TSM10000,B,C,RING 2,
TSM10127,TSM,JABAR,Tasikmalaya,Bojongasih,,TSM-SJA,TSM10000,TSM10000,B,B,RING 2,
TSM10128,TSM,JABAR,Tasikmalaya,Gunung Tanjung,,TSM,TSM10000,TSM10000,B,B,RING 2,
TSM10129,TSM,JABAR,Tasikmalaya,Jatiwaras,,TSM-SJA,TSM10000,TSM10000,B,B,RING 2,
TSM10130,TSM,JABAR,Tasikmalaya,Karang Jaya,,TSM,TSM10000,TSM10000,B,C,RING 2,
TSM10131,TSM,JABAR,Tasikmalaya,Padakembang,,TSM-SPA,TSM10000,TSM10000,B,B,RING 2,
TSM10132,TSM,JABAR,Tasikmalaya,Pagerageung,,TSM-CWI,TSM10000,TSM10000,B,B,RING 2,
TSM10133,TSM,JABAR,Tasikmalaya,Parungponteng,,TSM-SJA,TSM10000,TSM10000,B,B,RING 2,
TSM10134,TSM,JABAR,Tasikmalaya,Puspahiang,,TSM-SPA,TSM10000,TSM10000,B,B,RING 2,
TSM10135,TSM,JABAR,Tasikmalaya,Sukaratu,,TSM-SPA,TSM10000,TSM10000,B,B,RING 2,
TSM10136,TSM,JABAR,Tasikmalaya,Sukaresik,,TSM-CWI,TSM10000,TSM10000,B,B,RING 2,
TSM10137,TSM,JABAR,Tasikmalaya,Tanjungjaya,,TSM-SPA,TSM10000,TSM10000,B,B,RING 2,
TSM10138,TSM,JABAR,Tasikmalaya,Sukahening,,TSM-CWI,TSM10000,TSM10000,B,B,RING 2,
TSM20000,TSM,JABAR,Kota Banjar,Banjar,CABANG,TSM-BJR,TSM20000,TSM20000,B,B,RING 2,
TSM20001,TSM,JABAR,Banjar,Langensari,,TSM-BJR,TSM20000,TSM20000,B,B,RING 2,
TSM20002,TSM,JABAR,Banjar,Pataruman,,TSM-BJR,TSM20000,TSM20000,B,B,RING 2,
TSM20003,TSM,JABAR,Banjar,Purwaharja,,TSM-BJR,TSM20000,TSM20000,B,B,RING 2,
TSM30000,TSM,JABAR,Kab.Ciamis,Ciamis,CABANG,TSM-CMS,TSM30000,TSM30000,A,A,RING 2,
TSM30001,TSM,JABAR,Ciamis,Cihaurbeuti,,TSM-CMS,TSM30000,TSM30000,B,B,RING 2,
TSM30002,TSM,JABAR,Ciamis,Cijeungjing,,TSM-CMS,TSM30000,TSM30000,B,B,RING 2,
TSM30003,TSM,JABAR,Ciamis,Cikoneng,,TSM-CMS,TSM30000,TSM30000,B,B,RING 2,
TSM30004,TSM,JABAR,Ciamis,Cipaku,,TSM-CMS,TSM30000,TSM30000,B,B,RING 2,
TSM30005,TSM,JABAR,Ciamis,Jatinagara,,TSM-CMS,TSM30000,TSM30000,B,C,RING 2,
TSM30006,TSM,JABAR,Ciamis,Kawali,,TSM-CMS,TSM30000,TSM30000,B,B,RING 2,
TSM30007,TSM,JABAR,Ciamis,Panumbangan,,TSM-CMS,TSM30000,TSM30000,B,B,RING 2,
TSM30008,TSM,JABAR,Ciamis,Panawangan,,TSM-CMS,TSM30000,TSM30000,B,C,RING 2,
TSM30009,TSM,JABAR,Ciamis,Panjalu,,TSM-CMS,TSM30000,TSM30000,B,C,RING 2,
TSM30010,TSM,JABAR,Ciamis,Rajadesa,,TSM-CMS,TSM30000,TSM30000,B,C,RING 2,
TSM30011,TSM,JABAR,Ciamis,Sadananya,,TSM-CMS,TSM30000,TSM30000,B,B,RING 2,
TSM30012,TSM,JABAR,Ciamis,Sukadana,,TSM-CMS,TSM30000,TSM30000,B,B,RING 2,
TSM30013,TSM,JABAR,Ciamis,Banjarsari,,TSM-BJR,TSM20000,TSM20000,C,C,RING 2,
TSM30014,TSM,JABAR,Ciamis,Cimaragas,,TSM-BJR,TSM20000,TSM20000,B,C,RING 2,
TSM30015,TSM,JABAR,Ciamis,Cisaga,,TSM-BJR,TSM20000,TSM20000,B,C,RING 2,
TSM30016,TSM,JABAR,Ciamis,Lakbok,,TSM-BJR,TSM20000,TSM20000,C,C,RING 2,
TSM30017,TSM,JABAR,Ciamis,Pamarican,,TSM-BJR,TSM20000,TSM20000,C,C,RING 2,
TSM30018,TSM,JABAR,Ciamis,Rancah,,TSM-BJR,TSM20000,TSM20000,C,C,RING 2,
TSM30019,TSM,JABAR,Ciamis,Tambaksari,,TSM-BJR,TSM20000,TSM20000,C,C,RING 2,
TSM30020,TSM,JABAR,Ciamis,Purwadadi,,TSM-BJR,TSM20000,TSM20000,C,C,RING 2,
TSM30021,TSM,JABAR,Ciamis,Cidolog,,TSM-BJR,TSM20000,TSM20000,C,C,RING 2,
TSM30022,TSM,JABAR,Ciamis,Baregbeg,,TSM-CMS,TSM30000,TSM30000,B,B,RING 2,
TSM30023,TSM,JABAR,Ciamis,Lumbung,,TSM-CMS,TSM30000,TSM30000,B,C,RING 2,
TSM30024,TSM,JABAR,Ciamis,Sindangkasih,,TSM-CMS,TSM30000,TSM30000,B,B,RING 2,
TSM30025,TSM,JABAR,Ciamis,Sukamantri,,TSM-CMS,TSM30000,TSM30000,C,C,RING 2,
TSM40000,TSM,JABAR,Kab. Pangandaran ,Pangandaran,CABANG,TSM-PDR,TSM40000,TSM40000,B,C,RING 2,
TSM40001,TSM,JABAR,Pangandaran,Cigugur,,TSM-PDR,TSM40000,TSM40000,C,C,RING 2,
TSM40002,TSM,JABAR,Pangandaran,Cijulang,,TSM-PDR,TSM40000,TSM40000,C,C,RING 2,
TSM40003,TSM,JABAR,Pangandaran,Cimerak,,TSM-PDR,TSM40000,TSM40000,C,C,RING 2,
TSM40004,TSM,JABAR,Pangandaran,Kalipucang,,TSM-PDR,TSM40000,TSM40000,C,C,RING 2,
TSM40005,TSM,JABAR,Pangandaran,Langkaplancar,,TSM-PDR,TSM40000,TSM40000,C,C,RING 2,
TSM40006,TSM,JABAR,Pangandaran,Padaherang,,TSM-PDR,TSM40000,TSM40000,C,C,RING 2,
TSM40007,TSM,JABAR,Pangandaran,Parigi,,TSM-PDR,TSM40000,TSM40000,C,C,RING 2,
TSM40008,TSM,JABAR,Pangandaran,Mangunjaya,,TSM-BJR,TSM20000,TSM20000,C,C,RING 2,
TSM40009,TSM,JABAR,Pangandaran,Sidamulih,,TSM-PDR,TSM40000,TSM40000,B,C,RING 2,
CXP10000,CXP,JATENG,Kab. Cilacap,Cilacap,CABANG UTAMA,CXP,CXP10000,CXP10000,A,A,RING 1,
CXP10001,CXP,JATENG,Cilacap,Cilacap Selatan,,CXP,CXP10000,CXP10000,A,A,RING 1,
CXP10002,CXP,JATENG,Cilacap,Cilacap Tengah,,CXP,CXP10000,CXP10000,A,A,RING 1,
CXP10003,CXP,JATENG,Cilacap,Cilacap Utara,,CXP,CXP10000,CXP10000,A,A,RING 1,
CXP10004,CXP,JATENG,Cilacap,Cipari,,CXP-SDR,CXP10000,CXP10017,C,C,RING 2,
CXP10006,CXP,JATENG,Cilacap,Gandrungmangu,,CXP-BTR,CXP10000,CXP10023,C,C,RING 2,
CXP10007,CXP,JATENG,Cilacap,Jeruklegi,,CXP,CXP10000,CXP10000,C,C,RING 1,
CXP10008,CXP,JATENG,Cilacap,Karangpucung,,CXP-CMG,CXP10000,CXP10021,C,C,RING 2,
CXP10009,CXP,JATENG,Cilacap,Kawunganten,,CXP-BTR,CXP10000,CXP10023,C,C,RING 2,
CXP10010,CXP,JATENG,Cilacap,Kedungreja,,CXP-SDR,CXP10000,CXP10017,C,C,RING 2,
CXP10011,CXP,JATENG,Cilacap,Kesugihan,CABANG,CXP-KSH,CXP10000,CXP10011,C,C,RING 2,
CXP10014,CXP,JATENG,Cilacap,Maos,,CXP-KSH,CXP10000,CXP10011,C,C,RING 2,
CXP10017,CXP,JATENG,Cilacap,Sidareja,CABANG,CXP-SDR,CXP10000,CXP10017,C,C,RING 2,
CXP10019,CXP,JATENG,Cilacap,Adipala,,CXP-KSH,CXP10000,CXP10011,C,C,RING 2,
CXP10021,CXP,JATENG,Cilacap,Cimanggu,CABANG,CXP-CMG,CXP10000,CXP10021,C,C,RING 2,
CXP10022,CXP,JATENG,Cilacap,Patimuan,,CXP-SDR,CXP10000,CXP10017,C,C,RING 2,
CXP10023,CXP,JATENG,Cilacap,Bantarsari,CABANG,CXP-BTR,CXP10000,CXP10023,C,C,RING 2,
CXP10024,CXP,JATENG,Cilacap,Kampung Laut,,CXP-BTR,CXP10000,CXP10023,C,C,RING 2,
CXP20000,CXP,JATENG,Cilacap,Kroya,CABANG,CXP-KYA,CXP10000,CXP20000,B,B,RING 2,
CXP20001,CXP,JATENG,Cilacap,Sampang,,CXP-KYA,CXP10000,CXP20000,C,C,RING 2,
CXP20002,CXP,JATENG,Cilacap,Binangun,,CXP-KYA,CXP10000,CXP20000,C,C,RING 2,
CXP20003,CXP,JATENG,Cilacap,Nusawungu,,CXP-KYA,CXP10000,CXP20000,C,C,RING 2,
CXP20100,CXP,JATENG,Cilacap,Majenang,,CXP-MAG,CXP10000,CXP10017,B,B,RING 2,
CXP20101,CXP,JATENG,Cilacap,Wanareja,,CXP-MAG,CXP10000,CXP10017,C,C,RING 2,
CXP20102,CXP,JATENG,Cilacap,Dayeuhluhur,,CXP-MAG,CXP10000,CXP10017,C,C,RING 2,
JOG10000,JOG,JATENG,Kota Yogyakarta,Yogyakarta,CABANG UTAMA,JOG,JOG10000,JOG10000,A,A,RING 1,
JOG10001,JOG,JATENG,Yogyakarta,Tegalrejo,,JOG,JOG10000,JOG10000,A,A,RING 1,
JOG10002,JOG,JATENG,Yogyakarta,Jetis,,JOG,JOG10000,JOG10000,A,A,RING 1,
JOG10003,JOG,JATENG,Yogyakarta,Danurejan,,JOG,JOG10000,JOG10000,A,A,RING 1,
JOG10004,JOG,JATENG,Yogyakarta,Gedong Tengen,,JOG,JOG10000,JOG10000,A,A,RING 1,
JOG10005,JOG,JATENG,Yogyakarta,Gondokusuman,,JOG,JOG10000,JOG10000,A,A,RING 1,
JOG10006,JOG,JATENG,Yogyakarta,Gondomanan,,JOG,JOG10000,JOG10000,A,A,RING 1,
JOG10007,JOG,JATENG,Yogyakarta,Kotagede,,JOG,JOG10000,JOG10000,A,A,RING 1,
JOG10008,JOG,JATENG,Yogyakarta,Kraton,,JOG,JOG10000,JOG10000,A,A,RING 1,
JOG10009,JOG,JATENG,Yogyakarta,Mantrijeron,,JOG,JOG10000,JOG10000,A,A,RING 1,
JOG10010,JOG,JATENG,Yogyakarta,Mergangsan,,JOG,JOG10000,JOG10000,A,A,RING 1,
JOG10011,JOG,JATENG,Yogyakarta,Ngampilan,,JOG,JOG10000,JOG10000,A,A,RING 1,
JOG10012,JOG,JATENG,Yogyakarta,Pakualaman,,JOG,JOG10000,JOG10000,A,A,RING 1,
JOG10013,JOG,JATENG,Yogyakarta,Umbulharjo,,JOG,JOG10000,JOG10000,A,A,RING 1,
JOG10014,JOG,JATENG,Yogyakarta,Wirobrajan,,JOG,JOG10000,JOG10000,A,A,RING 1,
JOG20100,JOG,JATENG,Bantul,Bantul,,JOG-BTL,JOG10000,JOG10000,A,B,RING 1,
JOG20101,JOG,JATENG,Bantul,Bambang Lipuro,,JOG-BTL,JOG10000,JOG10000,B,B,RING 1,
JOG20102,JOG,JATENG,Bantul,Dlingo,,JOG-BTL,JOG10000,JOG10000,B,B,RING 1,
JOG20103,JOG,JATENG,Bantul,Imogiri,,JOG-BTL,JOG10000,JOG10000,B,B,RING 1,
JOG20104,JOG,JATENG,Bantul,Jetis,,JOG-BTL,JOG10000,JOG10000,B,B,RING 1,
JOG20105,JOG,JATENG,Bantul,Kretek,,JOG-BTL,JOG10000,JOG10000,B,B,RING 1,
JOG20106,JOG,JATENG,Bantul,Pajangan,,JOG-BTL,JOG10000,JOG10000,B,B,RING 1,
JOG20107,JOG,JATENG,Bantul,Pandak,,JOG-BTL,JOG10000,JOG10000,B,B,RING 1,
JOG20108,JOG,JATENG,Bantul,Piyungan,,JOG-BTL,JOG10000,JOG10000,B,B,RING 1,
JOG20109,JOG,JATENG,Bantul,Pleret,,JOG-BTL,JOG10000,JOG10000,B,B,RING 1,
JOG20110,JOG,JATENG,Bantul,Pundong,,JOG-BTL,JOG10000,JOG10000,B,B,RING 1,
JOG20111,JOG,JATENG,Bantul,Sanden,,JOG-BTL,JOG10000,JOG10000,B,B,RING 1,
JOG20112,JOG,JATENG,Bantul,Sedayu,,JOG-BTL,JOG10000,JOG10000,B,B,RING 1,
JOG20113,JOG,JATENG,Bantul,Srandakan,,JOG-BTL,JOG10000,JOG10000,B,B,RING 1,
JOG20114,JOG,JATENG,Bantul,Banguntapan,,JOG-BTL,JOG10000,JOG10000,B,B,RING 1,
JOG20115,JOG,JATENG,Bantul,Kasihan,,JOG-BTL,JOG10000,JOG10000,B,B,RING 1,
JOG20116,JOG,JATENG,Bantul,Sewon,,JOG-BTL,JOG10000,JOG10000,B,B,RING 1,
JOG20300,JOG,JATENG,Sleman,Sleman,,JOG-SLM,JOG10000,JOG10000,A,B,RING 1,
JOG20301,JOG,JATENG,Sleman,Berbah,,JOG-SLM,JOG10000,JOG10000,B,B,RING 1,
JOG20302,JOG,JATENG,Sleman,Cangkringan,,JOG-SLM,JOG10000,JOG10000,B,B,RING 1,
JOG20303,JOG,JATENG,Sleman,Godean,,JOG-SLM,JOG10000,JOG10000,B,B,RING 1,
JOG20304,JOG,JATENG,Sleman,Kalasan,,JOG-SLM,JOG10000,JOG10000,B,B,RING 1,
JOG20305,JOG,JATENG,Sleman,Minggir,,JOG-SLM,JOG10000,JOG10000,B,B,RING 1,
JOG20306,JOG,JATENG,Sleman,Moyudan,,JOG-SLM,JOG10000,JOG10000,B,B,RING 1,
JOG20307,JOG,JATENG,Sleman,Ngaglik,,JOG-SLM,JOG10000,JOG10000,B,B,RING 1,
JOG20308,JOG,JATENG,Sleman,Ngemplak,,JOG-SLM,JOG10000,JOG10000,B,B,RING 1,
JOG20309,JOG,JATENG,Sleman,Pakem,,JOG-SLM,JOG10000,JOG10000,B,B,RING 1,
JOG20310,JOG,JATENG,Sleman,Prambanan,,JOG-SLM,JOG10000,JOG10000,A,B,RING 1,
JOG20311,JOG,JATENG,Sleman,Seyegan,,JOG-SLM,JOG10000,JOG10000,B,B,RING 1,
JOG20312,JOG,JATENG,Sleman,Tempel,,JOG-SLM,JOG10000,JOG10000,B,B,RING 1,
JOG20313,JOG,JATENG,Sleman,Turi,,JOG-SLM,JOG10000,JOG10000,B,B,RING 1,
JOG20314,JOG,JATENG,Sleman,Depok,,JOG-SLM,JOG10000,JOG10000,B,B,RING 1,
JOG20315,JOG,JATENG,Sleman,Gamping,,JOG-SLM,JOG10000,JOG10000,B,B,RING 1,
JOG20316,JOG,JATENG,Sleman,Mlati,,JOG-SLM,JOG10000,JOG10000,B,B,RING 1,
JOG20400,JOG,JATENG,Kab. Kulon Progo,Wates,CABANG,JOG-WTS,JOG10000,JOG20400,B,B,RING 2,
JOG20401,JOG,JATENG,Kulon Progo,Galur,,JOG-WTS,JOG10000,JOG20400,C,C,RING 2,
JOG20402,JOG,JATENG,Kulon Progo,Girimulyo,,JOG-WTS,JOG10000,JOG20400,C,C,RING 2,
JOG20403,JOG,JATENG,Kulon Progo,Kalibawang,,JOG-WTS,JOG10000,JOG20400,C,C,RING 2,
JOG20404,JOG,JATENG,Kulon Progo,Kokap,,JOG-WTS,JOG10000,JOG20400,C,C,RING 2,
JOG20405,JOG,JATENG,Kulon Progo,Lendah,,JOG-WTS,JOG10000,JOG20400,C,C,RING 2,
JOG20406,JOG,JATENG,Kulon Progo,Nanggulan,,JOG-WTS,JOG10000,JOG20400,C,C,RING 2,
JOG20407,JOG,JATENG,Kulon Progo,Panjatan,,JOG-WTS,JOG10000,JOG20400,C,C,RING 2,
JOG20408,JOG,JATENG,Kulon Progo,Pengasih,,JOG-WTS,JOG10000,JOG20400,C,C,RING 2,
JOG20409,JOG,JATENG,Kulon Progo,Samigaluh,,JOG-WTS,JOG10000,JOG20400,C,C,RING 2,
JOG20410,JOG,JATENG,Kulon Progo,Sentolo,,JOG-WTS,JOG10000,JOG20400,C,C,RING 2,
JOG20411,JOG,JATENG,Kulon Progo,Temon,,JOG-WTS,JOG10000,JOG20400,C,C,RING 2,
JOG20500,JOG,JATENG,Kab. Gunung Kidul,Wonosari,CABANG,JOG-WNO,JOG10000,JOG20500,B,B,RING 2,
JOG20501,JOG,JATENG,Gunung Kidul,Karangmojo,,JOG-WNO,JOG10000,JOG20500,C,C,RING 2,
JOG20502,JOG,JATENG,Gunung Kidul,Ngawen,,JOG-WNO,JOG10000,JOG20500,C,C,RING 2,
JOG20503,JOG,JATENG,Gunung Kidul,Nglipar,,JOG-WNO,JOG10000,JOG20500,C,C,RING 2,
JOG20504,JOG,JATENG,Gunung Kidul,Paliyan,,JOG-WNO,JOG10000,JOG20500,C,C,RING 2,
JOG20505,JOG,JATENG,Gunung Kidul,Panggang,,JOG-WNO,JOG10000,JOG20500,C,C,RING 2,
JOG20506,JOG,JATENG,Gunung Kidul,Patuk,,JOG-WNO,JOG10000,JOG20500,C,C,RING 2,
JOG20507,JOG,JATENG,Gunung Kidul,Playen,,JOG-WNO,JOG10000,JOG20500,C,C,RING 2,
JOG20508,JOG,JATENG,Gunung Kidul,Ponjong,,JOG-WNO,JOG10000,JOG20500,C,C,RING 2,
JOG20509,JOG,JATENG,Gunung Kidul,Rongkop,,JOG-WNO,JOG10000,JOG20500,C,C,RING 2,
JOG20510,JOG,JATENG,Gunung Kidul,Semin,,JOG-WNO,JOG10000,JOG20500,C,C,RING 2,
JOG20511,JOG,JATENG,Gunung Kidul,Semanu,,JOG-WNO,JOG10000,JOG20500,C,C,RING 2,
JOG20512,JOG,JATENG,Gunung Kidul,Tepus,,JOG-WNO,JOG10000,JOG20500,C,C,RING 2,
JOG20513,JOG,JATENG,Gunung Kidul,Gedang Sari,,JOG-WNO,JOG10000,JOG20500,C,C,RING 2,
JOG20514,JOG,JATENG,Gunung Kidul,Girisubo,,JOG-WNO,JOG10000,JOG20500,C,C,RING 2,
JOG20515,JOG,JATENG,Gunung Kidul,Purwosari,,JOG-WNO,JOG10000,JOG20500,C,C,RING 2,
JOG20516,JOG,JATENG,Gunung Kidul,Sapto Sari,,JOG-WNO,JOG10000,JOG20500,C,C,RING 2,
JOG20517,JOG,JATENG,Gunung Kidul,Tanjungsari,,JOG-WNO,JOG10000,JOG20500,C,C,RING 2,
MGL10000,MGL,JATENG,Kota Magelang,Magelang,CABANG UTAMA,MGL,MGL10000,MGL10000,A,A,RING 1,
MGL10022,MGL,JATENG,Magelang,Magelang Selatan,,MGL,MGL10000,MGL10000,A,A,RING 1,
MGL10023,MGL,JATENG,Magelang,Magelang Tengah,,MGL,MGL10000,MGL10000,A,A,RING 1,
MGL10024,MGL,JATENG,Magelang,Magelang Utara,,MGL,MGL10000,MGL10000,A,A,RING 1,
MGL10100,MGL,JATENG,Kab. Kebumen,Kebumen,CABANG,MGL-KBM,MGL10100,MGL10100,B,B,RING 2,
MGL10101,MGL,JATENG,Kebumen,Adimulyo,,MGL-KBM,MGL10100,MGL10100,B,C,RING 2,
MGL10102,MGL,JATENG,Kebumen,Alian/Aliyan,,MGL-KBM,MGL10100,MGL10100,B,C,RING 2,
MGL10103,MGL,JATENG,Kebumen,Ambal,,MGL-KBM,MGL10100,MGL10100,C,C,RING 2,
MGL10104,MGL,JATENG,Kebumen,Buluspesantren,,MGL-KBM,MGL10100,MGL10100,C,C,RING 2,
MGL10105,MGL,JATENG,Kebumen,Karanganyar,,MGL-KBM,MGL10100,MGL10100,C,C,RING 2,
MGL10106,MGL,JATENG,Kebumen,Karanggayam,,MGL-KBM,MGL10100,MGL10100,C,C,RING 2,
MGL10107,MGL,JATENG,Kebumen,Klirong,,MGL-KBM,MGL10100,MGL10100,C,C,RING 2,
MGL10108,MGL,JATENG,Kebumen,Kutowinangun,,MGL-KBM,MGL10100,MGL10100,B,C,RING 2,
MGL10109,MGL,JATENG,Kebumen,Kuwarasan,,MGL-KBM,MGL10100,MGL10100,C,C,RING 2,
MGL10110,MGL,JATENG,Kebumen,Mirit,,MGL-KBM,MGL10100,MGL10100,C,C,RING 2,
MGL10111,MGL,JATENG,Kebumen,Pejagoan,,MGL-KBM,MGL10100,MGL10100,B,C,RING 2,
MGL10112,MGL,JATENG,Kebumen,Petanahan,,MGL-KBM,MGL10100,MGL10100,C,C,RING 2,
MGL10113,MGL,JATENG,Kebumen,Prembun,,MGL-KBM,MGL10100,MGL10100,C,C,RING 2,
MGL10114,MGL,JATENG,Kebumen,Puring,,MGL-KBM,MGL10100,MGL10100,C,C,RING 2,
MGL10115,MGL,JATENG,Kebumen,Sadang,,MGL-KBM,MGL10100,MGL10100,C,C,RING 2,
MGL10116,MGL,JATENG,Kebumen,Sruweng,,MGL-KBM,MGL10100,MGL10100,B,C,RING 2,
MGL10117,MGL,JATENG,Kebumen,Gombong,,MGL-KBM,MGL10100,MGL10100,C,C,RING 2,
MGL10118,MGL,JATENG,Kebumen,Ayah,,MGL-KBM,MGL10100,MGL10100,C,C,RING 2,
MGL10119,MGL,JATENG,Kebumen,Buayan,,MGL-KBM,MGL10100,MGL10100,C,C,RING 2,
MGL10120,MGL,JATENG,Kebumen,Rowokele,,MGL-KBM,MGL10100,MGL10100,C,C,RING 2,
MGL10121,MGL,JATENG,Kebumen,Bonorowo,,MGL-KBM,MGL10100,MGL10100,C,C,RING 2,
MGL10122,MGL,JATENG,Kebumen,Karangsambung,,MGL-KBM,MGL10100,MGL10100,C,C,RING 2,
MGL10123,MGL,JATENG,Kebumen,Padureso,,MGL-KBM,MGL10100,MGL10100,C,C,RING 2,
MGL10124,MGL,JATENG,Kebumen,Poncowarno,,MGL-KBM,MGL10100,MGL10100,B,C,RING 2,
MGL10125,MGL,JATENG,Kebumen,Sempor,,MGL-KBM,MGL10100,MGL10100,C,C,RING 2,
MGL10200,MGL,JATENG,Kab. Wonosobo,Wonosobo,CABANG,MGL-WNB,MGL10000,MGL10200,B,B,RING 2,
MGL10201,MGL,JATENG,Wonosobo,Garung,,MGL-WNB,MGL10000,MGL10200,B,C,RING 2,
MGL10202,MGL,JATENG,Wonosobo,Kalikajar,,MGL-WNB,MGL10000,MGL10200,B,C,RING 2,
MGL10203,MGL,JATENG,Wonosobo,Kaliwiro,,MGL-WNB,MGL10000,MGL10200,C,C,RING 2,
MGL10204,MGL,JATENG,Wonosobo,Kejajar,,MGL-WNB,MGL10000,MGL10200,C,C,RING 2,
MGL10205,MGL,JATENG,Wonosobo,Kepil,,MGL-WNB,MGL10000,MGL10200,C,C,RING 2,
MGL10206,MGL,JATENG,Wonosobo,Kertek,,MGL-WNB,MGL10000,MGL10200,B,C,RING 2,
MGL10207,MGL,JATENG,Wonosobo,Leksono,,MGL-WNB,MGL10000,MGL10200,C,C,RING 2,
MGL10208,MGL,JATENG,Wonosobo,Mojotengah,,MGL-WNB,MGL10000,MGL10200,B,C,RING 2,
MGL10209,MGL,JATENG,Wonosobo,Sapuran,,MGL-WNB,MGL10000,MGL10200,C,C,RING 2,
MGL10210,MGL,JATENG,Wonosobo,Selomerto,,MGL-WNB,MGL10000,MGL10200,B,C,RING 2,
MGL10211,MGL,JATENG,Wonosobo,Wadaslintang,,MGL-WNB,MGL10000,MGL10200,C,C,RING 2,
MGL10212,MGL,JATENG,Wonosobo,Watumalang,,MGL-WNB,MGL10000,MGL10200,C,C,RING 2,
MGL10214,MGL,JATENG,Wonosobo,Kalibawang,,MGL-WNB,MGL10000,MGL10200,C,C,RING 2,
MGL10215,MGL,JATENG,Wonosobo,Sukoharjo,,MGL-WNB,MGL10000,MGL10200,C,C,RING 2,
MGL10300,MGL,JATENG,Kab. Purworejo,Purworejo,CABANG,MGL-PWR,MGL10300,MGL10300,B,B,RING 2,
MGL10301,MGL,JATENG,Purworejo,Bagelen,,MGL-PWR,MGL10300,MGL10300,C,C,RING 2,
MGL10302,MGL,JATENG,Purworejo,Banyuurip,,MGL-PWR,MGL10300,MGL10300,B,C,RING 2,
MGL10303,MGL,JATENG,Purworejo,Bener,,MGL-PWR,MGL10300,MGL10300,C,C,RING 2,
MGL10304,MGL,JATENG,Purworejo,Gebang,,MGL-PWR,MGL10300,MGL10300,C,C,RING 2,
MGL10305,MGL,JATENG,Purworejo,Kaligesing,,MGL-PWR,MGL10300,MGL10300,B,C,RING 2,
MGL10306,MGL,JATENG,Purworejo,Loano,,MGL-PWR,MGL10300,MGL10300,B,C,RING 2,
MGL10307,MGL,JATENG,Purworejo,Ngombol,,MGL-PWR,MGL10300,MGL10300,C,C,RING 2,
MGL10308,MGL,JATENG,Purworejo,Purwodadi,,MGL-PWR,MGL10300,MGL10300,B,C,RING 2,
MGL10309,MGL,JATENG,Purworejo,Kutoarjo,,MGL-PWR,MGL10300,MGL10300,B,C,RING 2,
MGL10310,MGL,JATENG,Purworejo,Kemiri,,MGL-PWR,MGL10300,MGL10300,C,C,RING 2,
MGL10311,MGL,JATENG,Purworejo,Pituruh,,MGL-PWR,MGL10300,MGL10300,C,C,RING 2,
MGL10312,MGL,JATENG,Purworejo,Butuh,,MGL-PWR,MGL10300,MGL10300,C,C,RING 2,
MGL10313,MGL,JATENG,Purworejo,Bruno,,MGL-PWR,MGL10300,MGL10300,C,C,RING 2,
MGL10314,MGL,JATENG,Purworejo,Grabag,,MGL-PWR,MGL10300,MGL10300,C,C,RING 2,
MGL10315,MGL,JATENG,Purworejo,Bayan,,MGL-PWR,MGL10300,MGL10300,B,C,RING 2,
MGL10400,MGL,JATENG,Kab. Temanggung,Temanggung,CABANG,MGL-TMG,MGL10000,MGL10400,B,B,RING 2,
MGL10401,MGL,JATENG,Temanggung,Bulu,,MGL-TMG,MGL10000,MGL10400,B,C,RING 2,
MGL10402,MGL,JATENG,Temanggung,Candiroto,,MGL-TMG,MGL10000,MGL10400,C,C,RING 2,
MGL10403,MGL,JATENG,Temanggung,Jumo,,MGL-TMG,MGL10000,MGL10400,C,C,RING 2,
MGL10404,MGL,JATENG,Temanggung,Kaloran,,MGL-TMG,MGL10000,MGL10400,C,C,RING 2,
MGL10405,MGL,JATENG,Temanggung,Kandangan,,MGL-TMG,MGL10000,MGL10400,B,C,RING 2,
MGL10406,MGL,JATENG,Temanggung,Kedu,,MGL-TMG,MGL10000,MGL10400,B,C,RING 2,
MGL10407,MGL,JATENG,Temanggung,Kranggan,,MGL-TMG,MGL10000,MGL10400,B,C,RING 2,
MGL10408,MGL,JATENG,Temanggung,Ngadirejo,,MGL-TMG,MGL10000,MGL10400,C,C,RING 2,
MGL10409,MGL,JATENG,Temanggung,Parakan,,MGL-TMG,MGL10000,MGL10400,B,C,RING 2,
MGL10410,MGL,JATENG,Temanggung,Pringsurat,,MGL-TMG,MGL10000,MGL10400,C,C,RING 2,
MGL10411,MGL,JATENG,Temanggung,Tembarak,,MGL-TMG,MGL10000,MGL10400,B,C,RING 2,
MGL10412,MGL,JATENG,Temanggung,Tretep,,MGL-TMG,MGL10000,MGL10400,C,C,RING 2,
MGL10414,MGL,JATENG,Temanggung,Bejen,,MGL-TMG,MGL10000,MGL10400,C,C,RING 2,
MGL10415,MGL,JATENG,Temanggung,Tlogomulyo,,MGL-TMG,MGL10000,MGL10400,B,C,RING 2,
MGL10416,MGL,JATENG,Temanggung,Kledung,,MGL-TMG,MGL10000,MGL10400,C,C,RING 2,
MGL10418,MGL,JATENG,Temanggung,Wonoboyo,,MGL-TMG,MGL10000,MGL10400,C,C,RING 2,
MGL10419,MGL,JATENG,Temanggung,Gemawang,,MGL-TMG,MGL10000,MGL10400,C,C,RING 2,
MGL10420,MGL,JATENG,Temanggung,Bansari,,MGL-TMG,MGL10000,MGL10400,C,C,RING 2,
MGL10421,MGL,JATENG,Temanggung,Selopampang,,MGL-TMG,MGL10000,MGL10400,B,C,RING 2,
MGL10500,MGL,JATENG,Magelang,Mungkid,,MGL,MGL10000,MGL10000,A,B,RING 1,
MGL10501,MGL,JATENG,Magelang,Salam,,MGL,MGL10000,MGL10000,A,B,RING 1,
MGL10502,MGL,JATENG,Magelang,Bandongan,,MGL,MGL10000,MGL10000,A,B,RING 1,
MGL10503,MGL,JATENG,Magelang,Candimulyo,,MGL,MGL10000,MGL10000,A,C,RING 1,
MGL10504,MGL,JATENG,Magelang,Grabag,,MGL,MGL10000,MGL10000,C,C,RING 1,
MGL10505,MGL,JATENG,Magelang,Kajoran,,MGL,MGL10000,MGL10000,C,C,RING 1,
MGL10506,MGL,JATENG,Magelang,Kaliangkrik,,MGL,MGL10000,MGL10000,A,C,RING 1,
MGL10507,MGL,JATENG,Magelang,Mertoyudan,,MGL,MGL10000,MGL10000,A,B,RING 1,
MGL10508,MGL,JATENG,Magelang,Ngablak,,MGL,MGL10000,MGL10000,C,C,RING 1,
MGL10509,MGL,JATENG,Magelang,Pakis,,MGL,MGL10000,MGL10000,A,C,RING 1,
MGL10510,MGL,JATENG,Magelang,Salaman,,MGL,MGL10000,MGL10000,A,B,RING 1,
MGL10511,MGL,JATENG,Magelang,Secang,,MGL,MGL10000,MGL10000,A,B,RING 1,
MGL10512,MGL,JATENG,Magelang,Tegalrejo,,MGL,MGL10000,MGL10000,A,B,RING 1,
MGL10513,MGL,JATENG,Magelang,Tempuran,,MGL,MGL10000,MGL10000,A,B,RING 1,
MGL10514,MGL,JATENG,Magelang,Windusari,,MGL,MGL10000,MGL10000,C,C,RING 1,
MGL10515,MGL,JATENG,Magelang,Srumbung,,MGL,MGL10000,MGL10000,A,C,RING 1,
MGL10516,MGL,JATENG,Magelang,Dukun,,MGL,MGL10000,MGL10000,A,C,RING 1,
MGL10517,MGL,JATENG,Magelang,Sawangan,,MGL,MGL10000,MGL10000,A,C,RING 1,
MGL10518,MGL,JATENG,Magelang,Muntilan,,MGL,MGL10000,MGL10000,A,B,RING 1,
MGL10519,MGL,JATENG,Magelang,Ngluwar,,MGL,MGL10000,MGL10000,C,C,RING 1,
MGL10520,MGL,JATENG,Magelang,Borobudur,,MGL,MGL10000,MGL10000,A,B,RING 1,
SOC10000,SOC,JATENG,Kota Surakarta,Solo,CABANG UTAMA,SOC,SOC10000,SOC10000,A,A,RING 1,
SOC10001,SOC,JATENG,Surakarta,Banjarsari,,SOC,SOC10000,SOC10000,A,A,RING 1,
SOC10002,SOC,JATENG,Surakarta,Jebres,,SOC,SOC10000,SOC10000,A,A,RING 1,
SOC10003,SOC,JATENG,Surakarta,Laweyan,,SOC,SOC10000,SOC10000,A,A,RING 1,
SOC10004,SOC,JATENG,Surakarta,Pasar Kliwon,,SOC,SOC10000,SOC10000,A,A,RING 1,
SOC10005,SOC,JATENG,Surakarta,Serengan,,SOC,SOC10000,SOC10000,A,A,RING 1,
SOC20100,SOC,JATENG,Kab. Boyolali,Boyolali,CABANG,SOC-BYI,SOC10000,SOC20100,B,B,RING 2,
SOC20101,SOC,JATENG,Boyolali,Ampel,,SOC-BYI,SOC10000,SOC20100,C,C,RING 2,
SOC20102,SOC,JATENG,Boyolali,Andong,,SOC-BYI,SOC10000,SOC20100,C,C,RING 2,
SOC20103,SOC,JATENG,Boyolali,Banyudono,,SOC-BYI,SOC10000,SOC20100,C,C,RING 2,
SOC20104,SOC,JATENG,Boyolali,Cepogo,,SOC-BYI,SOC10000,SOC20100,C,C,RING 2,
SOC20105,SOC,JATENG,Boyolali,Juwangi,,SOC-BYI,SOC10000,SOC20100,C,C,RING 2,
SOC20106,SOC,JATENG,Boyolali,Karanggede,,SOC-BYI,SOC10000,SOC20100,C,C,RING 2,
SOC20107,SOC,JATENG,Boyolali,Kemusu,,SOC-BYI,SOC10000,SOC20100,C,C,RING 2,
SOC20108,SOC,JATENG,Boyolali,Klego,,SOC-BYI,SOC10000,SOC20100,C,C,RING 2,
SOC20109,SOC,JATENG,Boyolali,Ngemplak,,SOC-BYI,SOC10000,SOC20100,C,C,RING 2,
SOC20110,SOC,JATENG,Boyolali,Nogosari,,SOC-BYI,SOC10000,SOC20100,C,C,RING 2,
SOC20111,SOC,JATENG,Boyolali,Sambi,,SOC-BYI,SOC10000,SOC20100,C,C,RING 2,
SOC20112,SOC,JATENG,Boyolali,Sawit,,SOC-BYI,SOC10000,SOC20100,C,C,RING 2,
SOC20113,SOC,JATENG,Boyolali,Selo,,SOC-BYI,SOC10000,SOC20100,C,C,RING 2,
SOC20114,SOC,JATENG,Boyolali,Simo,,SOC-BYI,SOC10000,SOC20100,C,C,RING 2,
SOC20115,SOC,JATENG,Boyolali,Teras,,SOC-BYI,SOC10000,SOC20100,C,C,RING 2,
SOC20116,SOC,JATENG,Boyolali,Wonosegoro,,SOC-BYI,SOC10000,SOC20100,C,C,RING 2,
SOC20118,SOC,JATENG,Boyolali,Musuk,,SOC-BYI,SOC10000,SOC20100,C,C,RING 2,
SOC20119,SOC,JATENG,Boyolali,Mojosongo,,SOC-BYI,SOC10000,SOC20100,C,C,RING 2,
SOC20200,SOC,JATENG,Karanganyar,Karanganyar,CABANG,SOC-KRA,SOC10000,SOC20200,B,B,RING 2,
SOC20201,SOC,JATENG,Karanganyar,Jatipuro,,SOC-KRA,SOC10000,SOC20200,C,C,RING 2,
SOC20202,SOC,JATENG,Karanganyar,Jatiyoso,,SOC-KRA,SOC10000,SOC20200,C,C,RING 2,
SOC20203,SOC,JATENG,Karanganyar,Jenawi,,SOC-KRA,SOC10000,SOC20200,C,C,RING 2,
SOC20204,SOC,JATENG,Karanganyar,Jumantono,,SOC-KRA,SOC10000,SOC20200,C,C,RING 2,
SOC20205,SOC,JATENG,Karanganyar,Jumapolo,,SOC-KRA,SOC10000,SOC20200,C,C,RING 2,
SOC20206,SOC,JATENG,Karanganyar,Karangpandan,,SOC-KRA,SOC10000,SOC20200,C,C,RING 2,
SOC20207,SOC,JATENG,Karanganyar,Kebakkramat,,SOC-KRA,SOC10000,SOC20200,C,C,RING 2,
SOC20208,SOC,JATENG,Karanganyar,Kerjo,,SOC-KRA,SOC10000,SOC20200,C,C,RING 2,
SOC20209,SOC,JATENG,Karanganyar,Matesih,,SOC-KRA,SOC10000,SOC20200,C,C,RING 2,
SOC20210,SOC,JATENG,Karanganyar,Mojogedang,,SOC-KRA,SOC10000,SOC20200,C,C,RING 2,
SOC20211,SOC,JATENG,Karanganyar,Ngargoyoso,,SOC-KRA,SOC10000,SOC20200,C,C,RING 2,
SOC20212,SOC,JATENG,Karanganyar,Tawangmangu,,SOC-KRA,SOC10000,SOC20200,C,C,RING 2,
SOC20213,SOC,JATENG,Karanganyar,Colomadu,,SOC-KRA,SOC10000,SOC20200,C,C,RING 2,
SOC20214,SOC,JATENG,Karanganyar,Gondangrejo,,SOC-KRA,SOC10000,SOC20200,C,C,RING 2,
SOC20215,SOC,JATENG,Karanganyar,Jaten,,SOC-KRA,SOC10000,SOC20200,C,C,RING 2,
SOC20216,SOC,JATENG,Karanganyar,Tasikmadu,,SOC-KRA,SOC10000,SOC20200,C,C,RING 2,
SOC20300,SOC,JATENG,Kab. Klaten,Klaten,CABANG,SOC-KLT,SOC10000,SOC20300,B,B,RING 2,
SOC20301,SOC,JATENG,Klaten,Bayat,,SOC-KLT,SOC10000,SOC20300,C,C,RING 2,
SOC20302,SOC,JATENG,Klaten,Cawas,,SOC-KLT,SOC10000,SOC20300,C,C,RING 2,
SOC20303,SOC,JATENG,Klaten,Ceper,,SOC-KLT,SOC10000,SOC20300,C,C,RING 2,
SOC20304,SOC,JATENG,Klaten,Delanggu,,SOC-KLT,SOC10000,SOC20300,C,C,RING 2,
SOC20305,SOC,JATENG,Klaten,Gantiwarno,,SOC-KLT,SOC10000,SOC20300,C,C,RING 2,
SOC20306,SOC,JATENG,Klaten,Jatinom,,SOC-KLT,SOC10000,SOC20300,C,C,RING 2,
SOC20307,SOC,JATENG,Klaten,Jogonalan,,SOC-KLT,SOC10000,SOC20300,C,C,RING 2,
SOC20308,SOC,JATENG,Klaten,Juwiring,,SOC-KLT,SOC10000,SOC20300,C,C,RING 2,
SOC20309,SOC,JATENG,Klaten,Kalikotes,,SOC-KLT,SOC10000,SOC20300,C,C,RING 2,
SOC20310,SOC,JATENG,Klaten,Karangnongko,,SOC-KLT,SOC10000,SOC20300,C,C,RING 2,
SOC20311,SOC,JATENG,Klaten,Karanganom,,SOC-KLT,SOC10000,SOC20300,C,C,RING 2,
SOC20312,SOC,JATENG,Klaten,Karangdowo,,SOC-KLT,SOC10000,SOC20300,C,C,RING 2,
SOC20313,SOC,JATENG,Klaten,Kebonarum,,SOC-KLT,SOC10000,SOC20300,C,C,RING 2,
SOC20314,SOC,JATENG,Klaten,Kemalang,,SOC-KLT,SOC10000,SOC20300,C,C,RING 2,
SOC20315,SOC,JATENG,Klaten,Manisrenggo,,SOC-KLT,SOC10000,SOC20300,C,C,RING 2,
SOC20316,SOC,JATENG,Klaten,Ngawen,,SOC-KLT,SOC10000,SOC20300,C,C,RING 2,
SOC20317,SOC,JATENG,Klaten,Pedan,,SOC-KLT,SOC10000,SOC20300,C,C,RING 2,
SOC20318,SOC,JATENG,Klaten,Polanharjo,,SOC-KLT,SOC10000,SOC20300,C,C,RING 2,
SOC20319,SOC,JATENG,Klaten,Prambanan,,SOC-KLT,SOC10000,SOC20300,C,C,RING 2,
SOC20320,SOC,JATENG,Klaten,Trucuk,,SOC-KLT,SOC10000,SOC20300,C,C,RING 2,
SOC20321,SOC,JATENG,Klaten,Tulung,,SOC-KLT,SOC10000,SOC20300,C,C,RING 2,
SOC20322,SOC,JATENG,Klaten,Wedi,,SOC-KLT,SOC10000,SOC20300,C,C,RING 2,
SOC20323,SOC,JATENG,Klaten,Wonosari,,SOC-KLT,SOC10000,SOC20300,C,C,RING 2,
SOC20324,SOC,JATENG,Klaten,Klaten Selatan,,SOC-KLT,SOC10000,SOC20300,B,B,RING 2,
SOC20325,SOC,JATENG,Klaten,Klaten Tengah,,SOC-KLT,SOC10000,SOC20300,B,B,RING 2,
SOC20326,SOC,JATENG,Klaten,Klaten Utara,,SOC-KLT,SOC10000,SOC20300,B,B,RING 2,
SOC20400,SOC,JATENG,Kab. Sragen,Sragen,CABANG,SOC-SRA,SOC10000,SOC20400,B,B,RING 2,
SOC20401,SOC,JATENG,Sragen,Gesi,,SOC-SRA,SOC10000,SOC20400,C,C,RING 2,
SOC20402,SOC,JATENG,Sragen,Gemolong,,SOC-SRA,SOC10000,SOC20400,C,C,RING 2,
SOC20403,SOC,JATENG,Sragen,Gondang,,SOC-SRA,SOC10000,SOC20400,C,C,RING 2,
SOC20404,SOC,JATENG,Sragen,Jenar,,SOC-SRA,SOC10000,SOC20400,C,C,RING 2,
SOC20405,SOC,JATENG,Sragen,Kalijambe,,SOC-SRA,SOC10000,SOC20400,C,C,RING 2,
SOC20406,SOC,JATENG,Sragen,Kedawung,,SOC-SRA,SOC10000,SOC20400,C,C,RING 2,
SOC20407,SOC,JATENG,Sragen,Miri,,SOC-SRA,SOC10000,SOC20400,C,C,RING 2,
SOC20408,SOC,JATENG,Sragen,Masaran,,SOC-SRA,SOC10000,SOC20400,C,C,RING 2,
SOC20409,SOC,JATENG,Sragen,Mondokan,,SOC-SRA,SOC10000,SOC20400,C,C,RING 2,
SOC20410,SOC,JATENG,Sragen,Ngrampal,,SOC-SRA,SOC10000,SOC20400,C,C,RING 2,
SOC20411,SOC,JATENG,Sragen,Plupuh,,SOC-SRA,SOC10000,SOC20400,C,C,RING 2,
SOC20412,SOC,JATENG,Sragen,Sambung Macan,,SOC-SRA,SOC10000,SOC20400,C,C,RING 2,
SOC20413,SOC,JATENG,Sragen,Sambirejo,,SOC-SRA,SOC10000,SOC20400,C,C,RING 2,
SOC20414,SOC,JATENG,Sragen,Sidoharjo,,SOC-SRA,SOC10000,SOC20400,C,C,RING 2,
SOC20416,SOC,JATENG,Sragen,Sukodono,,SOC-SRA,SOC10000,SOC20400,C,C,RING 2,
SOC20417,SOC,JATENG,Sragen,Sumberlawang,,SOC-SRA,SOC10000,SOC20400,C,C,RING 2,
SOC20418,SOC,JATENG,Sragen,Tanon,,SOC-SRA,SOC10000,SOC20400,C,C,RING 2,
SOC20419,SOC,JATENG,Sragen,Tangen,,SOC-SRA,SOC10000,SOC20400,C,C,RING 2,
SOC20420,SOC,JATENG,Sragen,Karangmalang,,SOC-SRA,SOC10000,SOC20400,C,C,RING 2,
SOC20500,SOC,JATENG,Kab. Sukoharjo,Sukoharjo,CABANG,SOC-SKJ,SOC10000,SOC20500,B,B,RING 2,
SOC20501,SOC,JATENG,Sukoharjo,Bulu,,SOC-SKJ,SOC10000,SOC20500,C,C,RING 2,
SOC20502,SOC,JATENG,Sukoharjo,Mojolaban,,SOC-SKJ,SOC10000,SOC20500,C,C,RING 2,
SOC20503,SOC,JATENG,Sukoharjo,Nguter,,SOC-SKJ,SOC10000,SOC20500,C,C,RING 2,
SOC20504,SOC,JATENG,Sukoharjo,Polokarto,,SOC-SKJ,SOC10000,SOC20500,C,C,RING 2,
SOC20505,SOC,JATENG,Sukoharjo,Tawangsari,,SOC-SKJ,SOC10000,SOC20500,C,C,RING 2,
SOC20506,SOC,JATENG,Sukoharjo,Weru,,SOC-SKJ,SOC10000,SOC20500,C,C,RING 2,
SOC20508,SOC,JATENG,Sukoharjo,Baki,,SOC-SKJ,SOC10000,SOC20500,C,C,RING 2,
SOC20509,SOC,JATENG,Sukoharjo,Bendosari,,SOC-SKJ,SOC10000,SOC20500,C,C,RING 2,
SOC20510,SOC,JATENG,Sukoharjo,Gatak,,SOC-SKJ,SOC10000,SOC20500,C,C,RING 2,
SOC20511,SOC,JATENG,Sukoharjo,Grogol,,SOC-SKJ,SOC10000,SOC20500,C,C,RING 2,
SOC20512,SOC,JATENG,Sukoharjo,Kartasura,,SOC-SKJ,SOC10000,SOC20500,B,C,RING 2,
SOC20600,SOC,JATENG,Kab. Wonogiri,Wonogiri,CABANG,SOC-WNG,SOC10000,SOC20600,B,B,RING 2,
SOC20601,SOC,JATENG,Wonogiri,Baturetno,,SOC-WNG,SOC10000,SOC20600,C,C,RING 2,
SOC20602,SOC,JATENG,Wonogiri,Batuwarno,,SOC-WNG,SOC10000,SOC20600,C,C,RING 2,
SOC20603,SOC,JATENG,Wonogiri,Bulukerto,,SOC-WNG,SOC10000,SOC20600,C,C,RING 2,
SOC20604,SOC,JATENG,Wonogiri,Eromoko,,SOC-WNG,SOC10000,SOC20600,C,C,RING 2,
SOC20605,SOC,JATENG,Wonogiri,Girimarto,,SOC-WNG,SOC10000,SOC20600,C,C,RING 2,
SOC20606,SOC,JATENG,Wonogiri,Giritontro,,SOC-WNG,SOC10000,SOC20600,C,C,RING 2,
SOC20608,SOC,JATENG,Wonogiri,Giriwoyo,,SOC-WNG,SOC10000,SOC20600,C,C,RING 2,
SOC20609,SOC,JATENG,Wonogiri,Jatipurno,,SOC-WNG,SOC10000,SOC20600,C,C,RING 2,
SOC20610,SOC,JATENG,Wonogiri,Jatiroto,,SOC-WNG,SOC10000,SOC20600,C,C,RING 2,
SOC20611,SOC,JATENG,Wonogiri,Jatisrono,,SOC-WNG,SOC10000,SOC20600,C,C,RING 2,
SOC20612,SOC,JATENG,Wonogiri,Karangtengah,,SOC-WNG,SOC10000,SOC20600,C,C,RING 2,
SOC20613,SOC,JATENG,Wonogiri,Kismantoro,,SOC-WNG,SOC10000,SOC20600,C,C,RING 2,
SOC20614,SOC,JATENG,Wonogiri,Manyaran,,SOC-WNG,SOC10000,SOC20600,C,C,RING 2,
SOC20615,SOC,JATENG,Wonogiri,Ngadirojo,,SOC-WNG,SOC10000,SOC20600,C,C,RING 2,
SOC20616,SOC,JATENG,Wonogiri,Nguntoronadi,,SOC-WNG,SOC10000,SOC20600,C,C,RING 2,
SOC20617,SOC,JATENG,Wonogiri,Pracimantoro,,SOC-WNG,SOC10000,SOC20600,C,C,RING 2,
SOC20618,SOC,JATENG,Wonogiri,Purwantoro,,SOC-WNG,SOC10000,SOC20600,C,C,RING 2,
SOC20619,SOC,JATENG,Wonogiri,Selogiri,,SOC-WNG,SOC10000,SOC20600,C,C,RING 2,
SOC20620,SOC,JATENG,Wonogiri,Sidoharjo,,SOC-WNG,SOC10000,SOC20600,C,C,RING 2,
SOC20621,SOC,JATENG,Wonogiri,Slogohimo,,SOC-WNG,SOC10000,SOC20600,C,C,RING 2,
SOC20622,SOC,JATENG,Wonogiri,Tirtomoyo,,SOC-WNG,SOC10000,SOC20600,C,C,RING 2,
SOC20623,SOC,JATENG,Wonogiri,Wuryantoro,,SOC-WNG,SOC10000,SOC20600,C,C,RING 2,
SOC20624,SOC,JATENG,Wonogiri,Puhpelem,,SOC-WNG,SOC10000,SOC20600,C,C,RING 2,
SOC20626,SOC,JATENG,Wonogiri,Paranggupito,,SOC-WNG,SOC10000,SOC20600,C,C,RING 2,
SRG10000,SRG,JATENG,Kota Semarang,Semarang,CABANG UTAMA,SRG,SRG10000,SRG10000,A,A,RING 1,
SRG10001,SRG,JATENG,Semarang,Banyumanik,,SRG,SRG10000,SRG10000,A,A,RING 1,
SRG10002,SRG,JATENG,Semarang,Candisari,,SRG,SRG10000,SRG10000,A,A,RING 1,
SRG10003,SRG,JATENG,Semarang,Gajah Mungkur,,SRG,SRG10000,SRG10000,A,A,RING 1,
SRG10004,SRG,JATENG,Semarang,Gayamsari,,SRG,SRG10000,SRG10000,A,A,RING 1,
SRG10005,SRG,JATENG,Semarang,Genuk,,SRG,SRG10000,SRG10000,A,A,RING 1,
SRG10006,SRG,JATENG,Semarang,Gunungpati,,SRG,SRG10000,SRG10000,A,A,RING 1,
SRG10007,SRG,JATENG,Semarang,Mijen,,SRG,SRG10000,SRG10000,A,A,RING 1,
SRG10008,SRG,JATENG,Semarang,Ngaliyan,,SRG,SRG10000,SRG10000,A,A,RING 1,
SRG10009,SRG,JATENG,Semarang,Pedurungan,,SRG,SRG10000,SRG10000,A,A,RING 1,
SRG10010,SRG,JATENG,Semarang,Semarang Barat,,SRG,SRG10000,SRG10000,A,A,RING 1,
SRG10011,SRG,JATENG,Semarang,Semarang Selatan,,SRG,SRG10000,SRG10000,A,A,RING 1,
SRG10012,SRG,JATENG,Semarang,Semarang Tengah,,SRG,SRG10000,SRG10000,A,A,RING 1,
SRG10013,SRG,JATENG,Semarang,Semarang Timur,,SRG,SRG10000,SRG10000,A,A,RING 1,
SRG10014,SRG,JATENG,Semarang,Semarang Utara,,SRG,SRG10000,SRG10000,A,A,RING 1,
SRG10015,SRG,JATENG,Semarang,Tembalang,,SRG,SRG10000,SRG10000,A,A,RING 1,
SRG10016,SRG,JATENG,Semarang,Tugu,,SRG,SRG10000,SRG10000,A,A,RING 1,
SRG10100,SRG,JATENG,Kab. Jepara,Jepara,CABANG,SRG-JPR,SRG10100,SRG10100,B,B,RING 2,
SRG10101,SRG,JATENG,Jepara,Bangsri,,SRG-JPR,SRG10100,SRG10100,C,C,RING 2,
SRG10102,SRG,JATENG,Jepara,Batealit,,SRG-JPR,SRG10100,SRG10100,C,C,RING 2,
SRG10104,SRG,JATENG,Jepara,Karimunjawa,,SRG-JPR,SRG10100,SRG10100,D,D,RING 2,
SRG10105,SRG,JATENG,Jepara,Kedung,,SRG-JPR,SRG10100,SRG10100,C,C,RING 2,
SRG10106,SRG,JATENG,Jepara,Keling,,SRG-JPR,SRG10100,SRG10100,C,C,RING 2,
SRG10107,SRG,JATENG,Jepara,Mayong,,SRG-JPR,SRG10100,SRG10100,C,C,RING 2,
SRG10108,SRG,JATENG,Jepara,Mlonggo,,SRG-JPR,SRG10100,SRG10100,C,C,RING 2,
SRG10109,SRG,JATENG,Jepara,Nalumsari,,SRG-JPR,SRG10100,SRG10100,C,C,RING 2,
SRG10110,SRG,JATENG,Jepara,Pecangaan,,SRG-JPR,SRG10100,SRG10100,C,C,RING 2,
SRG10111,SRG,JATENG,Jepara,Welahan,,SRG-JPR,SRG10100,SRG10100,C,C,RING 2,
SRG10112,SRG,JATENG,Jepara,Kalinyamatan,,SRG-JPR,SRG10100,SRG10100,C,C,RING 2,
SRG10113,SRG,JATENG,Jepara,Kembang,,SRG-JPR,SRG10100,SRG10100,C,C,RING 2,
SRG10114,SRG,JATENG,Jepara,Tahunan,,SRG-JPR,SRG10100,SRG10100,C,C,RING 2,
SRG10115,SRG,JATENG,Jepara,Pakis Aji,,SRG-JPR,SRG10100,SRG10100,C,C,RING 2,
SRG10116,SRG,JATENG,Jepara,Donorojo,,SRG-JPR,SRG10100,SRG10100,C,C,RING 2,
SRG10200,SRG,JATENG,Kab. Kudus,Kudus,CABANG,SRG-KDS,SRG10200,SRG10200,B,B,RING 2,
SRG10201,SRG,JATENG,Kudus,Dawe,,SRG-KDS,SRG10200,SRG10200,C,C,RING 2,
SRG10202,SRG,JATENG,Kudus,Jekulo,,SRG-KDS,SRG10200,SRG10200,C,C,RING 2,
SRG10203,SRG,JATENG,Kudus,Mejobo,,SRG-KDS,SRG10200,SRG10200,C,C,RING 2,
SRG10204,SRG,JATENG,Kudus,Undaan,,SRG-KDS,SRG10200,SRG10200,C,C,RING 2,
SRG10205,SRG,JATENG,Kudus,Gebog,,SRG-KDS,SRG10200,SRG10200,C,C,RING 2,
SRG10206,SRG,JATENG,Kudus,Jati,,SRG-KDS,SRG10200,SRG10200,C,C,RING 2,
SRG10207,SRG,JATENG,Kudus,Kaliwungu,,SRG-KDS,SRG10200,SRG10200,C,C,RING 2,
SRG10208,SRG,JATENG,Kudus,Bae,,SRG-KDS,SRG10200,SRG10200,C,C,RING 2,
SRG10300,SRG,JATENG,Kota Pekalongan,Pekalongan,CABANG,SRG-PKL,SRG10300,SRG10300,B,B,RING 2,
SRG10322,SRG,JATENG,Pekalongan,Pekalongan Barat,,SRG-PKL,SRG10300,SRG10300,B,B,RING 2,
SRG10323,SRG,JATENG,Pekalongan,Pekalongan Selatan,,SRG-PKL,SRG10300,SRG10300,B,B,RING 2,
SRG10324,SRG,JATENG,Pekalongan,Pekalongan Timur,,SRG-PKL,SRG10300,SRG10300,B,B,RING 2,
SRG10325,SRG,JATENG,Pekalongan,Pekalongan Utara,,SRG-PKL,SRG10300,SRG10300,B,B,RING 2,
SRG20200,SRG,JATENG,Kab. Batang,Batang,CABANG,SRG-BTN,SRG20200,SRG20200,C,C,RING 2,
SRG20201,SRG,JATENG,Batang,Bandar,,SRG-BTN,SRG20200,SRG20200,C,C,RING 2,
SRG20202,SRG,JATENG,Batang,Bawang,,SRG-BTN,SRG20200,SRG20200,C,C,RING 2,
SRG20203,SRG,JATENG,Batang,Blado,,SRG-BTN,SRG20200,SRG20200,C,C,RING 2,
SRG20204,SRG,JATENG,Batang,Gringsing,,SRG-BTN,SRG20200,SRG20200,C,C,RING 2,
SRG20205,SRG,JATENG,Batang,Limpung,,SRG-BTN,SRG20200,SRG20200,C,C,RING 2,
SRG20206,SRG,JATENG,Batang,Reban,,SRG-BTN,SRG20200,SRG20200,C,C,RING 2,
SRG20207,SRG,JATENG,Batang,Subah,,SRG-BTN,SRG20200,SRG20200,C,C,RING 2,
SRG20208,SRG,JATENG,Batang,Tersono,,SRG-BTN,SRG20200,SRG20200,C,C,RING 2,
SRG20209,SRG,JATENG,Batang,Tulis,,SRG-BTN,SRG20200,SRG20200,C,C,RING 2,
SRG20210,SRG,JATENG,Batang,Warungasem,,SRG-BTN,SRG20200,SRG20200,C,C,RING 2,
SRG20211,SRG,JATENG,Batang,Wonotunggal,,SRG-BTN,SRG20200,SRG20200,C,C,RING 2,
SRG20212,SRG,JATENG,Batang,Banyuputih,,SRG-BTN,SRG20200,SRG20200,C,C,RING 2,
SRG20213,SRG,JATENG,Batang,Kandeman,,SRG-BTN,SRG20200,SRG20200,B,C,RING 2,
SRG20214,SRG,JATENG,Batang,Pecalungan,,SRG-BTN,SRG20200,SRG20200,C,C,RING 2,
SRG20300,SRG,JATENG,Kab. Blora,Blora,CABANG,SRG-BLA,SRG20300,SRG20300,C,C,RING 2,
SRG20301,SRG,JATENG,Blora,Banjarejo,,SRG-BLA,SRG20300,SRG20300,C,C,RING 2,
SRG20302,SRG,JATENG,Blora,Bogorejo,,SRG-BLA,SRG20300,SRG20300,C,C,RING 2,
SRG20303,SRG,JATENG,Blora,Japah,,SRG-BLA,SRG20300,SRG20300,C,C,RING 2,
SRG20304,SRG,JATENG,Blora,Jepon,,SRG-BLA,SRG20300,SRG20300,C,C,RING 2,
SRG20305,SRG,JATENG,Blora,Kunduran,,SRG-BLA,SRG20300,SRG20300,C,C,RING 2,
SRG20306,SRG,JATENG,Blora,Ngawen,,SRG-BLA,SRG20300,SRG20300,C,C,RING 2,
SRG20307,SRG,JATENG,Blora,Todanan,,SRG-BLA,SRG20300,SRG20300,C,C,RING 2,
SRG20308,SRG,JATENG,Blora,Tunjungan,,SRG-BLA,SRG20300,SRG20300,B,C,RING 2,
SRG20309,SRG,JATENG,Blora,Cepu,CABANG,SRG-CPU,SRG20309,SRG20309,C,C,RING 2,
SRG20310,SRG,JATENG,Blora,Jati,,SRG-BLA,SRG20300,SRG20300,C,C,RING 2,
SRG20311,SRG,JATENG,Blora,Jiken,,SRG-BLA,SRG20300,SRG20300,C,C,RING 2,
SRG20312,SRG,JATENG,Blora,Kedungtuban,,SRG-BLA,SRG20300,SRG20300,C,C,RING 2,
SRG20313,SRG,JATENG,Blora,Kradenan,,SRG-BLA,SRG20300,SRG20300,C,C,RING 2,
SRG20314,SRG,JATENG,Blora,Randublatung,,SRG-BLA,SRG20300,SRG20300,C,C,RING 2,
SRG20315,SRG,JATENG,Blora,Sambong,,SRG-CPU,SRG20309,SRG20309,C,C,RING 2,
SRG20400,SRG,JATENG,Kab. Bojonegoro,Bojonegoro,CABANG,SRG-BJO,SRG20400,SRG20400,B,B,RING 2,
SRG20401,SRG,JATENG,Bojonegoro,Balen,,SRG-BJO,SRG20400,SRG20400,C,C,RING 2,
SRG20402,SRG,JATENG,Bojonegoro,Baureno,,SRG-BJO,SRG20400,SRG20400,C,C,RING 2,
SRG20403,SRG,JATENG,Bojonegoro,Bubulan,,SRG-BJO,SRG20400,SRG20400,C,C,RING 2,
SRG20404,SRG,JATENG,Bojonegoro,Dander,,SRG-BJO,SRG20400,SRG20400,C,C,RING 2,
SRG20405,SRG,JATENG,Bojonegoro,Kalitidu,,SRG-BJO,SRG20400,SRG20400,C,C,RING 2,
SRG20406,SRG,JATENG,Bojonegoro,Kanor,,SRG-BJO,SRG20400,SRG20400,C,C,RING 2,
SRG20407,SRG,JATENG,Bojonegoro,Kapas,,SRG-BJO,SRG20400,SRG20400,C,C,RING 2,
SRG20408,SRG,JATENG,Bojonegoro,Kasiman,,SRG-CPU,SRG20309,SRG20309,C,C,RING 2,
SRG20409,SRG,JATENG,Bojonegoro,Kedungadem,,SRG-BJO,SRG20400,SRG20400,C,C,RING 2,
SRG20410,SRG,JATENG,Bojonegoro,Kepoh Baru,,SRG-BJO,SRG20400,SRG20400,C,C,RING 2,
SRG20411,SRG,JATENG,Bojonegoro,Malo,,SRG-BJO,SRG20400,SRG20400,C,C,RING 2,
SRG20412,SRG,JATENG,Bojonegoro,Margomulyo,,SRG-CPU,SRG20309,SRG20309,C,C,RING 2,
SRG20413,SRG,JATENG,Bojonegoro,Ngambon,,SRG-CPU,SRG20309,SRG20309,C,C,RING 2,
SRG20414,SRG,JATENG,Bojonegoro,Ngasem,,SRG-BJO,SRG20400,SRG20400,C,C,RING 2,
SRG20415,SRG,JATENG,Bojonegoro,Ngraho,,SRG-CPU,SRG20309,SRG20309,C,C,RING 2,
SRG20416,SRG,JATENG,Bojonegoro,Padangan,,SRG-CPU,SRG20309,SRG20309,C,C,RING 2,
SRG20417,SRG,JATENG,Bojonegoro,Purwosari,,SRG-CPU,SRG20309,SRG20309,C,C,RING 2,
SRG20418,SRG,JATENG,Bojonegoro,Sugihwaras,,SRG-BJO,SRG20400,SRG20400,C,C,RING 2,
SRG20419,SRG,JATENG,Bojonegoro,Sumberrejo,,SRG-BJO,SRG20400,SRG20400,C,C,RING 2,
SRG20420,SRG,JATENG,Bojonegoro,Tambakrejo,,SRG-CPU,SRG20309,SRG20309,C,C,RING 2,
SRG20421,SRG,JATENG,Bojonegoro,Temayang,,SRG-BJO,SRG20400,SRG20400,C,C,RING 2,
SRG20422,SRG,JATENG,Bojonegoro,Trucuk,,SRG-BJO,SRG20400,SRG20400,C,C,RING 2,
SRG20424,SRG,JATENG,Bojonegoro,Kedewan,,SRG-CPU,SRG20309,SRG20309,C,C,RING 2,
SRG20425,SRG,JATENG,Bojonegoro,Sekar,,SRG-BJO,SRG20400,SRG20400,C,C,RING 2,
SRG20426,SRG,JATENG,Bojonegoro,Sukosewu,,SRG-BJO,SRG20400,SRG20400,C,C,RING 2,
SRG20427,SRG,JATENG,Bojonegoro,Gondang,,SRG-BJO,SRG20400,SRG20400,C,C,RING 2,
SRG20428,SRG,JATENG,Bojonegoro,Gayam,,SRG-CPU,SRG20309,SRG20309,C,C,RING 2,
SRG20700,SRG,JATENG,Kab. Demak,Demak,CABANG,SRG-DMK,SRG20700,SRG20700,B,B,RING 2,
SRG20701,SRG,JATENG,Demak,Bonang,,SRG-DMK,SRG20700,SRG20700,C,C,RING 2,
SRG20702,SRG,JATENG,Demak,Dempet,,SRG-DMK,SRG20700,SRG20700,C,C,RING 2,
SRG20703,SRG,JATENG,Demak,Gajah,,SRG-DMK,SRG20700,SRG20700,C,C,RING 2,
SRG20704,SRG,JATENG,Demak,Guntur,,SRG-DMK,SRG20700,SRG20700,C,C,RING 2,
SRG20705,SRG,JATENG,Demak,Karang Tengah,,SRG-DMK,SRG20700,SRG20700,C,C,RING 2,
SRG20706,SRG,JATENG,Demak,Karangawen,,SRG-DMK,SRG20700,SRG20700,C,C,RING 2,
SRG20707,SRG,JATENG,Demak,Karanganyar,,SRG-DMK,SRG20700,SRG20700,C,C,RING 2,
SRG20708,SRG,JATENG,Demak,Mijen,,SRG-DMK,SRG20700,SRG20700,C,C,RING 2,
SRG20709,SRG,JATENG,Demak,Mranggen,,SRG-DMK,SRG20700,SRG20700,C,C,RING 2,
SRG20710,SRG,JATENG,Demak,Sayung,,SRG-DMK,SRG20700,SRG20700,C,C,RING 2,
SRG20711,SRG,JATENG,Demak,Wedung,,SRG-DMK,SRG20700,SRG20700,C,C,RING 2,
SRG20712,SRG,JATENG,Demak,Wonosalam,,SRG-DMK,SRG20700,SRG20700,C,C,RING 2,
SRG20713,SRG,JATENG,Demak,Kebonagung,,SRG-DMK,SRG20700,SRG20700,C,C,RING 2,
SRG20800,SRG,JATENG,Kab. Kendal,Kendal,CABANG,SRG-KDL,SRG10000,SRG20800,B,B,RING 2,
SRG20801,SRG,JATENG,Kendal,Boja,,SRG-KDL,SRG10000,SRG20800,C,C,RING 2,
SRG20802,SRG,JATENG,Kendal,Brangsong,,SRG-KDL,SRG10000,SRG20800,B,C,RING 2,
SRG20803,SRG,JATENG,Kendal,Cepiring,,SRG-KDL,SRG10000,SRG20800,C,C,RING 2,
SRG20805,SRG,JATENG,Kendal,Gemuh,,SRG-KDL,SRG10000,SRG20800,C,C,RING 2,
SRG20806,SRG,JATENG,Kendal,Kaliwungu,,SRG-KDL,SRG10000,SRG20800,B,C,RING 2,
SRG20807,SRG,JATENG,Kendal,Limbangan,,SRG-KDL,SRG10000,SRG20800,C,C,RING 2,
SRG20808,SRG,JATENG,Kendal,Pagerruyung,,SRG-KDL,SRG10000,SRG20800,C,C,RING 2,
SRG20809,SRG,JATENG,Kendal,Patebon,,SRG-KDL,SRG10000,SRG20800,C,C,RING 2,
SRG20810,SRG,JATENG,Kendal,Patean,,SRG-KDL,SRG10000,SRG20800,C,C,RING 2,
SRG20811,SRG,JATENG,Kendal,Pegandon,,SRG-KDL,SRG10000,SRG20800,C,C,RING 2,
SRG20812,SRG,JATENG,Kendal,Plantungan,,SRG-KDL,SRG10000,SRG20800,C,C,RING 2,
SRG20814,SRG,JATENG,Kendal,Sukorejo,,SRG-KDL,SRG10000,SRG20800,C,C,RING 2,
SRG20816,SRG,JATENG,Kendal,Weleri,,SRG-KDL,SRG10000,SRG20800,C,C,RING 2,
SRG20817,SRG,JATENG,Kendal,Kangkung,,SRG-KDL,SRG10000,SRG20800,C,C,RING 2,
SRG20819,SRG,JATENG,Kendal,Ngampel,,SRG-KDL,SRG10000,SRG20800,B,C,RING 2,
SRG20820,SRG,JATENG,Kendal,Ringinarum,,SRG-KDL,SRG10000,SRG20800,C,C,RING 2,
SRG20821,SRG,JATENG,Kendal,Rowosari,,SRG-KDL,SRG10000,SRG20800,C,C,RING 2,
SRG20822,SRG,JATENG,Kendal,Singorojo,,SRG-KDL,SRG10000,SRG20800,C,C,RING 2,
SRG20823,SRG,JATENG,Kendal,Kaliwungu Selatan,,SRG-KDL,SRG10000,SRG20800,C,C,RING 2,
SRG20900,SRG,JATENG,Kab. Pati,Pati,CABANG,SRG-PTI,SRG20900,SRG20900,B,B,RING 2,
SRG20901,SRG,JATENG,Pati,Batangan,,SRG-PTI,SRG20900,SRG20900,C,C,RING 2,
SRG20902,SRG,JATENG,Pati,Cluwak,,SRG-PTI,SRG20900,SRG20900,C,C,RING 2,
SRG20903,SRG,JATENG,Pati,Dukuhseti,,SRG-PTI,SRG20900,SRG20900,C,C,RING 2,
SRG20904,SRG,JATENG,Pati,Gabus,,SRG-PTI,SRG20900,SRG20900,B,C,RING 2,
SRG20905,SRG,JATENG,Pati,Gembong,,SRG-PTI,SRG20900,SRG20900,C,C,RING 2,
SRG20906,SRG,JATENG,Pati,Gunungwungkal,,SRG-PTI,SRG20900,SRG20900,C,C,RING 2,
SRG20907,SRG,JATENG,Pati,Jaken,,SRG-PTI,SRG20900,SRG20900,C,C,RING 2,
SRG20908,SRG,JATENG,Pati,Jakenan,,SRG-PTI,SRG20900,SRG20900,C,C,RING 2,
SRG20909,SRG,JATENG,Pati,Juwana,,SRG-PTI,SRG20900,SRG20900,C,C,RING 2,
SRG20910,SRG,JATENG,Pati,Kayen,,SRG-PTI,SRG20900,SRG20900,C,C,RING 2,
SRG20911,SRG,JATENG,Pati,Margorejo,,SRG-PTI,SRG20900,SRG20900,B,C,RING 2,
SRG20912,SRG,JATENG,Pati,Margoyoso,,SRG-PTI,SRG20900,SRG20900,C,C,RING 2,
SRG20913,SRG,JATENG,Pati,Pucakwangi,,SRG-PTI,SRG20900,SRG20900,C,C,RING 2,
SRG20914,SRG,JATENG,Pati,Sukolilo,,SRG-PTI,SRG20900,SRG20900,C,C,RING 2,
SRG20915,SRG,JATENG,Pati,Tambakromo,,SRG-PTI,SRG20900,SRG20900,C,C,RING 2,
SRG20916,SRG,JATENG,Pati,Tayu,,SRG-PTI,SRG20900,SRG20900,C,C,RING 2,
SRG20917,SRG,JATENG,Pati,Tlogowungu,,SRG-PTI,SRG20900,SRG20900,C,C,RING 2,
SRG20918,SRG,JATENG,Pati,Trangkil,,SRG-PTI,SRG20900,SRG20900,C,C,RING 2,
SRG20919,SRG,JATENG,Pati,Wedarijaksa,,SRG-PTI,SRG20900,SRG20900,C,C,RING 2,
SRG20920,SRG,JATENG,Pati,Winong,,SRG-PTI,SRG20900,SRG20900,C,C,RING 2,
SRG21000,SRG,JATENG,Kab. Pemalang,Pemalang,CABANG,SRG-PML,SRG21000,SRG21000,B,B,RING 2,
SRG21001,SRG,JATENG,Pemalang,Ampelgading,,SRG-PML,SRG21000,SRG21000,C,C,RING 2,
SRG21002,SRG,JATENG,Pemalang,Bantarbolang,,SRG-PML,SRG21000,SRG21000,C,C,RING 2,
SRG21003,SRG,JATENG,Pemalang,Belik,,SRG-PML,SRG21000,SRG21000,C,C,RING 2,
SRG21004,SRG,JATENG,Pemalang,Bodeh,,SRG-PML,SRG21000,SRG21000,C,C,RING 2,
SRG21005,SRG,JATENG,Pemalang,Comal,,SRG-PML,SRG21000,SRG21000,C,C,RING 2,
SRG21006,SRG,JATENG,Pemalang,Moga,,SRG-PML,SRG21000,SRG21000,C,C,RING 2,
SRG21007,SRG,JATENG,Pemalang,Petarukan,,SRG-PML,SRG21000,SRG21000,C,C,RING 2,
SRG21008,SRG,JATENG,Pemalang,Pulosari,,SRG-PML,SRG21000,SRG21000,C,C,RING 2,
SRG21009,SRG,JATENG,Pemalang,Randudongkal,,SRG-PML,SRG21000,SRG21000,C,C,RING 2,
SRG21010,SRG,JATENG,Pemalang,Taman,,SRG-PML,SRG21000,SRG21000,B,C,RING 2,
SRG21011,SRG,JATENG,Pemalang,Ulujami,,SRG-PML,SRG21000,SRG21000,C,C,RING 2,
SRG21012,SRG,JATENG,Pemalang,Warungpring,,SRG-PML,SRG21000,SRG21000,C,C,RING 2,
SRG21013,SRG,JATENG,Pemalang,Watukumpul,,SRG-PML,SRG21000,SRG21000,C,C,RING 2,
SRG21100,SRG,JATENG,Kab. Grobogan,Purwodadi,CABANG,SRG-PWD,SRG21100,SRG21100,B,B,RING 2,
SRG21101,SRG,JATENG,Grobogan,Brati,,SRG-PWD,SRG21100,SRG21100,C,C,RING 2,
SRG21102,SRG,JATENG,Grobogan,Gabus,,SRG-PWD,SRG21100,SRG21100,C,C,RING 2,
SRG21103,SRG,JATENG,Grobogan,Geyer,,SRG-PWD,SRG21100,SRG21100,C,C,RING 2,
SRG21104,SRG,JATENG,Grobogan,Godong,,SRG-PWD,SRG21100,SRG21100,C,C,RING 2,
SRG21105,SRG,JATENG,Grobogan,Grobogan,,SRG-PWD,SRG21100,SRG21100,C,C,RING 2,
SRG21106,SRG,JATENG,Grobogan,Gubug,,SRG-PWD,SRG21100,SRG21100,C,C,RING 2,
SRG21107,SRG,JATENG,Grobogan,Karangrayung,,SRG-PWD,SRG21100,SRG21100,C,C,RING 2,
SRG21108,SRG,JATENG,Grobogan,Kedungjati,,SRG-PWD,SRG21100,SRG21100,C,C,RING 2,
SRG21109,SRG,JATENG,Grobogan,Klambu,,SRG-PWD,SRG21100,SRG21100,C,C,RING 2,
SRG21110,SRG,JATENG,Grobogan,Kradenan,,SRG-PWD,SRG21100,SRG21100,C,C,RING 2,
SRG21111,SRG,JATENG,Grobogan,Ngaringan,,SRG-PWD,SRG21100,SRG21100,C,C,RING 2,
SRG21112,SRG,JATENG,Grobogan,Penawangan,,SRG-PWD,SRG21100,SRG21100,C,C,RING 2,
SRG21113,SRG,JATENG,Grobogan,Pulokulon,,SRG-PWD,SRG21100,SRG21100,C,C,RING 2,
SRG21114,SRG,JATENG,Grobogan,Tanggungharjo,,SRG-PWD,SRG21100,SRG21100,C,C,RING 2,
SRG21115,SRG,JATENG,Grobogan,Tawangharjo,,SRG-PWD,SRG21100,SRG21100,C,C,RING 2,
SRG21116,SRG,JATENG,Grobogan,Tegowanu,,SRG-PWD,SRG21100,SRG21100,C,C,RING 2,
SRG21117,SRG,JATENG,Grobogan,Toroh,,SRG-PWD,SRG21100,SRG21100,C,C,RING 2,
SRG21118,SRG,JATENG,Grobogan,Wirosari,,SRG-PWD,SRG21100,SRG21100,C,C,RING 2,
SRG21200,SRG,JATENG,Kab. Rembang,Rembang,CABANG,SRG-RMB,SRG10000,SRG21200,C,C,RING 2,
SRG21201,SRG,JATENG,Rembang,Bulu,,SRG-RMB,SRG10000,SRG21200,C,C,RING 2,
SRG21202,SRG,JATENG,Rembang,Gunem,,SRG-RMB,SRG10000,SRG21200,C,C,RING 2,
SRG21203,SRG,JATENG,Rembang,Kaliori,,SRG-RMB,SRG10000,SRG21200,C,C,RING 2,
SRG21204,SRG,JATENG,Rembang,Kragan,,SRG-RMB,SRG10000,SRG21200,C,C,RING 2,
SRG21205,SRG,JATENG,Rembang,Lasem,,SRG-RMB,SRG10000,SRG21200,C,C,RING 2,
SRG21206,SRG,JATENG,Rembang,Pamotan,,SRG-RMB,SRG10000,SRG21200,C,C,RING 2,
SRG21207,SRG,JATENG,Rembang,Pancur,,SRG-RMB,SRG10000,SRG21200,C,C,RING 2,
SRG21208,SRG,JATENG,Rembang,Sale,,SRG-RMB,SRG10000,SRG21200,C,C,RING 2,
SRG21209,SRG,JATENG,Rembang,Sarang,,SRG-RMB,SRG10000,SRG21200,C,C,RING 2,
SRG21210,SRG,JATENG,Rembang,Sedan,,SRG-RMB,SRG10000,SRG21200,C,C,RING 2,
SRG21211,SRG,JATENG,Rembang,Sluke,,SRG-RMB,SRG10000,SRG21200,C,C,RING 2,
SRG21212,SRG,JATENG,Rembang,Sulang,,SRG-RMB,SRG10000,SRG21200,C,C,RING 2,
SRG21213,SRG,JATENG,Rembang,Sumber,,SRG-RMB,SRG10000,SRG21200,C,C,RING 2,
SRG21300,SRG,JATENG,Kota Salatiga,Salatiga,CABANG,SRG-SLT,SRG10000,SRG21300,B,B,RING 2,
SRG21308,SRG,JATENG,Salatiga,Argomulyo,,SRG-SLT,SRG10000,SRG21300,B,B,RING 2,
SRG21309,SRG,JATENG,Salatiga,Sidomukti,,SRG-SLT,SRG10000,SRG21300,B,B,RING 2,
SRG21310,SRG,JATENG,Salatiga,Sidorejo,,SRG-SLT,SRG10000,SRG21300,B,B,RING 2,
SRG21311,SRG,JATENG,Salatiga,Tingkir,,SRG-SLT,SRG10000,SRG21300,B,B,RING 2,
SRG21600,SRG,JATENG,Semarang,Ungaran,CABANG,SRG-UNR,SRG10000,SRG21600,A,B,RING 2,
SRG21602,SRG,JATENG,Semarang,Ambarawa,CABANG,SRG-AMB,SRG10000,SRG21602,C,C,RING 2,
SRG21603,SRG,JATENG,Semarang,Banyubiru,,SRG-AMB,SRG10000,SRG21602,C,C,RING 2,
SRG21604,SRG,JATENG,Semarang,Bancak,,SRG-SLT,SRG10000,SRG21300,C,C,RING 2,
SRG21605,SRG,JATENG,Semarang,Bawen,,SRG-AMB,SRG10000,SRG21602,C,C,RING 2,
SRG21606,SRG,JATENG,Semarang,Bergas,,SRG-UNR,SRG10000,SRG21600,B,C,RING 2,
SRG21607,SRG,JATENG,Semarang,Bringin,,SRG-SLT,SRG10000,SRG21300,C,C,RING 2,
SRG21608,SRG,JATENG,Semarang,Getasan,,SRG-SLT,SRG10000,SRG21300,C,C,RING 2,
SRG21609,SRG,JATENG,Semarang,Jambu,,SRG-AMB,SRG10000,SRG21602,C,C,RING 2,
SRG21610,SRG,JATENG,Kaliwungu ,Kaliwungu ,,SRG-SLT,SRG10000,SRG21300,C,C,RING 2,
SRG21611,SRG,JATENG,Semarang,Pabelan,,SRG-SLT,SRG10000,SRG21300,C,C,RING 2,
SRG21612,SRG,JATENG,Semarang,Pringapus,,SRG-UNR,SRG10000,SRG21600,C,C,RING 2,
SRG21613,SRG,JATENG,Semarang,Susukan,,SRG-SLT,SRG10000,SRG21300,C,C,RING 2,
SRG21614,SRG,JATENG,Semarang,Suruh,,SRG-SLT,SRG10000,SRG21300,C,C,RING 2,
SRG21615,SRG,JATENG,Semarang,Sumowono,,SRG-AMB,SRG10000,SRG21602,C,C,RING 2,
SRG21616,SRG,JATENG,Semarang,Tengaran,,SRG-SLT,SRG10000,SRG21300,C,C,RING 2,
SRG21617,SRG,JATENG,Semarang,Tuntang,,SRG-SLT,SRG10000,SRG21300,C,C,RING 2,
SRG21618,SRG,JATENG,Semarang,Ungaran Barat,,SRG-UNR,SRG10000,SRG21600,A,B,RING 2,
SRG21619,SRG,JATENG,Semarang,Ungaran Timur,,SRG-UNR,SRG10000,SRG21600,A,B,RING 2,
SRG21620,SRG,JATENG,Semarang,Bandungan,,SRG-AMB,SRG10000,SRG21602,C,C,RING 2,
SRG21621,SRG,JATENG,Semarang,Kaliwungu,,SRG-UNR,SRG10000,SRG21600,C,C,RING 2,
SRG21700,SRG,JATENG,Kab. Purbalingga,Purbalingga,CABANG,SRG-PBG,SRG21700,SRG21700,B,B,RING 2,
SRG21701,SRG,JATENG,Purbalingga,Bobotsari,,SRG-PBG,SRG21700,SRG21700,C,C,RING 2,
SRG21702,SRG,JATENG,Purbalingga,Bojongsari,,SRG-PBG,SRG21700,SRG21700,C,C,RING 2,
SRG21703,SRG,JATENG,Purbalingga,Bukateja,,SRG-PBG,SRG21700,SRG21700,C,C,RING 2,
SRG21704,SRG,JATENG,Purbalingga,Kaligondang,,SRG-PBG,SRG21700,SRG21700,C,C,RING 2,
SRG21705,SRG,JATENG,Purbalingga,Kalimanah,,SRG-PBG,SRG21700,SRG21700,C,C,RING 2,
SRG21707,SRG,JATENG,Purbalingga,Karanganyar,,SRG-PBG,SRG21700,SRG21700,C,C,RING 2,
SRG21708,SRG,JATENG,Purbalingga,Karangmoncol,,SRG-PBG,SRG21700,SRG21700,C,C,RING 2,
SRG21709,SRG,JATENG,Purbalingga,Karangreja,,SRG-PBG,SRG21700,SRG21700,C,C,RING 2,
SRG21710,SRG,JATENG,Purbalingga,Kejobong,,SRG-PBG,SRG21700,SRG21700,C,C,RING 2,
SRG21711,SRG,JATENG,Purbalingga,Kemangkon,,SRG-PBG,SRG21700,SRG21700,C,C,RING 2,
SRG21712,SRG,JATENG,Purbalingga,Kutasari,,SRG-PBG,SRG21700,SRG21700,C,C,RING 2,
SRG21713,SRG,JATENG,Purbalingga,Mrebet,,SRG-PBG,SRG21700,SRG21700,C,C,RING 2,
SRG21714,SRG,JATENG,Purbalingga,Rembang,,SRG-PBG,SRG21700,SRG21700,C,C,RING 2,
SRG21715,SRG,JATENG,Purbalingga,Karangjambu,,SRG-PBG,SRG21700,SRG21700,C,C,RING 2,
SRG21716,SRG,JATENG,Purbalingga,Kertanegara,,SRG-PBG,SRG21700,SRG21700,C,C,RING 2,
SRG21717,SRG,JATENG,Purbalingga,Padamara,,SRG-PBG,SRG21700,SRG21700,C,C,RING 2,
SRG21718,SRG,JATENG,Purbalingga,Pengadegan,,SRG-PBG,SRG21700,SRG21700,C,C,RING 2,
SRG21800,SRG,JATENG,Kab. Banjarnegara,Banjarnegara,CABANG,SRG-BJN,SRG21800,SRG21800,B,B,RING 2,
SRG21801,SRG,JATENG,Banjarnegara,Banjarmangu,,SRG-BJN,SRG21800,SRG21800,C,C,RING 2,
SRG21802,SRG,JATENG,Banjarnegara,Batur,,SRG-BJN,SRG21800,SRG21800,C,C,RING 2,
SRG21803,SRG,JATENG,Banjarnegara,Bawang,,SRG-BJN,SRG21800,SRG21800,B,C,RING 2,
SRG21804,SRG,JATENG,Banjarnegara,Kalibening,,SRG-BJN,SRG21800,SRG21800,C,C,RING 2,
SRG21805,SRG,JATENG,Banjarnegara,Karangkobar,,SRG-BJN,SRG21800,SRG21800,C,C,RING 2,
SRG21806,SRG,JATENG,Banjarnegara,Madukara,,SRG-BJN,SRG21800,SRG21800,C,C,RING 2,
SRG21807,SRG,JATENG,Banjarnegara,Mandiraja,,SRG-BJN,SRG21800,SRG21800,C,C,RING 2,
SRG21808,SRG,JATENG,Banjarnegara,Pagentan,,SRG-BJN,SRG21800,SRG21800,C,C,RING 2,
SRG21809,SRG,JATENG,Banjarnegara,Pejawaran,,SRG-BJN,SRG21800,SRG21800,C,C,RING 2,
SRG21810,SRG,JATENG,Banjarnegara,Punggelan,,SRG-BJN,SRG21800,SRG21800,C,C,RING 2,
SRG21811,SRG,JATENG,Banjarnegara,Purwonegoro,,SRG-BJN,SRG21800,SRG21800,C,C,RING 2,
SRG21812,SRG,JATENG,Banjarnegara,Purworejo Klampok,,SRG-BJN,SRG21800,SRG21800,C,C,RING 2,
SRG21813,SRG,JATENG,Banjarnegara,Rakit,,SRG-BJN,SRG21800,SRG21800,C,C,RING 2,
SRG21814,SRG,JATENG,Banjarnegara,Sigaluh,,SRG-BJN,SRG21800,SRG21800,C,C,RING 2,
SRG21815,SRG,JATENG,Banjarnegara,Susukan,,SRG-BJN,SRG21800,SRG21800,C,C,RING 2,
SRG21816,SRG,JATENG,Banjarnegara,Wanadadi (Wonodadi),,SRG-BJN,SRG21800,SRG21800,C,C,RING 2,
SRG21817,SRG,JATENG,Banjarnegara,Wanayasa,,SRG-BJN,SRG21800,SRG21800,C,C,RING 2,
SRG21818,SRG,JATENG,Banjarnegara,Pagedongan,,SRG-BJN,SRG21800,SRG21800,C,C,RING 2,
SRG21819,SRG,JATENG,Banjarnegara,Pandanarum,,SRG-BJN,SRG21800,SRG21800,C,C,RING 2,
SRG22200,SRG,JATENG,Pekalongan,Kajen,,SRG-PKL,SRG10300,SRG10300,B,B,RING 2,
SRG22201,SRG,JATENG,Pekalongan,Bojong,,SRG-PKL,SRG10300,SRG10300,C,C,RING 2,
SRG22202,SRG,JATENG,Pekalongan,Buaran,,SRG-PKL,SRG10300,SRG10300,B,C,RING 2,
SRG22203,SRG,JATENG,Pekalongan,Doro,,SRG-PKL,SRG10300,SRG10300,C,C,RING 2,
SRG22204,SRG,JATENG,Pekalongan,Kandangserang,,SRG-PKL,SRG10300,SRG10300,C,C,RING 2,
SRG22205,SRG,JATENG,Pekalongan,Karanganyar,,SRG-PKL,SRG10300,SRG10300,C,C,RING 2,
SRG22206,SRG,JATENG,Pekalongan,Karangdadap,,SRG-PKL,SRG10300,SRG10300,C,C,RING 2,
SRG22207,SRG,JATENG,Pekalongan,Kedungwuni,,SRG-PKL,SRG10300,SRG10300,C,C,RING 2,
SRG22208,SRG,JATENG,Pekalongan,Kesesi,,SRG-PKL,SRG10300,SRG10300,C,C,RING 2,
SRG22209,SRG,JATENG,Pekalongan,Lebakbarang,,SRG-PKL,SRG10300,SRG10300,C,C,RING 2,
SRG22210,SRG,JATENG,Pekalongan,Paninggaran,,SRG-PKL,SRG10300,SRG10300,C,C,RING 2,
SRG22211,SRG,JATENG,Pekalongan,Petungkriono/Petungkriyono,,SRG-PKL,SRG10300,SRG10300,C,C,RING 2,
SRG22212,SRG,JATENG,Pekalongan,Siwalan,,SRG-PKL,SRG10300,SRG10300,C,C,RING 2,
SRG22213,SRG,JATENG,Pekalongan,Sragi,,SRG-PKL,SRG10300,SRG10300,C,C,RING 2,
SRG22214,SRG,JATENG,Pekalongan,Talun,,SRG-PKL,SRG10300,SRG10300,C,C,RING 2,
SRG22215,SRG,JATENG,Pekalongan,Tirto,,SRG-PKL,SRG10300,SRG10300,B,C,RING 2,
SRG22216,SRG,JATENG,Pekalongan,Wiradesa,,SRG-PKL,SRG10300,SRG10300,B,C,RING 2,
SRG22217,SRG,JATENG,Pekalongan,Wonokerto,,SRG-PKL,SRG10300,SRG10300,C,C,RING 2,
SRG22218,SRG,JATENG,Pekalongan,Wonopringgo,,SRG-PKL,SRG10300,SRG10300,C,C,RING 2,
TGL10000,TGL,JATENG,Tegal,Tegal,CABANG UTAMA,TGL,TGL10000,TGL10000,A,A,RING 1,
TGL10001,TGL,JATENG,Tegal,Margadana,,TGL,TGL10000,TGL10000,A,A,RING 1,
TGL10002,TGL,JATENG,Tegal,Tegal Barat,,TGL,TGL10000,TGL10000,A,A,RING 1,
TGL10003,TGL,JATENG,Tegal,Tegal Selatan,,TGL,TGL10000,TGL10000,A,A,RING 1,
TGL10004,TGL,JATENG,Tegal,Tegal Timur,,TGL,TGL10000,TGL10000,A,A,RING 1,
TGL10200,TGL,JATENG,Kab. Tegal,Slawi,CABANG,TGL-SLW,TGL10200,TGL10200,B,B,RING 2,
TGL10201,TGL,JATENG,Tegal,Adiwerna,,TGL-SLW,TGL10200,TGL10200,B,B,RING 2,
TGL10202,TGL,JATENG,Tegal,Dukuhturi,,TGL-SLW,TGL10200,TGL10200,B,B,RING 2,
TGL10203,TGL,JATENG,Tegal,Talang,,TGL-SLW,TGL10200,TGL10200,B,B,RING 2,
TGL10204,TGL,JATENG,Tegal,Tarub,,TGL-SLW,TGL10200,TGL10200,B,B,RING 2,
TGL10205,TGL,JATENG,Tegal,Balapulang,,TGL-SLW,TGL10200,TGL10200,C,C,RING 2,
TGL10206,TGL,JATENG,Tegal,Bojong,,TGL-SLW,TGL10200,TGL10200,C,C,RING 2,
TGL10207,TGL,JATENG,Tegal,Bumijawa,,TGL-SLW,TGL10200,TGL10200,C,C,RING 2,
TGL10208,TGL,JATENG,Tegal,Dukuhwaru,,TGL-SLW,TGL10200,TGL10200,B,C,RING 2,
TGL10209,TGL,JATENG,Tegal,Jatinegara,,TGL-SLW,TGL10200,TGL10200,C,C,RING 2,
TGL10210,TGL,JATENG,Tegal,Kedung Banteng,,TGL-SLW,TGL10200,TGL10200,C,C,RING 2,
TGL10211,TGL,JATENG,Tegal,Lebaksiu,,TGL-SLW,TGL10200,TGL10200,C,C,RING 2,
TGL10212,TGL,JATENG,Tegal,Margasari,,TGL-SLW,TGL10200,TGL10200,C,C,RING 2,
TGL10213,TGL,JATENG,Tegal,Pagerbarang,,TGL-SLW,TGL10200,TGL10200,C,C,RING 2,
TGL10214,TGL,JATENG,Tegal,Pangkah,,TGL-SLW,TGL10200,TGL10200,B,C,RING 2,
TGL10215,TGL,JATENG,Tegal,Kramat,,TGL-SLW,TGL10200,TGL10200,B,C,RING 2,
TGL10216,TGL,JATENG,Tegal,Surodadi,,TGL-SLW,TGL10200,TGL10200,C,C,RING 2,
TGL10217,TGL,JATENG,Tegal,Warurejo,,TGL-SLW,TGL10200,TGL10200,C,C,RING 2,
TGL20000,TGL,JATENG,Brebes,Brebes,CABANG,TGL-BBS,TGL20000,TGL20000,B,B,RING 2,
TGL20001,TGL,JATENG,Brebes,Bulakamba,,TGL-BBS,TGL20000,TGL20000,B,B,RING 2,
TGL20002,TGL,JATENG,Kab. Brebes,Bumiayu,CABANG,TGL-BMY,TGL10000,TGL20002,B,B,RING 2,
TGL20003,TGL,JATENG,Brebes,Jatibarang,,TGL-BBS,TGL20000,TGL20000,B,B,RING 2,
TGL20004,TGL,JATENG,Brebes,Kersana,,TGL-BBS,TGL20000,TGL20000,B,B,RING 2,
TGL20005,TGL,JATENG,Brebes,Banjarharjo,,TGL-BBS,TGL20000,TGL20000,C,C,RING 2,
TGL20006,TGL,JATENG,Brebes,Bantarkawung,,TGL-BMY,TGL10000,TGL20002,B,C,RING 2,
TGL20007,TGL,JATENG,Brebes,Ketanggungan,,TGL-BBS,TGL20000,TGL20000,C,C,RING 2,
TGL20008,TGL,JATENG,Brebes,Larangan,,TGL-BBS,TGL20000,TGL20000,C,C,RING 2,
TGL20009,TGL,JATENG,Brebes,Losari,,TGL-BBS,TGL20000,TGL20000,C,C,RING 2,
TGL20010,TGL,JATENG,Brebes,Paguyangan,,TGL-BMY,TGL10000,TGL20002,B,C,RING 2,
TGL20011,TGL,JATENG,Brebes,Salem,,TGL-BMY,TGL10000,TGL20002,C,C,RING 2,
TGL20012,TGL,JATENG,Brebes,Sirampog,,TGL-BMY,TGL10000,TGL20002,C,C,RING 2,
TGL20013,TGL,JATENG,Brebes,Songgom,,TGL-BBS,TGL20000,TGL20000,C,C,RING 2,
TGL20014,TGL,JATENG,Brebes,Tanjung,,TGL-BBS,TGL20000,TGL20000,C,C,RING 2,
TGL20015,TGL,JATENG,Brebes,Tonjong,,TGL-BMY,TGL10000,TGL20002,B,C,RING 2,
TGL20016,TGL,JATENG,Brebes,Wanasari,,TGL-BBS,TGL20000,TGL20000,B,C,RING 2,
TGL30000,TGL,JATENG,Kab. Banyumas,Purwokerto,CABANG,TGL-PWO,TGL30000,TGL30000,B,B,RING 2,
TGL30001,TGL,JATENG,Banyumas,Purwokerto Barat,,TGL-PWO,TGL30000,TGL30000,B,B,RING 2,
TGL30002,TGL,JATENG,Banyumas,Purwokerto Selatan,,TGL-PWO,TGL30000,TGL30000,B,B,RING 2,
TGL30003,TGL,JATENG,Banyumas,Purwokerto Timur,,TGL-PWO,TGL30000,TGL30000,B,B,RING 2,
TGL30004,TGL,JATENG,Banyumas,Purwokerto Utara,,TGL-PWO,TGL30000,TGL30000,B,B,RING 2,
TGL30005,TGL,JATENG,Banyumas,Ajibarang,,TGL-PWO,TGL30000,TGL30000,B,C,RING 2,
TGL30006,TGL,JATENG,Banyumas,Banyumas,,TGL-PWO,TGL30000,TGL30000,B,C,RING 2,
TGL30007,TGL,JATENG,Banyumas,Baturaden,,TGL-PWO,TGL30000,TGL30000,B,B,RING 2,
TGL30008,TGL,JATENG,Banyumas,Jatilawang,,TGL-PWO,TGL30000,TGL30000,B,C,RING 2,
TGL30009,TGL,JATENG,Banyumas,Kalibagor,,TGL-PWO,TGL30000,TGL30000,B,B,RING 2,
TGL30010,TGL,JATENG,Banyumas,Karanglewas,,TGL-PWO,TGL30000,TGL30000,B,B,RING 2,
TGL30011,TGL,JATENG,Banyumas,Kebasen,,TGL-PWO,TGL30000,TGL30000,B,C,RING 2,
TGL30012,TGL,JATENG,Banyumas,Kedung Banteng,,TGL-PWO,TGL30000,TGL30000,B,B,RING 2,
TGL30013,TGL,JATENG,Banyumas,Kembaran,,TGL-PWO,TGL30000,TGL30000,B,B,RING 2,
TGL30014,TGL,JATENG,Banyumas,Kemranjen,,TGL-PWO,TGL30000,TGL30000,B,B,RING 2,
TGL30015,TGL,JATENG,Banyumas,Patikraja,,TGL-PWO,TGL30000,TGL30000,B,C,RING 2,
TGL30016,TGL,JATENG,Banyumas,Sokaraja,,TGL-PWO,TGL30000,TGL30000,B,B,RING 2,
TGL30017,TGL,JATENG,Banyumas,Cilongok,,TGL-PWO,TGL30000,TGL30000,C,C,RING 2,
TGL30018,TGL,JATENG,Banyumas,Gumelar,,TGL-PWO,TGL30000,TGL30000,C,C,RING 2,
TGL30019,TGL,JATENG,Banyumas,Lumbir,,TGL-PWO,TGL30000,TGL30000,C,C,RING 2,
TGL30020,TGL,JATENG,Banyumas,Pekuncen,,TGL-PWO,TGL30000,TGL30000,C,C,RING 2,
TGL30021,TGL,JATENG,Banyumas,Purwojati,,TGL-PWO,TGL30000,TGL30000,C,C,RING 2,
TGL30022,TGL,JATENG,Banyumas,Rawalo,,TGL-PWO,TGL30000,TGL30000,C,C,RING 2,
TGL30023,TGL,JATENG,Banyumas,Somagede,,TGL-PWO,TGL30000,TGL30000,C,C,RING 2,
TGL30024,TGL,JATENG,Banyumas,Sumpiuh,,TGL-PWO,TGL30000,TGL30000,C,C,RING 2,
TGL30025,TGL,JATENG,Banyumas,Sumbang,,TGL-PWO,TGL30000,TGL30000,C,C,RING 2,
TGL30026,TGL,JATENG,Banyumas,Tambak,,TGL-PWO,TGL30000,TGL30000,C,C,RING 2,
TGL30027,TGL,JATENG,Banyumas,Wangon,,TGL-PWO,TGL30000,TGL30000,C,C,RING 2,
AMI10000,AMI,JTBNN,Kota Mataram,Mataram,CABANG UTAMA,AMI,AMI10000,AMI10000,A,A,RING 1,
AMI10011,AMI,JTBNN,Mataram,Ampenan,,AMI,AMI10000,AMI10000,A,A,RING 1,
AMI10012,AMI,JTBNN,Mataram,Cakranegara,,AMI,AMI10000,AMI10000,A,A,RING 1,
AMI10013,AMI,JTBNN,Mataram,Selaparang (Selaprang),,AMI,AMI10000,AMI10000,A,A,RING 1,
AMI10014,AMI,JTBNN,Mataram,Sekarbela,,AMI,AMI10000,AMI10000,A,A,RING 1,
AMI10015,AMI,JTBNN,Mataram,Sandubaya (Sandujaya),,AMI,AMI10000,AMI10000,A,A,RING 1,
AMI20100,AMI,JTBNN,Kota Bima,Bima,CABANG,AMI-BMU,AMI10000,AMI20100,B,B,RING 2,
AMI20111,AMI,JTBNN,Bima ,Asakota,,AMI-BMU,AMI10000,AMI20100,B,C,RING 2,
AMI20112,AMI,JTBNN,Bima ,Rasanae Barat,,AMI-BMU,AMI10000,AMI20100,B,B,RING 2,
AMI20113,AMI,JTBNN,Bima ,Rasanae Timur,,AMI-BMU,AMI10000,AMI20100,B,B,RING 2,
AMI20114,AMI,JTBNN,Bima ,Raba,,AMI-BMU,AMI10000,AMI20100,B,B,RING 2,
AMI20115,AMI,JTBNN,Bima ,Mpunda,,AMI-BMU,AMI10000,AMI20100,B,B,RING 2,
AMI20200,AMI,JTBNN,Kab. Dompu,Dompu,CABANG,AMI-DPU,AMI10000,AMI20200,B,B,RING 2,
AMI20201,AMI,JTBNN,Dompu ,Hu'u,,AMI-DPU,AMI10000,AMI20200,D,C,RING 2,
AMI20202,AMI,JTBNN,Dompu ,Kempo,,AMI-DPU,AMI10000,AMI20200,D,D,RING 2,
AMI20203,AMI,JTBNN,Dompu ,Kilo,,AMI-DPU,AMI10000,AMI20200,D,D,RING 2,
AMI20204,AMI,JTBNN,Dompu ,Pajo,,AMI-DPU,AMI10000,AMI20200,D,B,RING 2,
AMI20205,AMI,JTBNN,Dompu ,Pekat,,AMI-DPU,AMI10000,AMI20200,D,D,RING 2,
AMI20206,AMI,JTBNN,Dompu ,Woja,,AMI-DPU,AMI10000,AMI20200,C,B,RING 2,
AMI20207,AMI,JTBNN,Dompu ,Manggalewa,,AMI-DPU,AMI10000,AMI20200,C,C,RING 2,
AMI20300,AMI,JTBNN,Kab. Lombok Tengah,Praya,CABANG,AMI-PYA,AMI10000,AMI20300,B,B,RING 2,
AMI20301,AMI,JTBNN,Lombok Tengah ,Batukliang,,AMI-PYA,AMI10000,AMI20300,B,C,RING 2,
AMI20302,AMI,JTBNN,Lombok Tengah ,Janapria,,AMI-PYA,AMI10000,AMI20300,C,C,RING 2,
AMI20303,AMI,JTBNN,Lombok Tengah ,Jonggat,,AMI-PYA,AMI10000,AMI20300,B,C,RING 2,
AMI20304,AMI,JTBNN,Lombok Tengah ,Kopang,,AMI-PYA,AMI10000,AMI20300,C,C,RING 2,
AMI20305,AMI,JTBNN,Lombok Tengah ,Praya Barat,,AMI-PYA,AMI10000,AMI20300,C,B,RING 2,
AMI20306,AMI,JTBNN,Lombok Tengah ,Praya Timur,,AMI-PYA,AMI10000,AMI20300,C,B,RING 2,
AMI20307,AMI,JTBNN,Lombok Tengah ,Pringgarata,,AMI-PYA,AMI10000,AMI20300,C,C,RING 2,
AMI20308,AMI,JTBNN,Lombok Tengah ,Pujut,,AMI-PYA,AMI10000,AMI20300,C,C,RING 2,
AMI20310,AMI,JTBNN,Lombok Tengah ,Batukliang Utara,,AMI-PYA,AMI10000,AMI20300,C,C,RING 2,
AMI20311,AMI,JTBNN,Lombok Tengah ,Praya Barat Daya,,AMI-PYA,AMI10000,AMI20300,C,B,RING 2,
AMI20312,AMI,JTBNN,Lombok Tengah ,Praya Tengah,,AMI-PYA,AMI10000,AMI20300,B,B,RING 2,
AMI20400,AMI,JTBNN,Kab. Lombok Timur,Selong,CABANG,AMI-SEL,AMI10000,AMI20400,B,B,RING 2,
AMI20401,AMI,JTBNN,Lombok Timur ,Aikmel,,AMI-SEL,AMI10000,AMI20400,C,C,RING 2,
AMI20402,AMI,JTBNN,Lombok Timur ,Keruak,,AMI-SEL,AMI10000,AMI20400,C,C,RING 2,
AMI20403,AMI,JTBNN,Lombok Timur ,Masbagik,,AMI-SEL,AMI10000,AMI20400,B,C,RING 2,
AMI20404,AMI,JTBNN,Lombok Timur ,Pringgabaya,,AMI-SEL,AMI10000,AMI20400,D,D,RING 2,
AMI20405,AMI,JTBNN,Lombok Timur ,Sakra,,AMI-SEL,AMI10000,AMI20400,B,C,RING 2,
AMI20406,AMI,JTBNN,Lombok Timur ,Sambalia (Sambelia),,AMI-SEL,AMI10000,AMI20400,D,D,RING 2,
AMI20407,AMI,JTBNN,Lombok Timur ,Sikur,,AMI-SEL,AMI10000,AMI20400,C,C,RING 2,
AMI20408,AMI,JTBNN,Lombok Timur ,Sukamulia,,AMI-SEL,AMI10000,AMI20400,B,C,RING 2,
AMI20409,AMI,JTBNN,Lombok Timur ,Terara,,AMI-SEL,AMI10000,AMI20400,C,C,RING 2,
AMI20411,AMI,JTBNN,Lombok Timur ,Jerowaru,,AMI-SEL,AMI10000,AMI20400,C,D,RING 2,
AMI20413,AMI,JTBNN,Lombok Timur ,Montong Gading,,AMI-SEL,AMI10000,AMI20400,C,C,RING 2,
AMI20414,AMI,JTBNN,Lombok Timur ,Pringgasela,,AMI-SEL,AMI10000,AMI20400,C,C,RING 2,
AMI20415,AMI,JTBNN,Lombok Timur ,Sakra Barat,,AMI-SEL,AMI10000,AMI20400,C,C,RING 2,
AMI20416,AMI,JTBNN,Lombok Timur ,Sakra Timur,,AMI-SEL,AMI10000,AMI20400,C,C,RING 2,
AMI20417,AMI,JTBNN,Lombok Timur ,Sembalun,,AMI-SEL,AMI10000,AMI20400,D,D,RING 2,
AMI20418,AMI,JTBNN,Lombok Timur ,Suela (Suwela),,AMI-SEL,AMI10000,AMI20400,C,C,RING 2,
AMI20419,AMI,JTBNN,Lombok Timur ,Suralaga,,AMI-SEL,AMI10000,AMI20400,B,C,RING 2,
AMI20420,AMI,JTBNN,Lombok Timur ,Wanasaba,,AMI-SEL,AMI10000,AMI20400,C,C,RING 2,
AMI20421,AMI,JTBNN,Lombok Timur ,Labuhan Haji,,AMI-SEL,AMI10000,AMI20400,B,C,RING 2,
AMI20500,AMI,JTBNN,Kab. Sumbawa,Sumbawa Besar,CABANG,AMI-SWQ,AMI10000,AMI20500,B,B,RING 2,
AMI20501,AMI,JTBNN,Sumbawa ,Alas,,AMI-SWQ,AMI10000,AMI20500,C,C,RING 2,
AMI20502,AMI,JTBNN,Sumbawa ,Batulanteh,,AMI-SWQ,AMI10000,AMI20500,D,D,RING 2,
AMI20503,AMI,JTBNN,Sumbawa ,Empang,,AMI-SWQ,AMI10000,AMI20500,C,C,RING 2,
AMI20505,AMI,JTBNN,Sumbawa ,Lape (Lape Lopok),,AMI-SWQ,AMI10000,AMI20500,C,C,RING 2,
AMI20506,AMI,JTBNN,Sumbawa ,Lunyuk,,AMI-SWQ,AMI10000,AMI20500,D,D,RING 2,
AMI20507,AMI,JTBNN,Sumbawa ,Moyo Hilir,,AMI-SWQ,AMI10000,AMI20500,C,C,RING 2,
AMI20508,AMI,JTBNN,Sumbawa ,Moyo Hulu,,AMI-SWQ,AMI10000,AMI20500,C,C,RING 2,
AMI20509,AMI,JTBNN,Sumbawa ,Plampang,,AMI-SWQ,AMI10000,AMI20500,C,C,RING 2,
AMI20510,AMI,JTBNN,Sumbawa ,Ropang,,AMI-SWQ,AMI10000,AMI20500,D,D,RING 2,
AMI20513,AMI,JTBNN,Sumbawa ,Rhee,,AMI-SWQ,AMI10000,AMI20500,C,C,RING 2,
AMI20514,AMI,JTBNN,Sumbawa ,Alas Barat,,AMI-SWQ,AMI10000,AMI20500,C,C,RING 2,
AMI20515,AMI,JTBNN,Sumbawa ,Labangka,,AMI-SWQ,AMI10000,AMI20500,D,D,RING 2,
AMI20516,AMI,JTBNN,Sumbawa ,Labuhan Badas,,AMI-SWQ,AMI10000,AMI20500,C,C,RING 2,
AMI20517,AMI,JTBNN,Sumbawa ,Sumbawa,,AMI-SWQ,AMI10000,AMI20500,B,B,RING 2,
AMI20518,AMI,JTBNN,Sumbawa ,Utan,,AMI-SWQ,AMI10000,AMI20500,C,C,RING 2,
AMI20519,AMI,JTBNN,Sumbawa ,Unter Iwes (Unterwiris),,AMI-SWQ,AMI10000,AMI20500,C,C,RING 2,
AMI20520,AMI,JTBNN,Sumbawa ,Tarano,,AMI-SWQ,AMI10000,AMI20500,C,D,RING 2,
AMI20521,AMI,JTBNN,Sumbawa ,Orong Telu,,AMI-SWQ,AMI10000,AMI20500,C,D,RING 2,
AMI20522,AMI,JTBNN,Sumbawa ,Moyo Utara,,AMI-SWQ,AMI10000,AMI20500,C,C,RING 2,
AMI20523,AMI,JTBNN,Sumbawa ,Maronge,,AMI-SWQ,AMI10000,AMI20500,C,D,RING 2,
AMI20524,AMI,JTBNN,Sumbawa ,Lopok,,AMI-SWQ,AMI10000,AMI20500,C,C,RING 2,
AMI20525,AMI,JTBNN,Sumbawa ,Lenangguar,,AMI-SWQ,AMI10000,AMI20500,C,D,RING 2,
AMI20526,AMI,JTBNN,Sumbawa ,Lantung,,AMI-SWQ,AMI10000,AMI20500,C,D,RING 2,
AMI20527,AMI,JTBNN,Sumbawa ,Buer,,AMI-SWQ,AMI10000,AMI20500,C,C,RING 2,
AMI20800,AMI,JTBNN,Kab. Lombok Barat,Gerung,CABANG,AMI-GRG,AMI10000,AMI20800,B,B,RING 2,
AMI20801,AMI,JTBNN,Lombok Utara ,Bayan,,AMI-TJU,AMI10000,AMI20807,D,D,RING 2,
AMI20802,AMI,JTBNN,Lombok Utara ,Gangga,,AMI-TJU,AMI10000,AMI20807,D,D,RING 2,
AMI20803,AMI,JTBNN,Lombok Barat ,Kediri,,AMI-GRG,AMI10000,AMI20800,B,B,RING 2,
AMI20804,AMI,JTBNN,Lombok Barat ,Labuapi,,AMI-GRG,AMI10000,AMI20800,B,B,RING 2,
AMI20805,AMI,JTBNN,Lombok Barat ,Narmada,,AMI-GRG,AMI10000,AMI20800,B,B,RING 2,
AMI20806,AMI,JTBNN,Lombok Barat ,Sekotong,,AMI-GRG,AMI10000,AMI20800,D,C,RING 2,
AMI20807,AMI,JTBNN,Kab. Lombok Utara,Tanjung,CABANG,AMI-TJU,AMI10000,AMI20807,B,B,RING 2,
AMI20808,AMI,JTBNN,Lombok Barat ,Batu Layar,,AMI-GRG,AMI10000,AMI20800,B,B,RING 2,
AMI20809,AMI,JTBNN,Lombok Barat ,Gunungsari,,AMI-GRG,AMI10000,AMI20800,B,B,RING 2,
AMI20810,AMI,JTBNN,Lombok Utara ,Kayangan,,AMI-TJU,AMI10000,AMI20807,D,D,RING 2,
AMI20811,AMI,JTBNN,Lombok Barat ,Kuripan,,AMI-GRG,AMI10000,AMI20800,B,B,RING 2,
AMI20812,AMI,JTBNN,Lombok Barat ,Lembar,,AMI-GRG,AMI10000,AMI20800,B,B,RING 2,
AMI20813,AMI,JTBNN,Lombok Barat ,Lingsar,,AMI-GRG,AMI10000,AMI20800,B,B,RING 2,
AMI20814,AMI,JTBNN,Lombok Utara ,Pemenang,,AMI-TJU,AMI10000,AMI20807,D,D,RING 2,
AMI20900,AMI,JTBNN,Kab. Sumbawa Barat,Taliwang,CABANG,AMI-TLW,AMI10000,AMI20900,B,B,RING 2,
AMI20901,AMI,JTBNN,Sumbawa Barat ,Jereweh,,AMI-TLW,AMI10000,AMI20900,C,C,RING 2,
AMI20902,AMI,JTBNN,Sumbawa Barat ,Sateluk (Seteluk),,AMI-TLW,AMI10000,AMI20900,D,C,RING 2,
AMI20903,AMI,JTBNN,Sumbawa Barat ,Sekongkang,,AMI-TLW,AMI10000,AMI20900,C,C,RING 2,
AMI20904,AMI,JTBNN,Sumbawa Barat ,Brang Rea,,AMI-TLW,AMI10000,AMI20900,C,C,RING 2,
AMI20906,AMI,JTBNN,Sumbawa Barat ,Poto Tano,,AMI-TLW,AMI10000,AMI20900,C,D,RING 2,
AMI20907,AMI,JTBNN,Sumbawa Barat ,Maluk,,AMI-TLW,AMI10000,AMI20900,C,C,RING 2,
AMI20908,AMI,JTBNN,Sumbawa Barat ,Brang Ene,,AMI-TLW,AMI10000,AMI20900,C,C,RING 2,
AMI21100,AMI,JTBNN,Bima ,Woha,,AMI-BMU,AMI10000,AMI20100,C,C,RING 2,
AMI21101,AMI,JTBNN,Bima ,Ambalawi,,AMI-BMU,AMI10000,AMI20100,D,C,RING 2,
AMI21102,AMI,JTBNN,Bima ,Belo,,AMI-BMU,AMI10000,AMI20100,C,C,RING 2,
AMI21103,AMI,JTBNN,Bima ,Bolo,,AMI-BMU,AMI10000,AMI20100,C,C,RING 2,
AMI21104,AMI,JTBNN,Bima ,Donggo,,AMI-BMU,AMI10000,AMI20100,C,D,RING 2,
AMI21105,AMI,JTBNN,Bima ,Lambu,,AMI-BMU,AMI10000,AMI20100,C,D,RING 2,
AMI21106,AMI,JTBNN,Bima ,Langgudu,,AMI-BMU,AMI10000,AMI20100,D,D,RING 2,
AMI21107,AMI,JTBNN,Bima ,Madapangga,,AMI-BMU,AMI10000,AMI20100,C,D,RING 2,
AMI21108,AMI,JTBNN,Bima ,Monta,,AMI-BMU,AMI10000,AMI20100,C,C,RING 2,
AMI21109,AMI,JTBNN,Bima ,Sanggar,,AMI-BMU,AMI10000,AMI20100,D,D,RING 2,
AMI21110,AMI,JTBNN,Bima ,Sape,,AMI-BMU,AMI10000,AMI20100,C,C,RING 2,
AMI21111,AMI,JTBNN,Bima ,Tambora,,AMI-BMU,AMI10000,AMI20100,D,D,RING 2,
AMI21112,AMI,JTBNN,Bima ,Wawo,,AMI-BMU,AMI10000,AMI20100,C,C,RING 2,
AMI21113,AMI,JTBNN,Bima ,Wera,,AMI-BMU,AMI10000,AMI20100,C,D,RING 2,
AMI21114,AMI,JTBNN,Bima ,Soromandi,,AMI-TLW,AMI10000,AMI20900,C,D,RING 2,
AMI21115,AMI,JTBNN,Bima ,Parado,,AMI-TLW,AMI10000,AMI20900,C,D,RING 2,
AMI21116,AMI,JTBNN,Bima ,Palibelo,,AMI-TLW,AMI10000,AMI20900,C,C,RING 2,
AMI21117,AMI,JTBNN,Bima ,Lambitu,,AMI-TLW,AMI10000,AMI20900,C,D,RING 2,
DPS10000,DPS,JTBNN,Kota Denpasar,Denpasar,CABANG UTAMA,DPS,DPS10000,DPS10000,A,A,RING 1,
DPS10009,DPS,JTBNN,Denpasar,Denpasar Barat,,DPS,DPS10000,DPS10000,A,A,RING 1,
DPS10010,DPS,JTBNN,Denpasar,Denpasar Selatan,,DPS,DPS10000,DPS10000,A,A,RING 1,
DPS10011,DPS,JTBNN,Denpasar,Denpasar Timur,,DPS,DPS10000,DPS10000,A,A,RING 1,
DPS10012,DPS,JTBNN,Denpasar,Denpasar Utara,,DPS,DPS10000,DPS10000,A,A,RING 1,
DPS20100,DPS,JTBNN,Amlapura,Amlapura,,DPS-KRA,DPS20108,DPS20108,B,B,RING 2,
DPS20101,DPS,JTBNN,Karangasem,Abang,,DPS-KRA,DPS20108,DPS20108,C,C,RING 2,
DPS20102,DPS,JTBNN,Karangasem,Bebandem,,DPS-KRA,DPS20108,DPS20108,C,C,RING 2,
DPS20103,DPS,JTBNN,Karangasem,Kubu,,DPS-KRA,DPS20108,DPS20108,C,C,RING 2,
DPS20104,DPS,JTBNN,Karangasem,Manggis,,DPS-KRA,DPS20108,DPS20108,C,C,RING 2,
DPS20105,DPS,JTBNN,Karangasem,Rendang,,DPS-KRA,DPS20108,DPS20108,C,C,RING 2,
DPS20106,DPS,JTBNN,Karangasem,Selat,,DPS-KRA,DPS20108,DPS20108,C,C,RING 2,
DPS20107,DPS,JTBNN,Karangasem,Sidemen,,DPS-KRA,DPS20108,DPS20108,C,C,RING 2,
DPS20108,DPS,JTBNN,Kab. Karangasem,Karangasem,CABANG,DPS-KRA,DPS20108,DPS20108,C,C,RING 2,
DPS20200,DPS,JTBNN,Kab. Bangli,Bangli,CABANG,DPS-BGI,DPS20200,DPS20200,B,B,RING 2,
DPS20201,DPS,JTBNN,Bangli,Kintamani,,DPS-BGI,DPS20200,DPS20200,C,C,RING 2,
DPS20202,DPS,JTBNN,Bangli,Susut,,DPS-BGI,DPS20200,DPS20200,C,C,RING 2,
DPS20203,DPS,JTBNN,Bangli,Tembuku,,DPS-BGI,DPS20200,DPS20200,C,C,RING 2,
DPS20300,DPS,JTBNN,Kab. Gianyar,Gianyar,CABANG,DPS-GIN,DPS20300,DPS20300,B,B,RING 2,
DPS20301,DPS,JTBNN,Gianyar,Belah Batuh (Blahbatuh),,DPS-GIN,DPS20300,DPS20300,C,B,RING 2,
DPS20302,DPS,JTBNN,Gianyar,Payangan,,DPS-GIN,DPS20300,DPS20300,C,C,RING 2,
DPS20303,DPS,JTBNN,Gianyar,Sukawati,,DPS-GIN,DPS20300,DPS20300,C,B,RING 2,
DPS20304,DPS,JTBNN,Gianyar,Tampak Siring,,DPS-GIN,DPS20300,DPS20300,C,C,RING 2,
DPS20305,DPS,JTBNN,Gianyar,Tegallalang,,DPS-GIN,DPS20300,DPS20300,C,C,RING 2,
DPS20306,DPS,JTBNN,Gianyar,Ubud,,DPS-GIN,DPS20300,DPS20300,C,B,RING 2,
DPS20400,DPS,JTBNN,Kab. Jembrana,Negara,CABANG,DPS-NGA,DPS20400,DPS20400,B,B,RING 2,
DPS20401,DPS,JTBNN,Jembrana,Melaya,,DPS-NGA,DPS20400,DPS20400,C,C,RING 2,
DPS20402,DPS,JTBNN,Jembrana,Mendoyo,,DPS-NGA,DPS20400,DPS20400,C,C,RING 2,
DPS20403,DPS,JTBNN,Jembrana,Pekutatan,,DPS-NGA,DPS20400,DPS20400,C,C,RING 2,
DPS20404,DPS,JTBNN,Jembrana,Jembrana,,DPS-NGA,DPS20400,DPS20400,C,C,RING 2,
DPS20500,DPS,JTBNN,Semarapura,Semarapura,,DPS-KLG,DPS20502,DPS20502,B,B,RING 2,
DPS20501,DPS,JTBNN,Klungkung,Dawan,,DPS-KLG,DPS20502,DPS20502,C,C,RING 2,
DPS20502,DPS,JTBNN,Kab. Klungkung,Klungkung,CABANG,DPS-KLG,DPS20502,DPS20502,C,C,RING 2,
DPS20503,DPS,JTBNN,Klungkung,Nusapenida,CABANG,DPS-PND,DPS10000,DPS20503,C,D,RING 2,
DPS20504,DPS,JTBNN,Klungkung,Banjarangkan,,DPS-KLG,DPS20502,DPS20502,C,C,RING 2,
DPS20600,DPS,JTBNN,Singaraja,Singaraja,,DPS-SGR,DPS20609,DPS20609,B,B,RING 2,
DPS20601,DPS,JTBNN,Buleleng,Banjar,,DPS-SGR,DPS20609,DPS20609,C,C,RING 2,
DPS20602,DPS,JTBNN,Buleleng,Busungbiu,,DPS-SGR,DPS20609,DPS20609,C,C,RING 2,
DPS20603,DPS,JTBNN,Buleleng,Gerokgak,,DPS-SGR,DPS20609,DPS20609,C,C,RING 2,
DPS20604,DPS,JTBNN,Buleleng,Kubutambahan,,DPS-SGR,DPS20609,DPS20609,C,C,RING 2,
DPS20605,DPS,JTBNN,Buleleng,Sawan,,DPS-SGR,DPS20609,DPS20609,C,C,RING 2,
DPS20606,DPS,JTBNN,Buleleng,Seririt,,DPS-SGR,DPS20609,DPS20609,C,C,RING 2,
DPS20607,DPS,JTBNN,Buleleng,Sukasada,,DPS-SGR,DPS20609,DPS20609,C,C,RING 2,
DPS20608,DPS,JTBNN,Buleleng,Tejakula,,DPS-SGR,DPS20609,DPS20609,C,C,RING 2,
DPS20609,DPS,JTBNN,Kab. Buleleng,Buleleng,CABANG,DPS-SGR,DPS20609,DPS20609,C,C,RING 2,
DPS20700,DPS,JTBNN,Kab. Tabanan,Tabanan,CABANG,DPS-TAB,DPS20700,DPS20700,B,B,RING 2,
DPS20701,DPS,JTBNN,Tabanan,Baturiti,,DPS-TAB,DPS20700,DPS20700,C,C,RING 2,
DPS20702,DPS,JTBNN,Tabanan,Kediri,,DPS-TAB,DPS20700,DPS20700,C,B,RING 2,
DPS20703,DPS,JTBNN,Tabanan,Kerambitan,,DPS-TAB,DPS20700,DPS20700,C,C,RING 2,
DPS20704,DPS,JTBNN,Tabanan,Marga,,DPS-TAB,DPS20700,DPS20700,C,C,RING 2,
DPS20705,DPS,JTBNN,Tabanan,Pupuan,,DPS-TAB,DPS20700,DPS20700,C,C,RING 2,
DPS20706,DPS,JTBNN,Tabanan,Penebel,,DPS-TAB,DPS20700,DPS20700,C,C,RING 2,
DPS20707,DPS,JTBNN,Tabanan,Selemadeg,,DPS-TAB,DPS20700,DPS20700,C,C,RING 2,
DPS20709,DPS,JTBNN,Tabanan,Salemadeg Barat,,DPS-TAB,DPS20700,DPS20700,C,C,RING 2,
DPS20710,DPS,JTBNN,Tabanan,Salemadeg Timur,,DPS-TAB,DPS20700,DPS20700,C,C,RING 2,
DPS21100,DPS,JTBNN,Kab. Badung,Menguwi,CABANG,DPS-MGW,DPS21100,DPS21100,B,B,RING 2,
DPS21101,DPS,JTBNN,Badung,Abiansemal,,DPS-MGW,DPS21100,DPS21100,C,C,RING 2,
DPS21102,DPS,JTBNN,Badung,Kuta,,DPS,DPS10000,DPS10000,A,A,RING 1,
DPS21103,DPS,JTBNN,Legian ,Legian ,,DPS,DPS10000,DPS10000,A,A,RING 1,
DPS21104,DPS,JTBNN,Ngurah Rai,Ngurah Rai,,DPS,DPS10000,DPS10000,A,A,RING 1,
DPS21105,DPS,JTBNN,Sanur,Sanur,,DPS,DPS10000,DPS10000,A,A,RING 1,
DPS21106,DPS,JTBNN,Jimbaran,Jimbaran,,DPS,DPS10000,DPS10000,A,A,RING 1,
DPS21107,DPS,JTBNN,Nusa Dua,Nusa Dua,,DPS,DPS10000,DPS10000,A,A,RING 1,
DPS21108,DPS,JTBNN,Badung,Petang,,DPS-MGW,DPS21100,DPS21100,C,C,RING 2,
DPS21109,DPS,JTBNN,Badung,Kuta Selatan,,DPS,DPS10000,DPS10000,A,A,RING 1,
DPS21110,DPS,JTBNN,Badung,Kuta Utara,,DPS-MGW,DPS21100,DPS21100,A,B,RING 2,
DPS21162,DPS,JTBNN,Canggu ,"Kuta Utara, Canggu ",,DPS-MGW,DPS21100,DPS21100,B,B,RING 2,
DPS21163,DPS,JTBNN,Dalung,"Kuta Utara, Dalung",,DPS-MGW,DPS21100,DPS21100,B,B,RING 2,
DPS21164,DPS,JTBNN,Tibubeneng,"Kuta Utara, Tibubeneng",,DPS-MGW,DPS21100,DPS21100,A,B,RING 2,
DPS21165,DPS,JTBNN,Kerobokan Kaja,Kuta Utara,,DPS,DPS10000,DPS10000,A,A,RING 1,
DPS21166,DPS,JTBNN,Kerobokan Kelod,Kuta Utara,,DPS,DPS10000,DPS10000,B,A,RING 1,
JBR10000,JBR,JTBNN,Kab. Jember,Jember,CABANG UTAMA,JBR,JBR10000,JBR10000,A,A,RING 1,
JBR10001,JBR,JTBNN,Jember,Ambulu,,JBR,JBR10000,JBR10000,C,C,RING 1,
JBR10002,JBR,JTBNN,Jember,Arjasa,,JBR,JBR10000,JBR10000,A,C,RING 1,
JBR10003,JBR,JTBNN,Jember,Balung,,JBR,JBR10000,JBR10000,C,C,RING 1,
JBR10004,JBR,JTBNN,Jember,Bangsalsari,,JBR,JBR10000,JBR10000,C,C,RING 1,
JBR10005,JBR,JTBNN,Jember,Gumuk Mas,,JBR,JBR10000,JBR10000,C,C,RING 1,
JBR10006,JBR,JTBNN,Jember,Jelbuk,,JBR,JBR10000,JBR10000,C,C,RING 1,
JBR10007,JBR,JTBNN,Jember,Jenggawah,,JBR,JBR10000,JBR10000,C,C,RING 1,
JBR10008,JBR,JTBNN,Jember,Kalisat,,JBR,JBR10000,JBR10000,C,C,RING 1,
JBR10009,JBR,JTBNN,Jember,Kencong,,JBR,JBR10000,JBR10000,C,C,RING 1,
JBR10010,JBR,JTBNN,Jember,Ledokombo,,JBR,JBR10000,JBR10000,C,C,RING 1,
JBR10011,JBR,JTBNN,Jember,Mayang,,JBR,JBR10000,JBR10000,C,C,RING 1,
JBR10012,JBR,JTBNN,Jember,Mumbulsari,,JBR,JBR10000,JBR10000,A,C,RING 1,
JBR10013,JBR,JTBNN,Jember,Pakusari,,JBR,JBR10000,JBR10000,C,C,RING 1,
JBR10014,JBR,JTBNN,Jember,Panti,,JBR,JBR10000,JBR10000,C,C,RING 1,
JBR10015,JBR,JTBNN,Jember,Puger,,JBR,JBR10000,JBR10000,C,C,RING 1,
JBR10016,JBR,JTBNN,Jember,Rambipuji,,JBR,JBR10000,JBR10000,A,C,RING 1,
JBR10017,JBR,JTBNN,Jember,Silo,,JBR,JBR10000,JBR10000,C,C,RING 1,
JBR10018,JBR,JTBNN,Jember,Sukorambi,,JBR,JBR10000,JBR10000,A,C,RING 1,
JBR10019,JBR,JTBNN,Jember,Sukowono,,JBR,JBR10000,JBR10000,C,C,RING 1,
JBR10020,JBR,JTBNN,Jember,Sumber Baru,,JBR,JBR10000,JBR10000,C,C,RING 1,
JBR10021,JBR,JTBNN,Jember,Sumber Jambe,,JBR,JBR10000,JBR10000,C,C,RING 1,
JBR10022,JBR,JTBNN,Jember,Tanggul,,JBR,JBR10000,JBR10000,C,C,RING 1,
JBR10023,JBR,JTBNN,Jember,Tempurejo,,JBR,JBR10000,JBR10000,C,C,RING 1,
JBR10024,JBR,JTBNN,Jember,Umbulsari,,JBR,JBR10000,JBR10000,C,C,RING 1,
JBR10025,JBR,JTBNN,Jember,Wuluhan,,JBR,JBR10000,JBR10000,C,C,RING 1,
JBR10026,JBR,JTBNN,Jember,Ajung,,JBR,JBR10000,JBR10000,A,C,RING 1,
JBR10027,JBR,JTBNN,Jember,Jombang,,JBR,JBR10000,JBR10000,C,C,RING 1,
JBR10028,JBR,JTBNN,Jember,Kaliwates,,JBR,JBR10000,JBR10000,A,A,RING 1,
JBR10029,JBR,JTBNN,Jember,Patrang,,JBR,JBR10000,JBR10000,A,A,RING 1,
JBR10030,JBR,JTBNN,Jember,Semboro,,JBR,JBR10000,JBR10000,C,C,RING 1,
JBR10031,JBR,JTBNN,Jember,Sumber Sari,,JBR,JBR10000,JBR10000,A,A,RING 1,
JBR20100,JBR,JTBNN,Kab. Banyuwangi,Banyuwangi,CABANG,JBR-BWX,JBR20100,JBR20100,B,B,RING 2,
JBR20101,JBR,JTBNN,Banyuwangi,Bangorejo,,JBR-BWX,JBR20100,JBR20100,C,C,RING 2,
JBR20102,JBR,JTBNN,Banyuwangi,Cluring,,JBR-BWX,JBR20100,JBR20100,C,C,RING 2,
JBR20103,JBR,JTBNN,Banyuwangi,Gambiran,,JBR-BWX,JBR20100,JBR20100,C,C,RING 2,
JBR20104,JBR,JTBNN,Banyuwangi,Genteng,,JBR-BWX,JBR20100,JBR20100,B,B,RING 2,
JBR20105,JBR,JTBNN,Banyuwangi,Glenmore,,JBR-BWX,JBR20100,JBR20100,C,C,RING 2,
JBR20106,JBR,JTBNN,Banyuwangi,Kabat,,JBR-BWX,JBR20100,JBR20100,B,C,RING 2,
JBR20107,JBR,JTBNN,Banyuwangi,Kalibaru,,JBR-BWX,JBR20100,JBR20100,C,C,RING 2,
JBR20108,JBR,JTBNN,Banyuwangi,Muncar,,JBR-BWX,JBR20100,JBR20100,C,C,RING 2,
JBR20109,JBR,JTBNN,Banyuwangi,Pesanggaran,,JBR-BWX,JBR20100,JBR20100,C,C,RING 2,
JBR20110,JBR,JTBNN,Banyuwangi,Purwoharjo,,JBR-BWX,JBR20100,JBR20100,C,C,RING 2,
JBR20111,JBR,JTBNN,Banyuwangi,Rogojampi,,JBR-BWX,JBR20100,JBR20100,B,C,RING 2,
JBR20112,JBR,JTBNN,Banyuwangi,Singojuruh,,JBR-BWX,JBR20100,JBR20100,B,C,RING 2,
JBR20113,JBR,JTBNN,Banyuwangi,Songgon,,JBR-BWX,JBR20100,JBR20100,C,C,RING 2,
JBR20114,JBR,JTBNN,Banyuwangi,Srono,,JBR-BWX,JBR20100,JBR20100,B,C,RING 2,
JBR20115,JBR,JTBNN,Banyuwangi,Tegaldlimo,,JBR-BWX,JBR20100,JBR20100,C,C,RING 2,
JBR20116,JBR,JTBNN,Banyuwangi,Wongsorejo,,JBR-BWX,JBR20100,JBR20100,C,C,RING 2,
JBR20117,JBR,JTBNN,Banyuwangi,Glagah,,JBR-BWX,JBR20100,JBR20100,C,C,RING 2,
JBR20118,JBR,JTBNN,Banyuwangi,Giri,,JBR-BWX,JBR20100,JBR20100,C,C,RING 2,
JBR20119,JBR,JTBNN,Banyuwangi,Kalipuro,,JBR-BWX,JBR20100,JBR20100,C,C,RING 2,
JBR20120,JBR,JTBNN,Banyuwangi,Licin,,JBR-BWX,JBR20100,JBR20100,C,C,RING 2,
JBR20121,JBR,JTBNN,Banyuwangi,Sempu,,JBR-BWX,JBR20100,JBR20100,C,C,RING 2,
JBR20122,JBR,JTBNN,Banyuwangi,Siliragung,,JBR-BWX,JBR20100,JBR20100,C,C,RING 2,
JBR20123,JBR,JTBNN,Banyuwangi,Tegalsari,,JBR-BWX,JBR20100,JBR20100,C,C,RING 2,
JBR20200,JBR,JTBNN,Kab. Bondowoso,Bondowoso,CABANG,JBR-BDW,JBR20200,JBR20200,B,B,RING 2,
JBR20201,JBR,JTBNN,Bondowoso,Cermee,,JBR-BDW,JBR20200,JBR20200,C,C,RING 2,
JBR20202,JBR,JTBNN,Bondowoso,Curahdami,,JBR-BDW,JBR20200,JBR20200,B,B,RING 2,
JBR20203,JBR,JTBNN,Bondowoso,Grujugan,,JBR-BDW,JBR20200,JBR20200,B,B,RING 2,
JBR20204,JBR,JTBNN,Bondowoso,Klabang,,JBR-BDW,JBR20200,JBR20200,C,C,RING 2,
JBR20205,JBR,JTBNN,Bondowoso,Maesan,,JBR-BDW,JBR20200,JBR20200,B,B,RING 2,
JBR20206,JBR,JTBNN,Bondowoso,Pakem,,JBR-BDW,JBR20200,JBR20200,B,B,RING 2,
JBR20207,JBR,JTBNN,Bondowoso,Prajekan,,JBR-BDW,JBR20200,JBR20200,B,B,RING 2,
JBR20208,JBR,JTBNN,Bondowoso,Pujer,,JBR-BDW,JBR20200,JBR20200,B,C,RING 2,
JBR20209,JBR,JTBNN,Bondowoso,Sempol,,JBR-BDW,JBR20200,JBR20200,B,B,RING 2,
JBR20210,JBR,JTBNN,Bondowoso,Sukosari,,JBR-BDW,JBR20200,JBR20200,C,C,RING 2,
JBR20211,JBR,JTBNN,Bondowoso,Tamanan,,JBR-BDW,JBR20200,JBR20200,B,B,RING 2,
JBR20212,JBR,JTBNN,Bondowoso,Tapen,,JBR-BDW,JBR20200,JBR20200,B,B,RING 2,
JBR20213,JBR,JTBNN,Bondowoso,Tegalampel,,JBR-BDW,JBR20200,JBR20200,B,B,RING 2,
JBR20214,JBR,JTBNN,Bondowoso,Tenggarang,,JBR-BDW,JBR20200,JBR20200,B,B,RING 2,
JBR20215,JBR,JTBNN,Bondowoso,Tlogosari,,JBR-BDW,JBR20200,JBR20200,B,B,RING 2,
JBR20216,JBR,JTBNN,Bondowoso,Wonosari,,JBR-BDW,JBR20200,JBR20200,B,B,RING 2,
JBR20217,JBR,JTBNN,Bondowoso,Wringin,,JBR-BDW,JBR20200,JBR20200,C,C,RING 2,
JBR20218,JBR,JTBNN,Bondowoso,Binakal,,JBR-BDW,JBR20200,JBR20200,B,C,RING 2,
JBR20219,JBR,JTBNN,Bondowoso,Sumber Wringin,,JBR-BDW,JBR20200,JBR20200,C,C,RING 2,
JBR20220,JBR,JTBNN,Bondowoso,Taman Krocok,,JBR-BDW,JBR20200,JBR20200,C,C,RING 2,
JBR20221,JBR,JTBNN,Bondowoso,Jambe Sari Darus Sholah,,JBR-BDW,JBR20200,JBR20200,B,C,RING 2,
JBR20222,JBR,JTBNN,Bondowoso,Botolinggo,,JBR-BDW,JBR20200,JBR20200,C,C,RING 2,
KDR10000,KDR,JTBNN,Kota Kediri,Kediri,CABANG UTAMA,KDR,KDR10000,KDR10000,A,A,RING 1,
KDR10001,KDR,JTBNN,Kediri,Gampengrejo,,KDR,KDR10000,KDR10000,A,C,RING 2,
KDR10002,KDR,JTBNN,Kediri,Grogol,,KDR,KDR10000,KDR10000,C,C,RING 2,
KDR10003,KDR,JTBNN,Kediri,Gurah,,KDR,KDR10000,KDR10000,A,C,RING 2,
KDR10004,KDR,JTBNN,Kediri,Kandat,,KDR,KDR10000,KDR10000,C,C,RING 2,
KDR10005,KDR,JTBNN,Kediri,Kras,,KDR,KDR10000,KDR10000,C,C,RING 2,
KDR10006,KDR,JTBNN,Kediri,Kunjang,,KDR,KDR10000,KDR10000,C,C,RING 2,
KDR10007,KDR,JTBNN,Kediri,Mojo,,KDR,KDR10000,KDR10000,C,C,RING 2,
KDR10008,KDR,JTBNN,Kediri,Ngadiluwih,,KDR,KDR10000,KDR10000,A,A,RING 2,
KDR10009,KDR,JTBNN,Kediri,Pagu,,KDR,KDR10000,KDR10000,C,C,RING 2,
KDR10010,KDR,JTBNN,Kediri,Papar,,KDR,KDR10000,KDR10000,C,C,RING 2,
KDR10011,KDR,JTBNN,Kediri,Plemahan,,KDR,KDR10000,KDR10000,C,C,RING 2,
KDR10012,KDR,JTBNN,Kediri,Plosoklaten,,KDR,KDR10000,KDR10000,C,C,RING 2,
KDR10013,KDR,JTBNN,Kediri,Purwoasri,,KDR,KDR10000,KDR10000,C,C,RING 2,
KDR10014,KDR,JTBNN,Kediri,Semen,,KDR,KDR10000,KDR10000,C,C,RING 2,
KDR10015,KDR,JTBNN,Kediri,Tarokan,,KDR,KDR10000,KDR10000,C,C,RING 2,
KDR10016,KDR,JTBNN,Kediri,Wates,,KDR,KDR10000,KDR10000,C,C,RING 2,
KDR10017,KDR,JTBNN,Kediri,Pare,,KDR,KDR10000,KDR10000,A,A,RING 2,
KDR10018,KDR,JTBNN,Kediri,Kandangan,,KDR,KDR10000,KDR10000,C,C,RING 2,
KDR10019,KDR,JTBNN,Kediri,Kepung,,KDR,KDR10000,KDR10000,C,C,RING 2,
KDR10020,KDR,JTBNN,Kediri,Ngancar,,KDR,KDR10000,KDR10000,C,C,RING 2,
KDR10021,KDR,JTBNN,Kediri,Puncu,,KDR,KDR10000,KDR10000,C,C,RING 2,
KDR10022,KDR,JTBNN,Kediri,Banyakan,,KDR,KDR10000,KDR10000,C,C,RING 2,
KDR10023,KDR,JTBNN,Kediri,Kayen Kidul,,KDR,KDR10000,KDR10000,C,C,RING 2,
KDR10024,KDR,JTBNN,Kediri,Ringinrejo,,KDR,KDR10000,KDR10000,C,C,RING 2,
KDR10025,KDR,JTBNN,Kediri,Mojoroto,,KDR,KDR10000,KDR10000,A,A,RING 1,
KDR10026,KDR,JTBNN,Kediri,Pesantren,,KDR,KDR10000,KDR10000,A,A,RING 1,
KDR10027,KDR,JTBNN,Kediri,Ngasem,,KDR,KDR10000,KDR10000,A,A,RING 1,
KDR10028,KDR,JTBNN,Kediri,Badas,,KDR,KDR10000,KDR10000,C,C,RING 2,
KOE10000,KOE,JTBNN,Kota Kupang,Kupang,CABANG UTAMA,KOE,KOE10000,KOE10000,A,A,RING 1,
KOE10029,KOE,JTBNN,Kupang ,Alak,,KOE,KOE10000,KOE10000,A,A,RING 1,
KOE10030,KOE,JTBNN,Kupang ,Kelapa Lima,,KOE,KOE10000,KOE10000,A,A,RING 1,
KOE10031,KOE,JTBNN,Kupang ,Maulafa,,KOE,KOE10000,KOE10000,A,A,RING 1,
KOE10032,KOE,JTBNN,Kupang ,Oebobo,,KOE,KOE10000,KOE10000,A,A,RING 1,
KOE10033,KOE,JTBNN,Kupang ,Kota Lama,,KOE,KOE10000,KOE10000,A,A,RING 1,
KOE10034,KOE,JTBNN,Kupang ,Kota Raja,,KOE,KOE10000,KOE10000,A,A,RING 1,
KOE10100,KOE,JTBNN,Waibakul,Waibakul,,KOE-WBK,KOE10000,KOE10104,B,B,RING 2,
KOE10101,KOE,JTBNN,Sumba Tengah ,Mamboro,,KOE-WBK,KOE10000,KOE10104,D,C,RING 2,
KOE10102,KOE,JTBNN,Sumba Tengah ,Umbu Ratu Nggay,,KOE-WBK,KOE10000,KOE10104,D,C,RING 2,
KOE10103,KOE,JTBNN,Sumba Tengah ,Umbu Ratu Nggay Barat,,KOE-WBK,KOE10000,KOE10104,D,C,RING 2,
KOE10104,KOE,JTBNN,Sumba Tengah ,Katiku Tana,CABANG,KOE-WBK,KOE10000,KOE10104,B,B,RING 2,
KOE10105,KOE,JTBNN,Sumba Tengah ,Katikutana Selatan,,KOE-WBK,KOE10000,KOE10104,C,B,RING 2,
KOE20100,KOE,JTBNN,Kab. Belu,Atambua,CABANG,KOE-ABU,KOE10000,KOE20100,B,B,RING 2,
KOE20101,KOE,JTBNN,Malaka ,Kobalima,CABANG,KOE-KLA,KOE10000,KOE20101,B,B,RING 2,
KOE20102,KOE,JTBNN,Belu ,Lamaknen,,KOE-ABU,KOE10000,KOE20100,D,D,RING 2,
KOE20103,KOE,JTBNN,Malaka ,Malaka Timur,,KOE-MLA,KOE10000,KOE20104,C,C,RING 2,
KOE20104,KOE,JTBNN,Kab. Belu,Malaka Tengah,CABANG,KOE-MLA,KOE10000,KOE20104,B,B,RING 2,
KOE20106,KOE,JTBNN,Malaka ,Malaka Barat,,KOE-MLA,KOE10000,KOE20104,C,C,RING 2,
KOE20108,KOE,JTBNN,Belu ,Tasifeto Barat,,KOE-ABU,KOE10000,KOE20100,C,C,RING 2,
KOE20109,KOE,JTBNN,Belu ,Tasifeto Timur,,KOE-ABU,KOE10000,KOE20100,C,C,RING 2,
KOE20110,KOE,JTBNN,Belu ,Kakuluk Mesak,,KOE-ABU,KOE10000,KOE20100,C,C,RING 2,
KOE20111,KOE,JTBNN,Belu ,Raihat,,KOE-ABU,KOE10000,KOE20100,D,D,RING 2,
KOE20112,KOE,JTBNN,Malaka ,Rinhat,,KOE-MLA,KOE10000,KOE20104,D,D,RING 2,
KOE20113,KOE,JTBNN,Malaka ,Sasitamean,,KOE-MLA,KOE10000,KOE20104,D,D,RING 2,
KOE20114,KOE,JTBNN,Belu ,Raimanuk,,KOE-ABU,KOE10000,KOE20100,C,C,RING 2,
KOE20115,KOE,JTBNN,Belu ,Nanaet Duabesi,,KOE-ABU,KOE10000,KOE20100,D,D,RING 2,
KOE20116,KOE,JTBNN,Belu ,Lasiolat,,KOE-ABU,KOE10000,KOE20100,C,C,RING 2,
KOE20117,KOE,JTBNN,Belu ,Lamaknen Selatan,,KOE-ABU,KOE10000,KOE20100,D,D,RING 2,
KOE20118,KOE,JTBNN,Belu ,Atambua Selatan,,KOE-ABU,KOE10000,KOE20100,B,B,RING 2,
KOE20119,KOE,JTBNN,Belu ,Atambua Barat,,KOE-ABU,KOE10000,KOE20100,B,B,RING 2,
KOE20200,KOE,JTBNN,Kalabahi,Kalabahi,CABANG,KOE-KAI,KOE10000,KOE20200,B,B,RING 2,
KOE20201,KOE,JTBNN,Alor ,Alor Timur,,KOE-KAI,KOE10000,KOE20200,D,D,RING 2,
KOE20202,KOE,JTBNN,Alor ,Pantar,,KOE-KAI,KOE10000,KOE20200,D,D,RING 2,
KOE20203,KOE,JTBNN,Alor ,Alor Selatan,,KOE-KAI,KOE10000,KOE20200,D,D,RING 2,
KOE20204,KOE,JTBNN,Alor ,Alor Barat Daya,,KOE-KAI,KOE10000,KOE20200,C,C,RING 2,
KOE20205,KOE,JTBNN,Alor ,Alor Barat Laut,,KOE-KAI,KOE10000,KOE20200,C,C,RING 2,
KOE20206,KOE,JTBNN,Alor ,Alor Tengah Utara,,KOE-KAI,KOE10000,KOE20200,C,C,RING 2,
KOE20207,KOE,JTBNN,Alor ,Alor Timur Laut,,KOE-KAI,KOE10000,KOE20200,D,D,RING 2,
KOE20208,KOE,JTBNN,Alor ,Pantar Barat,,KOE-KAI,KOE10000,KOE20200,D,D,RING 2,
KOE20209,KOE,JTBNN,Alor ,Teluk Mutiara,,KOE-KAI,KOE10000,KOE20200,B,B,RING 2,
KOE20210,KOE,JTBNN,Alor ,Pureman,,KOE-KAI,KOE10000,KOE20200,C,C,RING 2,
KOE20211,KOE,JTBNN,Alor ,Pulau Pura,,KOE-KAI,KOE10000,KOE20200,C,C,RING 2,
KOE20212,KOE,JTBNN,Alor ,Pantar Timur,,KOE-KAI,KOE10000,KOE20200,C,C,RING 2,
KOE20213,KOE,JTBNN,Alor ,Pantar Tengah,,KOE-KAI,KOE10000,KOE20200,C,C,RING 2,
KOE20214,KOE,JTBNN,Alor ,Pantar Barat Laut,,KOE-KAI,KOE10000,KOE20200,C,C,RING 2,
KOE20215,KOE,JTBNN,Alor ,Mataru,,KOE-KAI,KOE10000,KOE20200,C,C,RING 2,
KOE20216,KOE,JTBNN,Alor ,Lembur,,KOE-KAI,KOE10000,KOE20200,C,C,RING 2,
KOE20217,KOE,JTBNN,Alor ,Kabola,,KOE-KAI,KOE10000,KOE20200,B,B,RING 2,
KOE20300,KOE,JTBNN,Kab. Timor Tengah Utara,Kefamenanu,CABANG,KOE-KEF,KOE10000,KOE20300,B,B,RING 2,
KOE20301,KOE,JTBNN,Timor Tengah Utara ,Biboki Selatan,,KOE-KEF,KOE10000,KOE20300,D,D,RING 2,
KOE20302,KOE,JTBNN,Timor Tengah Utara ,Biboki Utara,,KOE-KEF,KOE10000,KOE20300,D,D,RING 2,
KOE20303,KOE,JTBNN,Timor Tengah Utara ,Insana,,KOE-KEF,KOE10000,KOE20300,C,C,RING 2,
KOE20304,KOE,JTBNN,Timor Tengah Utara ,Miomafo Timur,,KOE-KEF,KOE10000,KOE20300,C,C,RING 2,
KOE20305,KOE,JTBNN,Timor Tengah Utara ,Miomafo Barat,,KOE-KEF,KOE10000,KOE20300,D,C,RING 2,
KOE20306,KOE,JTBNN,Timor Tengah Utara ,Biboki Anleu,,KOE-KEF,KOE10000,KOE20300,D,C,RING 2,
KOE20307,KOE,JTBNN,Timor Tengah Utara ,Insana Utara,,KOE-KEF,KOE10000,KOE20300,D,C,RING 2,
KOE20309,KOE,JTBNN,Timor Tengah Utara ,Noemuti,,KOE-KEF,KOE10000,KOE20300,C,C,RING 2,
KOE20310,KOE,JTBNN,Timor Tengah Utara ,Noemuti Timur,,KOE-KEF,KOE10000,KOE20300,D,D,RING 2,
KOE20311,KOE,JTBNN,Timor Tengah Utara ,Naibenu,,KOE-KEF,KOE10000,KOE20300,C,C,RING 2,
KOE20312,KOE,JTBNN,Timor Tengah Utara ,Mutis,,KOE-KEF,KOE10000,KOE20300,D,D,RING 2,
KOE20313,KOE,JTBNN,Timor Tengah Utara ,Musi,,KOE-KEF,KOE10000,KOE20300,C,C,RING 2,
KOE20314,KOE,JTBNN,Timor Tengah Utara ,Miomafo Tengah,,KOE-KEF,KOE10000,KOE20300,C,C,RING 2,
KOE20315,KOE,JTBNN,Timor Tengah Utara ,Insana Tengah,,KOE-KEF,KOE10000,KOE20300,C,C,RING 2,
KOE20316,KOE,JTBNN,Timor Tengah Utara ,Insana Fafinesu,,KOE-KEF,KOE10000,KOE20300,D,D,RING 2,
KOE20317,KOE,JTBNN,Timor Tengah Utara ,Insana Barat,,KOE-KEF,KOE10000,KOE20300,C,C,RING 2,
KOE20318,KOE,JTBNN,Timor Tengah Utara ,Bikomi Utara,,KOE-KEF,KOE10000,KOE20300,D,D,RING 2,
KOE20319,KOE,JTBNN,Timor Tengah Utara ,Bikomi Tengah,,KOE-KEF,KOE10000,KOE20300,C,C,RING 2,
KOE20320,KOE,JTBNN,Timor Tengah Utara ,Bikomi Selatan,,KOE-KEF,KOE10000,KOE20300,C,C,RING 2,
KOE20321,KOE,JTBNN,Timor Tengah Utara ,Bikomi Nilulat,,KOE-KEF,KOE10000,KOE20300,D,D,RING 2,
KOE20322,KOE,JTBNN,Timor Tengah Utara ,Biboki Tan Pah,,KOE-KEF,KOE10000,KOE20300,D,D,RING 2,
KOE20323,KOE,JTBNN,Timor Tengah Utara ,Biboki Moenleu,,KOE-KEF,KOE10000,KOE20300,D,D,RING 2,
KOE20324,KOE,JTBNN,Timor Tengah Utara ,Biboki Feotleu,,KOE-KEF,KOE10000,KOE20300,D,D,RING 2,
KOE20400,KOE,JTBNN,Kab. Flores Timur,Larantuka,CABANG,KOE-LKA,KOE10000,KOE20400,B,B,RING 2,
KOE20401,KOE,JTBNN,Flores Timur ,Adonara Barat,,KOE-LKA,KOE10000,KOE20400,C,C,RING 2,
KOE20402,KOE,JTBNN,Flores Timur ,Adonara Timur,,KOE-LKA,KOE10000,KOE20400,C,C,RING 2,
KOE20409,KOE,JTBNN,Flores Timur ,Solor Barat,,KOE-LKA,KOE10000,KOE20400,C,C,RING 2,
KOE20410,KOE,JTBNN,Flores Timur ,Solor Timur,,KOE-LKA,KOE10000,KOE20400,C,C,RING 2,
KOE20411,KOE,JTBNN,Flores Timur ,Tanjung Bunga,,KOE-LKA,KOE10000,KOE20400,C,C,RING 2,
KOE20412,KOE,JTBNN,Flores Timur ,Wulanggitang,,KOE-LKA,KOE10000,KOE20400,C,C,RING 2,
KOE20414,KOE,JTBNN,Flores Timur ,Ile Boleng,,KOE-LKA,KOE10000,KOE20400,C,C,RING 2,
KOE20415,KOE,JTBNN,Flores Timur ,Ile Mandiri,,KOE-LKA,KOE10000,KOE20400,C,C,RING 2,
KOE20416,KOE,JTBNN,Flores Timur ,Kelubagolit,,KOE-LKA,KOE10000,KOE20400,C,C,RING 2,
KOE20417,KOE,JTBNN,Flores Timur ,Titehena,,KOE-LKA,KOE10000,KOE20400,C,C,RING 2,
KOE20418,KOE,JTBNN,Flores Timur ,Witihama,,KOE-LKA,KOE10000,KOE20400,C,C,RING 2,
KOE20419,KOE,JTBNN,Flores Timur ,Wotan Ulumando,,KOE-LKA,KOE10000,KOE20400,C,C,RING 2,
KOE20420,KOE,JTBNN,Flores Timur ,Lewolema,,KOE-LKA,KOE10000,KOE20400,C,C,RING 2,
KOE20421,KOE,JTBNN,Flores Timur ,Ile Bura,,KOE-LKA,KOE10000,KOE20400,C,C,RING 2,
KOE20422,KOE,JTBNN,Flores Timur ,Demon Pagong,,KOE-LKA,KOE10000,KOE20400,C,C,RING 2,
KOE20423,KOE,JTBNN,Flores Timur ,Adonara Tengah,,KOE-LKA,KOE10000,KOE20400,C,C,RING 2,
KOE20424,KOE,JTBNN,Flores Timur ,Adonara,,KOE-LKA,KOE10000,KOE20400,C,C,RING 2,
KOE20425,KOE,JTBNN,Flores Timur ,Solor Selatan,,KOE-LKA,KOE10000,KOE20400,C,C,RING 2,
KOE20500,KOE,JTBNN,Kab. Sikka,Maumere,CABANG,KOE-MOF,KOE10000,KOE20500,B,B,RING 2,
KOE20501,KOE,JTBNN,Sikka ,Bola,,KOE-MOF,KOE10000,KOE20500,B,B,RING 2,
KOE20502,KOE,JTBNN,Sikka ,Kewapante,,KOE-MOF,KOE10000,KOE20500,B,B,RING 2,
KOE20503,KOE,JTBNN,Sikka ,Lela,,KOE-MOF,KOE10000,KOE20500,C,C,RING 2,
KOE20504,KOE,JTBNN,Sikka ,Nita,,KOE-MOF,KOE10000,KOE20500,B,B,RING 2,
KOE20505,KOE,JTBNN,Sikka ,Paga,,KOE-MOF,KOE10000,KOE20500,C,C,RING 2,
KOE20506,KOE,JTBNN,Sikka ,Talibura,,KOE-MOF,KOE10000,KOE20500,C,C,RING 2,
KOE20507,KOE,JTBNN,Sikka ,Alok,,KOE-MOF,KOE10000,KOE20500,B,B,RING 2,
KOE20508,KOE,JTBNN,Sikka ,Mego,,KOE-MOF,KOE10000,KOE20500,C,B,RING 2,
KOE20509,KOE,JTBNN,Sikka ,Palue,,KOE-MOF,KOE10000,KOE20500,D,D,RING 2,
KOE20510,KOE,JTBNN,Sikka ,Waigete,,KOE-MOF,KOE10000,KOE20500,B,B,RING 2,
KOE20511,KOE,JTBNN,Sikka ,Waiblama,,KOE-MOF,KOE10000,KOE20500,C,C,RING 2,
KOE20512,KOE,JTBNN,Sikka ,Tana Wawo,,KOE-MOF,KOE10000,KOE20500,C,C,RING 2,
KOE20513,KOE,JTBNN,Sikka ,Nelle (Maumerei),,KOE-MOF,KOE10000,KOE20500,B,B,RING 2,
KOE20514,KOE,JTBNN,Sikka ,Mapitara,,KOE-MOF,KOE10000,KOE20500,C,C,RING 2,
KOE20515,KOE,JTBNN,Sikka ,Magepanda,,KOE-MOF,KOE10000,KOE20500,B,B,RING 2,
KOE20516,KOE,JTBNN,Sikka ,Koting,,KOE-MOF,KOE10000,KOE20500,B,B,RING 2,
KOE20517,KOE,JTBNN,Sikka ,Kangae,,KOE-MOF,KOE10000,KOE20500,B,B,RING 2,
KOE20518,KOE,JTBNN,Sikka ,Hewokloang,,KOE-MOF,KOE10000,KOE20500,B,B,RING 2,
KOE20519,KOE,JTBNN,Sikka ,Doreng,,KOE-MOF,KOE10000,KOE20500,B,B,RING 2,
KOE20520,KOE,JTBNN,Sikka ,Alok Timur,,KOE-MOF,KOE10000,KOE20500,C,C,RING 2,
KOE20521,KOE,JTBNN,Sikka ,Alok Barat,,KOE-MOF,KOE10000,KOE20500,C,C,RING 2,
KOE20600,KOE,JTBNN,Kab. Manggarai,Ruteng,CABANG,KOE-RTG,KOE21200,KOE20600,B,B,RING 2,
KOE20603,KOE,JTBNN,Manggarai ,Cibal,,KOE-RTG,KOE21200,KOE20600,D,D,RING 2,
KOE20613,KOE,JTBNN,Manggarai ,Reok,,KOE-RTG,KOE21200,KOE20600,C,C,RING 2,
KOE20614,KOE,JTBNN,Manggarai ,Satar Mese,,KOE-RTG,KOE21200,KOE20600,D,D,RING 2,
KOE20620,KOE,JTBNN,Manggarai ,Wae Rii,,KOE-RTG,KOE21200,KOE20600,D,D,RING 2,
KOE20621,KOE,JTBNN,Manggarai ,Satar Mese Barat,,KOE-RTG,KOE21200,KOE20600,D,D,RING 2,
KOE20622,KOE,JTBNN,Manggarai ,Rahong Utara,,KOE-RTG,KOE21200,KOE20600,D,D,RING 2,
KOE20623,KOE,JTBNN,Manggarai ,Lelak,,KOE-RTG,KOE21200,KOE20600,D,D,RING 2,
KOE20624,KOE,JTBNN,Manggarai ,Langke Rembong,,KOE-RTG,KOE21200,KOE20600,B,B,RING 2,
KOE20625,KOE,JTBNN,Manggarai ,Cibal Barat,,KOE-RTG,KOE21200,KOE20600,D,D,RING 2,
KOE20626,KOE,JTBNN,Manggarai ,Reok Barat,,KOE-RTG,KOE21200,KOE20600,D,D,RING 2,
KOE20700,KOE,JTBNN,Kab. Timor Tengah Selatan,Soe,CABANG,KOE-SOE,KOE10000,KOE20700,B,B,RING 2,
KOE20701,KOE,JTBNN,Timor Tengah Selatan ,Amanatun Utara,,KOE-SOE,KOE10000,KOE20700,D,D,RING 2,
KOE20702,KOE,JTBNN,Timor Tengah Selatan ,Amanatun Selatan,,KOE-SOE,KOE10000,KOE20700,C,C,RING 2,
KOE20704,KOE,JTBNN,Timor Tengah Selatan ,Amanuban Selatan,,KOE-SOE,KOE10000,KOE20700,C,C,RING 2,
KOE20706,KOE,JTBNN,Timor Tengah Selatan ,Amanuban Barat,,KOE-SOE,KOE10000,KOE20700,D,D,RING 2,
KOE20707,KOE,JTBNN,Timor Tengah Selatan ,Mollo Utara,,KOE-SOE,KOE10000,KOE20700,C,C,RING 2,
KOE20708,KOE,JTBNN,Timor Tengah Selatan ,Mollo Selatan,,KOE-SOE,KOE10000,KOE20700,D,C,RING 2,
KOE20709,KOE,JTBNN,Timor Tengah Selatan ,Amanuban Tengah,,KOE-SOE,KOE10000,KOE20700,C,D,RING 2,
KOE20710,KOE,JTBNN,Timor Tengah Selatan ,Amanuban Timur,,KOE-SOE,KOE10000,KOE20700,D,D,RING 2,
KOE20711,KOE,JTBNN,Timor Tengah Selatan ,Batu Putih,,KOE-SOE,KOE10000,KOE20700,D,C,RING 2,
KOE20712,KOE,JTBNN,Timor Tengah Selatan ,Boking,,KOE-SOE,KOE10000,KOE20700,D,D,RING 2,
KOE20713,KOE,JTBNN,Timor Tengah Selatan ,Fatumnasi,,KOE-SOE,KOE10000,KOE20700,D,D,RING 2,
KOE20714,KOE,JTBNN,Timor Tengah Selatan ,Kolbano,,KOE-SOE,KOE10000,KOE20700,D,D,RING 2,
KOE20715,KOE,JTBNN,Timor Tengah Selatan ,Kie (Ki'e),,KOE-SOE,KOE10000,KOE20700,D,D,RING 2,
KOE20716,KOE,JTBNN,Timor Tengah Selatan ,Kot Olin,,KOE-SOE,KOE10000,KOE20700,D,D,RING 2,
KOE20717,KOE,JTBNN,Timor Tengah Selatan ,Kualin,,KOE-SOE,KOE10000,KOE20700,D,D,RING 2,
KOE20718,KOE,JTBNN,Timor Tengah Selatan ,Kuanfatu,,KOE-SOE,KOE10000,KOE20700,D,D,RING 2,
KOE20719,KOE,JTBNN,Timor Tengah Selatan ,Nunkolo,,KOE-SOE,KOE10000,KOE20700,D,D,RING 2,
KOE20720,KOE,JTBNN,Timor Tengah Selatan ,Oenino,,KOE-SOE,KOE10000,KOE20700,D,D,RING 2,
KOE20721,KOE,JTBNN,Timor Tengah Selatan ,Polen,,KOE-SOE,KOE10000,KOE20700,D,D,RING 2,
KOE20722,KOE,JTBNN,Timor Tengah Selatan ,Toianas,,KOE-SOE,KOE10000,KOE20700,D,D,RING 2,
KOE20723,KOE,JTBNN,Timor Tengah Selatan ,Santian,,KOE-SOE,KOE10000,KOE20700,D,D,RING 2,
KOE20724,KOE,JTBNN,Timor Tengah Selatan ,Nunbena,,KOE-SOE,KOE10000,KOE20700,D,D,RING 2,
KOE20725,KOE,JTBNN,Timor Tengah Selatan ,Noebana,,KOE-SOE,KOE10000,KOE20700,D,D,RING 2,
KOE20726,KOE,JTBNN,Timor Tengah Selatan ,Mollo Tengah,,KOE-SOE,KOE10000,KOE20700,D,C,RING 2,
KOE20727,KOE,JTBNN,Timor Tengah Selatan ,Mollo Barat,,KOE-SOE,KOE10000,KOE20700,D,D,RING 2,
KOE20728,KOE,JTBNN,Timor Tengah Selatan ,Kuatnana,,KOE-SOE,KOE10000,KOE20700,D,C,RING 2,
KOE20729,KOE,JTBNN,Timor Tengah Selatan ,Kota Soe,,KOE-SOE,KOE10000,KOE20700,B,B,RING 2,
KOE20730,KOE,JTBNN,Timor Tengah Selatan ,Tobu,,KOE-SOE,KOE10000,KOE20700,D,D,RING 2,
KOE20731,KOE,JTBNN,Timor Tengah Selatan ,Kok Baun,,KOE-SOE,KOE10000,KOE20700,D,D,RING 2,
KOE20732,KOE,JTBNN,Timor Tengah Selatan ,Fautmolo,,KOE-SOE,KOE10000,KOE20700,D,D,RING 2,
KOE20733,KOE,JTBNN,Timor Tengah Selatan ,Fatukopa,,KOE-SOE,KOE10000,KOE20700,D,D,RING 2,
KOE20734,KOE,JTBNN,Timor Tengah Selatan ,Noebeba,,KOE-SOE,KOE10000,KOE20700,D,C,RING 2,
KOE20800,KOE,JTBNN,Kab. Ende,Ende,CABANG,KOE-ENE,KOE21200,KOE20800,B,B,RING 2,
KOE20801,KOE,JTBNN,Ende ,Detusoko,,KOE-ENE,KOE21200,KOE20800,C,C,RING 2,
KOE20803,KOE,JTBNN,Ende ,Nangapanda,,KOE-ENE,KOE21200,KOE20800,C,C,RING 2,
KOE20804,KOE,JTBNN,Ende ,Ndona,,KOE-ENE,KOE21200,KOE20800,C,C,RING 2,
KOE20805,KOE,JTBNN,Ende ,Wolowaru,,KOE-ENE,KOE21200,KOE20800,C,C,RING 2,
KOE20806,KOE,JTBNN,Ende ,Detukeli,,KOE-ENE,KOE21200,KOE20800,C,C,RING 2,
KOE20807,KOE,JTBNN,Ende ,Ende Selatan,,KOE-ENE,KOE21200,KOE20800,C,B,RING 2,
KOE20808,KOE,JTBNN,Ende ,Ende Tengah,,KOE-ENE,KOE21200,KOE20800,C,B,RING 2,
KOE20809,KOE,JTBNN,Ende ,Ende Timur,,KOE-ENE,KOE21200,KOE20800,C,B,RING 2,
KOE20810,KOE,JTBNN,Ende ,Ende Utara,,KOE-ENE,KOE21200,KOE20800,C,B,RING 2,
KOE20811,KOE,JTBNN,Ende ,Kelimutu,,KOE-ENE,KOE21200,KOE20800,C,C,RING 2,
KOE20812,KOE,JTBNN,Ende ,Kota Baru,,KOE-ENE,KOE21200,KOE20800,D,D,RING 2,
KOE20813,KOE,JTBNN,Ende ,Lio Timur,,KOE-ENE,KOE21200,KOE20800,D,D,RING 2,
KOE20814,KOE,JTBNN,Ende ,Maukaro,,KOE-ENE,KOE21200,KOE20800,D,D,RING 2,
KOE20815,KOE,JTBNN,Ende ,Ndona Timur,,KOE-ENE,KOE21200,KOE20800,C,C,RING 2,
KOE20816,KOE,JTBNN,Ende ,Pulau Ende,,KOE-ENE,KOE21200,KOE20800,D,D,RING 2,
KOE20817,KOE,JTBNN,Ende ,Wewaria,,KOE-ENE,KOE21200,KOE20800,D,D,RING 2,
KOE20818,KOE,JTBNN,Ende ,Wolojita,,KOE-ENE,KOE21200,KOE20800,D,D,RING 2,
KOE20820,KOE,JTBNN,Ende ,Maurole,,KOE-ENE,KOE21200,KOE20800,C,C,RING 2,
KOE20821,KOE,JTBNN,Ende ,Ndori,,KOE-ENE,KOE21200,KOE20800,C,C,RING 2,
KOE20822,KOE,JTBNN,Ende ,Lepembusu Kelisoke,,KOE-ENE,KOE21200,KOE20800,D,D,RING 2,
KOE20900,KOE,JTBNN,Kab. Ngada,Bajawa,CABANG,KOE-BJW,KOE21200,KOE20900,B,B,RING 2,
KOE20902,KOE,JTBNN,Ngada ,Aimere,,KOE-BJW,KOE21200,KOE20900,C,C,RING 2,
KOE20907,KOE,JTBNN,Ngada ,Riung,,KOE-BJW,KOE21200,KOE20900,D,D,RING 2,
KOE20908,KOE,JTBNN,Ngada ,Jerebuu,,KOE-BJW,KOE21200,KOE20900,C,C,RING 2,
KOE20913,KOE,JTBNN,Ngada ,Riung Barat,,KOE-BJW,KOE21200,KOE20900,D,D,RING 2,
KOE20914,KOE,JTBNN,Ngada ,Soa,,KOE-BJW,KOE21200,KOE20900,B,C,RING 2,
KOE20917,KOE,JTBNN,Ngada ,Golewa,,KOE-BJW,KOE21200,KOE20900,C,C,RING 2,
KOE20918,KOE,JTBNN,Ngada ,Wolomeze (Riung Selatan),,KOE-BJW,KOE21200,KOE20900,D,D,RING 2,
KOE20919,KOE,JTBNN,Ngada ,Bajawa Utara,,KOE-BJW,KOE21200,KOE20900,C,D,RING 2,
KOE20920,KOE,JTBNN,Ngada ,Golewa Barat,,KOE-BJW,KOE21200,KOE20900,C,C,RING 2,
KOE20921,KOE,JTBNN,Ngada ,Golewa Selatan,,KOE-BJW,KOE21200,KOE20900,C,D,RING 2,
KOE20922,KOE,JTBNN,Ngada ,Inerie,,KOE-BJW,KOE21200,KOE20900,C,C,RING 2,
KOE21000,KOE,JTBNN,Kab. Sumba Timur,Waingapu,CABANG,KOE-WGP,KOE10000,KOE21000,B,B,RING 2,
KOE21001,KOE,JTBNN,Sumba Timur ,Lewa,,KOE-WGP,KOE10000,KOE21000,D,D,RING 2,
KOE21002,KOE,JTBNN,Sumba Timur ,Paberiwai,,KOE-WGP,KOE10000,KOE21000,D,D,RING 2,
KOE21003,KOE,JTBNN,Sumba Timur ,Pahunga Lodu,,KOE-WGP,KOE10000,KOE21000,D,D,RING 2,
KOE21005,KOE,JTBNN,Sumba Timur ,Tabundung,,KOE-WGP,KOE10000,KOE21000,D,D,RING 2,
KOE21006,KOE,JTBNN,Sumba Timur ,Haharu,,KOE-WGP,KOE10000,KOE21000,D,D,RING 2,
KOE21007,KOE,JTBNN,Sumba Timur ,Kahaunguweti (Kahaungu Eti),,KOE-WGP,KOE10000,KOE21000,D,D,RING 2,
KOE21008,KOE,JTBNN,Sumba Timur ,Karera,,KOE-WGP,KOE10000,KOE21000,D,D,RING 2,
KOE21010,KOE,JTBNN,Sumba Timur ,Matawai Lappau (La Pawu),,KOE-WGP,KOE10000,KOE21000,D,D,RING 2,
KOE21011,KOE,JTBNN,Sumba Timur ,Nggaha Oriangu,,KOE-WGP,KOE10000,KOE21000,C,D,RING 2,
KOE21012,KOE,JTBNN,Sumba Timur ,Pandawai,,KOE-WGP,KOE10000,KOE21000,D,D,RING 2,
KOE21013,KOE,JTBNN,Sumba Timur ,Pinupahar (Pirapahar),,KOE-WGP,KOE10000,KOE21000,D,D,RING 2,
KOE21014,KOE,JTBNN,Sumba Timur ,Rindi,,KOE-WGP,KOE10000,KOE21000,D,D,RING 2,
KOE21015,KOE,JTBNN,Sumba Timur ,Umalulu,,KOE-WGP,KOE10000,KOE21000,D,D,RING 2,
KOE21016,KOE,JTBNN,Sumba Timur ,Wula Waijelu,,KOE-WGP,KOE10000,KOE21000,D,D,RING 2,
KOE21017,KOE,JTBNN,Sumba Timur ,Ngadu Ngala,,KOE-WGP,KOE10000,KOE21000,D,D,RING 2,
KOE21018,KOE,JTBNN,Sumba Timur ,Mahu,,KOE-WGP,KOE10000,KOE21000,D,D,RING 2,
KOE21019,KOE,JTBNN,Sumba Timur ,Lewa Tidahu,,KOE-WGP,KOE10000,KOE21000,D,D,RING 2,
KOE21020,KOE,JTBNN,Sumba Timur ,Katala Hamu Lingu,,KOE-WGP,KOE10000,KOE21000,D,D,RING 2,
KOE21021,KOE,JTBNN,Sumba Timur ,Kambera,,KOE-WGP,KOE10000,KOE21000,B,C,RING 2,
KOE21022,KOE,JTBNN,Sumba Timur ,Kambata Mapambuhang,,KOE-WGP,KOE10000,KOE21000,D,D,RING 2,
KOE21023,KOE,JTBNN,Sumba Timur ,Kanatang,,KOE-WGP,KOE10000,KOE21000,C,C,RING 2,
KOE21100,KOE,JTBNN,Kab. Sumba Barat,Waikabubak,CABANG,KOE-WKB,KOE10000,KOE21100,B,B,RING 2,
KOE21105,KOE,JTBNN,Sumba Barat ,Wanokaka,,KOE-WKB,KOE10000,KOE21100,C,C,RING 2,
KOE21106,KOE,JTBNN,Sumba Barat ,Tana Righu,,KOE-WKB,KOE10000,KOE21100,D,D,RING 2,
KOE21107,KOE,JTBNN,Sumba Barat ,Loli,,KOE-WKB,KOE10000,KOE21100,B,B,RING 2,
KOE21108,KOE,JTBNN,Sumba Barat ,Lamboya Barat,,KOE-WKB,KOE10000,KOE21100,D,D,RING 2,
KOE21109,KOE,JTBNN,Sumba Barat ,Lamboya,,KOE-WKB,KOE10000,KOE21100,C,C,RING 2,
KOE21200,KOE,JTBNN,Kab. Manggarai Barat,Labuan Bajo,CABANG,KOE-LBJ,KOE21200,KOE21200,B,B,RING 2,
KOE21201,KOE,JTBNN,Manggarai Barat ,Komodo,,KOE-LBJ,KOE21200,KOE21200,B,B,RING 2,
KOE21202,KOE,JTBNN,Manggarai Barat ,Kuwus,,KOE-LBJ,KOE21200,KOE21200,D,D,RING 2,
KOE21203,KOE,JTBNN,Manggarai Barat ,Lembor,,KOE-LBJ,KOE21200,KOE21200,C,C,RING 2,
KOE21204,KOE,JTBNN,Manggarai Barat ,Macang Pacar,,KOE-LBJ,KOE21200,KOE21200,C,C,RING 2,
KOE21205,KOE,JTBNN,Manggarai Barat ,Sano Nggoang,,KOE-LBJ,KOE21200,KOE21200,C,C,RING 2,
KOE21206,KOE,JTBNN,Manggarai Barat ,Welak,,KOE-LBJ,KOE21200,KOE21200,D,D,RING 2,
KOE21207,KOE,JTBNN,Manggarai Barat ,Boleng,,KOE-LBJ,KOE21200,KOE21200,C,C,RING 2,
KOE21208,KOE,JTBNN,Manggarai Barat ,Lembor Selatan,,KOE-LBJ,KOE21200,KOE21200,C,C,RING 2,
KOE21209,KOE,JTBNN,Manggarai Barat ,Mbeliling,,KOE-LBJ,KOE21200,KOE21200,B,C,RING 2,
KOE21210,KOE,JTBNN,Manggarai Barat ,Ndoso,,KOE-LBJ,KOE21200,KOE21200,D,D,RING 2,
KOE21300,KOE,JTBNN,Manggarai Timur ,Borong,CABANG,KOE-BOR,KOE10000,KOE21300,B,B,RING 2,
KOE21301,KOE,JTBNN,Manggarai Timur ,Elar,,KOE-BOR,KOE10000,KOE21300,D,D,RING 2,
KOE21302,KOE,JTBNN,Manggarai Timur ,Lamba Leda,,KOE-BOR,KOE10000,KOE21300,D,D,RING 2,
KOE21303,KOE,JTBNN,Manggarai Timur ,Poco Ranaka,,KOE-BOR,KOE10000,KOE21300,D,D,RING 2,
KOE21304,KOE,JTBNN,Manggarai Timur ,Kota Komba,,KOE-BOR,KOE10000,KOE21300,D,D,RING 2,
KOE21305,KOE,JTBNN,Manggarai Timur ,Sambi Rampas,,KOE-BOR,KOE10000,KOE21300,D,D,RING 2,
KOE21306,KOE,JTBNN,Manggarai Timur ,Elar Selatan,,KOE-BOR,KOE10000,KOE21300,D,D,RING 2,
KOE21307,KOE,JTBNN,Manggarai Timur ,Poco Ranaka Timur,,KOE-BOR,KOE10000,KOE21300,D,D,RING 2,
KOE21308,KOE,JTBNN,Manggarai Timur ,Rana Mese,,KOE-BOR,KOE10000,KOE21300,D,D,RING 2,
KOE21400,KOE,JTBNN,Kab. Nagekeo,Mbay,CABANG,KOE-MBY,KOE21200,KOE21400,B,B,RING 2,
KOE21401,KOE,JTBNN,Nagekeo ,Aesesa,,KOE-MBY,KOE21200,KOE21400,B,B,RING 2,
KOE21403,KOE,JTBNN,Nagekeo ,Boawae,,KOE-MBY,KOE21200,KOE21400,C,C,RING 2,
KOE21404,KOE,JTBNN,Nagekeo ,Mauponggo,,KOE-MBY,KOE21200,KOE21400,D,D,RING 2,
KOE21405,KOE,JTBNN,Nagekeo ,Nangaroro,,KOE-MBY,KOE21200,KOE21400,D,D,RING 2,
KOE21406,KOE,JTBNN,Nagekeo ,Keo Tengah,,KOE-MBY,KOE21200,KOE21400,D,D,RING 2,
KOE21407,KOE,JTBNN,Nagekeo ,Wolowae,,KOE-MBY,KOE21200,KOE21400,D,D,RING 2,
KOE21408,KOE,JTBNN,Nagekeo ,Aesesa Selatan,,KOE-MBY,KOE21200,KOE21400,C,C,RING 2,
KOE21500,KOE,JTBNN,Kab. Rote Ndao,Baa,CABANG,KOE-RTI,KOE10000,KOE21500,B,B,RING 2,
KOE21501,KOE,JTBNN,Rote Ndao ,Lobalain,,KOE-RTI,KOE10000,KOE21500,B,B,RING 2,
KOE21502,KOE,JTBNN,Rote Ndao ,Pantai Baru,,KOE-RTI,KOE10000,KOE21500,C,C,RING 2,
KOE21503,KOE,JTBNN,Rote Ndao ,Rote Barat Daya,,KOE-RTI,KOE10000,KOE21500,C,C,RING 2,
KOE21504,KOE,JTBNN,Rote Ndao ,Rote Barat Laut,,KOE-RTI,KOE10000,KOE21500,C,C,RING 2,
KOE21505,KOE,JTBNN,Rote Ndao ,Rote Tengah,,KOE-RTI,KOE10000,KOE21500,C,C,RING 2,
KOE21506,KOE,JTBNN,Rote Ndao ,Rote Timur,,KOE-RTI,KOE10000,KOE21500,D,D,RING 2,
KOE21507,KOE,JTBNN,Rote Ndao ,Rote Selatan,,KOE-RTI,KOE10000,KOE21500,C,C,RING 2,
KOE21508,KOE,JTBNN,Rote Ndao ,Rote Barat,,KOE-RTI,KOE10000,KOE21500,C,C,RING 2,
KOE21509,KOE,JTBNN,Rote Ndao ,Landu Leko,,KOE-RTI,KOE10000,KOE21500,C,C,RING 2,
KOE21510,KOE,JTBNN,Rote Ndao ,Ndao Nuse,,KOE-RTI,KOE10000,KOE21500,D,D,RING 2,
KOE21600,KOE,JTBNN,Kab. Sumba Barat Daya,Tambolaka,CABANG,KOE-TMC,KOE10000,KOE21600,B,B,RING 2,
KOE21601,KOE,JTBNN,Sumba Barat Daya ,Kodi,,KOE-TMC,KOE10000,KOE21600,D,D,RING 2,
KOE21602,KOE,JTBNN,Sumba Barat Daya ,Wewewa Barat,,KOE-TMC,KOE10000,KOE21600,D,D,RING 2,
KOE21603,KOE,JTBNN,Sumba Barat Daya ,Wewewa Timur,,KOE-TMC,KOE10000,KOE21600,C,C,RING 2,
KOE21604,KOE,JTBNN,Sumba Barat Daya ,Kodi Bangedo,,KOE-TMC,KOE10000,KOE21600,D,D,RING 2,
KOE21605,KOE,JTBNN,Sumba Barat Daya ,Kodi Utara,,KOE-TMC,KOE10000,KOE21600,D,D,RING 2,
KOE21606,KOE,JTBNN,Sumba Barat Daya ,Loura (Laura),,KOE-TMC,KOE10000,KOE21600,B,B,RING 2,
KOE21607,KOE,JTBNN,Sumba Barat Daya ,Wewewa Selatan,,KOE-TMC,KOE10000,KOE21600,D,D,RING 2,
KOE21608,KOE,JTBNN,Sumba Barat Daya ,Wewewa Utara,,KOE-TMC,KOE10000,KOE21600,C,C,RING 2,
KOE21609,KOE,JTBNN,Sumba Barat Daya ,Kodi Balaghar,,KOE-TMC,KOE10000,KOE21600,D,D,RING 2,
KOE21610,KOE,JTBNN,Sumba Barat Daya ,Kota Tambolaka,,KOE-TMC,KOE10000,KOE21600,B,B,RING 2,
KOE21611,KOE,JTBNN,Sumba Barat Daya ,Wewewa Tengah (Wewera Tengah),,KOE-TMC,KOE10000,KOE21600,C,C,RING 2,
KOE21800,KOE,JTBNN,Kab. Lembata,Lembata,CABANG,KOE-LWA,KOE10000,KOE21800,B,B,RING 2,
KOE21801,KOE,JTBNN,Lembata ,Buyasuri,,KOE-LWA,KOE10000,KOE21800,D,D,RING 2,
KOE21802,KOE,JTBNN,Lembata ,Omesuri,,KOE-LWA,KOE10000,KOE21800,D,D,RING 2,
KOE21803,KOE,JTBNN,Lembata ,Lebatukan,,KOE-LWA,KOE10000,KOE21800,D,D,RING 2,
KOE21804,KOE,JTBNN,Lembata ,Ile Ape,,KOE-LWA,KOE10000,KOE21800,D,B,RING 2,
KOE21805,KOE,JTBNN,Lembata ,Nubatukan,,KOE-LWA,KOE10000,KOE21800,B,D,RING 2,
KOE21806,KOE,JTBNN,Lembata ,Atadei,,KOE-LWA,KOE10000,KOE21800,D,D,RING 2,
KOE21807,KOE,JTBNN,Lembata ,Naga Wutung,,KOE-LWA,KOE10000,KOE21800,D,D,RING 2,
KOE21808,KOE,JTBNN,Lembata ,Wulandoni,,KOE-LWA,KOE10000,KOE21800,D,D,RING 2,
KOE21809,KOE,JTBNN,Lembata ,Ile Ape Timur,,KOE-BJW,KOE21200,KOE20900,D,D,RING 2,
KOE21900,KOE,JTBNN,Oelamasi,Oelamasi,,KOE-OLS,KOE10000,KOE21800,B,B,RING 2,
KOE21901,KOE,JTBNN,Kupang ,Amabi Oefeto Timur,,KOE-OLS,KOE10000,KOE21800,D,D,RING 2,
KOE21902,KOE,JTBNN,Kupang ,Amarasi Barat,,KOE-OLS,KOE10000,KOE21800,D,D,RING 2,
KOE21903,KOE,JTBNN,Kupang ,Amarasi Selatan,,KOE-OLS,KOE10000,KOE21800,D,D,RING 2,
KOE21904,KOE,JTBNN,Kupang ,Amarasi Timur,,KOE-OLS,KOE10000,KOE21800,D,D,RING 2,
KOE21905,KOE,JTBNN,Kupang ,Amarasi,,KOE-OLS,KOE10000,KOE21800,C,C,RING 2,
KOE21906,KOE,JTBNN,Kupang ,Amfoang Barat Daya,,KOE-OLS,KOE10000,KOE21800,D,D,RING 2,
KOE21907,KOE,JTBNN,Kupang ,Amfoang Barat Laut,,KOE-OLS,KOE10000,KOE21800,D,D,RING 2,
KOE21908,KOE,JTBNN,Kupang ,Amfoang Selatan,,KOE-OLS,KOE10000,KOE21800,D,D,RING 2,
KOE21909,KOE,JTBNN,Kupang ,Amfoang Utara,,KOE-OLS,KOE10000,KOE21800,D,D,RING 2,
KOE21910,KOE,JTBNN,Kupang ,Fatuleu,,KOE-OLS,KOE10000,KOE21800,D,B,RING 2,
KOE21911,KOE,JTBNN,Kupang ,Fatuleu Barat,,KOE-OLS,KOE10000,KOE21800,D,D,RING 2,
KOE21912,KOE,JTBNN,Kupang ,Fatuleu Tengah,,KOE-OLS,KOE10000,KOE21800,D,D,RING 2,
KOE21913,KOE,JTBNN,Sabu Raijua ,Hawu Mehara,,KOE-SAB,KOE10000,KOE21920,C,C,RING 2,
KOE21914,KOE,JTBNN,Kupang ,Kupang Barat,,KOE-OLS,KOE10000,KOE21800,B,B,RING 2,
KOE21915,KOE,JTBNN,Kupang ,Kupang Tengah,,KOE-OLS,KOE10000,KOE21800,B,B,RING 2,
KOE21916,KOE,JTBNN,Kupang ,Kupang Timur,,KOE-OLS,KOE10000,KOE21800,B,B,RING 2,
KOE21917,KOE,JTBNN,Kupang ,Nekamese,,KOE-OLS,KOE10000,KOE21800,C,C,RING 2,
KOE21918,KOE,JTBNN,Sabu Raijua ,Raijua,,KOE-SAB,KOE10000,KOE21920,D,D,RING 2,
KOE21919,KOE,JTBNN,Sabu Raijua ,Sabu Barat,,KOE-SAB,KOE10000,KOE21920,B,B,RING 2,
KOE21920,KOE,JTBNN,Kab. Kupang,Sabu Liae,CABANG,KOE-SAB,KOE10000,KOE21920,C,C,RING 2,
KOE21921,KOE,JTBNN,Sabu Raijua ,Sabu Timur,,KOE-SAB,KOE10000,KOE21920,B,B,RING 2,
KOE21922,KOE,JTBNN,Kupang ,Semau,,KOE-OLS,KOE10000,KOE21800,D,D,RING 2,
KOE21923,KOE,JTBNN,Kupang ,Semau Selatan,,KOE-OLS,KOE10000,KOE21800,D,D,RING 2,
KOE21924,KOE,JTBNN,Kupang ,Sulamu,,KOE-OLS,KOE10000,KOE21800,D,D,RING 2,
KOE21925,KOE,JTBNN,Kupang ,Taebenu,,KOE-OLS,KOE10000,KOE21800,D,D,RING 2,
KOE21926,KOE,JTBNN,Kupang ,Takari,,KOE-OLS,KOE10000,KOE21800,B,C,RING 2,
KOE21927,KOE,JTBNN,Kupang ,Amfoang Timur,,KOE-OLS,KOE10000,KOE21800,D,D,RING 2,
KOE21928,KOE,JTBNN,Kupang ,Amabi Oefeto,,KOE-OLS,KOE10000,KOE21800,D,D,RING 2,
KOE21929,KOE,JTBNN,Kupang ,Amfoang Tengah,,KOE-OLS,KOE10000,KOE21800,D,D,RING 2,
KOE22000,KOE,JTBNN,Malaka ,Wewiku,,KOE-MLA,KOE10000,KOE20104,C,C,RING 2,
KOE22001,KOE,JTBNN,Malaka ,Weliman,,KOE-MLA,KOE10000,KOE20104,B,B,RING 2,
KOE22002,KOE,JTBNN,Malaka ,Laenmanen,,KOE-MLA,KOE10000,KOE20104,D,D,RING 2,
KOE22003,KOE,JTBNN,Malaka ,Kobalima Timur,,KOE-MLA,KOE10000,KOE20104,C,C,RING 2,
KOE22004,KOE,JTBNN,Malaka ,Io Kufeu,,KOE-MLA,KOE10000,KOE20104,D,D,RING 2,
KOE22005,KOE,JTBNN,Malaka ,Botin Leobele,,KOE-MLA,KOE10000,KOE20104,D,D,RING 2,
KOE22100,KOE,JTBNN,Sabu Raijua ,Sabu Tengah,,KOE-SAB,KOE10000,KOE21920,B,B,RING 2,
MDN10000,MDN,JTBNN,Kota Madiun,Madiun,CABANG UTAMA,MDN,MDN10000,MDN10000,A,A,RING 1,
MDN10016,MDN,JTBNN,Madiun,Kartoharjo,,MDN,MDN10000,MDN10000,A,A,RING 1,
MDN10017,MDN,JTBNN,Madiun,Manguharjo,,MDN,MDN10000,MDN10000,A,A,RING 1,
MDN10018,MDN,JTBNN,Madiun,Taman,,MDN,MDN10000,MDN10000,A,A,RING 1,
MDN10100,MDN,JTBNN,Madiun,Caruban,CABANG,MDN-CRB,MDN10000,MDN10100,B,B,RING 2,
MDN10101,MDN,JTBNN,Madiun,Balerejo,,MDN-CRB,MDN10000,MDN10100,C,C,RING 2,
MDN10102,MDN,JTBNN,Madiun,Dagangan,,MDN-CRB,MDN10000,MDN10100,C,C,RING 2,
MDN10103,MDN,JTBNN,Madiun,Dolopo,,MDN-CRB,MDN10000,MDN10100,C,C,RING 2,
MDN10104,MDN,JTBNN,Madiun,Geger,,MDN-CRB,MDN10000,MDN10100,C,C,RING 2,
MDN10105,MDN,JTBNN,Madiun,Gemarang,,MDN-CRB,MDN10000,MDN10100,C,C,RING 2,
MDN10106,MDN,JTBNN,Madiun,Jiwan,,MDN-CRB,MDN10000,MDN10100,A,A,RING 1,
MDN10107,MDN,JTBNN,Madiun,Kare,,MDN-CRB,MDN10000,MDN10100,C,C,RING 2,
MDN10108,MDN,JTBNN,Madiun,Kebonsari,,MDN-CRB,MDN10000,MDN10100,C,C,RING 2,
MDN10109,MDN,JTBNN,Madiun,Madiun,,MDN-CRB,MDN10000,MDN10100,A,B,RING 2,
MDN10110,MDN,JTBNN,Madiun,Mejayan,,MDN-CRB,MDN10000,MDN10100,C,C,RING 2,
MDN10111,MDN,JTBNN,Madiun,Pilangkenceng,,MDN-CRB,MDN10000,MDN10100,C,C,RING 2,
MDN10112,MDN,JTBNN,Madiun,Saradan,,MDN-CRB,MDN10000,MDN10100,C,C,RING 2,
MDN10113,MDN,JTBNN,Madiun,Sawahan,,MDN-CRB,MDN10000,MDN10100,C,C,RING 2,
MDN10114,MDN,JTBNN,Madiun,Wonoasri,,MDN-CRB,MDN10000,MDN10100,C,C,RING 2,
MDN10115,MDN,JTBNN,Madiun,Wungu,,MDN-CRB,MDN10000,MDN10100,C,C,RING 2,
MDN20100,MDN,JTBNN,Kab. Magetan,Magetan,CABANG,MDN-MGT,MDN10000,MDN20100,B,B,RING 2,
MDN20101,MDN,JTBNN,Magetan,Bendo,,MDN-MGT,MDN10000,MDN20100,C,C,RING 2,
MDN20102,MDN,JTBNN,Magetan,Karangrejo,,MDN-MGT,MDN10000,MDN20100,C,C,RING 2,
MDN20104,MDN,JTBNN,Magetan,Kawedanan,,MDN-MGT,MDN10000,MDN20100,C,C,RING 2,
MDN20105,MDN,JTBNN,Magetan,Lembeyan,,MDN-MGT,MDN10000,MDN20100,C,C,RING 2,
MDN20106,MDN,JTBNN,Magetan,Maospati,,MDN-MGT,MDN10000,MDN20100,C,C,RING 2,
MDN20107,MDN,JTBNN,Magetan,Panekan,,MDN-MGT,MDN10000,MDN20100,C,C,RING 2,
MDN20108,MDN,JTBNN,Magetan,Parang,,MDN-MGT,MDN10000,MDN20100,C,C,RING 2,
MDN20109,MDN,JTBNN,Magetan,Plaosan,,MDN-MGT,MDN10000,MDN20100,C,C,RING 2,
MDN20110,MDN,JTBNN,Magetan,Poncol,,MDN-MGT,MDN10000,MDN20100,C,C,RING 2,
MDN20111,MDN,JTBNN,Magetan,Sukomoro,,MDN-MGT,MDN10000,MDN20100,C,C,RING 2,
MDN20112,MDN,JTBNN,Magetan,Takeran,,MDN-MGT,MDN10000,MDN20100,C,C,RING 2,
MDN20113,MDN,JTBNN,Magetan,Barat,,MDN-MGT,MDN10000,MDN20100,C,C,RING 2,
MDN20114,MDN,JTBNN,Magetan,Karas,,MDN-MGT,MDN10000,MDN20100,C,C,RING 2,
MDN20115,MDN,JTBNN,Kartoharjo ,Kartoharjo ,,MDN-MGT,MDN10000,MDN20100,C,C,RING 2,
MDN20116,MDN,JTBNN,Magetan,Ngariboyo,,MDN-MGT,MDN10000,MDN20100,C,C,RING 2,
MDN20117,MDN,JTBNN,Magetan,Nguntoronadi,,MDN-MGT,MDN10000,MDN20100,C,C,RING 2,
MDN20118,MDN,JTBNN,Magetan,Sidorejo,,MDN-MGT,MDN10000,MDN20100,C,C,RING 2,
MDN20119,MDN,JTBNN,Magetan,Kartoharjo (Kertoharjo),,MDN-MGT,MDN10000,MDN20100,C,C,RING 2,
MDN20200,MDN,JTBNN,Kab. Ngawi,Ngawi,CABANG,MDN-NWI,MDN10000,MDN20200,B,B,RING 2,
MDN20201,MDN,JTBNN,Ngawi,Bringin,,MDN-NWI,MDN10000,MDN20200,C,C,RING 2,
MDN20202,MDN,JTBNN,Ngawi,Geneng,,MDN-NWI,MDN10000,MDN20200,C,C,RING 2,
MDN20203,MDN,JTBNN,Ngawi,Jogorogo,,MDN-NWI,MDN10000,MDN20200,C,C,RING 2,
MDN20204,MDN,JTBNN,Ngawi,Karangjati,,MDN-NWI,MDN10000,MDN20200,C,C,RING 2,
MDN20205,MDN,JTBNN,Ngawi,Kedunggalar,,MDN-NWI,MDN10000,MDN20200,C,C,RING 2,
MDN20206,MDN,JTBNN,Ngawi,Kendal,,MDN-NWI,MDN10000,MDN20200,C,C,RING 2,
MDN20207,MDN,JTBNN,Ngawi,Kwadungan,,MDN-NWI,MDN10000,MDN20200,C,C,RING 2,
MDN20208,MDN,JTBNN,Ngawi,Mantingan,,MDN-NWI,MDN10000,MDN20200,C,C,RING 2,
MDN20209,MDN,JTBNN,Ngawi,Ngrambe,,MDN-NWI,MDN10000,MDN20200,C,C,RING 2,
MDN20210,MDN,JTBNN,Ngawi,Padas,,MDN-NWI,MDN10000,MDN20200,C,C,RING 2,
MDN20211,MDN,JTBNN,Ngawi,Pangkur,,MDN-NWI,MDN10000,MDN20200,C,C,RING 2,
MDN20212,MDN,JTBNN,Ngawi,Paron,,MDN-NWI,MDN10000,MDN20200,C,C,RING 2,
MDN20213,MDN,JTBNN,Ngawi,Pitu,,MDN-NWI,MDN10000,MDN20200,C,C,RING 2,
MDN20214,MDN,JTBNN,Ngawi,Sine,,MDN-NWI,MDN10000,MDN20200,C,C,RING 2,
MDN20215,MDN,JTBNN,Ngawi,Widodaren,,MDN-NWI,MDN10000,MDN20200,C,C,RING 2,
MDN20216,MDN,JTBNN,Ngawi,Karanganyar,,MDN-NWI,MDN10000,MDN20200,C,C,RING 2,
MDN20217,MDN,JTBNN,Kendungan,Kendungan,,MDN-NWI,MDN10000,MDN20200,C,C,Ring 2,
MDN20218,MDN,JTBNN,Ngawi,Kasreman,,MDN-NWI,MDN10000,MDN20200,C,C,RING 2,
MDN20219,MDN,JTBNN,Ngawi,Gerih,,MDN-NWI,MDN10000,MDN20200,C,C,RING 2,
MDN20300,MDN,JTBNN,Kab. Pacitan,Pacitan,CABANG,MDN-PCI,MDN10000,MDN20300,B,B,RING 2,
MDN20301,MDN,JTBNN,Pacitan,Arjosari,,MDN-PCI,MDN10000,MDN20300,C,C,RING 2,
MDN20302,MDN,JTBNN,Pacitan,Bandar,,MDN-PCI,MDN10000,MDN20300,C,C,RING 2,
MDN20303,MDN,JTBNN,Pacitan,Donorojo,,MDN-PCI,MDN10000,MDN20300,C,C,RING 2,
MDN20304,MDN,JTBNN,Pacitan,Kebon Agung,,MDN-PCI,MDN10000,MDN20300,C,C,RING 2,
MDN20305,MDN,JTBNN,Pacitan,Nawangan,,MDN-PCI,MDN10000,MDN20300,C,C,RING 2,
MDN20306,MDN,JTBNN,Pacitan,Ngadirojo,,MDN-PCI,MDN10000,MDN20300,C,C,RING 2,
MDN20307,MDN,JTBNN,Pacitan,Pringkuku,,MDN-PCI,MDN10000,MDN20300,C,C,RING 2,
MDN20308,MDN,JTBNN,Pacitan,Punung,,MDN-PCI,MDN10000,MDN20300,C,C,RING 2,
MDN20309,MDN,JTBNN,Pacitan,Sudimoro,,MDN-PCI,MDN10000,MDN20300,C,C,RING 2,
MDN20310,MDN,JTBNN,Pacitan,Tegalombo,,MDN-PCI,MDN10000,MDN20300,C,C,RING 2,
MDN20311,MDN,JTBNN,Pacitan,Tulakan,,MDN-PCI,MDN10000,MDN20300,C,C,RING 2,
MDN20400,MDN,JTBNN,Kab. Ponorogo,Ponorogo,CABANG,MDN-PON,MDN20400,MDN20400,B,B,RING 2,
MDN20401,MDN,JTBNN,Ponorogo ,Babadan,,MDN-PON,MDN20400,MDN20400,C,C,RING 2,
MDN20402,MDN,JTBNN,Ponorogo ,Badegan,,MDN-PON,MDN20400,MDN20400,C,C,RING 2,
MDN20403,MDN,JTBNN,Ponorogo ,Balong,,MDN-PON,MDN20400,MDN20400,C,C,RING 2,
MDN20404,MDN,JTBNN,Ponorogo ,Bungkal,,MDN-PON,MDN20400,MDN20400,C,C,RING 2,
MDN20405,MDN,JTBNN,Ponorogo ,Jenangan,,MDN-PON,MDN20400,MDN20400,C,C,RING 2,
MDN20406,MDN,JTBNN,Ponorogo ,Jetis,,MDN-PON,MDN20400,MDN20400,C,C,RING 2,
MDN20407,MDN,JTBNN,Ponorogo ,Kauman,,MDN-PON,MDN20400,MDN20400,C,C,RING 2,
MDN20408,MDN,JTBNN,Ponorogo ,Mlarak,,MDN-PON,MDN20400,MDN20400,C,C,RING 2,
MDN20409,MDN,JTBNN,Ponorogo ,Ngebel,,MDN-PON,MDN20400,MDN20400,C,C,RING 2,
MDN20410,MDN,JTBNN,Ponorogo ,Ngrayun,,MDN-PON,MDN20400,MDN20400,C,C,RING 2,
MDN20411,MDN,JTBNN,Ponorogo ,Pulung,,MDN-PON,MDN20400,MDN20400,C,C,RING 2,
MDN20412,MDN,JTBNN,Ponorogo ,Sambit,,MDN-PON,MDN20400,MDN20400,C,C,RING 2,
MDN20413,MDN,JTBNN,Ponorogo ,Sampung,,MDN-PON,MDN20400,MDN20400,C,C,RING 2,
MDN20414,MDN,JTBNN,Ponorogo ,Sawoo,,MDN-PON,MDN20400,MDN20400,C,C,RING 2,
MDN20415,MDN,JTBNN,Ponorogo ,Siman,,MDN-PON,MDN20400,MDN20400,C,C,RING 2,
MDN20416,MDN,JTBNN,Ponorogo ,Slahung,,MDN-PON,MDN20400,MDN20400,C,C,RING 2,
MDN20417,MDN,JTBNN,Ponorogo ,Sooko,,MDN-PON,MDN20400,MDN20400,C,C,RING 2,
MDN20418,MDN,JTBNN,Ponorogo ,Sukorejo,,MDN-PON,MDN20400,MDN20400,C,C,RING 2,
MDN20419,MDN,JTBNN,Ponorogo ,Jambon,,MDN-PON,MDN20400,MDN20400,C,C,RING 2,
MDN20420,MDN,JTBNN,Ponorogo ,Pudak,,MDN-PON,MDN20400,MDN20400,C,C,RING 2,
MJK10000,MJK,JTBNN,Kab. Mojokerto,Mojokerto,CABANG UTAMA,MJK,MJK10000,MJK10000,A,A,RING 1,
MJK10001,MJK,JTBNN,Mojokerto,Bangsal,,MJK,MJK10000,MJK10000,C,A,RING 1,
MJK10002,MJK,JTBNN,Mojokerto,Dawar Blandong,,MJK,MJK10000,MJK10000,C,A,RING 1,
MJK10003,MJK,JTBNN,Mojokerto,Dlanggu,,MJK,MJK10000,MJK10000,C,A,RING 1,
MJK10004,MJK,JTBNN,Mojokerto,Gedeg,,MJK,MJK10000,MJK10000,C,A,RING 1,
MJK10005,MJK,JTBNN,Mojokerto,Gondang,,MJK,MJK10000,MJK10000,C,A,RING 1,
MJK10006,MJK,JTBNN,Mojokerto,Jatirejo,,MJK,MJK10000,MJK10000,C,A,RING 1,
MJK10007,MJK,JTBNN,Mojokerto,Jetis,,MJK,MJK10000,MJK10000,A,A,RING 1,
MJK10008,MJK,JTBNN,Mojokerto,Kemlagi,,MJK,MJK10000,MJK10000,C,A,RING 1,
MJK10009,MJK,JTBNN,Mojokerto,Kutorejo,,MJK,MJK10000,MJK10000,C,A,RING 1,
MJK10010,MJK,JTBNN,Mojokerto,Mojosari,,MJK,MJK10000,MJK10000,C,A,RING 1,
MJK10011,MJK,JTBNN,Mojokerto,Ngoro,,MJK,MJK10000,MJK10000,C,A,RING 1,
MJK10012,MJK,JTBNN,Mojokerto,Pacet,,MJK,MJK10000,MJK10000,C,A,RING 1,
MJK10013,MJK,JTBNN,Mojokerto,Pungging,,MJK,MJK10000,MJK10000,C,A,RING 1,
MJK10014,MJK,JTBNN,Mojokerto,Puri,,MJK,MJK10000,MJK10000,C,A,RING 1,
MJK10015,MJK,JTBNN,Mojokerto,Sooko,,MJK,MJK10000,MJK10000,C,A,RING 1,
MJK10016,MJK,JTBNN,Mojokerto,Trawas,,MJK,MJK10000,MJK10000,C,A,RING 1,
MJK10017,MJK,JTBNN,Mojokerto,Trowulan,,MJK,MJK10000,MJK10000,C,A,RING 1,
MJK10021,MJK,JTBNN,Mojokerto,Mojoanyar,,MJK,MJK10000,MJK10000,C,A,RING 1,
MJK10022,MJK,JTBNN,Mojokerto,Magersari,,MJK,MJK10000,MJK10000,A,A,RING 1,
MJK10023,MJK,JTBNN,Mojokerto,Prajurit Kulon,,MJK,MJK10000,MJK10000,A,A,RING 1,
MJK10100,MJK,JTBNN,Kab. Jombang,Jombang,CABANG,MJK-JBG,MJK10000,MJK10100,B,B,RING 2,
MJK10101,MJK,JTBNN,Jombang,Bandar Kedung Mulyo,,MJK-JBG,MJK10000,MJK10100,C,C,RING 2,
MJK10102,MJK,JTBNN,Jombang,Bareng,,MJK-JBG,MJK10000,MJK10100,C,C,RING 2,
MJK10103,MJK,JTBNN,Jombang,Diwek,,MJK-JBG,MJK10000,MJK10100,C,C,RING 2,
MJK10104,MJK,JTBNN,Jombang,Gudo,,MJK-JBG,MJK10000,MJK10100,C,C,RING 2,
MJK10105,MJK,JTBNN,Jombang,Jogoroto,,MJK-JBG,MJK10000,MJK10100,C,C,RING 2,
MJK10106,MJK,JTBNN,Jombang,Kabuh,,MJK-JBG,MJK10000,MJK10100,C,C,RING 2,
MJK10107,MJK,JTBNN,Jombang,Kesamben,,MJK-JBG,MJK10000,MJK10100,C,C,RING 2,
MJK10108,MJK,JTBNN,Jombang,Kudu,,MJK-JBG,MJK10000,MJK10100,C,C,RING 2,
MJK10109,MJK,JTBNN,Jombang,Megaluh,,MJK-JBG,MJK10000,MJK10100,C,C,RING 2,
MJK10110,MJK,JTBNN,Jombang,Mojoagung,,MJK-JBG,MJK10000,MJK10100,C,C,RING 2,
MJK10111,MJK,JTBNN,Jombang,Mojowarno,,MJK-JBG,MJK10000,MJK10100,C,C,RING 2,
MJK10112,MJK,JTBNN,Jombang,Ngoro,,MJK-JBG,MJK10000,MJK10100,C,C,RING 2,
MJK10113,MJK,JTBNN,Jombang,Perak,,MJK-JBG,MJK10000,MJK10100,C,C,RING 2,
MJK10114,MJK,JTBNN,Jombang,Peterongan,,MJK-JBG,MJK10000,MJK10100,C,C,RING 2,
MJK10115,MJK,JTBNN,Jombang,Plandaan,,MJK-JBG,MJK10000,MJK10100,C,C,RING 2,
MJK10116,MJK,JTBNN,Jombang,Ploso,,MJK-JBG,MJK10000,MJK10100,C,C,RING 2,
MJK10117,MJK,JTBNN,Jombang,Sumobito,,MJK-JBG,MJK10000,MJK10100,C,C,RING 2,
MJK10118,MJK,JTBNN,Jombang,Tembelang,,MJK-JBG,MJK10000,MJK10100,C,C,RING 2,
MJK10119,MJK,JTBNN,Jombang,Wonosalam,,MJK-JBG,MJK10000,MJK10100,C,C,RING 2,
MJK10120,MJK,JTBNN,Jombang,Ngusikan,,MJK-JBG,MJK10000,MJK10100,C,C,RING 2,
MJK10200,MJK,JTBNN,Kab. Nganjuk,Nganjuk,CABANG,MJK-NJK,MJK10200,MJK10200,B,B,RING 2,
MJK10201,MJK,JTBNN,Nganjuk,Bagor,,MJK-NJK,MJK10200,MJK10200,C,C,RING 2,
MJK10202,MJK,JTBNN,Nganjuk,Berbek,,MJK-NJK,MJK10200,MJK10200,C,C,RING 2,
MJK10203,MJK,JTBNN,Nganjuk,Gondang,,MJK-NJK,MJK10200,MJK10200,C,C,RING 2,
MJK10204,MJK,JTBNN,Nganjuk,Loceret,,MJK-NJK,MJK10200,MJK10200,C,C,RING 2,
MJK10205,MJK,JTBNN,Nganjuk,Ngetos,,MJK-NJK,MJK10200,MJK10200,C,C,RING 2,
MJK10206,MJK,JTBNN,Nganjuk,Ngluyu,,MJK-NJK,MJK10200,MJK10200,C,C,RING 2,
MJK10207,MJK,JTBNN,Nganjuk,Pace,,MJK-NJK,MJK10200,MJK10200,C,C,RING 2,
MJK10208,MJK,JTBNN,Nganjuk,Prambon,,MJK-NJK,MJK10200,MJK10200,C,C,RING 2,
MJK10209,MJK,JTBNN,Nganjuk,Rejoso,,MJK-NJK,MJK10200,MJK10200,C,C,RING 2,
MJK10210,MJK,JTBNN,Nganjuk,Sawahan,,MJK-NJK,MJK10200,MJK10200,C,C,RING 2,
MJK10211,MJK,JTBNN,Nganjuk,Sukomoro,,MJK-NJK,MJK10200,MJK10200,C,C,RING 2,
MJK10212,MJK,JTBNN,Nganjuk,Tanjunganom,,MJK-NJK,MJK10200,MJK10200,C,C,RING 2,
MJK10213,MJK,JTBNN,Nganjuk,Wilangan,,MJK-NJK,MJK10200,MJK10200,C,C,RING 2,
MJK10214,MJK,JTBNN,Nganjuk,Kertosono,,MJK-NJK,MJK10200,MJK10200,C,C,RING 2,
MJK10215,MJK,JTBNN,Nganjuk,Baron,,MJK-NJK,MJK10200,MJK10200,C,C,RING 2,
MJK10216,MJK,JTBNN,Nganjuk,Jatikalen,,MJK-NJK,MJK10200,MJK10200,C,C,RING 2,
MJK10217,MJK,JTBNN,Nganjuk,Lengkong,,MJK-NJK,MJK10200,MJK10200,C,C,RING 2,
MJK10218,MJK,JTBNN,Nganjuk,Ngronggot,,MJK-NJK,MJK10200,MJK10200,C,C,RING 2,
MJK10219,MJK,JTBNN,Nganjuk,Patianrowo,,MJK-NJK,MJK10200,MJK10200,C,C,RING 2,
MXG10000,MXG,JTBNN,Kota Malang,Malang,CABANG UTAMA,MXG,MXG10000,MXG10000,A,A,RING 1,
MXG10035,MXG,JTBNN,Malang,Blimbing,,MXG,MXG10000,MXG10000,A,A,RING 1,
MXG10036,MXG,JTBNN,Malang,Kedungkandang,,MXG,MXG10000,MXG10000,A,A,RING 1,
MXG10037,MXG,JTBNN,Malang,Klojen,,MXG,MXG10000,MXG10000,A,A,RING 1,
MXG10038,MXG,JTBNN,Malang,Lowokwaru,,MXG,MXG10000,MXG10000,A,A,RING 1,
MXG10039,MXG,JTBNN,Malang,Sukun,,MXG,MXG10000,MXG10000,A,A,RING 1,
MXG20100,MXG,JTBNN,Kab. Blitar,Blitar,CABANG,MXG-BLI,MXG20100,MXG20100,B,B,RING 2,
MXG20101,MXG,JTBNN,Blitar,Bakung,,MXG-BLI,MXG20100,MXG20100,C,C,RING 2,
MXG20102,MXG,JTBNN,Blitar,Binangun,,MXG-BLI,MXG20100,MXG20100,C,C,RING 2,
MXG20103,MXG,JTBNN,Blitar,Doko,,MXG-BLI,MXG20100,MXG20100,C,C,RING 2,
MXG20104,MXG,JTBNN,Blitar,Gandusari,,MXG-BLI,MXG20100,MXG20100,C,C,RING 2,
MXG20105,MXG,JTBNN,Blitar,Garum,,MXG-BLI,MXG20100,MXG20100,B,C,RING 2,
MXG20106,MXG,JTBNN,Blitar,Kademangan,,MXG-BLI,MXG20100,MXG20100,C,C,RING 2,
MXG20107,MXG,JTBNN,Blitar,Kanigoro,,MXG-BLI,MXG20100,MXG20100,B,C,RING 2,
MXG20108,MXG,JTBNN,Blitar,Kesamben,,MXG-BLI,MXG20100,MXG20100,C,C,RING 2,
MXG20109,MXG,JTBNN,Blitar,Nglegok,,MXG-BLI,MXG20100,MXG20100,B,C,RING 2,
MXG20110,MXG,JTBNN,Blitar,Panggungrejo,,MXG-BLI,MXG20100,MXG20100,C,C,RING 2,
MXG20111,MXG,JTBNN,Blitar,Ponggok,,MXG-BLI,MXG20100,MXG20100,C,C,RING 2,
MXG20112,MXG,JTBNN,Blitar,Sanan Kulon,,MXG-BLI,MXG20100,MXG20100,B,C,RING 2,
MXG20113,MXG,JTBNN,Blitar,Selorejo,,MXG-BLI,MXG20100,MXG20100,C,C,RING 2,
MXG20114,MXG,JTBNN,Blitar,Srengat,,MXG-BLI,MXG20100,MXG20100,B,C,RING 2,
MXG20115,MXG,JTBNN,Blitar,Sutojayan,,MXG-BLI,MXG20100,MXG20100,B,C,RING 2,
MXG20116,MXG,JTBNN,Blitar,Talun,,MXG-BLI,MXG20100,MXG20100,B,C,RING 2,
MXG20117,MXG,JTBNN,Blitar,Udanawu,,MXG-BLI,MXG20100,MXG20100,C,C,RING 2,
MXG20118,MXG,JTBNN,Blitar,Wates,,MXG-BLI,MXG20100,MXG20100,C,C,RING 2,
MXG20119,MXG,JTBNN,Blitar,Wlingi,,MXG-BLI,MXG20100,MXG20100,B,C,RING 2,
MXG20120,MXG,JTBNN,Blitar,Wonodadi,,MXG-BLI,MXG20100,MXG20100,C,C,RING 2,
MXG20121,MXG,JTBNN,Blitar,Wonotirto,,MXG-BLI,MXG20100,MXG20100,C,C,RING 2,
MXG20122,MXG,JTBNN,Blitar,Selopuro,,MXG-BLI,MXG20100,MXG20100,C,C,RING 2,
MXG20123,MXG,JTBNN,Blitar,Kepanjen Kidul,,MXG-BLI,MXG20100,MXG20100,B,B,RING 2,
MXG20124,MXG,JTBNN,Blitar,Sanan Wetan,,MXG-BLI,MXG20100,MXG20100,B,B,RING 2,
MXG20125,MXG,JTBNN,Blitar,Sukorejo,,MXG-BLI,MXG20100,MXG20100,B,B,RING 2,
MXG20200,MXG,JTBNN,Kota Batu,Batu,CABANG,MXG-BTU,MXG20200,MXG20200,B,B,RING 2,
MXG20204,MXG,JTBNN,Batu,Bumiaji,,MXG-BTU,MXG20200,MXG20200,B,C,RING 2,
MXG20205,MXG,JTBNN,Batu,Junrejo,,MXG-BTU,MXG20200,MXG20200,B,C,RING 2,
MXG20300,MXG,JTBNN,Malang,Kepanjen,CABANG,MXG-KPN,MXG20300,MXG20300,B,B,RING 2,
MXG20301,MXG,JTBNN,Malang,Ampelgading,,MXG-TUR,MXG20323,MXG20323,C,C,RING 2,
MXG20302,MXG,JTBNN,Malang,Bantur,,MXG-KPN,MXG20300,MXG20300,C,C,RING 2,
MXG20303,MXG,JTBNN,Malang,Bululawang,CABANG,MXG-BUL,MXG10000,MXG20303,C,B,RING 2,
MXG20304,MXG,JTBNN,Malang,Dampit,,MXG-TUR,MXG20323,MXG20323,C,C,RING 2,
MXG20305,MXG,JTBNN,Malang,Dau,,MXG,MXG10000,MXG10000,A,C,RING 2,
MXG20306,MXG,JTBNN,Malang,Donomulyo,,MXG-KPN,MXG20300,MXG20300,C,C,RING 2,
MXG20307,MXG,JTBNN,Malang,Gedangan,,MXG-TUR,MXG20323,MXG20323,C,C,RING 2,
MXG20308,MXG,JTBNN,Malang,Gondanglegi,,MXG-TUR,MXG20323,MXG20323,C,C,RING 2,
MXG20309,MXG,JTBNN,Malang,Jabung,,MXG,MXG10000,MXG10000,C,C,RING 2,
MXG20310,MXG,JTBNN,Malang,Kalipare,,MXG-KPN,MXG20300,MXG20300,C,C,RING 2,
MXG20311,MXG,JTBNN,Malang,Karangploso,,MXG,MXG10000,MXG10000,C,C,RING 2,
MXG20312,MXG,JTBNN,Malang,Kromengan,,MXG-KPN,MXG20300,MXG20300,B,C,RING 2,
MXG20313,MXG,JTBNN,Malang,Ngajung (Ngajum),,MXG-KPN,MXG20300,MXG20300,B,C,RING 2,
MXG20314,MXG,JTBNN,Malang,Pagak,,MXG-KPN,MXG20300,MXG20300,C,C,RING 2,
MXG20315,MXG,JTBNN,Malang,Pakis,,MXG,MXG10000,MXG10000,A,C,RING 2,
MXG20316,MXG,JTBNN,Malang,Pakisaji,,MXG-BUL,MXG10000,MXG20303,C,C,RING 2,
MXG20317,MXG,JTBNN,Malang,Poncokusumo,,MXG,MXG10000,MXG10000,C,C,RING 2,
MXG20318,MXG,JTBNN,Malang,Singosari,,MXG,MXG10000,MXG10000,A,C,RING 2,
MXG20319,MXG,JTBNN,Malang,Sumberpucung,,MXG-KPN,MXG20300,MXG20300,B,C,RING 2,
MXG20320,MXG,JTBNN,Malang,Sumbermanjing Wetan,,MXG-TUR,MXG20323,MXG20323,C,C,RING 2,
MXG20321,MXG,JTBNN,Malang,Tajinan,,MXG-BUL,MXG10000,MXG20303,C,C,RING 2,
MXG20322,MXG,JTBNN,Malang,Tirtoyudo,,MXG-TUR,MXG20323,MXG20323,C,C,RING 2,
MXG20323,MXG,JTBNN,Malang,Turen,CABANG,MXG-TUR,MXG20323,MXG20323,B,B,RING 2,
MXG20324,MXG,JTBNN,Malang,Tumpang,,MXG,MXG10000,MXG10000,A,C,RING 2,
MXG20325,MXG,JTBNN,Malang,Wagir,,MXG,MXG10000,MXG10000,A,C,RING 2,
MXG20326,MXG,JTBNN,Malang,Wajak,,MXG-BUL,MXG10000,MXG20303,B,C,RING 2,
MXG20327,MXG,JTBNN,Malang,Wonosari,,MXG-KPN,MXG20300,MXG20300,C,C,RING 2,
MXG20328,MXG,JTBNN,Malang,Ngantang,,MXG-BTU,MXG20200,MXG20200,C,C,RING 2,
MXG20329,MXG,JTBNN,Malang,Pujon,,MXG-BTU,MXG20200,MXG20200,B,C,RING 2,
MXG20330,MXG,JTBNN,Malang,Kasembon,,MXG-BTU,MXG20200,MXG20200,C,C,RING 2,
MXG20331,MXG,JTBNN,Malang,Lawang,,MXG,MXG10000,MXG10000,C,C,RING 2,
MXG20332,MXG,JTBNN,Malang,Pagelaran,,MXG-TUR,MXG20323,MXG20323,B,C,RING 2,
PBL10000,PBL,JTBNN,Kab. Probolinggo,Probolinggo,CABANG UTAMA,PBL,PBL10000,PBL10000,A,A,RING 1,
PBL10001,PBL,JTBNN,Probolinggo ,Banyu Anyar,,PBL,PBL10000,PBL10000,C,C,RING 1,
PBL10002,PBL,JTBNN,Probolinggo ,Bantaran,,PBL,PBL10000,PBL10000,C,C,RING 1,
PBL10003,PBL,JTBNN,Probolinggo ,Besuk,,PBL,PBL10000,PBL10000,C,C,RING 1,
PBL10004,PBL,JTBNN,Probolinggo ,Dringu,,PBL,PBL10000,PBL10000,A,C,RING 1,
PBL10005,PBL,JTBNN,Probolinggo ,Gending,,PBL,PBL10000,PBL10000,C,C,RING 1,
PBL10006,PBL,JTBNN,Probolinggo ,Kota Anyar,,PBL,PBL10000,PBL10000,C,C,RING 1,
PBL10007,PBL,JTBNN,Probolinggo ,Kraksaan,,PBL,PBL10000,PBL10000,B,B,RING 1,
PBL10008,PBL,JTBNN,Probolinggo ,Krejengan,,PBL,PBL10000,PBL10000,C,C,RING 1,
PBL10009,PBL,JTBNN,Probolinggo ,Krucil,,PBL,PBL10000,PBL10000,C,C,RING 1,
PBL10010,PBL,JTBNN,Probolinggo ,Kuripan,,PBL,PBL10000,PBL10000,C,C,RING 1,
PBL10011,PBL,JTBNN,Probolinggo ,Leces,,PBL,PBL10000,PBL10000,A,C,RING 1,
PBL10012,PBL,JTBNN,Probolinggo ,Lumbang,,PBL,PBL10000,PBL10000,C,C,RING 1,
PBL10013,PBL,JTBNN,Probolinggo ,Maron,,PBL,PBL10000,PBL10000,C,C,RING 1,
PBL10014,PBL,JTBNN,Probolinggo ,Paiton,,PBL,PBL10000,PBL10000,C,C,RING 1,
PBL10015,PBL,JTBNN,Probolinggo ,Pajarakan,,PBL,PBL10000,PBL10000,C,B,RING 1,
PBL10016,PBL,JTBNN,Probolinggo ,Pakuniran,,PBL,PBL10000,PBL10000,C,C,RING 1,
PBL10017,PBL,JTBNN,Probolinggo ,Sukapura,,PBL,PBL10000,PBL10000,C,C,RING 1,
PBL10018,PBL,JTBNN,Probolinggo ,Sumber,,PBL,PBL10000,PBL10000,C,C,RING 1,
PBL10019,PBL,JTBNN,Probolinggo ,Sumberasih,,PBL,PBL10000,PBL10000,C,B,RING 1,
PBL10020,PBL,JTBNN,Probolinggo ,Tegal Siwalan,,PBL,PBL10000,PBL10000,C,C,RING 1,
PBL10021,PBL,JTBNN,Probolinggo ,Tiris,,PBL,PBL10000,PBL10000,C,C,RING 1,
PBL10022,PBL,JTBNN,Probolinggo ,Tongas,,PBL,PBL10000,PBL10000,C,C,RING 1,
PBL10024,PBL,JTBNN,Probolinggo ,Wonomerto,,PBL,PBL10000,PBL10000,C,C,RING 1,
PBL10025,PBL,JTBNN,Probolinggo ,Kademangan,,PBL,PBL10000,PBL10000,A,A,RING 1,
PBL10026,PBL,JTBNN,Probolinggo ,Mayangan,,PBL,PBL10000,PBL10000,A,A,RING 1,
PBL10027,PBL,JTBNN,Probolinggo ,Gading,,PBL,PBL10000,PBL10000,C,C,RING 1,
PBL10028,PBL,JTBNN,Probolinggo ,Wonoasih,,PBL,PBL10000,PBL10000,A,A,RING 1,
PBL10029,PBL,JTBNN,Probolinggo ,Kedopok (Kedopak),,PBL,PBL10000,PBL10000,A,A,RING 1,
PBL10030,PBL,JTBNN,Probolinggo ,Kanigaran,,PBL,PBL10000,PBL10000,A,A,RING 1,
PBL20100,PBL,JTBNN,Lumajang,Lumajang,CABANG,PBL-LMJ,PBL10000,PBL20100,B,B,RING 1,
PBL20101,PBL,JTBNN,Lumajang,Candipuro,,PBL-LMJ,PBL10000,PBL20100,C,C,RING 1,
PBL20102,PBL,JTBNN,Lumajang,Gucialit,,PBL-LMJ,PBL10000,PBL20100,C,C,RING 1,
PBL20103,PBL,JTBNN,Lumajang,Jatiroto,,PBL-LMJ,PBL10000,PBL20100,C,C,RING 1,
PBL20104,PBL,JTBNN,Lumajang,Klakah,,PBL-LMJ,PBL10000,PBL20100,C,C,RING 1,
PBL20105,PBL,JTBNN,Lumajang,Kedungjajang,,PBL-LMJ,PBL10000,PBL20100,C,B,RING 1,
PBL20106,PBL,JTBNN,Lumajang,Kunir,,PBL-LMJ,PBL10000,PBL20100,C,C,RING 1,
PBL20107,PBL,JTBNN,Lumajang,Pasirian,,PBL-LMJ,PBL10000,PBL20100,C,B,RING 1,
PBL20108,PBL,JTBNN,Lumajang,Pronojiwo,,PBL-LMJ,PBL10000,PBL20100,C,C,RING 1,
PBL20109,PBL,JTBNN,Lumajang,Randuagung,,PBL-LMJ,PBL10000,PBL20100,C,C,RING 1,
PBL20110,PBL,JTBNN,Lumajang,Ranuyoso,,PBL-LMJ,PBL10000,PBL20100,C,C,RING 1,
PBL20111,PBL,JTBNN,Lumajang,Rowokangkung,,PBL-LMJ,PBL10000,PBL20100,C,C,RING 1,
PBL20112,PBL,JTBNN,Lumajang,Senduro,,PBL-LMJ,PBL10000,PBL20100,C,C,RING 1,
PBL20113,PBL,JTBNN,Lumajang,Sukodono,,PBL-LMJ,PBL10000,PBL20100,A,C,RING 1,
PBL20114,PBL,JTBNN,Lumajang,Tekung,,PBL-LMJ,PBL10000,PBL20100,C,C,RING 1,
PBL20115,PBL,JTBNN,Lumajang,Tempursari,,PBL-LMJ,PBL10000,PBL20100,C,C,RING 1,
PBL20116,PBL,JTBNN,Lumajang,Tempeh,,PBL-LMJ,PBL10000,PBL20100,C,C,RING 1,
PBL20117,PBL,JTBNN,Lumajang,Yosowilangun,,PBL-LMJ,PBL10000,PBL20100,C,C,RING 1,
PBL20118,PBL,JTBNN,Lumajang,Padang,,PBL-LMJ,PBL10000,PBL20100,C,C,RING 1,
PBL20119,PBL,JTBNN,Lumajang,Pasrujambe/Pasujambe,,PBL-LMJ,PBL10000,PBL20100,C,C,RING 1,
PBL20120,PBL,JTBNN,Lumajang,Sumbersuko,,PBL-LMJ,PBL10000,PBL20100,A,C,RING 1,
PBL20200,PBL,JTBNN,Situbondo ,Situbondo,CABANG,PBL-SIT,PBL10000,PBL20200,B,B,RING 1,
PBL20201,PBL,JTBNN,Situbondo ,Arjasa,,PBL-SIT,PBL10000,PBL20200,C,C,RING 1,
PBL20202,PBL,JTBNN,Situbondo ,Asembagus,,PBL-SIT,PBL10000,PBL20200,C,C,RING 1,
PBL20203,PBL,JTBNN,Situbondo ,Banyuputih,,PBL-SIT,PBL10000,PBL20200,C,C,RING 1,
PBL20204,PBL,JTBNN,Situbondo ,Banyuglugur,,PBL-SIT,PBL10000,PBL20200,C,C,RING 1,
PBL20205,PBL,JTBNN,Situbondo ,Besuki,,PBL-SIT,PBL10000,PBL20200,C,B,RING 1,
PBL20206,PBL,JTBNN,Situbondo ,Bungatan,,PBL-SIT,PBL10000,PBL20200,C,C,RING 1,
PBL20207,PBL,JTBNN,Situbondo ,Jangkar,,PBL-SIT,PBL10000,PBL20200,C,C,RING 1,
PBL20208,PBL,JTBNN,Situbondo ,Jatibanteng,,PBL-SIT,PBL10000,PBL20200,C,C,RING 1,
PBL20209,PBL,JTBNN,Situbondo ,Kapongan,,PBL-SIT,PBL10000,PBL20200,C,C,RING 1,
PBL20210,PBL,JTBNN,Situbondo ,Kendit,,PBL-SIT,PBL10000,PBL20200,C,C,RING 1,
PBL20211,PBL,JTBNN,Situbondo ,Mangaran,,PBL-SIT,PBL10000,PBL20200,C,C,RING 1,
PBL20212,PBL,JTBNN,Situbondo ,Mlandingan,,PBL-SIT,PBL10000,PBL20200,C,C,RING 1,
PBL20213,PBL,JTBNN,Situbondo ,Panarukan,,PBL-SIT,PBL10000,PBL20200,C,C,RING 1,
PBL20214,PBL,JTBNN,Situbondo ,Suboh,,PBL-SIT,PBL10000,PBL20200,C,C,RING 1,
PBL20215,PBL,JTBNN,Situbondo ,Sumbermalang,,PBL-SIT,PBL10000,PBL20200,C,C,RING 1,
PBL20216,PBL,JTBNN,Situbondo ,Panji,,PBL-SIT,PBL10000,PBL20200,C,B,RING 1,
PSR10000,PSR,JTBNN,Kota Pasuruan,Pasuruan,CABANG UTAMA,PSR,PSR10000,PSR10000,A,A,RING 1,
PSR10001,PSR,JTBNN,Pasuruan,Bugul Kidul,,PSR,PSR10000,PSR10000,A,A,RING 1,
PSR10002,PSR,JTBNN,Pasuruan,Gadingrejo,,PSR,PSR10000,PSR10000,A,A,RING 1,
PSR10003,PSR,JTBNN,Pasuruan,Purworejo,,PSR,PSR10000,PSR10000,A,A,RING 1,
PSR10004,PSR,JTBNN,Pasuruan,Beji,,PSR,PSR10000,PSR10000,C,C,RING 1,
PSR10005,PSR,JTBNN,Pasuruan,Gempol,,PSR,PSR10000,PSR10000,C,C,RING 1,
PSR10006,PSR,JTBNN,Pasuruan,Gondang Wetan,,PSR,PSR10000,PSR10000,C,C,RING 1,
PSR10007,PSR,JTBNN,Pasuruan,Grati,,PSR,PSR10000,PSR10000,C,C,RING 1,
PSR10008,PSR,JTBNN,Pasuruan,Kejayan,,PSR,PSR10000,PSR10000,C,C,RING 1,
PSR10009,PSR,JTBNN,Pasuruan,Kraton,,PSR,PSR10000,PSR10000,C,C,RING 1,
PSR10010,PSR,JTBNN,Pasuruan,Lekok,,PSR,PSR10000,PSR10000,C,C,RING 1,
PSR10011,PSR,JTBNN,Pasuruan,Lumbang,,PSR,PSR10000,PSR10000,C,C,RING 1,
PSR10012,PSR,JTBNN,Pasuruan,Nguling,,PSR,PSR10000,PSR10000,C,C,RING 1,
PSR10013,PSR,JTBNN,Pasuruan ,Pasrepan,,PSR,PSR10000,PSR10000,C,C,RING 1,
PSR10014,PSR,JTBNN,Pasuruan ,Pohjentrek,,PSR,PSR10000,PSR10000,A,C,RING 1,
PSR10015,PSR,JTBNN,Pasuruan ,Prigen,,PSR,PSR10000,PSR10000,C,C,RING 1,
PSR10016,PSR,JTBNN,Pasuruan ,Purwodadi,,PSR,PSR10000,PSR10000,C,C,RING 1,
PSR10017,PSR,JTBNN,Pasuruan ,Purwosari,,PSR,PSR10000,PSR10000,C,C,RING 1,
PSR10018,PSR,JTBNN,Pasuruan ,Puspo,,PSR,PSR10000,PSR10000,C,C,RING 1,
PSR10019,PSR,JTBNN,Pasuruan ,Rejoso,,PSR,PSR10000,PSR10000,C,C,RING 1,
PSR10020,PSR,JTBNN,Pasuruan ,Rembang,,PSR,PSR10000,PSR10000,C,C,RING 1,
PSR10021,PSR,JTBNN,Pasuruan ,Sukorejo,,PSR,PSR10000,PSR10000,C,C,RING 1,
PSR10022,PSR,JTBNN,Pasuruan ,Tosari,,PSR,PSR10000,PSR10000,C,C,RING 1,
PSR10023,PSR,JTBNN,Pasuruan ,Tutur,,PSR,PSR10000,PSR10000,C,C,RING 1,
PSR10024,PSR,JTBNN,Pasuruan ,Winongan,,PSR,PSR10000,PSR10000,C,C,RING 1,
PSR10025,PSR,JTBNN,Pasuruan ,Wonorejo,,PSR,PSR10000,PSR10000,C,C,RING 1,
PSR10028,PSR,JTBNN,Pasuruan,Panggungrejo,,PSR,PSR10000,PSR10000,A,C,RING 1,
PSR20100,PSR,JTBNN,Pasuruan,Pandaan,,PSR,PSR10000,PSR10000,A,B,RING 1,
PSR20101,PSR,JTBNN,Pasuruan,Bangil,,PSR,PSR10000,PSR10000,A,B,RING 1,
SUB10000,SUB,JTBNN,Kota Surabaya,Surabaya,CABANG UTAMA,SUB,SUB10000,SUB10000,A,A,RING 1,
SUB10001,SUB,JTBNN,Surabaya ,Asemrowo,,SUB,SUB10000,SUB10000,A,A,RING 1,
SUB10002,SUB,JTBNN,Surabaya ,Benowo,,SUB,SUB10000,SUB10000,A,A,RING 1,
SUB10003,SUB,JTBNN,Surabaya ,Bubutan,,SUB,SUB10000,SUB10000,A,A,RING 1,
SUB10004,SUB,JTBNN,Surabaya ,Bulak,,SUB,SUB10000,SUB10000,A,A,RING 1,
SUB10005,SUB,JTBNN,Surabaya ,Dukuh Pakis,,SUB,SUB10000,SUB10000,A,A,RING 1,
SUB10006,SUB,JTBNN,Surabaya ,Gayungan,,SUB,SUB10000,SUB10000,A,A,RING 1,
SUB10007,SUB,JTBNN,Surabaya ,Genteng,,SUB,SUB10000,SUB10000,A,A,RING 1,
SUB10008,SUB,JTBNN,Surabaya ,Gubeng,,SUB,SUB10000,SUB10000,A,A,RING 1,
SUB10009,SUB,JTBNN,Surabaya ,Gununganyar,,SUB,SUB10000,SUB10000,A,A,RING 1,
SUB10010,SUB,JTBNN,Surabaya ,Jambangan,,SUB,SUB10000,SUB10000,A,A,RING 1,
SUB10011,SUB,JTBNN,Surabaya ,Karangpilang,,SUB,SUB10000,SUB10000,A,A,RING 1,
SUB10012,SUB,JTBNN,Surabaya ,Kenjeran,,SUB,SUB10000,SUB10000,A,A,RING 1,
SUB10013,SUB,JTBNN,Surabaya ,Krembangan,,SUB,SUB10000,SUB10000,A,A,RING 1,
SUB10014,SUB,JTBNN,Surabaya ,Lakarsantri,,SUB,SUB10000,SUB10000,A,A,RING 1,
SUB10015,SUB,JTBNN,Surabaya ,Mulyorejo,,SUB,SUB10000,SUB10000,A,A,RING 1,
SUB10016,SUB,JTBNN,Surabaya ,Pabean Cantikan,,SUB,SUB10000,SUB10000,A,A,RING 1,
SUB10017,SUB,JTBNN,Surabaya ,Pakal,,SUB,SUB10000,SUB10000,A,A,RING 1,
SUB10018,SUB,JTBNN,Surabaya ,Rungkut,,SUB,SUB10000,SUB10000,A,A,RING 1,
SUB10019,SUB,JTBNN,Surabaya ,Sambikerep,,SUB,SUB10000,SUB10000,A,A,RING 1,
SUB10020,SUB,JTBNN,Surabaya ,Sawahan,,SUB,SUB10000,SUB10000,A,A,RING 1,
SUB10021,SUB,JTBNN,Surabaya ,Semampir,,SUB,SUB10000,SUB10000,A,A,RING 1,
SUB10022,SUB,JTBNN,Surabaya ,Simokerto,,SUB,SUB10000,SUB10000,A,A,RING 1,
SUB10023,SUB,JTBNN,Surabaya ,Sukolilo,,SUB,SUB10000,SUB10000,A,A,RING 1,
SUB10024,SUB,JTBNN,Surabaya ,Sukomanunggal,,SUB,SUB10000,SUB10000,A,A,RING 1,
SUB10025,SUB,JTBNN,Surabaya ,Tambaksari,,SUB,SUB10000,SUB10000,A,A,RING 1,
SUB10026,SUB,JTBNN,Surabaya ,Tandes,,SUB,SUB10000,SUB10000,A,A,RING 1,
SUB10027,SUB,JTBNN,Surabaya ,Tegalsari,,SUB,SUB10000,SUB10000,A,A,RING 1,
SUB10028,SUB,JTBNN,Surabaya ,Tenggilis Mejoyo,,SUB,SUB10000,SUB10000,A,A,RING 1,
SUB10029,SUB,JTBNN,Surabaya ,Wiyung,,SUB,SUB10000,SUB10000,A,A,RING 1,
SUB10030,SUB,JTBNN,Surabaya ,Wonocolo,,SUB,SUB10000,SUB10000,A,A,RING 1,
SUB10031,SUB,JTBNN,Surabaya ,Wonokromo,,SUB,SUB10000,SUB10000,A,A,RING 1,
SUB10100,SUB,JTBNN,Kab.Gresik,Gresik,CABANG,SUB-GRS,SUB10000,SUB10100,A,B,RING 2,
SUB10101,SUB,JTBNN,Gresik,Balong Panggang,,SUB-GRS,SUB10000,SUB10100,C,C,RING 2,
SUB10102,SUB,JTBNN,Gresik,Benjeng,,SUB-GRS,SUB10000,SUB10100,C,C,RING 2,
SUB10103,SUB,JTBNN,Gresik,Bungah,,SUB-GRS,SUB10000,SUB10100,C,C,RING 2,
SUB10104,SUB,JTBNN,Gresik,Cerme,,SUB-GRS,SUB10000,SUB10100,C,C,RING 2,
SUB10105,SUB,JTBNN,Gresik,Driyorejo,,SUB-GRS,SUB10000,SUB10100,C,C,RING 2,
SUB10106,SUB,JTBNN,Gresik,Duduk Sampeyan,,SUB-GRS,SUB10000,SUB10100,C,C,RING 2,
SUB10107,SUB,JTBNN,Gresik,Dukun,,SUB-GRS,SUB10000,SUB10100,C,C,RING 2,
SUB10108,SUB,JTBNN,Gresik,Kedamean,,SUB-GRS,SUB10000,SUB10100,C,C,RING 2,
SUB10109,SUB,JTBNN,Gresik,Manyar,,SUB-GRS,SUB10000,SUB10100,B,C,RING 2,
SUB10110,SUB,JTBNN,Gresik,Menganti,,SUB-GRS,SUB10000,SUB10100,C,C,RING 2,
SUB10111,SUB,JTBNN,Gresik,Panceng,,SUB-GRS,SUB10000,SUB10100,C,C,RING 2,
SUB10112,SUB,JTBNN,Gresik,Sangkapura,,SUB-GRS,SUB10000,SUB10100,C,D,RING 2,
SUB10113,SUB,JTBNN,Gresik,Sidayu,,SUB-GRS,SUB10000,SUB10100,C,C,RING 2,
SUB10114,SUB,JTBNN,Gresik,Tambak,,SUB-GRS,SUB10000,SUB10100,C,D,RING 2,
SUB10115,SUB,JTBNN,Gresik,Ujung Pangkah,,SUB-GRS,SUB10000,SUB10100,C,C,RING 2,
SUB10116,SUB,JTBNN,Gresik,Wringin Anom,,SUB-GRS,SUB10000,SUB10100,C,C,RING 2,
SUB10117,SUB,JTBNN,Gresik,Kebomas,,SUB-GRS,SUB10000,SUB10100,B,C,RING 2,
SUB10200,SUB,JTBNN,Kab. Lamongan,Lamongan,CABANG,SUB-LMG,SUB10000,SUB10200,B,B,RING 2,
SUB10201,SUB,JTBNN,Lamongan,Babat,,SUB-LMG,SUB10000,SUB10200,C,C,RING 2,
SUB10202,SUB,JTBNN,Lamongan,Bluluk,,SUB-LMG,SUB10000,SUB10200,C,C,RING 2,
SUB10203,SUB,JTBNN,Lamongan,Brondong,,SUB-LMG,SUB10000,SUB10200,C,C,RING 2,
SUB10204,SUB,JTBNN,Lamongan,Deket,,SUB-LMG,SUB10000,SUB10200,B,C,RING 2,
SUB10205,SUB,JTBNN,Lamongan,Glagah,,SUB-LMG,SUB10000,SUB10200,C,C,RING 2,
SUB10206,SUB,JTBNN,Lamongan,Kalitengah,,SUB-LMG,SUB10000,SUB10200,C,C,RING 2,
SUB10207,SUB,JTBNN,Lamongan,Karangbinangun,,SUB-LMG,SUB10000,SUB10200,C,C,RING 2,
SUB10208,SUB,JTBNN,Lamongan,Karang Geneng,,SUB-LMG,SUB10000,SUB10200,C,C,RING 2,
SUB10209,SUB,JTBNN,Lamongan,Kedungpring,,SUB-LMG,SUB10000,SUB10200,C,C,RING 2,
SUB10210,SUB,JTBNN,Lamongan,Kembangbahu,,SUB-LMG,SUB10000,SUB10200,C,C,RING 2,
SUB10211,SUB,JTBNN,Lamongan,Laren,,SUB-LMG,SUB10000,SUB10200,C,C,RING 2,
SUB10212,SUB,JTBNN,Lamongan,Mantup,,SUB-LMG,SUB10000,SUB10200,C,C,RING 2,
SUB10213,SUB,JTBNN,Lamongan,Modo,,SUB-LMG,SUB10000,SUB10200,C,C,RING 2,
SUB10214,SUB,JTBNN,Lamongan,Ngimbang,,SUB-LMG,SUB10000,SUB10200,C,C,RING 2,
SUB10215,SUB,JTBNN,Lamongan,Paciran,,SUB-LMG,SUB10000,SUB10200,C,C,RING 2,
SUB10216,SUB,JTBNN,Lamongan,Pucuk,,SUB-LMG,SUB10000,SUB10200,C,C,RING 2,
SUB10217,SUB,JTBNN,Lamongan,Sambeng,,SUB-LMG,SUB10000,SUB10200,C,C,RING 2,
SUB10218,SUB,JTBNN,Lamongan,Solokuro,,SUB-LMG,SUB10000,SUB10200,C,C,RING 2,
SUB10219,SUB,JTBNN,Lamongan,Sekaran,,SUB-LMG,SUB10000,SUB10200,C,C,RING 2,
SUB10220,SUB,JTBNN,Lamongan,Sugio,,SUB-LMG,SUB10000,SUB10200,C,C,RING 2,
SUB10221,SUB,JTBNN,Lamongan,Sukodadi,,SUB-LMG,SUB10000,SUB10200,B,C,RING 2,
SUB10222,SUB,JTBNN,Lamongan,Sukorame,,SUB-LMG,SUB10000,SUB10200,C,C,RING 2,
SUB10223,SUB,JTBNN,Lamongan,Tikung,,SUB-LMG,SUB10000,SUB10200,B,C,RING 2,
SUB10224,SUB,JTBNN,Lamongan,Turi,,SUB-LMG,SUB10000,SUB10200,C,C,RING 2,
SUB10225,SUB,JTBNN,Lamongan,Maduran,,SUB-LMG,SUB10000,SUB10200,C,C,RING 2,
SUB10226,SUB,JTBNN,Lamongan,Sarirejo,,SUB-LMG,SUB10000,SUB10200,C,C,RING 2,
SUB20100,SUB,JTBNN,Kab. Bangkalan,Bangkalan,CABANG,SUB-BKL,SUB10000,SUB20100,B,B,RING 2,
SUB20101,SUB,JTBNN,Bangkalan,Arosbaya,,SUB-BKL,SUB10000,SUB20100,C,C,RING 2,
SUB20102,SUB,JTBNN,Bangkalan,Blega,,SUB-BKL,SUB10000,SUB20100,C,C,RING 2,
SUB20103,SUB,JTBNN,Bangkalan,Galis,,SUB-BKL,SUB10000,SUB20100,C,C,RING 2,
SUB20104,SUB,JTBNN,Bangkalan,Geger,,SUB-BKL,SUB10000,SUB20100,C,C,RING 2,
SUB20105,SUB,JTBNN,Bangkalan,Kamal,,SUB-BKL,SUB10000,SUB20100,C,C,RING 2,
SUB20106,SUB,JTBNN,Bangkalan,Kwanyar,,SUB-BKL,SUB10000,SUB20100,C,C,RING 2,
SUB20107,SUB,JTBNN,Bangkalan,Klampis,,SUB-BKL,SUB10000,SUB20100,C,C,RING 2,
SUB20108,SUB,JTBNN,Bangkalan,Kokop,,SUB-BKL,SUB10000,SUB20100,C,C,RING 2,
SUB20109,SUB,JTBNN,Bangkalan,Konang,,SUB-BKL,SUB10000,SUB20100,C,C,RING 2,
SUB20110,SUB,JTBNN,Bangkalan,Labang,,SUB-BKL,SUB10000,SUB20100,C,C,RING 2,
SUB20111,SUB,JTBNN,Bangkalan,Modung,,SUB-BKL,SUB10000,SUB20100,C,C,RING 2,
SUB20112,SUB,JTBNN,Bangkalan,Sepulu,,SUB-BKL,SUB10000,SUB20100,C,C,RING 2,
SUB20113,SUB,JTBNN,Bangkalan,Socah,,SUB-BKL,SUB10000,SUB20100,C,C,RING 2,
SUB20114,SUB,JTBNN,Bangkalan,Tanah Merah,,SUB-BKL,SUB10000,SUB20100,C,C,RING 2,
SUB20115,SUB,JTBNN,Bangkalan,Tanjungbumi,,SUB-BKL,SUB10000,SUB20100,C,C,RING 2,
SUB20116,SUB,JTBNN,Bangkalan,Tragah,,SUB-BKL,SUB10000,SUB20100,C,C,RING 2,
SUB20117,SUB,JTBNN,Bangkalan,Burneh,,SUB-BKL,SUB10000,SUB20100,C,C,RING 2,
SUB20500,SUB,JTBNN,Kab. Pamekasan,Pamekasan,CABANG,SUB-PMK,SUB10000,SUB20500,B,B,RING 2,
SUB20501,SUB,JTBNN,Pamekasan,Batumarmar,,SUB-PMK,SUB10000,SUB20500,C,C,RING 2,
SUB20502,SUB,JTBNN,Pamekasan,Galis,,SUB-PMK,SUB10000,SUB20500,C,C,RING 2,
SUB20503,SUB,JTBNN,Pamekasan,Kadur,,SUB-PMK,SUB10000,SUB20500,C,C,RING 2,
SUB20504,SUB,JTBNN,Pamekasan,Larangan,,SUB-PMK,SUB10000,SUB20500,C,C,RING 2,
SUB20505,SUB,JTBNN,Pamekasan,Pakong,,SUB-PMK,SUB10000,SUB20500,C,C,RING 2,
SUB20506,SUB,JTBNN,Pamekasan,Palenga'an,,SUB-PMK,SUB10000,SUB20500,C,C,RING 2,
SUB20507,SUB,JTBNN,Pamekasan,Pasean,,SUB-PMK,SUB10000,SUB20500,C,C,RING 2,
SUB20508,SUB,JTBNN,Pamekasan,Pegantenan,,SUB-PMK,SUB10000,SUB20500,C,C,RING 2,
SUB20509,SUB,JTBNN,Pamekasan,Proppo,,SUB-PMK,SUB10000,SUB20500,C,C,RING 2,
SUB20510,SUB,JTBNN,Pamekasan,Tlanakan,,SUB-PMK,SUB10000,SUB20500,C,C,RING 2,
SUB20511,SUB,JTBNN,Pamekasan,Waru,,SUB-PMK,SUB10000,SUB20500,C,C,RING 2,
SUB20512,SUB,JTBNN,Pamekasan,Pademawu,,SUB-PMK,SUB10000,SUB20500,C,C,RING 2,
SUB20600,SUB,JTBNN,Sampang ,Sampang,CABANG,SUB-SPG,SUB10000,SUB20600,B,B,RING 2,
SUB20601,SUB,JTBNN,Sampang ,Banyuates,,SUB-SPG,SUB10000,SUB20600,C,C,RING 2,
SUB20602,SUB,JTBNN,Sampang ,Camplong,,SUB-SPG,SUB10000,SUB20600,C,C,RING 2,
SUB20603,SUB,JTBNN,Sampang ,Jrengik,,SUB-SPG,SUB10000,SUB20600,C,C,RING 2,
SUB20604,SUB,JTBNN,Sampang ,Kedungdung,,SUB-SPG,SUB10000,SUB20600,C,C,RING 2,
SUB20605,SUB,JTBNN,Sampang ,Ketapang,,SUB-SPG,SUB10000,SUB20600,C,C,RING 2,
SUB20606,SUB,JTBNN,Sampang ,Omben,,SUB-SPG,SUB10000,SUB20600,C,C,RING 2,
SUB20607,SUB,JTBNN,Sampang ,Robatal,,SUB-SPG,SUB10000,SUB20600,C,C,RING 2,
SUB20608,SUB,JTBNN,Sampang ,Sokobanah,,SUB-SPG,SUB10000,SUB20600,C,C,RING 2,
SUB20609,SUB,JTBNN,Sampang ,Sreseh,,SUB-SPG,SUB10000,SUB20600,C,C,RING 2,
SUB20610,SUB,JTBNN,Sampang ,Tambelangan,,SUB-SPG,SUB10000,SUB20600,C,C,RING 2,
SUB20611,SUB,JTBNN,Sampang ,Torjun,,SUB-SPG,SUB10000,SUB20600,C,C,RING 2,
SUB20612,SUB,JTBNN,Sampang ,Pangarengan,,SUB-SPG,SUB10000,SUB20600,C,C,RING 2,
SUB20613,SUB,JTBNN,Sampang ,Karang Penang,,SUB-SPG,SUB10000,SUB20600,C,C,RING 2,
SUB20700,SUB,JTBNN,Sidoarjo ,Sidoarjo,,SUB-SDA,SUB20700,SUB10000,A,A,RING 1,
SUB20702,SUB,JTBNN,Sidoarjo ,Buduran,,SUB-SDA,SUB20700,SUB10000,A,A,RING 1,
SUB20703,SUB,JTBNN,Sidoarjo ,Candi,,SUB-SDA,SUB20700,SUB10000,A,A,RING 1,
SUB20704,SUB,JTBNN,Sidoarjo ,Gedangan,,SUB-SDA,SUB20700,SUB10000,A,A,RING 1,
SUB20705,SUB,JTBNN,Sidoarjo ,Jabon,,SUB-SDA,SUB20700,SUB10000,A,A,RING 1,
SUB20706,SUB,JTBNN,Sidoarjo ,Krembung,,SUB-SDA,SUB20700,SUB10000,A,A,RING 1,
SUB20708,SUB,JTBNN,Sidoarjo ,Porong,,SUB-SDA,SUB20700,SUB10000,A,A,RING 1,
SUB20710,SUB,JTBNN,Sidoarjo ,Sedati,,SUB-SDA,SUB20700,SUB10000,A,A,RING 1,
SUB20711,SUB,JTBNN,Sidoarjo ,Sukodono,,SUB-SDA,SUB20700,SUB10000,A,A,RING 1,
SUB20713,SUB,JTBNN,Sidoarjo ,Tanggulangin,,SUB-SDA,SUB20700,SUB10000,A,A,RING 1,
SUB20715,SUB,JTBNN,Sidoarjo ,Tulangan,,SUB-SDA,SUB20700,SUB10000,A,A,RING 1,
SUB20716,SUB,JTBNN,Sidoarjo ,Waru,,SUB-SDA,SUB20700,SUB10000,A,A,RING 1,
SUB20717,SUB,JTBNN,Sidoarjo ,Wonoayu,,SUB-SDA,SUB20700,SUB10000,A,A,RING 1,
SUB20719,SUB,JTBNN,Sidoarjo ,Krian,,SUB-SDA,SUB20700,SUB10000,A,A,RING 1,
SUB20720,SUB,JTBNN,Sidoarjo ,Taman,,SUB-SDA,SUB20700,SUB10000,A,A,RING 1,
SUB20721,SUB,JTBNN,Sidoarjo ,Balongbendo,,SUB-SDA,SUB20700,SUB10000,A,A,RING 1,
SUB20722,SUB,JTBNN,Sidoarjo ,Tarik,,SUB-SDA,SUB20700,SUB10000,A,A,RING 1,
SUB20723,SUB,JTBNN,Sidoarjo ,Prambon,,SUB-SDA,SUB20700,SUB10000,C,A,RING 1,
SUB20800,SUB,JTBNN,Kab. Sumenep,Sumenep,CABANG,SUB-SUP,SUB10000,SUB20800,C,B,RING 2,
SUB20801,SUB,JTBNN,Sumenep ,Ambunten,,SUB-SUP,SUB10000,SUB20800,C,C,RING 2,
SUB20802,SUB,JTBNN,Sumenep ,Arjasa,,SUB-SUP,SUB10000,SUB20800,D,D,RING 2,
SUB20803,SUB,JTBNN,Sumenep ,Batang Batang,,SUB-SUP,SUB10000,SUB20800,C,C,RING 2,
SUB20804,SUB,JTBNN,Sumenep ,Batuputih,,SUB-SUP,SUB10000,SUB20800,C,C,RING 2,
SUB20805,SUB,JTBNN,Sumenep ,Bluto,,SUB-SUP,SUB10000,SUB20800,C,C,RING 2,
SUB20806,SUB,JTBNN,Sumenep ,Dasuk,,SUB-SUP,SUB10000,SUB20800,C,C,RING 2,
SUB20807,SUB,JTBNN,Sumenep ,Dungkek,,SUB-SUP,SUB10000,SUB20800,C,C,RING 2,
SUB20808,SUB,JTBNN,Sumenep ,Ganding,,SUB-SUP,SUB10000,SUB20800,C,C,RING 2,
SUB20809,SUB,JTBNN,Sumenep ,Gapura,,SUB-SUP,SUB10000,SUB20800,C,C,RING 2,
SUB20810,SUB,JTBNN,Sumenep ,Gayam,,SUB-SUP,SUB10000,SUB20800,D,D,RING 2,
SUB20811,SUB,JTBNN,Sumenep ,Gili Ginting,,SUB-SUP,SUB10000,SUB20800,D,D,RING 2,
SUB20812,SUB,JTBNN,Sumenep ,Guluk Guluk,,SUB-SUP,SUB10000,SUB20800,C,C,RING 2,
SUB20813,SUB,JTBNN,Sumenep ,Kalianget,,SUB-SUP,SUB10000,SUB20800,C,C,RING 2,
SUB20814,SUB,JTBNN,Sumenep ,Lenteng,,SUB-SUP,SUB10000,SUB20800,C,C,RING 2,
SUB20815,SUB,JTBNN,Sumenep ,Manding,,SUB-SUP,SUB10000,SUB20800,C,C,RING 2,
SUB20816,SUB,JTBNN,Sumenep ,Masalembu,,SUB-SUP,SUB10000,SUB20800,D,D,RING 2,
SUB20817,SUB,JTBNN,Sumenep ,Nonggunong,,SUB-SUP,SUB10000,SUB20800,D,D,RING 2,
SUB20818,SUB,JTBNN,Sumenep ,Pasongsongan,,SUB-SUP,SUB10000,SUB20800,C,C,RING 2,
SUB20819,SUB,JTBNN,Sumenep ,Pragaan,,SUB-SUP,SUB10000,SUB20800,C,C,RING 2,
SUB20820,SUB,JTBNN,Sumenep ,Ra'as,,SUB-SUP,SUB10000,SUB20800,D,D,RING 2,
SUB20821,SUB,JTBNN,Sumenep ,Rubaru,,SUB-SUP,SUB10000,SUB20800,C,C,RING 2,
SUB20822,SUB,JTBNN,Sumenep ,Sapeken,,SUB-SUP,SUB10000,SUB20800,D,D,RING 2,
SUB20823,SUB,JTBNN,Sumenep ,Saronggi,,SUB-SUP,SUB10000,SUB20800,C,C,RING 2,
SUB20824,SUB,JTBNN,Sumenep ,Talango,,SUB-SUP,SUB10000,SUB20800,D,D,RING 2,
SUB20825,SUB,JTBNN,Sumenep ,Batuan,,SUB-SUP,SUB10000,SUB20800,C,C,RING 2,
SUB20826,SUB,JTBNN,Sumenep ,Kangayan,,SUB-SUP,SUB10000,SUB20800,D,D,RING 2,
SUB20900,SUB,JTBNN,Kab. Tuban,Tuban,CABANG,SUB-TBN,SUB10000,SUB20900,B,B,RING 2,
SUB20901,SUB,JTBNN,Tuban ,Bancar,,SUB-TBN,SUB10000,SUB20900,C,C,RING 2,
SUB20902,SUB,JTBNN,Tuban ,Bangilan,,SUB-TBN,SUB10000,SUB20900,C,C,RING 2,
SUB20903,SUB,JTBNN,Tuban ,Jatirogo,,SUB-TBN,SUB10000,SUB20900,C,C,RING 2,
SUB20904,SUB,JTBNN,Tuban ,Jenu,,SUB-TBN,SUB10000,SUB20900,C,C,RING 2,
SUB20905,SUB,JTBNN,Tuban ,Kenduruan,,SUB-TBN,SUB10000,SUB20900,C,C,RING 2,
SUB20906,SUB,JTBNN,Tuban ,Kerek,,SUB-TBN,SUB10000,SUB20900,C,C,RING 2,
SUB20907,SUB,JTBNN,Tuban ,Merakurak,,SUB-TBN,SUB10000,SUB20900,C,C,RING 2,
SUB20908,SUB,JTBNN,Tuban ,Montong,,SUB-TBN,SUB10000,SUB20900,C,C,RING 2,
SUB20909,SUB,JTBNN,Tuban ,Palang,,SUB-TBN,SUB10000,SUB20900,C,C,RING 2,
SUB20910,SUB,JTBNN,Tuban ,Parengan,,SUB-TBN,SUB10000,SUB20900,C,C,RING 2,
SUB20911,SUB,JTBNN,Tuban ,Plumpang,,SUB-TBN,SUB10000,SUB20900,C,C,RING 2,
SUB20912,SUB,JTBNN,Tuban ,Rengel,,SUB-TBN,SUB10000,SUB20900,C,C,RING 2,
SUB20913,SUB,JTBNN,Tuban ,Semanding,,SUB-TBN,SUB10000,SUB20900,C,C,RING 2,
SUB20914,SUB,JTBNN,Tuban ,Senori,,SUB-TBN,SUB10000,SUB20900,C,C,RING 2,
SUB20915,SUB,JTBNN,Tuban ,Singgahan,,SUB-TBN,SUB10000,SUB20900,C,C,RING 2,
SUB20916,SUB,JTBNN,Tuban ,Soko,,SUB-TBN,SUB10000,SUB20900,C,C,RING 2,
SUB20917,SUB,JTBNN,Tuban ,Tambakboyo,,SUB-TBN,SUB10000,SUB20900,C,C,RING 2,
SUB20918,SUB,JTBNN,Tuban ,Widang,,SUB-TBN,SUB10000,SUB20900,C,C,RING 2,
SUB20919,SUB,JTBNN,Tuban ,Grabagan,,SUB-TBN,SUB10000,SUB20900,C,C,RING 2,
SUB21000,SUB,JTBNN,Kab. Tulungagung,Tulungagung,CABANG,SUB-TLG,SUB21000,SUB21000,B,B,RING 2,
SUB21001,SUB,JTBNN,Tulungagung ,Bandung,,SUB-TLG,SUB21000,SUB21000,C,C,RING 2,
SUB21002,SUB,JTBNN,Tulungagung ,Besuki,,SUB-TLG,SUB21000,SUB21000,C,C,RING 2,
SUB21003,SUB,JTBNN,Tulungagung ,Campur Darat,,SUB-TLG,SUB21000,SUB21000,C,C,RING 2,
SUB21004,SUB,JTBNN,Tulungagung ,Gondang,,SUB-TLG,SUB21000,SUB21000,C,C,RING 2,
SUB21005,SUB,JTBNN,Tulungagung ,Kalidawir,,SUB-TLG,SUB21000,SUB21000,C,C,RING 2,
SUB21006,SUB,JTBNN,Tulungagung ,Karang Rejo,,SUB-TLG,SUB21000,SUB21000,C,C,RING 2,
SUB21008,SUB,JTBNN,Tulungagung ,Ngantru,,SUB-TLG,SUB21000,SUB21000,C,C,RING 2,
SUB21009,SUB,JTBNN,Tulungagung ,Ngunut,,SUB-TLG,SUB21000,SUB21000,C,C,RING 2,
SUB21010,SUB,JTBNN,Tulungagung ,Pagerwojo,,SUB-TLG,SUB21000,SUB21000,C,C,RING 2,
SUB21011,SUB,JTBNN,Tulungagung ,Pakel,,SUB-TLG,SUB21000,SUB21000,C,C,RING 2,
SUB21012,SUB,JTBNN,Tulungagung ,Pucanglaban,,SUB-TLG,SUB21000,SUB21000,C,C,RING 2,
SUB21013,SUB,JTBNN,Tulungagung ,Rejotangan,,SUB-TLG,SUB21000,SUB21000,C,C,RING 2,
SUB21014,SUB,JTBNN,Tulungagung ,Sendang,,SUB-TLG,SUB21000,SUB21000,C,C,RING 2,
SUB21015,SUB,JTBNN,Tulungagung ,Sumbergempol,,SUB-TLG,SUB21000,SUB21000,C,C,RING 2,
SUB21016,SUB,JTBNN,Tulungagung ,Tanggung Gunung,,SUB-TLG,SUB21000,SUB21000,C,C,RING 2,
SUB21017,SUB,JTBNN,Tulungagung ,Boyolangu,,SUB-TLG,SUB21000,SUB21000,C,C,RING 2,
SUB21018,SUB,JTBNN,Tulungagung ,Kauman,,SUB-TLG,SUB21000,SUB21000,C,C,RING 2,
SUB21019,SUB,JTBNN,Tulungagung ,Kedungwaru,,SUB-TLG,SUB21000,SUB21000,B,C,RING 2,
SUB22000,SUB,JTBNN,Kab. Trenggalek,Trenggalek,CABANG,SUB-TRL,SUB22000,SUB22000,B,B,RING 2,
SUB22001,SUB,JTBNN,Trenggalek ,Bendungan,,SUB-TRL,SUB22000,SUB22000,C,C,RING 2,
SUB22002,SUB,JTBNN,Trenggalek ,Dongko,,SUB-TRL,SUB22000,SUB22000,C,C,RING 2,
SUB22003,SUB,JTBNN,Trenggalek ,Durenan,,SUB-TRL,SUB22000,SUB22000,C,C,RING 2,
SUB22004,SUB,JTBNN,Trenggalek ,Gandusari,,SUB-TRL,SUB22000,SUB22000,C,C,RING 2,
SUB22005,SUB,JTBNN,Trenggalek ,Kampak,,SUB-TRL,SUB22000,SUB22000,C,C,RING 2,
SUB22006,SUB,JTBNN,Trenggalek ,Karangan,,SUB-TRL,SUB22000,SUB22000,C,C,RING 2,
SUB22007,SUB,JTBNN,Trenggalek ,Munjungan,,SUB-TRL,SUB22000,SUB22000,C,C,RING 2,
SUB22008,SUB,JTBNN,Trenggalek ,Panggul,,SUB-TRL,SUB22000,SUB22000,C,C,RING 2,
SUB22009,SUB,JTBNN,Trenggalek ,Pogalan,,SUB-TRL,SUB22000,SUB22000,C,C,RING 2,
SUB22010,SUB,JTBNN,Trenggalek ,Pule,,SUB-TRL,SUB22000,SUB22000,C,C,RING 2,
SUB22011,SUB,JTBNN,Trenggalek ,Tugu,,SUB-TRL,SUB22000,SUB22000,C,C,RING 2,
SUB22012,SUB,JTBNN,Trenggalek ,Watulimo,,SUB-TRL,SUB22000,SUB22000,C,C,RING 2,
SUB22013,SUB,JTBNN,Trenggalek ,Suruh,,SUB-TRL,SUB22000,SUB22000,C,C,RING 2,
BDJ10000,BDJ,KALIMANTAN,Kota Banjarmasin,Banjarmasin,CABANG UTAMA,BDJ,BDJ10000,BDJ10000,A,A,RING 1,
BDJ10001,BDJ,KALIMANTAN,Banjarmasin ,Banjarmasin Barat,,BDJ,BDJ10000,BDJ10000,A,A,RING 1,
BDJ10002,BDJ,KALIMANTAN,Banjarmasin ,Banjarmasin Selatan,,BDJ,BDJ10000,BDJ10000,A,A,RING 1,
BDJ10003,BDJ,KALIMANTAN,Banjarmasin ,Banjarmasin Tengah,,BDJ,BDJ10000,BDJ10000,A,A,RING 1,
BDJ10004,BDJ,KALIMANTAN,Banjarmasin ,Banjarmasin Timur,,BDJ,BDJ10000,BDJ10000,A,A,RING 1,
BDJ10005,BDJ,KALIMANTAN,Banjarmasin ,Banjarmasin Utara,,BDJ,BDJ10000,BDJ10000,A,A,RING 1,
BDJ10100,BDJ,KALIMANTAN,Kab. Hulu Sungai Tengah,Barabai,CABANG,BDJ-BRB,BDJ10000,BDJ10100,B,B,RING 2,
BDJ10101,BDJ,KALIMANTAN,Hulu Sungai Tengah ,Batang Alai Selatan,,BDJ-BRB,BDJ10000,BDJ10100,C,C,RING 2,
BDJ10102,BDJ,KALIMANTAN,Hulu Sungai Tengah ,Batu Benawa,,BDJ-BRB,BDJ10000,BDJ10100,C,C,RING 2,
BDJ10103,BDJ,KALIMANTAN,Hulu Sungai Tengah ,Batang Alai Utara,,BDJ-BRB,BDJ10000,BDJ10100,C,C,RING 2,
BDJ10104,BDJ,KALIMANTAN,Hulu Sungai Tengah ,Haruyan,,BDJ-BRB,BDJ10000,BDJ10100,C,C,RING 2,
BDJ10105,BDJ,KALIMANTAN,Hulu Sungai Tengah ,Labuan Amas Selatan,,BDJ-BRB,BDJ10000,BDJ10100,C,C,RING 2,
BDJ10106,BDJ,KALIMANTAN,Hulu Sungai Tengah ,Labuan Amas Utara,,BDJ-BRB,BDJ10000,BDJ10100,C,C,RING 2,
BDJ10107,BDJ,KALIMANTAN,Hulu Sungai Tengah ,Pandawan,,BDJ-BRB,BDJ10000,BDJ10100,C,C,RING 2,
BDJ10108,BDJ,KALIMANTAN,Batang Alai Tengah,Batang Alai Tengah,,BDJ-BRB,BDJ10000,BDJ10100,C,C,RING 2,
BDJ10109,BDJ,KALIMANTAN,Hulu Sungai Tengah ,Hantakan,,BDJ-BRB,BDJ10000,BDJ10100,C,C,RING 2,
BDJ10110,BDJ,KALIMANTAN,Hulu Sungai Tengah ,Limpasu,,BDJ-BRB,BDJ10000,BDJ10100,C,C,RING 2,
BDJ10111,BDJ,KALIMANTAN,Hulu Sungai Tengah ,Batang Alai Timur,,BDJ-BRB,BDJ10000,BDJ10100,C,C,RING 2,
BDJ10200,BDJ,KALIMANTAN,Kab. Hulu Sungai Selatan,Kandangan,CABANG,BDJ-KGN,BDJ10000,BDJ10200,B,B,RING 2,
BDJ10201,BDJ,KALIMANTAN,Hulu Sungai Selatan ,Angkinang,,BDJ-KGN,BDJ10000,BDJ10200,C,C,RING 2,
BDJ10202,BDJ,KALIMANTAN,Hulu Sungai Selatan ,Daha Selatan,,BDJ-KGN,BDJ10000,BDJ10200,C,C,RING 2,
BDJ10203,BDJ,KALIMANTAN,Hulu Sungai Selatan ,Daha Utara,,BDJ-KGN,BDJ10000,BDJ10200,C,C,RING 2,
BDJ10204,BDJ,KALIMANTAN,Hulu Sungai Selatan ,Kalumpang (Kelumpang),,BDJ-KGN,BDJ10000,BDJ10200,C,C,RING 2,
BDJ10205,BDJ,KALIMANTAN,Hulu Sungai Selatan ,Loksado,,BDJ-KGN,BDJ10000,BDJ10200,C,D,RING 2,
BDJ10206,BDJ,KALIMANTAN,Hulu Sungai Selatan ,Padang Batung,,BDJ-KGN,BDJ10000,BDJ10200,C,C,RING 2,
BDJ10207,BDJ,KALIMANTAN,Hulu Sungai Selatan ,Simpur,,BDJ-KGN,BDJ10000,BDJ10200,C,C,RING 2,
BDJ10208,BDJ,KALIMANTAN,Hulu Sungai Selatan ,Sungai Raya,,BDJ-KGN,BDJ10000,BDJ10200,C,C,RING 2,
BDJ10209,BDJ,KALIMANTAN,Hulu Sungai Selatan ,Telaga Langsat,,BDJ-KGN,BDJ10000,BDJ10200,C,C,RING 2,
BDJ10210,BDJ,KALIMANTAN,Hulu Sungai Selatan ,Daha Barat,,BDJ-KGN,BDJ10000,BDJ10200,C,C,RING 2,
BDJ10300,BDJ,KALIMANTAN,Kab. Kota Baru,Kota Baru,CABANG,BDJ-KBU,BDJ10000,BDJ10300,B,B,RING 2,
BDJ10302,BDJ,KALIMANTAN,Kota Baru,Hampang,CABANG,BDJ-HPG,BDJ10000,BDJ10302,C,C,RING 2,
BDJ10303,BDJ,KALIMANTAN,Kotabaru ,Kelumpang Utara,,BDJ-HPG,BDJ10000,BDJ10302,C,D,RING 2,
BDJ10304,BDJ,KALIMANTAN,Kotabaru ,Kelumpang Tengah,,BDJ-HPG,BDJ10000,BDJ10302,C,D,RING 2,
BDJ10305,BDJ,KALIMANTAN,Kotabaru ,Kelumpang Hulu,,BDJ-HPG,BDJ10000,BDJ10302,C,D,RING 2,
BDJ10306,BDJ,KALIMANTAN,Kotabaru ,Kelumpang Selatan,,BDJ-HPG,BDJ10000,BDJ10302,C,D,RING 2,
BDJ10309,BDJ,KALIMANTAN,Kotabaru ,Pamukan Utara,,BDJ-HPG,BDJ10000,BDJ10302,C,D,RING 2,
BDJ10310,BDJ,KALIMANTAN,Kotabaru ,Pamukan Selatan,,BDJ-HPG,BDJ10000,BDJ10302,C,D,RING 2,
BDJ10311,BDJ,KALIMANTAN,Kotabaru ,Pulau Laut Selatan,,BDJ-HPG,BDJ10000,BDJ10302,C,D,RING 2,
BDJ10312,BDJ,KALIMANTAN,Kotabaru ,Pulau Laut Barat,,BDJ-HPG,BDJ10000,BDJ10302,C,D,RING 2,
BDJ10313,BDJ,KALIMANTAN,Kotabaru ,Pulau Laut Timur,,BDJ-HPG,BDJ10000,BDJ10302,C,D,RING 2,
BDJ10314,BDJ,KALIMANTAN,Kotabaru ,Pulau Sembilan,,BDJ-HPG,BDJ10000,BDJ10302,C,D,RING 2,
BDJ10315,BDJ,KALIMANTAN,Kotabaru ,Pulau Sebuku,,BDJ-HPG,BDJ10000,BDJ10302,C,D,RING 2,
BDJ10316,BDJ,KALIMANTAN,Kotabaru ,Sampanahan,,BDJ-HPG,BDJ10000,BDJ10302,C,D,RING 2,
BDJ10318,BDJ,KALIMANTAN,Kotabaru ,Sungai Durian,,BDJ-HPG,BDJ10000,BDJ10302,C,D,RING 2,
BDJ10319,BDJ,KALIMANTAN,Kotabaru ,Pulau Laut Utara,,BDJ-HPG,BDJ10000,BDJ10302,C,C,RING 2,
BDJ10320,BDJ,KALIMANTAN,Kotabaru ,Pulau Laut Tengah,,BDJ-HPG,BDJ10000,BDJ10302,C,C,RING 2,
BDJ10321,BDJ,KALIMANTAN,Kotabaru ,Pulau Laut Kepulauan,,BDJ-HPG,BDJ10000,BDJ10302,C,D,RING 2,
BDJ10322,BDJ,KALIMANTAN,Kotabaru ,Pamukan Barat,,BDJ-HPG,BDJ10000,BDJ10302,C,D,RING 2,
BDJ10323,BDJ,KALIMANTAN,Kotabaru ,Kelumpang Hilir,,BDJ-HPG,BDJ10000,BDJ10302,C,C,RING 2,
BDJ10324,BDJ,KALIMANTAN,Kotabaru ,Kelumpang Barat,,BDJ-HPG,BDJ10000,BDJ10302,C,C,RING 2,
BDJ10325,BDJ,KALIMANTAN,Kotabaru ,Pulau Laut Tanjung Selayar,,BDJ-HPG,BDJ10000,BDJ10302,C,D,RING 2,
BDJ10400,BDJ,KALIMANTAN,Kab. Tabalong,Tanjung,CABANG,BDJ-TJL,BDJ10000,BDJ10400,B,B,RING 2,
BDJ10401,BDJ,KALIMANTAN,Tabalong ,Banua Lawas,,BDJ-TJL,BDJ10000,BDJ10400,C,C,RING 2,
BDJ10402,BDJ,KALIMANTAN,Tabalong ,Haruai,,BDJ-TJL,BDJ10000,BDJ10400,C,C,RING 2,
BDJ10403,BDJ,KALIMANTAN,Tabalong ,Jaro,,BDJ-TJL,BDJ10000,BDJ10400,C,C,RING 2,
BDJ10404,BDJ,KALIMANTAN,Tabalong,Kelua,CABANG,BDJ-KLU,BDJ10000,BDJ10404,C,C,RING 2,
BDJ10405,BDJ,KALIMANTAN,Tabalong ,Muara Harus,,BDJ-KLU,BDJ10000,BDJ10404,C,C,RING 2,
BDJ10406,BDJ,KALIMANTAN,Tabalong ,Muara Uya,,BDJ-KLU,BDJ10000,BDJ10404,C,C,RING 2,
BDJ10407,BDJ,KALIMANTAN,Tabalong ,Murung Pudak,,BDJ-KLU,BDJ10000,BDJ10404,C,C,RING 2,
BDJ10408,BDJ,KALIMANTAN,Tabalong ,Pugaan,,BDJ-KLU,BDJ10000,BDJ10404,C,C,RING 2,
BDJ10409,BDJ,KALIMANTAN,Tabalong ,Tanta,,BDJ-KLU,BDJ10000,BDJ10404,C,C,RING 2,
BDJ10410,BDJ,KALIMANTAN,Tabalong ,Upau,,BDJ-KLU,BDJ10000,BDJ10404,C,C,RING 2,
BDJ10412,BDJ,KALIMANTAN,Tabalong ,Bintang Ara,,BDJ-KLU,BDJ10000,BDJ10404,C,C,RING 2,
BDJ10500,BDJ,KALIMANTAN,Kota Banjarbaru,BanjarBaru,CABANG,BDJ-BJB,BDJ10000,BDJ10500,A,A,RING 1,
BDJ10501,BDJ,KALIMANTAN,Banjarbaru ,Cempaka,,BDJ-BJB,BDJ10000,BDJ10500,B,B,RING 2,
BDJ10502,BDJ,KALIMANTAN,Banjarbaru ,Landasan Ulin,,BDJ-BJB,BDJ10000,BDJ10500,B,B,RING 2,
BDJ10503,BDJ,KALIMANTAN,Banjarbaru ,Liang Anggang,,BDJ-BJB,BDJ10000,BDJ10500,B,B,RING 2,
BDJ10504,BDJ,KALIMANTAN,Banjarbaru ,Banjar Baru Utara,,BDJ-BJB,BDJ10000,BDJ10500,B,B,RING 2,
BDJ10505,BDJ,KALIMANTAN,Banjarbaru ,Banjar Baru Selatan,,BDJ-BJB,BDJ10000,BDJ10500,B,B,RING 2,
BDJ20100,BDJ,KALIMANTAN,Kab. Hulu Sungai Utara,Amuntai,CABANG,BDJ-AMT,BDJ10000,BDJ20100,B,B,RING 2,
BDJ20101,BDJ,KALIMANTAN,Hulu Sungai Utara ,Amuntai Utara,,BDJ-AMT,BDJ10000,BDJ20100,B,B,RING 2,
BDJ20102,BDJ,KALIMANTAN,Hulu Sungai Utara ,Amuntai Selatan,,BDJ-AMT,BDJ10000,BDJ20100,B,B,RING 2,
BDJ20104,BDJ,KALIMANTAN,Hulu Sungai Utara ,Babirik,,BDJ-AMT,BDJ10000,BDJ20100,C,C,RING 2,
BDJ20106,BDJ,KALIMANTAN,Hulu Sungai Utara ,Danau Panggang,,BDJ-AMT,BDJ10000,BDJ20100,C,C,RING 2,
BDJ20111,BDJ,KALIMANTAN,Hulu Sungai Utara ,Sungai Pandan,,BDJ-AMT,BDJ10000,BDJ20100,C,C,RING 2,
BDJ20112,BDJ,KALIMANTAN,Hulu Sungai Utara ,Amuntai Tengah,,BDJ-AMT,BDJ10000,BDJ20100,B,B,RING 2,
BDJ20113,BDJ,KALIMANTAN,Hulu Sungai Utara ,Banjang,,BDJ-AMT,BDJ10000,BDJ20100,C,C,RING 2,
BDJ20114,BDJ,KALIMANTAN,Hulu Sungai Utara ,Sungai Tabukan,,BDJ-AMT,BDJ10000,BDJ20100,C,C,RING 2,
BDJ20115,BDJ,KALIMANTAN,Hulu Sungai Utara ,Paminggir,,BDJ-AMT,BDJ10000,BDJ20100,C,C,RING 2,
BDJ20116,BDJ,KALIMANTAN,Hulu Sungai Utara ,Haur Gading,,BDJ-AMT,BDJ10000,BDJ20100,C,C,RING 2,
BDJ20200,BDJ,KALIMANTAN,Kab. Barito Kuala,Marabahan,CABANG,BDJ-MRB,BDJ10000,BDJ20200,B,B,RING 2,
BDJ20201,BDJ,KALIMANTAN,Barito Kuala ,Alalak,,BDJ-MRB,BDJ10000,BDJ20200,C,C,RING 2,
BDJ20202,BDJ,KALIMANTAN,Barito Kuala ,Anjir Pasar,,BDJ-MRB,BDJ10000,BDJ20200,C,C,RING 2,
BDJ20203,BDJ,KALIMANTAN,Barito Kuala ,Anjir Muara,,BDJ-MRB,BDJ10000,BDJ20200,C,C,RING 2,
BDJ20204,BDJ,KALIMANTAN,Barito Kuala ,Barambai,,BDJ-MRB,BDJ10000,BDJ20200,C,C,RING 2,
BDJ20205,BDJ,KALIMANTAN,Barito Kuala ,Belawang,,BDJ-MRB,BDJ10000,BDJ20200,C,C,RING 2,
BDJ20206,BDJ,KALIMANTAN,Barito Kuala ,Cerbon,,BDJ-MRB,BDJ10000,BDJ20200,C,C,RING 2,
BDJ20207,BDJ,KALIMANTAN,Barito Kuala ,Kuripan,,BDJ-MRB,BDJ10000,BDJ20200,C,C,RING 2,
BDJ20208,BDJ,KALIMANTAN,Barito Kuala ,Mandastana,,BDJ-MRB,BDJ10000,BDJ20200,C,C,RING 2,
BDJ20209,BDJ,KALIMANTAN,Barito Kuala ,Mekar Sari,,BDJ-MRB,BDJ10000,BDJ20200,C,C,RING 2,
BDJ20210,BDJ,KALIMANTAN,Barito Kuala ,Rantau Badauh,,BDJ-MRB,BDJ10000,BDJ20200,C,C,RING 2,
BDJ20211,BDJ,KALIMANTAN,Barito Kuala ,Tabunganen,,BDJ-MRB,BDJ10000,BDJ20200,C,C,RING 2,
BDJ20212,BDJ,KALIMANTAN,Barito Kuala ,Tabukan,,BDJ-MRB,BDJ10000,BDJ20200,C,C,RING 2,
BDJ20213,BDJ,KALIMANTAN,Barito Kuala ,Tamban,,BDJ-MRB,BDJ10000,BDJ20200,C,C,RING 2,
BDJ20214,BDJ,KALIMANTAN,Barito Kuala ,Bakumpai,,BDJ-MRB,BDJ10000,BDJ20200,C,C,RING 2,
BDJ20215,BDJ,KALIMANTAN,Barito Kuala ,Wanaraya,,BDJ-MRB,BDJ10000,BDJ20200,C,C,RING 2,
BDJ20216,BDJ,KALIMANTAN,Barito Kuala ,Jejangkit,,BDJ-MRB,BDJ10000,BDJ20200,C,C,RING 2,
BDJ20300,BDJ,KALIMANTAN,Kab. Banjar,Martapura,CABANG,BDJ-MTP,BDJ10000,BDJ20300,B,B,RING 2,
BDJ20301,BDJ,KALIMANTAN,Banjar ,Aluh-Aluh,,BDJ-MTP,BDJ10000,BDJ20300,C,C,RING 2,
BDJ20302,BDJ,KALIMANTAN,Banjar ,Astambul,,BDJ-MTP,BDJ10000,BDJ20300,C,C,RING 2,
BDJ20303,BDJ,KALIMANTAN,Banjar,Gambut,CABANG,BDJ-GBT,BDJ10000,BDJ20303,B,B,RING 2,
BDJ20304,BDJ,KALIMANTAN,Banjar ,Karang Intan,,BDJ-GBT,BDJ10000,BDJ20303,C,C,RING 2,
BDJ20305,BDJ,KALIMANTAN,Banjar ,Kertak Hanyar,,BDJ-GBT,BDJ10000,BDJ20303,C,C,RING 2,
BDJ20306,BDJ,KALIMANTAN,Banjar ,Pengaron,,BDJ-GBT,BDJ10000,BDJ20303,C,C,RING 2,
BDJ20307,BDJ,KALIMANTAN,Simpang Empat,Simpang Empat,,BDJ-GBT,BDJ10000,BDJ20303,C,C,RING 2,
BDJ20308,BDJ,KALIMANTAN,Banjar ,Sei/Sungai Tabuk,,BDJ-GBT,BDJ10000,BDJ20303,C,C,RING 2,
BDJ20309,BDJ,KALIMANTAN,Banjar ,Sei/Sungai Pinang,,BDJ-GBT,BDJ10000,BDJ20303,C,C,RING 2,
BDJ20310,BDJ,KALIMANTAN,Banjar ,Aranio,,BDJ-GBT,BDJ10000,BDJ20303,C,C,RING 2,
BDJ20311,BDJ,KALIMANTAN,Banjar ,Mataraman,,BDJ-GBT,BDJ10000,BDJ20303,C,C,RING 2,
BDJ20312,BDJ,KALIMANTAN,Banjar ,Telaga Bauntung,,BDJ-GBT,BDJ10000,BDJ20303,C,C,RING 2,
BDJ20313,BDJ,KALIMANTAN,Banjar ,Tatah Makmur,,BDJ-GBT,BDJ10000,BDJ20303,C,C,RING 2,
BDJ20316,BDJ,KALIMANTAN,Banjar ,Sambung Makmur,,BDJ-GBT,BDJ10000,BDJ20303,C,C,RING 2,
BDJ20317,BDJ,KALIMANTAN,Banjar ,Peramasan,,BDJ-GBT,BDJ10000,BDJ20303,C,C,RING 2,
BDJ20318,BDJ,KALIMANTAN,Banjar ,Martapura Timur,,BDJ-GBT,BDJ10000,BDJ20303,C,C,RING 2,
BDJ20319,BDJ,KALIMANTAN,Banjar ,Martapura Barat,,BDJ-GBT,BDJ10000,BDJ20303,C,C,RING 2,
BDJ20320,BDJ,KALIMANTAN,Banjar ,Beruntung Baru,,BDJ-GBT,BDJ10000,BDJ20303,C,C,RING 2,
BDJ20321,BDJ,KALIMANTAN,Banjar ,Simpang Empat,,BDJ-GBT,BDJ10000,BDJ20303,C,C,RING 2,
BDJ20400,BDJ,KALIMANTAN,Tanah Laut,Pelaihari,CABANG,BDJ-PRI,BDJ10000,BDJ20400,B,B,RING 2,
BDJ20401,BDJ,KALIMANTAN,Kab. Tanah Laut,Bati-Bati,CABANG,BDJ-BTI,BDJ10000,BDJ20401,C,C,RING 2,
BDJ20402,BDJ,KALIMANTAN,Tanah Laut,Jorong,CABANG,BDJ-ASM,BDJ10000,BDJ20402,C,C,RING 2,
BDJ20403,BDJ,KALIMANTAN,Tanah Laut ,Kintap,,BDJ-ASM,BDJ10000,BDJ20402,C,C,RING 2,
BDJ20404,BDJ,KALIMANTAN,Tanah Laut ,Kurau,,BDJ-ASM,BDJ10000,BDJ20402,C,C,RING 2,
BDJ20405,BDJ,KALIMANTAN,Tanah Laut ,Panyipatan,,BDJ-ASM,BDJ10000,BDJ20402,C,C,RING 2,
BDJ20406,BDJ,KALIMANTAN,Tanah Laut ,Takisung,,BDJ-ASM,BDJ10000,BDJ20402,C,C,RING 2,
BDJ20407,BDJ,KALIMANTAN,Tanah Laut ,Batu Ampar,,BDJ-ASM,BDJ10000,BDJ20402,C,C,RING 2,
BDJ20408,BDJ,KALIMANTAN,Tanah Laut ,Tambang Ulang,,BDJ-ASM,BDJ10000,BDJ20402,C,C,RING 2,
BDJ20409,BDJ,KALIMANTAN,Tanah Laut ,Bajuin,,BDJ-ASM,BDJ10000,BDJ20402,C,C,RING 2,
BDJ20410,BDJ,KALIMANTAN,Tanah Laut ,Bumi Makmur,,BDJ-ASM,BDJ10000,BDJ20402,C,C,RING 2,
BDJ20500,BDJ,KALIMANTAN,Kab. Tampin,Rantau,CABANG,BDJ-RTA,BDJ10000,BDJ20500,B,B,RING 2,
BDJ20501,BDJ,KALIMANTAN,Tapin ,Bakarangan,,BDJ-RTA,BDJ10000,BDJ20500,C,C,RING 2,
BDJ20502,BDJ,KALIMANTAN,Tampin,Binuang,CABANG,BDJ-BNG,BDJ10000,BDJ20502,C,B,RING 2,
BDJ20503,BDJ,KALIMANTAN,Tapin ,Bungur,,BDJ-BNG,BDJ10000,BDJ20502,C,C,RING 2,
BDJ20504,BDJ,KALIMANTAN,Tapin ,Candi Laras Utara,,BDJ-BNG,BDJ10000,BDJ20502,C,C,RING 2,
BDJ20505,BDJ,KALIMANTAN,Tapin ,Candi Laras Selatan,,BDJ-BNG,BDJ10000,BDJ20502,C,C,RING 2,
BDJ20506,BDJ,KALIMANTAN,Tapin ,Hatungun,,BDJ-BNG,BDJ10000,BDJ20502,C,C,RING 2,
BDJ20507,BDJ,KALIMANTAN,Tapin ,Lokpaikat,,BDJ-BNG,BDJ10000,BDJ20502,C,C,RING 2,
BDJ20508,BDJ,KALIMANTAN,Tapin ,Piani,,BDJ-BNG,BDJ10000,BDJ20502,C,C,RING 2,
BDJ20509,BDJ,KALIMANTAN,Tapin ,Salam Babaris,,BDJ-BNG,BDJ10000,BDJ20502,C,C,RING 2,
BDJ20510,BDJ,KALIMANTAN,Tapin ,Tapin Tengah,,BDJ-BNG,BDJ10000,BDJ20502,C,C,RING 2,
BDJ20511,BDJ,KALIMANTAN,Tapin ,Tapin Selatan,,BDJ-BNG,BDJ10000,BDJ20502,C,C,RING 2,
BDJ20512,BDJ,KALIMANTAN,Tapin ,Tapin Utara,,BDJ-BNG,BDJ10000,BDJ20502,C,C,RING 2,
BDJ20700,BDJ,KALIMANTAN,Kab. Barito Utara,Muara Teweh,CABANG,BDJ-MTW,BDJ10000,BDJ20700,B,B,RING 2,
BDJ20701,BDJ,KALIMANTAN,Barito Utara ,Gunung Purei,,BDJ-MTW,BDJ10000,BDJ20700,C,D,RING 2,
BDJ20702,BDJ,KALIMANTAN,Barito Utara ,Gunung Timang,,BDJ-MTW,BDJ10000,BDJ20700,C,D,RING 2,
BDJ20703,BDJ,KALIMANTAN,Barito Utara ,Lahei,,BDJ-MTW,BDJ10000,BDJ20700,C,D,RING 2,
BDJ20704,BDJ,KALIMANTAN,Barito Utara ,Montallat (Montalat),,BDJ-MTW,BDJ10000,BDJ20700,C,D,RING 2,
BDJ20705,BDJ,KALIMANTAN,Barito Utara ,Teweh Timur,,BDJ-MTW,BDJ10000,BDJ20700,C,C,RING 2,
BDJ20706,BDJ,KALIMANTAN,Barito Utara ,Teweh Tengah,,BDJ-MTW,BDJ10000,BDJ20700,C,C,RING 2,
BDJ20707,BDJ,KALIMANTAN,Barito Utara ,Lahei Barat,,BDJ-MTW,BDJ10000,BDJ20700,C,D,RING 2,
BDJ20708,BDJ,KALIMANTAN,Barito Utara ,Teweh Selatan,,BDJ-MTW,BDJ10000,BDJ20700,C,C,RING 2,
BDJ20709,BDJ,KALIMANTAN,Barito Utara ,Teweh Baru,,BDJ-MTW,BDJ10000,BDJ20700,C,C,RING 2,
BDJ20800,BDJ,KALIMANTAN,Kab. Barito Timur,Tamiang Layang,CABANG,BDJ-TML,BDJ10000,BDJ20800,B,B,RING 2,
BDJ20801,BDJ,KALIMANTAN,Barito Timur ,Awang,,BDJ-TML,BDJ10000,BDJ20800,C,C,RING 2,
BDJ20802,BDJ,KALIMANTAN,Barito Timur ,Benua Lima,,BDJ-TML,BDJ10000,BDJ20800,C,C,RING 2,
BDJ20803,BDJ,KALIMANTAN,Barito Timur,Dusun Tengah,CABANG,BDJ-AMP,BDJ10000,BDJ20803,C,C,RING 2,
BDJ20804,BDJ,KALIMANTAN,Barito Timur ,Patangkep Tutui,,BDJ-AMP,BDJ10000,BDJ20803,C,C,RING 2,
BDJ20805,BDJ,KALIMANTAN,Barito Timur ,Pematang Karau,,BDJ-AMP,BDJ10000,BDJ20803,C,C,RING 2,
BDJ20806,BDJ,KALIMANTAN,Barito Timur ,Dusun Timur,,BDJ-AMP,BDJ10000,BDJ20803,C,C,RING 2,
BDJ20807,BDJ,KALIMANTAN,Barito Timur ,Karusen Janang,,BDJ-AMP,BDJ10000,BDJ20803,C,C,RING 2,
BDJ20808,BDJ,KALIMANTAN,Barito Timur ,Paju Epat,,BDJ-AMP,BDJ10000,BDJ20803,C,C,RING 2,
BDJ20809,BDJ,KALIMANTAN,Barito Timur ,Paku,,BDJ-AMP,BDJ10000,BDJ20803,C,C,RING 2,
BDJ20810,BDJ,KALIMANTAN,Barito Timur ,Raren Batuah,,BDJ-AMP,BDJ10000,BDJ20803,C,C,RING 2,
BDJ20900,BDJ,KALIMANTAN,Kab. Murung Raya,Puruk Cahu,CABANG,BDJ-PRC,BDJ10000,BDJ20900,B,B,RING 2,
BDJ20901,BDJ,KALIMANTAN,Murung Raya ,Laung Tuhup,,BDJ-PRC,BDJ10000,BDJ20900,C,C,RING 2,
BDJ20902,BDJ,KALIMANTAN,Murung Raya ,Permata Intan,,BDJ-PRC,BDJ10000,BDJ20900,C,C,RING 2,
BDJ20903,BDJ,KALIMANTAN,Murung Raya ,Sumber Barito,,BDJ-PRC,BDJ10000,BDJ20900,C,C,RING 2,
BDJ20904,BDJ,KALIMANTAN,Murung Raya ,Tanah Siang,,BDJ-PRC,BDJ10000,BDJ20900,C,C,RING 2,
BDJ20905,BDJ,KALIMANTAN,Murung Raya ,Murung,,BDJ-PRC,BDJ10000,BDJ20900,C,C,RING 2,
BDJ20906,BDJ,KALIMANTAN,Murung Raya ,Barito Tuhup Raya,,BDJ-PRC,BDJ10000,BDJ20900,C,C,RING 2,
BDJ20907,BDJ,KALIMANTAN,Murung Raya ,Seribu Riam,,BDJ-PRC,BDJ10000,BDJ20900,C,C,RING 2,
BDJ20908,BDJ,KALIMANTAN,Murung Raya ,Sungai Babuat,,BDJ-PRC,BDJ10000,BDJ20900,C,C,RING 2,
BDJ20909,BDJ,KALIMANTAN,Murung Raya ,Tanah Siang Selatan,,BDJ-PRC,BDJ10000,BDJ20900,C,C,RING 2,
BDJ20910,BDJ,KALIMANTAN,Murung Raya ,Uut Murung,,BDJ-PRC,BDJ10000,BDJ20900,C,C,RING 2,
BDJ21100,BDJ,KALIMANTAN,Kab. Barito Selatan,Buntok,CABANG,BDJ-BNT,BDJ10000,BDJ21100,B,B,RING 2,
BDJ21102,BDJ,KALIMANTAN,Barito Selatan ,Dusun Hilir,,BDJ-BNT,BDJ10000,BDJ21100,C,C,RING 2,
BDJ21103,BDJ,KALIMANTAN,Barito Selatan ,Dusun Utara,,BDJ-BNT,BDJ10000,BDJ21100,C,D,RING 2,
BDJ21104,BDJ,KALIMANTAN,Barito Selatan ,Jenamas,,BDJ-BNT,BDJ10000,BDJ21100,C,D,RING 2,
BDJ21105,BDJ,KALIMANTAN,Barito Selatan ,Karau Kuala,,BDJ-BNT,BDJ10000,BDJ21100,C,D,RING 2,
BDJ21107,BDJ,KALIMANTAN,Barito Selatan ,Dusun Selatan,,BDJ-BNT,BDJ10000,BDJ21100,C,C,RING 2,
BDJ21108,BDJ,KALIMANTAN,Barito Selatan ,Gunung Bintang Awai,,BDJ-BNT,BDJ10000,BDJ21100,C,C,RING 2,
BDJ21200,BDJ,KALIMANTAN,Kab. Balangan,Paringin,CABANG,BDJ-BLG,BDJ10000,BDJ21200,B,B,RING 2,
BDJ21201,BDJ,KALIMANTAN,Balangan ,Awayan,,BDJ-BLG,BDJ10000,BDJ21200,C,C,RING 2,
BDJ21202,BDJ,KALIMANTAN,Balangan ,Batu Mandi,,BDJ-BLG,BDJ10000,BDJ21200,C,C,RING 2,
BDJ21203,BDJ,KALIMANTAN,Balangan ,Halong,,BDJ-BLG,BDJ10000,BDJ21200,C,C,RING 2,
BDJ21204,BDJ,KALIMANTAN,Balangan ,Juai,,BDJ-BLG,BDJ10000,BDJ21200,C,C,RING 2,
BDJ21205,BDJ,KALIMANTAN,Balangan ,Lampihong,,BDJ-BLG,BDJ10000,BDJ21200,C,C,RING 2,
BDJ21206,BDJ,KALIMANTAN,Balangan ,Paringin Selatan,,BDJ-BLG,BDJ10000,BDJ21200,C,C,RING 2,
BDJ21207,BDJ,KALIMANTAN,Balangan ,Tebing Tinggi,,BDJ-BLG,BDJ10000,BDJ21200,C,C,RING 2,
BDJ21300,BDJ,KALIMANTAN,Kab. Tanah Bambu,Batu Licin,CABANG,BDJ-BTW,BDJ10000,BDJ21300,B,B,RING 2,
BDJ21301,BDJ,KALIMANTAN,Tanah Bambu,Kusan Hilir,CABANG,BDJ-PGT,BDJ10000,BDJ21301,C,C,RING 2,
BDJ21302,BDJ,KALIMANTAN,Tanah Bumbu ,Kusan Hulu,,BDJ-PGT,BDJ10000,BDJ21301,C,C,RING 2,
BDJ21303,BDJ,KALIMANTAN,Kab. Tanah Bambu,Satui,CABANG,BDJ-SDU,BDJ10000,BDJ21303,C,C,RING 2,
BDJ21304,BDJ,KALIMANTAN,Kab. Tanah Bambu,Sungai Loban,CABANG,BDJ-SLB,BDJ10000,BDJ21304,C,C,RING 2,
BDJ21305,BDJ,KALIMANTAN,Tanah Bumbu ,Mantewe,,BDJ-SLB,BDJ10000,BDJ21304,C,C,RING 2,
BDJ21306,BDJ,KALIMANTAN,Tanah Bumbu ,Kuranji,,BDJ-SLB,BDJ10000,BDJ21304,C,C,RING 2,
BDJ21307,BDJ,KALIMANTAN,Tanah Bumbu ,Karang Bintang,,BDJ-SLB,BDJ10000,BDJ21304,C,C,RING 2,
BDJ21308,BDJ,KALIMANTAN,Tanah Bumbu ,Angsana,,BDJ-SLB,BDJ10000,BDJ21304,C,C,RING 2,
BDJ21309,BDJ,KALIMANTAN,Tanah Bumbu ,Simpang Empat,,BDJ-SLB,BDJ10000,BDJ21304,C,C,RING 2,
BPN10000,BPN,KALIMANTAN,Kota Balikpapan,Balikpapan,CABANG UTAMA,BPN,BPN10000,BPN10000,A,A,RING 1,
BPN10008,BPN,KALIMANTAN,Kutai Kartanegara ,Samboja (Semboja),CABANG,BPN-SBJ,BPN10000,BPN10008,B,B,RING 2,
BPN10009,BPN,KALIMANTAN,Balikpapan ,Balikpapan Barat,,BPN,BPN10000,BPN10000,A,A,RING 1,
BPN10010,BPN,KALIMANTAN,Balikpapan ,Balikpapan Selatan,,BPN,BPN10000,BPN10000,A,A,RING 1,
BPN10011,BPN,KALIMANTAN,Balikpapan ,Balikpapan Tengah,,BPN,BPN10000,BPN10000,A,A,RING 1,
BPN10012,BPN,KALIMANTAN,Balikpapan ,Balikpapan Timur,,BPN,BPN10000,BPN10000,A,A,RING 1,
BPN10013,BPN,KALIMANTAN,Balikpapan ,Balikpapan Utara,,BPN,BPN10000,BPN10000,A,A,RING 1,
BPN10014,BPN,KALIMANTAN,Kutai Kartanegara,Muara Jawa,CABANG,BPN-MJW,BPN10000,BPN10014,C,C,RING 2,
BPN10015,BPN,KALIMANTAN,Balikpapan ,Balikpapan Kota,,BPN,BPN10000,BPN10000,A,A,RING 1,
BPN20100,BPN,KALIMANTAN,Kab. Paser,Tanah Grogot,CABANG,BPN-TNB,BPN10000,BPN20100,B,B,RING 2,
BPN20101,BPN,KALIMANTAN,Paser,Batu Sopang,CABANG,BPN-BSP,BPN10000,BPN20101,C,C,RING 2,
BPN20102,BPN,KALIMANTAN,Paser ,Kuaro,,BPN-PJM,BPN10000,BPN20300,C,C,RING 2,
BPN20103,BPN,KALIMANTAN,Paser ,Long Kali,,BPN-PJM,BPN10000,BPN20300,C,C,RING 2,
BPN20104,BPN,KALIMANTAN,Paser ,Long Ikis,,BPN-PJM,BPN10000,BPN20300,C,C,RING 2,
BPN20105,BPN,KALIMANTAN,Paser ,Muara Komam,,BPN-BSP,BPN10000,BPN20101,C,C,RING 2,
BPN20106,BPN,KALIMANTAN,Paser ,Pasir Belengkong,,BPN-TNB,BPN10000,BPN20100,D,D,RING 2,
BPN20109,BPN,KALIMANTAN,Paser ,Batu Engau,,BPN-TNB,BPN10000,BPN20100,D,D,RING 2,
BPN20110,BPN,KALIMANTAN,Paser ,Tanjung Harapan,,BPN-TNB,BPN10000,BPN20100,D,D,RING 2,
BPN20111,BPN,KALIMANTAN,Paser ,Muara Samu,,BPN-TNB,BPN10000,BPN20100,D,D,RING 2,
BPN20200,BPN,KALIMANTAN,Kab. Berau,Tanjung Redeb,CABANG,BPN-BEJ,BPN10000,BPN20200,B,B,RING 2,
BPN20201,BPN,KALIMANTAN,Berau ,Biduk-Biduk,,BPN-BEJ,BPN10000,BPN20200,C,C,RING 2,
BPN20202,BPN,KALIMANTAN,Berau ,Gunung Tabur,,BPN-BEJ,BPN10000,BPN20200,C,C,RING 2,
BPN20203,BPN,KALIMANTAN,Berau ,Kelay,,BPN-BEJ,BPN10000,BPN20200,C,C,RING 2,
BPN20204,BPN,KALIMANTAN,Berau ,Derawan (Pulau Derawan),,BPN-BEJ,BPN10000,BPN20200,C,D,RING 2,
BPN20205,BPN,KALIMANTAN,Berau ,Sambaliung,,BPN-BEJ,BPN10000,BPN20200,C,C,RING 2,
BPN20206,BPN,KALIMANTAN,Berau ,Segah,,BPN-BEJ,BPN10000,BPN20200,C,C,RING 2,
BPN20207,BPN,KALIMANTAN,Berau ,Talisayan,,BPN-BEJ,BPN10000,BPN20200,C,C,RING 2,
BPN20210,BPN,KALIMANTAN,Berau ,Maratua,,BPN-BEJ,BPN10000,BPN20200,C,D,RING 2,
BPN20211,BPN,KALIMANTAN,Berau ,Teluk Bayur,,BPN-BEJ,BPN10000,BPN20200,C,C,RING 2,
BPN20212,BPN,KALIMANTAN,Tubaan,Tubaan,,BPN-BEJ,BPN10000,BPN20200,C,C,RING 2,
BPN20214,BPN,KALIMANTAN,Berau ,Biatan,,BPN-BEJ,BPN10000,BPN20200,C,C,RING 2,
BPN20215,BPN,KALIMANTAN,Berau ,Batu Putih,,BPN-BEJ,BPN10000,BPN20200,C,C,RING 2,
BPN20216,BPN,KALIMANTAN,Berau ,Tabalar,,BPN-BEJ,BPN10000,BPN20200,C,C,RING 2,
BPN20300,BPN,KALIMANTAN,Kab. Panajam Paser Utara,Penajam,CABANG,BPN-PJM,BPN10000,BPN20300,B,B,RING 2,
BPN20301,BPN,KALIMANTAN,Penajam Paser Utara ,Waru,,BPN-PJM,BPN10000,BPN20300,C,C,RING 2,
BPN20302,BPN,KALIMANTAN,Penajam Paser Utara ,Babulu,,BPN-PJM,BPN10000,BPN20300,C,C,RING 2,
BPN20303,BPN,KALIMANTAN,Penajam Paser Utara ,Sepaku,,BPN-PJM,BPN10000,BPN20300,D,D,RING 2,
BTG10000,BTG,KALIMANTAN,Kota Bontang,Bontang,CABANG UTAMA,BTG,BTG10000,BTG10000,A,A,RING 1,
BTG10002,BTG,KALIMANTAN,Bontang ,Bontang Barat,,BTG,BTG10000,BTG10000,A,A,RING 1,
BTG10003,BTG,KALIMANTAN,Bontang ,Bontang Selatan,,BTG,BTG10000,BTG10000,A,A,RING 1,
BTG10004,BTG,KALIMANTAN,Bontang ,Bontang Utara,,BTG,BTG10000,BTG10000,A,A,RING 1,
BTG20100,BTG,KALIMANTAN,Kab. Kutai Timur,Sangatta,CABANG,BTG-STA,BTG10000,BTG20100,B,B,RING 2,
BTG20101,BTG,KALIMANTAN,Kutai Timur ,Teluk Pandan,,BTG-STA,BTG10000,BTG20100,B,B,RING 2,
BTG20102,BTG,KALIMANTAN,Kutai Timur ,Batu Ampar,,BTG-BGN,BTG10000,BTG20103,D,D,RING 2,
BTG20103,BTG,KALIMANTAN,Kutai Timur,Bengalon,CABANG,BTG-BGN,BTG10000,BTG20103,B,B,RING 2,
BTG20104,BTG,KALIMANTAN,Kutai Timur ,Busang,,BTG-BGN,BTG10000,BTG20103,D,D,RING 2,
BTG20105,BTG,KALIMANTAN,Kutai Timur ,Kaliorang,,BTG-SKL,BTG10000,BTG20116,C,D,RING 2,
BTG20106,BTG,KALIMANTAN,Kutai Timur ,Karangan,,BTG-BGN,BTG10000,BTG20103,D,C,RING 2,
BTG20107,BTG,KALIMANTAN,Kutai Timur ,Kaubun,,BTG-SKL,BTG10000,BTG20116,D,D,RING 2,
BTG20108,BTG,KALIMANTAN,Kutai Timur ,Kongbeng,,BTG-BGN,BTG10000,BTG20103,D,C,RING 2,
BTG20109,BTG,KALIMANTAN,Kutai Timur ,Long Mesangat (Mesengat),,BTG-BGN,BTG10000,BTG20103,D,D,RING 2,
BTG20110,BTG,KALIMANTAN,Kutai Timur ,Muara Ancalong,,BTG-BGN,BTG10000,BTG20103,D,D,RING 2,
BTG20111,BTG,KALIMANTAN,Kutai Timur ,Muara Bengkal,,BTG-BGN,BTG10000,BTG20103,D,D,RING 2,
BTG20112,BTG,KALIMANTAN,Kutai Timur ,Muara Wahau,CABANG,BTG-WAH,BTG10000,BTG20112,C,C,RING 2,
BTG20113,BTG,KALIMANTAN,Kutai Timur ,Rantau Pulung,,BTG-BGN,BTG10000,BTG20103,C,C,RING 2,
BTG20114,BTG,KALIMANTAN,Kutai Timur ,Sandaran,,BTG-BGN,BTG10000,BTG20103,D,D,RING 2,
BTG20115,BTG,KALIMANTAN,Kutai Timur ,Sangatta Selatan,,BTG-STA,BTG10000,BTG20100,B,B,RING 2,
BTG20116,BTG,KALIMANTAN,Kutai Timur ,Sangkulirang,CABANG,BTG-SKL,BTG10000,BTG20116,C,C,RING 2,
BTG20117,BTG,KALIMANTAN,Kutai Timur ,Telen,,BTG-WAH,BTG10000,BTG20112,D,C,RING 2,
BTG20120,BTG,KALIMANTAN,Sangkima,Sangkima,,BTG-STA,BTG10000,BTG20100,C,B,RING 2,
BTG20121,BTG,KALIMANTAN,Swarga Bara,Swarga Bara,,BTG-STA,BTG10000,BTG20100,C,B,RING 2,
BTG20122,BTG,KALIMANTAN,Singa Gembara,Singa Gembara,,BTG-STA,BTG10000,BTG20100,C,D,RING 2,
BTG20123,BTG,KALIMANTAN,Kutai Timur ,Sangatta Utara,,BTG-STA,BTG10000,BTG20100,B,B,RING 2,
PKY10000,PKY,KALIMANTAN,Kota Palangkaraya,Palangkaraya,CABANG UTAMA,PKY,PKY10000,PKY10000,A,A,RING 1,
PKY10001,PKY,KALIMANTAN,Palangka Raya ,Bukit Batu,,PKY,PKY10000,PKY10000,C,C,RING 1,
PKY10002,PKY,KALIMANTAN,Palangka Raya ,Jekan Raya,,PKY,PKY10000,PKY10000,A,A,RING 1,
PKY10003,PKY,KALIMANTAN,Palangka Raya ,Pahandut,,PKY,PKY10000,PKY10000,A,A,RING 1,
PKY10004,PKY,KALIMANTAN,Palangka Raya ,Rakumpit,,PKY,PKY10000,PKY10000,C,C,RING 1,
PKY10005,PKY,KALIMANTAN,Palangka Raya ,Sebangau,,PKY,PKY10000,PKY10000,C,C,RING 1,
PKY20200,PKY,KALIMANTAN,Kab. Katingan,Kasongan,CABANG,PKY-KSN,PKY10000,PKY20200,B,B,RING 2,
PKY20201,PKY,KALIMANTAN,Katingan ,Kamipang,,PKY-KSN,PKY10000,PKY20200,D,D,RING 2,
PKY20202,PKY,KALIMANTAN,Katingan ,Katingan Hulu,,PKY-KSN,PKY10000,PKY20200,D,D,RING 2,
PKY20203,PKY,KALIMANTAN,Katingan ,Katingan Kuala,,PKY-SMQ,PKY10000,PKY20800,D,D,RING 2,
PKY20204,PKY,KALIMANTAN,Katingan ,Katingan Tengah,,PKY-KSN,PKY10000,PKY20200,C,C,RING 2,
PKY20205,PKY,KALIMANTAN,Katingan ,Marikit,,PKY-KSN,PKY10000,PKY20200,D,D,RING 2,
PKY20206,PKY,KALIMANTAN,Katingan ,Pulau Malan,,PKY-KSN,PKY10000,PKY20200,C,C,RING 2,
PKY20207,PKY,KALIMANTAN,Katingan ,Sanaman Mantikei (Senamang Mantikei),,PKY-KSN,PKY10000,PKY20200,D,D,RING 2,
PKY20208,PKY,KALIMANTAN,Katingan ,Tasik Payawan,,PKY-KSN,PKY10000,PKY20200,D,D,RING 2,
PKY20209,PKY,KALIMANTAN,Katingan ,Tewang Sanggalang Garing (Sangalang),,PKY-KSN,PKY10000,PKY20200,D,D,RING 2,
PKY20212,PKY,KALIMANTAN,Katingan ,Mendawai,,PKY-KSN,PKY10000,PKY20200,C,C,RING 2,
PKY20213,PKY,KALIMANTAN,Katingan ,Katingan Hilir,,PKY-KSN,PKY10000,PKY20200,B,B,RING 2,
PKY20214,PKY,KALIMANTAN,Katingan ,Bukit Raya,,PKY-KSN,PKY10000,PKY20200,D,D,RING 2,
PKY20215,PKY,KALIMANTAN,Katingan ,Petak Malai,,PKY-KSN,PKY10000,PKY20200,D,D,RING 2,
PKY20300,PKY,KALIMANTAN,Kab. Kapuas,Kuala Kapuas,CABANG,PKY-KKP,PKY10000,PKY20300,B,B,RING 2,
PKY20302,PKY,KALIMANTAN,Kapuas ,Basarang,,PKY-KKP,PKY10000,PKY20300,C,C,RING 2,
PKY20306,PKY,KALIMANTAN,Kapuas ,Kapuas Barat,,PKY-KKP,PKY10000,PKY20300,C,C,RING 2,
PKY20307,PKY,KALIMANTAN,Kapuas ,Kapuas Murung,,PKY-KKP,PKY10000,PKY20300,C,C,RING 2,
PKY20308,PKY,KALIMANTAN,Kapuas ,Kapuas Tengah,,PKY-KKP,PKY10000,PKY20300,C,C,RING 2,
PKY20309,PKY,KALIMANTAN,Kapuas ,Kapuas Timur,,PKY-KKP,PKY10000,PKY20300,C,C,RING 2,
PKY20310,PKY,KALIMANTAN,Kapuas ,Kapuas Kuala,,PKY-KKP,PKY10000,PKY20300,C,C,RING 2,
PKY20311,PKY,KALIMANTAN,Kapuas ,Mantangai,,PKY-KKP,PKY10000,PKY20300,C,C,RING 2,
PKY20313,PKY,KALIMANTAN,Kapuas ,Pulau Petak,,PKY-KKP,PKY10000,PKY20300,C,C,RING 2,
PKY20314,PKY,KALIMANTAN,Kapuas ,Timpah,,PKY-KKP,PKY10000,PKY20300,C,C,RING 2,
PKY20316,PKY,KALIMANTAN,Kapuas ,Kapuas Hulu,,PKY-KKN,PKY10000,PKY20400,C,C,RING 2,
PKY20317,PKY,KALIMANTAN,Kapuas ,Kapuas Hilir,,PKY-KKP,PKY10000,PKY20300,C,C,RING 2,
PKY20318,PKY,KALIMANTAN,Kapuas ,Selat,,PKY-KKP,PKY10000,PKY20300,B,B,RING 2,
PKY20319,PKY,KALIMANTAN,Kapuas ,Bataguh,,PKY-KKP,PKY10000,PKY20300,C,C,RING 2,
PKY20320,PKY,KALIMANTAN,Kapuas ,Dadahup,,PKY-KKP,PKY10000,PKY20300,C,C,RING 2,
PKY20321,PKY,KALIMANTAN,Kapuas ,Mandau Talawang,,PKY-KKP,PKY10000,PKY20300,C,C,RING 2,
PKY20322,PKY,KALIMANTAN,Kapuas ,Pasak Talawang,,PKY-KKN,PKY10000,PKY20400,C,C,RING 2,
PKY20323,PKY,KALIMANTAN,Kapuas ,Tamban Catur,,PKY-KKP,PKY10000,PKY20300,C,C,RING 2,
PKY20400,PKY,KALIMANTAN,Kab. Gunung Mas,Kuala Kurun,CABANG,PKY-KKN,PKY10000,PKY20400,B,B,RING 2,
PKY20401,PKY,KALIMANTAN,Gunung Mas ,Kahayan Hulu Utara,,PKY-KKN,PKY10000,PKY20400,D,D,RING 2,
PKY20404,PKY,KALIMANTAN,Gunung Mas ,Rungan,,PKY-KKN,PKY10000,PKY20400,D,D,RING 2,
PKY20405,PKY,KALIMANTAN,Gunung Mas ,Sepang (Sepang Simin),,PKY-KKN,PKY10000,PKY20400,C,C,RING 2,
PKY20406,PKY,KALIMANTAN,Gunung Mas ,Tewah,,PKY-KKN,PKY10000,PKY20400,D,D,RING 2,
PKY20407,PKY,KALIMANTAN,Gunung Mas ,Damang Batu,,PKY-KKN,PKY10000,PKY20400,D,D,RING 2,
PKY20408,PKY,KALIMANTAN,Gunung Mas ,Kurun,,PKY-KKN,PKY10000,PKY20400,B,B,RING 2,
PKY20409,PKY,KALIMANTAN,Gunung Mas ,Manuhing,,PKY-KKN,PKY10000,PKY20400,D,D,RING 2,
PKY20410,PKY,KALIMANTAN,Gunung Mas ,Manuhing Raya,,PKY-KKN,PKY10000,PKY20400,D,D,RING 2,
PKY20411,PKY,KALIMANTAN,Gunung Mas ,Mihing Raya,,PKY-KKN,PKY10000,PKY20400,D,D,RING 2,
PKY20412,PKY,KALIMANTAN,Gunung Mas ,Miri Manasa,,PKY-KKN,PKY10000,PKY20400,D,D,RING 2,
PKY20413,PKY,KALIMANTAN,Gunung Mas ,Rungan Barat,,PKY-KKN,PKY10000,PKY20400,D,D,RING 2,
PKY20414,PKY,KALIMANTAN,Gunung Mas ,Rungan Hulu,,PKY-KKN,PKY10000,PKY20400,D,D,RING 2,
PKY20500,PKY,KALIMANTAN,Kab. Seruyan,Kuala Pembuang,CABANG,PKY-KPA,PKY10000,PKY20500,B,B,RING 2,
PKY20501,PKY,KALIMANTAN,Seruyan ,Danau Sembuluh,,PKY-KPA,PKY10000,PKY20500,C,C,RING 2,
PKY20502,PKY,KALIMANTAN,Seruyan ,Hanau,,PKY-KPA,PKY10000,PKY20500,D,D,RING 2,
PKY20503,PKY,KALIMANTAN,Seruyan ,Seruyan Hulu,,PKY-KPA,PKY10000,PKY20500,D,D,RING 2,
PKY20504,PKY,KALIMANTAN,Seruyan ,Seruyan Tengah,,PKY-KPA,PKY10000,PKY20500,D,D,RING 2,
PKY20505,PKY,KALIMANTAN,Seruyan ,Seruyan Hilir,,PKY-KPA,PKY10000,PKY20500,C,C,RING 2,
PKY20506,PKY,KALIMANTAN,Seruyan ,Batu Ampar,,PKY-KPA,PKY10000,PKY20500,C,C,RING 2,
PKY20507,PKY,KALIMANTAN,Seruyan ,Danau Seluluk,,PKY-KPA,PKY10000,PKY20500,C,C,RING 2,
PKY20508,PKY,KALIMANTAN,Seruyan ,Seruyan Hilir Timur,,PKY-KPA,PKY10000,PKY20500,C,C,RING 2,
PKY20509,PKY,KALIMANTAN,Seruyan ,Seruyan Raya,,PKY-KPA,PKY10000,PKY20500,C,C,RING 2,
PKY20510,PKY,KALIMANTAN,Seruyan ,Suling Tambun,,PKY-KPA,PKY10000,PKY20500,C,C,RING 2,
PKY20700,PKY,KALIMANTAN,Kab. Kotawaringin Barat,Pangkalan Bun,CABANG,PKY-PKN,PKY10000,PKY20700,B,B,RING 2,
PKY20701,PKY,KALIMANTAN,Kotawaringin Barat ,Arut Utara,,PKY-PKN,PKY10000,PKY20700,C,C,RING 2,
PKY20706,PKY,KALIMANTAN,Kotawaringin Barat ,Kotawaringin Lama,,PKY-PKN,PKY10000,PKY20700,C,C,RING 2,
PKY20707,PKY,KALIMANTAN,Kotawaringin Barat ,Kumai,,PKY-PKN,PKY10000,PKY20700,C,C,RING 2,
PKY20710,PKY,KALIMANTAN,Kotawaringin Barat ,Arut Selatan,,PKY-PKN,PKY10000,PKY20700,B,B,RING 2,
PKY20711,PKY,KALIMANTAN,Kotawaringin Barat ,Pangkalan Lada,,PKY-PKN,PKY10000,PKY20700,C,C,RING 2,
PKY20712,PKY,KALIMANTAN,Kotawaringin Barat ,Pangkalan Banteng,,PKY-PKN,PKY10000,PKY20700,C,C,RING 2,
PKY20800,PKY,KALIMANTAN,Kab. Kotawaringin Timur,Sampit,CABANG,PKY-SMQ,PKY10000,PKY20800,B,B,RING 2,
PKY20801,PKY,KALIMANTAN,Kotawaringin Timur ,Cempaga,,PKY-PRG,PKY10000,PKY20806,C,C,RING 2,
PKY20802,PKY,KALIMANTAN,Kotawaringin Timur ,Kota Besi,,PKY-SMQ,PKY10000,PKY20800,C,C,RING 2,
PKY20803,PKY,KALIMANTAN,Kotawaringin Timur ,Mentaya Hilir Selatan,,PKY-SMQ,PKY10000,PKY20800,C,C,RING 2,
PKY20804,PKY,KALIMANTAN,Kotawaringin Timur ,Mentaya Hulu,,PKY-SMQ,PKY10000,PKY20800,C,C,RING 2,
PKY20805,PKY,KALIMANTAN,Kotawaringin Timur ,Mentaya Hilir Utara,,PKY-SMQ,PKY10000,PKY20800,C,C,RING 2,
PKY20806,PKY,KALIMANTAN,Kotawaringin Timur,Parenggean,CABANG,PKY-PRG,PKY10000,PKY20806,B,C,RING 2,
PKY20807,PKY,KALIMANTAN,Kotawaringin Timur ,Pulau Hanaut,,PKY-SMQ,PKY10000,PKY20800,C,C,RING 2,
PKY20808,PKY,KALIMANTAN,Kotawaringin Timur ,Antang Kalang,,PKY-PRG,PKY10000,PKY20806,C,C,RING 2,
PKY20809,PKY,KALIMANTAN,Kotawaringin Timur ,Baamang,,PKY-SMQ,PKY10000,PKY20800,B,B,RING 2,
PKY20810,PKY,KALIMANTAN,Kotawaringin Timur ,Mentawa Baru Ketapang,,PKY-SMQ,PKY10000,PKY20800,B,B,RING 2,
PKY20811,PKY,KALIMANTAN,Kotawaringin Timur ,Bukit Santuei,,PKY-SMQ,PKY10000,PKY20800,D,D,RING 2,
PKY20812,PKY,KALIMANTAN,Kotawaringin Timur ,Cempaga Hulu,,PKY-PRG,PKY10000,PKY20806,C,C,RING 2,
PKY20813,PKY,KALIMANTAN,Kotawaringin Timur ,Seranau,,PKY-SMQ,PKY10000,PKY20800,C,C,RING 2,
PKY20814,PKY,KALIMANTAN,Kotawaringin Timur ,Telaga Antang,,PKY-PRG,PKY10000,PKY20806,C,C,RING 2,
PKY20815,PKY,KALIMANTAN,Kotawaringin Timur ,Telawang,,PKY-SMQ,PKY10000,PKY20800,C,C,RING 2,
PKY20816,PKY,KALIMANTAN,Kotawaringin Timur ,Teluk Sampit,,PKY-SMQ,PKY10000,PKY20800,C,C,RING 2,
PKY20817,PKY,KALIMANTAN,Kotawaringin Timur ,Tualan Hulu,,PKY-PRG,PKY10000,PKY20806,C,C,RING 2,
PKY21100,PKY,KALIMANTAN,Nanga Bulik,Nanga Bulik,,PKY-PKN,PKY10000,PKY20700,B,C,RING 2,
PKY21101,PKY,KALIMANTAN,Lamandau ,Bulik,,PKY-PKN,PKY10000,PKY20700,C,C,RING 2,
PKY21102,PKY,KALIMANTAN,Lamandau ,Delang,,PKY-PKN,PKY10000,PKY20700,D,D,RING 2,
PKY21103,PKY,KALIMANTAN,Lamandau ,Lamandau,,PKY-PKN,PKY10000,PKY20700,C,C,RING 2,
PKY21104,PKY,KALIMANTAN,Lamandau ,Batang Kawa,,PKY-PKN,PKY10000,PKY20700,C,C,RING 2,
PKY21105,PKY,KALIMANTAN,Lamandau ,Belantikan Raya,,PKY-PKN,PKY10000,PKY20700,C,C,RING 2,
PKY21106,PKY,KALIMANTAN,Lamandau ,Bulik Timur,,PKY-PKN,PKY10000,PKY20700,C,C,RING 2,
PKY21107,PKY,KALIMANTAN,Lamandau ,Menthobi Raya,,PKY-PKN,PKY10000,PKY20700,C,C,RING 2,
PKY21108,PKY,KALIMANTAN,Lamandau ,Sematu Jaya,,PKY-PKN,PKY10000,PKY20700,C,C,RING 2,
PKY21200,PKY,KALIMANTAN,Pulang Pisau,Pulang Pisau,,PKY-KKP,PKY10000,PKY20300,C,C,RING 2,
PKY21201,PKY,KALIMANTAN,Pulang Pisau ,Banama Tingang,,PKY-KKP,PKY10000,PKY20300,C,C,RING 2,
PKY21202,PKY,KALIMANTAN,Pulang Pisau ,Kahayan Hilir,,PKY-KKP,PKY10000,PKY20300,C,C,RING 2,
PKY21203,PKY,KALIMANTAN,Pulang Pisau ,Kahayan Tengah,,PKY-KKP,PKY10000,PKY20300,C,C,RING 2,
PKY21204,PKY,KALIMANTAN,Pulang Pisau ,Kahayan Kuala,,PKY-KKP,PKY10000,PKY20300,D,D,RING 2,
PKY21205,PKY,KALIMANTAN,Pulang Pisau ,Pandih Batu,,PKY-KKP,PKY10000,PKY20300,C,C,RING 2,
PKY21206,PKY,KALIMANTAN,Pulang Pisau ,Maliku,,PKY-KKP,PKY10000,PKY20300,D,D,RING 2,
PKY21207,PKY,KALIMANTAN,Pulang Pisau ,Jabiren Raya,,PKY-KKP,PKY10000,PKY20300,D,D,RING 2,
PKY21208,PKY,KALIMANTAN,Pulang Pisau ,Sebangau Kuala,,PKY-KKP,PKY10000,PKY20300,D,D,RING 2,
PKY21300,PKY,KALIMANTAN,Kab. Sukamara,Sukamara,CABANG,PKY-SMR,PKY10000,PKY21300,B,C,RING 2,
PKY21301,PKY,KALIMANTAN,Sukamara ,Balai Riam,,PKY-SMR,PKY10000,PKY21300,C,C,RING 2,
PKY21302,PKY,KALIMANTAN,Sukamara ,Jelai,,PKY-SMR,PKY10000,PKY21300,C,C,RING 2,
PKY21303,PKY,KALIMANTAN,Sukamara ,Pantai Lunci,,PKY-SMR,PKY10000,PKY21300,C,C,RING 2,
PKY21304,PKY,KALIMANTAN,Sukamara ,Permata Kecubung,,PKY-SMR,PKY10000,PKY21300,C,C,RING 2,
PNK10000,PNK,KALIMANTAN,Kota Pontianak,Pontianak,CABANG UTAMA,PNK,PNK10000,PNK10000,A,A,RING 1,
PNK10027,PNK,KALIMANTAN,Pontianak ,Pontianak Barat,,PNK,PNK10000,PNK10000,A,A,RING 1,
PNK10028,PNK,KALIMANTAN,Pontianak ,Pontianak Kota,,PNK,PNK10000,PNK10000,A,A,RING 1,
PNK10029,PNK,KALIMANTAN,Pontianak ,Pontianak Selatan,,PNK,PNK10000,PNK10000,A,A,RING 1,
PNK10030,PNK,KALIMANTAN,Pontianak ,Pontianak Tenggara,,PNK,PNK10000,PNK10000,A,A,RING 1,
PNK10031,PNK,KALIMANTAN,Pontianak ,Pontianak Timur,,PNK,PNK10000,PNK10000,A,A,RING 1,
PNK10032,PNK,KALIMANTAN,Pontianak ,Pontianak Utara,,PNK,PNK10000,PNK10000,A,A,RING 1,
PNK10100,PNK,KALIMANTAN,Kab. Ketapang,Ketapang,CABANG,PNK-KTG,PNK10000,PNK10100,B,B,RING 2,
PNK10101,PNK,KALIMANTAN,Ketapang ,Jelai Hulu,,PNK-KTG,PNK10000,PNK10100,C,D,RING 2,
PNK10102,PNK,KALIMANTAN,Ketapang ,Kendawangan,,PNK-KTG,PNK10000,PNK10100,C,D,RING 2,
PNK10103,PNK,KALIMANTAN,Ketapang ,Manis Mata,,PNK-KTG,PNK10000,PNK10100,C,D,RING 2,
PNK10104,PNK,KALIMANTAN,Ketapang ,Marau,,PNK-KTG,PNK10000,PNK10100,C,D,RING 2,
PNK10105,PNK,KALIMANTAN,Ketapang,Nanga Tayap,CABANG,PNK-NTY,PNK10000,PNK10105,B,B,RING 2,
PNK10107,PNK,KALIMANTAN,Ketapang ,Sandai,,PNK-NTY,PNK10000,PNK10105,C,C,RING 2,
PNK10109,PNK,KALIMANTAN,Ketapang ,Simpang Hulu,,PNK-NTY,PNK10000,PNK10105,C,C,RING 2,
PNK10111,PNK,KALIMANTAN,Ketapang ,Sungai Laur,,PNK-NTY,PNK10000,PNK10105,C,C,RING 2,
PNK10112,PNK,KALIMANTAN,Ketapang ,Tumbang Titi,,PNK-KTG,PNK10000,PNK10100,C,D,RING 2,
PNK10113,PNK,KALIMANTAN,Ketapang ,Benua Kayong,,PNK-KTG,PNK10000,PNK10100,C,C,RING 2,
PNK10114,PNK,KALIMANTAN,Ketapang ,Air Upas,,PNK-KTG,PNK10000,PNK10100,C,D,RING 2,
PNK10115,PNK,KALIMANTAN,Ketapang ,Delta Pawan,,PNK-KTG,PNK10000,PNK10100,B,B,RING 2,
PNK10116,PNK,KALIMANTAN,Ketapang ,Hulu Sungai,,PNK-NTY,PNK10000,PNK10105,C,D,RING 2,
PNK10118,PNK,KALIMANTAN,Ketapang ,Matan Hilir Selatan,,PNK-KTG,PNK10000,PNK10100,C,C,RING 2,
PNK10119,PNK,KALIMANTAN,Ketapang ,Matan Hilir Utara,,PNK-KTG,PNK10000,PNK10100,C,C,RING 2,
PNK10120,PNK,KALIMANTAN,Ketapang ,Muara Pawan,,PNK-KTG,PNK10000,PNK10100,C,C,RING 2,
PNK10121,PNK,KALIMANTAN,Ketapang ,Pemahan,,PNK-KTG,PNK10000,PNK10100,C,C,RING 2,
PNK10123,PNK,KALIMANTAN,Ketapang ,Simpang Dua,,PNK-NTY,PNK10000,PNK10105,C,C,RING 2,
PNK10124,PNK,KALIMANTAN,Ketapang ,Singkup,,PNK-KTG,PNK10000,PNK10100,C,D,RING 2,
PNK10125,PNK,KALIMANTAN,Ketapang ,Sungai Melayu Rayak,,PNK-KTG,PNK10000,PNK10100,C,C,RING 2,
PNK10200,PNK,KALIMANTAN,Kab. Sanggau,Sanggau,CABANG,PNK-SAG,PNK10000,PNK10200,B,B,RING 2,
PNK10201,PNK,KALIMANTAN,Sanggau ,Balai,,PNK-SAG,PNK10000,PNK10200,C,C,RING 2,
PNK10202,PNK,KALIMANTAN,Sanggau ,Beduai (Beduwai),,PNK-SKM,PNK10000,PNK10214,C,C,RING 2,
PNK10205,PNK,KALIMANTAN,Sanggau ,Bonti,,PNK-SAG,PNK10000,PNK10200,C,D,RING 2,
PNK10206,PNK,KALIMANTAN,Sanggau ,Jangkang,,PNK-SAG,PNK10000,PNK10200,C,D,RING 2,
PNK10207,PNK,KALIMANTAN,Sanggau ,Kembayan,,PNK-SKM,PNK10000,PNK10214,C,C,RING 2,
PNK10208,PNK,KALIMANTAN,Sanggau ,Meliau,,PNK-ETG,PNK10000,PNK10223,C,C,RING 2,
PNK10209,PNK,KALIMANTAN,Sanggau ,Mukok,,PNK-SAG,PNK10000,PNK10200,C,C,RING 2,
PNK10212,PNK,KALIMANTAN,Sanggau ,Noyan,,PNK-SKM,PNK10000,PNK10214,C,C,RING 2,
PNK10213,PNK,KALIMANTAN,Sanggau ,Parindu,,PNK-SAG,PNK10000,PNK10200,C,C,RING 2,
PNK10214,PNK,KALIMANTAN,Sanggau,Sekayam,CABANG,PNK-SKM,PNK10000,PNK10214,B,B,RING 2,
PNK10217,PNK,KALIMANTAN,Sanggau ,Tayan Hulu,,PNK-SKM,PNK10000,PNK10214,C,C,RING 2,
PNK10218,PNK,KALIMANTAN,Sanggau ,Tayan Hilir,,PNK-ETG,PNK10000,PNK10223,C,C,RING 2,
PNK10219,PNK,KALIMANTAN,Sanggau ,Toba,,PNK-ETG,PNK10000,PNK10223,C,C,RING 2,
PNK10223,PNK,KALIMANTAN,Sanggau,Entikong,CABANG,PNK-ETG,PNK10000,PNK10223,B,B,RING 2,
PNK10224,PNK,KALIMANTAN,Sanggau ,Kapuas (Sanggau Kapuas),,PNK-SAG,PNK10000,PNK10200,C,B,RING 2,
PNK10300,PNK,KALIMANTAN,Kota Singkawang,Singkawang,CABANG,PNK-SKW,PNK10000,PNK10300,B,B,RING 2,
PNK10325,PNK,KALIMANTAN,Singkawang ,Singkawang Barat,,PNK-SKW,PNK10000,PNK10300,B,B,RING 2,
PNK10326,PNK,KALIMANTAN,Singkawang ,Singkawang Utara,,PNK-SKW,PNK10000,PNK10300,B,B,RING 2,
PNK10327,PNK,KALIMANTAN,Singkawang ,Singkawang Selatan,,PNK-SKW,PNK10000,PNK10300,B,B,RING 2,
PNK10328,PNK,KALIMANTAN,Singkawang ,Singkawang Timur,,PNK-SKW,PNK10000,PNK10300,B,B,RING 2,
PNK10329,PNK,KALIMANTAN,Singkawang ,Singkawang Tengah,,PNK-SKW,PNK10000,PNK10300,B,B,RING 2,
PNK10400,PNK,KALIMANTAN,Kab. Sintang,Sintang,CABANG,PNK-SQG,PNK10000,PNK10400,B,B,RING 2,
PNK10401,PNK,KALIMANTAN,Sintang ,Ambalau,,PNK-NPO,PNK10000,PNK20800,C,C,RING 2,
PNK10403,PNK,KALIMANTAN,Sintang ,Dedai,,PNK-SQG,PNK10000,PNK10400,C,D,RING 2,
PNK10405,PNK,KALIMANTAN,Sintang ,Kayan Hulu,,PNK-SQG,PNK10000,PNK10400,C,C,RING 2,
PNK10406,PNK,KALIMANTAN,Sintang ,Kayan Hilir,,PNK-SQG,PNK10000,PNK10400,C,D,RING 2,
PNK10407,PNK,KALIMANTAN,Sintang ,Ketungau Hilir,,PNK-SQG,PNK10000,PNK10400,C,C,RING 2,
PNK10408,PNK,KALIMANTAN,Sintang ,Ketungau Tengah,,PNK-SQG,PNK10000,PNK10400,C,D,RING 2,
PNK10409,PNK,KALIMANTAN,Sintang ,Ketungau Hulu,,PNK-SQG,PNK10000,PNK10400,C,C,RING 2,
PNK10413,PNK,KALIMANTAN,Sintang ,Sepauk,,PNK-SQG,PNK10000,PNK10400,C,C,RING 2,
PNK10417,PNK,KALIMANTAN,Sintang ,Tempunak,,PNK-SQG,PNK10000,PNK10400,C,D,RING 2,
PNK10419,PNK,KALIMANTAN,Sintang ,Binjai Hulu,,PNK-SQG,PNK10000,PNK10400,C,D,RING 2,
PNK10420,PNK,KALIMANTAN,Sintang ,Kelam Permai,,PNK-SQG,PNK10000,PNK10400,C,C,RING 2,
PNK10421,PNK,KALIMANTAN,Sintang ,Sungai Tebelian,,PNK-SQG,PNK10000,PNK10400,C,C,RING 2,
PNK20200,PNK,KALIMANTAN,Kab. Kapuas Hulu,Putussibau,CABANG,PNK-PSU,PNK10000,PNK20200,B,B,RING 2,
PNK20201,PNK,KALIMANTAN,Kapuas Hulu ,Badau,,PNK-PSU,PNK10000,PNK20200,C,C,RING 2,
PNK20202,PNK,KALIMANTAN,Kapuas Hulu ,Batang Lupar,,PNK-PSU,PNK10000,PNK20200,C,C,RING 2,
PNK20203,PNK,KALIMANTAN,Kapuas Hulu ,Bunut Hilir,,PNK-PSU,PNK10000,PNK20200,C,C,RING 2,
PNK20204,PNK,KALIMANTAN,Kapuas Hulu ,Bunut Hulu,,PNK-PSU,PNK10000,PNK20200,C,C,RING 2,
PNK20205,PNK,KALIMANTAN,Kapuas Hulu ,Embaloh Hilir,,PNK-PSU,PNK10000,PNK20200,C,C,RING 2,
PNK20206,PNK,KALIMANTAN,Kapuas Hulu ,Embaloh Hulu,,PNK-PSU,PNK10000,PNK20200,C,C,RING 2,
PNK20207,PNK,KALIMANTAN,Embau ,Embau ,,PNK-PSU,PNK10000,PNK20200,C,C,RING 2,
PNK20208,PNK,KALIMANTAN,Kapuas Hulu ,Empanang,,PNK-PSU,PNK10000,PNK20200,C,C,RING 2,
PNK20209,PNK,KALIMANTAN,Kapuas Hulu ,Hulu Gurung,,PNK-PSU,PNK10000,PNK20200,C,C,RING 2,
PNK20210,PNK,KALIMANTAN,Kapuas Hulu ,Bika,,PNK-PSU,PNK10000,PNK20200,C,C,RING 2,
PNK20211,PNK,KALIMANTAN,Kapuas Hulu ,Seberuang,,PNK-PSU,PNK10000,PNK20200,C,D,RING 2,
PNK20212,PNK,KALIMANTAN,Kapuas Hulu ,Selimbau,,PNK-PSU,PNK10000,PNK20200,C,C,RING 2,
PNK20213,PNK,KALIMANTAN,Kapuas Hulu ,Semitau,,PNK-PSU,PNK10000,PNK20200,C,C,RING 2,
PNK20214,PNK,KALIMANTAN,Kapuas Hulu ,Silat Hilir,,PNK-PSU,PNK10000,PNK20200,C,C,RING 2,
PNK20215,PNK,KALIMANTAN,Kapuas Hulu ,Silat Hulu,,PNK-PSU,PNK10000,PNK20200,C,C,RING 2,
PNK20218,PNK,KALIMANTAN,Kapuas Hulu ,Pengkadan (Batu Datu),,PNK-PSU,PNK10000,PNK20200,C,C,RING 2,
PNK20219,PNK,KALIMANTAN,Kapuas Hulu ,Boyan Tanjung,,PNK-PSU,PNK10000,PNK20200,C,C,RING 2,
PNK20220,PNK,KALIMANTAN,Kapuas Hulu ,Kalis,,PNK-PSU,PNK10000,PNK20200,C,C,RING 2,
PNK20221,PNK,KALIMANTAN,Kedamin ,Kedamin ,,PNK-PSU,PNK10000,PNK20200,C,C,RING 2,
PNK20222,PNK,KALIMANTAN,Kapuas Hulu ,Mentebah,,PNK-PSU,PNK10000,PNK20200,C,C,RING 2,
PNK20223,PNK,KALIMANTAN,Kapuas Hulu ,Puring Kencana,,PNK-PSU,PNK10000,PNK20200,C,C,RING 2,
PNK20224,PNK,KALIMANTAN,Kapuas Hulu ,Suhaid,,PNK-PSU,PNK10000,PNK20200,C,C,RING 2,
PNK20225,PNK,KALIMANTAN,Kapuas Hulu ,Putussibau Utara,,PNK-PSU,PNK10000,PNK20200,C,C,RING 2,
PNK20226,PNK,KALIMANTAN,Kapuas Hulu ,Putussibau Selatan,,PNK-PSU,PNK10000,PNK20200,C,C,RING 2,
PNK20227,PNK,KALIMANTAN,Kapuas Hulu ,Jongkong (Jengkong),,PNK-PSU,PNK10000,PNK20200,C,C,RING 2,
PNK20600,PNK,KALIMANTAN,Kab. Bengkayang,Bengkayang,CABANG,PNK-BEK,PNK10000,PNK20600,B,B,RING 2,
PNK20601,PNK,KALIMANTAN,Bengkayang ,Ledo,,PNK-BEK,PNK10000,PNK20600,C,C,RING 2,
PNK20602,PNK,KALIMANTAN,Bengkayang ,Samalantan,,PNK-SKW,PNK10000,PNK10300,C,C,RING 2,
PNK20603,PNK,KALIMANTAN,Bengkayang ,Sanggau Ledo,,PNK-BEK,PNK10000,PNK20600,C,C,RING 2,
PNK20604,PNK,KALIMANTAN,Bengkayang ,Seluas,,PNK-BEK,PNK10000,PNK20600,C,C,RING 2,
PNK20605,PNK,KALIMANTAN,Bengkayang ,Sungai Raya,,PNK-MPW,PNK10000,PNK20900,C,C,RING 2,
PNK20606,PNK,KALIMANTAN,Bengkayang ,Jagoi Babang,,PNK-BEK,PNK10000,PNK20600,C,D,RING 2,
PNK20607,PNK,KALIMANTAN,Bengkayang ,Monterado,,PNK-SKW,PNK10000,PNK10300,C,C,RING 2,
PNK20608,PNK,KALIMANTAN,Bengkayang ,Suti Semarang,,PNK-BEK,PNK10000,PNK20600,C,D,RING 2,
PNK20609,PNK,KALIMANTAN,Bengkayang ,Teriak,,PNK-BEK,PNK10000,PNK20600,C,C,RING 2,
PNK20610,PNK,KALIMANTAN,Bengkayang ,Tujuh Belas,,PNK-BEK,PNK10000,PNK20600,C,C,RING 2,
PNK20611,PNK,KALIMANTAN,Bengkayang ,Sungai Raya Kepulauan,,PNK-MPW,PNK10000,PNK20900,C,C,RING 2,
PNK20612,PNK,KALIMANTAN,Bengkayang ,Lembah Bawang,,PNK-BEK,PNK10000,PNK20600,C,C,RING 2,
PNK20613,PNK,KALIMANTAN,Bengkayang ,Capkala,,PNK-MPW,PNK10000,PNK20900,C,D,RING 2,
PNK20614,PNK,KALIMANTAN,Bengkayang ,Siding,,PNK-BEK,PNK10000,PNK20600,C,D,RING 2,
PNK20615,PNK,KALIMANTAN,Bengkayang ,Lumar,,PNK-BEK,PNK10000,PNK20600,C,C,RING 2,
PNK20616,PNK,KALIMANTAN,Bengkayang ,Sungai Betung,,PNK-BEK,PNK10000,PNK20600,C,D,RING 2,
PNK20700,PNK,KALIMANTAN,Kab. Landak,Ngabang,CABANG,PNK-NBA,PNK10000,PNK20700,B,B,RING 2,
PNK20701,PNK,KALIMANTAN,Landak ,Air Besar,,PNK-NBA,PNK10000,PNK20700,C,C,RING 2,
PNK20702,PNK,KALIMANTAN,Landak ,Mandor,,PNK-BEK,PNK10000,PNK20600,C,C,RING 2,
PNK20703,PNK,KALIMANTAN,Landak ,Mempawah Hulu,,PNK-BEK,PNK10000,PNK20600,C,C,RING 2,
PNK20704,PNK,KALIMANTAN,Landak ,Menjalin,,PNK-BEK,PNK10000,PNK20600,C,C,RING 2,
PNK20705,PNK,KALIMANTAN,Landak ,Menyuke,,PNK-BEK,PNK10000,PNK20600,C,C,RING 2,
PNK20706,PNK,KALIMANTAN,Landak ,Sengah Temila,,PNK-NBA,PNK10000,PNK20700,C,C,RING 2,
PNK20707,PNK,KALIMANTAN,Landak ,Kuala Behe,,PNK-NBA,PNK10000,PNK20700,C,C,RING 2,
PNK20708,PNK,KALIMANTAN,Landak ,Meranti,,PNK-BEK,PNK10000,PNK20600,C,C,RING 2,
PNK20709,PNK,KALIMANTAN,Landak ,Sebangki,,PNK-NBA,PNK10000,PNK20700,C,C,RING 2,
PNK20710,PNK,KALIMANTAN,Landak ,Sompak,,PNK-BEK,PNK10000,PNK20600,C,C,RING 2,
PNK20711,PNK,KALIMANTAN,Landak ,Jelimpo,,PNK-NBA,PNK10000,PNK20700,C,C,RING 2,
PNK20712,PNK,KALIMANTAN,Landak ,Banyuke Hulu,,PNK-BEK,PNK10000,PNK20600,C,C,RING 2,
PNK20800,PNK,KALIMANTAN,Kab. Melawi,Nanga Pinoh,CABANG,PNK-NPO,PNK10000,PNK20800,B,B,RING 2,
PNK20801,PNK,KALIMANTAN,Ambalau ,Ambalau ,,PNK-NPO,PNK10000,PNK20800,C,C,RING 2,
PNK20802,PNK,KALIMANTAN,Melawi ,Belimbing,,PNK-NPO,PNK10000,PNK20800,C,D,RING 2,
PNK20803,PNK,KALIMANTAN,Melawi ,Ella Hilir,,PNK-NPO,PNK10000,PNK20800,C,C,RING 2,
PNK20804,PNK,KALIMANTAN,Melawi ,Menukung,,PNK-NPO,PNK10000,PNK20800,C,C,RING 2,
PNK20805,PNK,KALIMANTAN,Melawi ,Sayan,,PNK-NPO,PNK10000,PNK20800,C,C,RING 2,
PNK20806,PNK,KALIMANTAN,Sintang ,Serawai (Nanga Serawai),,PNK-NPO,PNK10000,PNK20800,C,C,RING 2,
PNK20807,PNK,KALIMANTAN,Melawi ,Sokan,,PNK-NPO,PNK10000,PNK20800,C,D,RING 2,
PNK20808,PNK,KALIMANTAN,Melawi ,Tanah Pinoh,,PNK-NPO,PNK10000,PNK20800,C,C,RING 2,
PNK20809,PNK,KALIMANTAN,Melawi ,Pinoh Utara,,PNK-NPO,PNK10000,PNK20800,C,C,RING 2,
PNK20810,PNK,KALIMANTAN,Melawi ,Pinoh Selatan,,PNK-NPO,PNK10000,PNK20800,C,C,RING 2,
PNK20811,PNK,KALIMANTAN,Melawi ,Belimbing Hulu,,PNK-NPO,PNK10000,PNK20800,C,C,RING 2,
PNK20812,PNK,KALIMANTAN,Melawi ,Tanah Pinoh Barat,,PNK-NPO,PNK10000,PNK20800,C,C,RING 2,
PNK20900,PNK,KALIMANTAN,Kab. Pontianak,Mempawah,CABANG,PNK-MPW,PNK10000,PNK20900,B,B,RING 2,
PNK20902,PNK,KALIMANTAN,Kubu Raya ,Kubu,,PNK-ETG,PNK10000,PNK10223,C,D,RING 2,
PNK20903,PNK,KALIMANTAN,Kubu Raya ,Sungai Ambawang,,PNK-ETG,PNK10000,PNK10223,C,C,RING 2,
PNK20904,PNK,KALIMANTAN,Kubu Raya ,Sungai Kakap,,PNK,PNK10000,PNK10000,C,C,RING 2,
PNK20905,PNK,KALIMANTAN,Mempawah ,Sei/Sungai Kunyit,,PNK-MPW,PNK10000,PNK20900,C,C,RING 2,
PNK20906,PNK,KALIMANTAN,Mempawah ,Sei/Sungai Pinyuh,,PNK-MPW,PNK10000,PNK20900,C,C,RING 2,
PNK20908,PNK,KALIMANTAN,Mempawah ,Siantan,,PNK,PNK10000,PNK10000,C,B,RING 2,
PNK20911,PNK,KALIMANTAN,Mempawah ,Toho,,PNK-BEK,PNK10000,PNK20600,C,C,RING 2,
PNK20914,PNK,KALIMANTAN,Mempawah ,Segedong,,PNK,PNK10000,PNK10000,C,C,RING 2,
PNK20915,PNK,KALIMANTAN,Mempawah ,Sadaniang,,PNK-BEK,PNK10000,PNK20600,C,D,RING 2,
PNK20916,PNK,KALIMANTAN,Mempawah ,Mempawah Timur,,PNK-MPW,PNK10000,PNK20900,C,C,RING 2,
PNK20917,PNK,KALIMANTAN,Mempawah ,Mempawah Hilir,,PNK-MPW,PNK10000,PNK20900,B,B,RING 2,
PNK20918,PNK,KALIMANTAN,Mempawah ,Anjongan,,PNK-BEK,PNK10000,PNK20600,C,C,RING 2,
PNK21000,PNK,KALIMANTAN,Kab. Sambas,Sambas,CABANG,PNK-SBS,PNK10000,PNK21000,B,B,RING 2,
PNK21001,PNK,KALIMANTAN,Sambas ,Jawai,,PNK-SBS,PNK10000,PNK21000,C,D,RING 2,
PNK21002,PNK,KALIMANTAN,Sambas ,Paloh,,PNK-SBS,PNK10000,PNK21000,C,C,RING 2,
PNK21003,PNK,KALIMANTAN,Sambas ,Pemangkat,,PNK-SBS,PNK10000,PNK21000,B,B,RING 2,
PNK21004,PNK,KALIMANTAN,Sambas ,Sejangkung,,PNK-SBS,PNK10000,PNK21000,C,D,RING 2,
PNK21005,PNK,KALIMANTAN,Sambas ,Selakau,,PNK-SBS,PNK10000,PNK21000,C,C,RING 2,
PNK21006,PNK,KALIMANTAN,Sambas ,Tebas,,PNK-SBS,PNK10000,PNK21000,C,C,RING 2,
PNK21007,PNK,KALIMANTAN,Sambas ,Teluk Keramat,,PNK-SBS,PNK10000,PNK21000,C,C,RING 2,
PNK21008,PNK,KALIMANTAN,Sambas ,Galing,,PNK-SBS,PNK10000,PNK21000,C,D,RING 2,
PNK21009,PNK,KALIMANTAN,Sambas ,Jawai Selatan,,PNK-SBS,PNK10000,PNK21000,C,D,RING 2,
PNK21010,PNK,KALIMANTAN,Sambas ,Sajingan Besar,,PNK-SBS,PNK10000,PNK21000,C,C,RING 2,
PNK21011,PNK,KALIMANTAN,Sambas ,Sajad,,PNK-SBS,PNK10000,PNK21000,C,C,RING 2,
PNK21012,PNK,KALIMANTAN,Sambas ,Sebawi,,PNK-SBS,PNK10000,PNK21000,C,C,RING 2,
PNK21013,PNK,KALIMANTAN,Sambas ,Semparuk,,PNK-SBS,PNK10000,PNK21000,C,C,RING 2,
PNK21014,PNK,KALIMANTAN,Sambas ,Subah,,PNK-SBS,PNK10000,PNK21000,C,D,RING 2,
PNK21015,PNK,KALIMANTAN,Sambas ,Tangaran,,PNK-SBS,PNK10000,PNK21000,C,C,RING 2,
PNK21016,PNK,KALIMANTAN,Sambas ,Tekarang,,PNK-SBS,PNK10000,PNK21000,C,C,RING 2,
PNK21017,PNK,KALIMANTAN,Sambas ,Salatiga,,PNK-SBS,PNK10000,PNK21000,C,D,RING 2,
PNK21018,PNK,KALIMANTAN,Sambas ,Selakau Timur,,PNK-SBS,PNK10000,PNK21000,C,D,RING 2,
PNK21100,PNK,KALIMANTAN,Kab. Sekadau,Sekadau Hilir,CABANG,PNK-SED,PNK10000,PNK21100,B,B,RING 2,
PNK21101,PNK,KALIMANTAN,Sekadau ,Belitang Hilir,,PNK-SED,PNK10000,PNK21100,C,C,RING 2,
PNK21102,PNK,KALIMANTAN,Sekadau ,Belitang Hulu,,PNK-SED,PNK10000,PNK21100,C,D,RING 2,
PNK21103,PNK,KALIMANTAN,Sekadau ,Nanga Taman,,PNK-SED,PNK10000,PNK21100,C,D,RING 2,
PNK21104,PNK,KALIMANTAN,Sekadau ,Nanga Mahap,,PNK-SED,PNK10000,PNK21100,C,C,RING 2,
PNK21106,PNK,KALIMANTAN,Sekadau ,Sekadau Hulu,,PNK-SED,PNK10000,PNK21100,C,C,RING 2,
PNK21107,PNK,KALIMANTAN,Sekadau ,Belitang,,PNK-SED,PNK10000,PNK21100,C,C,RING 2,
PNK21201,PNK,KALIMANTAN,Kubu Raya ,Kuala Mandor B,,PNK,PNK10000,PNK10000,C,D,RING 2,
PNK21205,PNK,KALIMANTAN,Kubu Raya ,Teluk Pakedai,,PNK-ETG,PNK10000,PNK10223,C,D,RING 2,
PNK21206,PNK,KALIMANTAN,Kubu Raya ,Terentang,,PNK-ETG,PNK10000,PNK10223,C,D,RING 2,
PNK21207,PNK,KALIMANTAN,Kubu Raya ,Rasau Jaya,,PNK,PNK10000,PNK10000,C,C,RING 2,
PNK21208,PNK,KALIMANTAN,Kubu Raya ,Batu Ampar,,PNK-ETG,PNK10000,PNK10223,C,D,RING 2,
PNK21209,PNK,KALIMANTAN,Kubu Raya ,Sungai Raya,,PNK,PNK10000,PNK10000,A,B,RING 1,
PNK21300,PNK,KALIMANTAN,Kayong Utara ,Sukadana,,PNK-KTG,PNK10000,PNK10100,C,C,RING 2,
PNK21301,PNK,KALIMANTAN,Kayong Utara ,Pulau Maya (Pulau Maya Karimata),,PNK-KTG,PNK10000,PNK10100,C,D,RING 2,
PNK21302,PNK,KALIMANTAN,Kayong Utara ,Simpang Hilir,,PNK-KTG,PNK10000,PNK10100,C,D,RING 2,
PNK21303,PNK,KALIMANTAN,Kayong Utara ,Teluk Batang,,PNK-KTG,PNK10000,PNK10100,C,D,RING 2,
PNK21304,PNK,KALIMANTAN,Kayong Utara ,Seponti,,PNK-KTG,PNK10000,PNK10100,C,D,RING 2,
PNK21305,PNK,KALIMANTAN,Kayong Utara ,Kepulauan Karimata,,PNK-KTG,PNK10000,PNK10100,C,D,RING 2,
SMD10000,SMD,KALIMANTAN,Kota Samarinda,Samarinda,CABANG UTAMA,SMD,SMD10000,SMD10000,A,A,RING 1,
SMD10005,SMD,KALIMANTAN,Samarinda ,Samarinda Seberang,,SMD,SMD10000,SMD10000,A,A,RING 1,
SMD10007,SMD,KALIMANTAN,Samarinda,Palaran,,SMD,SMD10000,SMD10000,A,A,RING 1,
SMD10009,SMD,KALIMANTAN,Samarinda ,Samarinda Ilir,,SMD,SMD10000,SMD10000,A,A,RING 1,
SMD10010,SMD,KALIMANTAN,Samarinda ,Samarinda Ulu,,SMD,SMD10000,SMD10000,A,A,RING 1,
SMD10011,SMD,KALIMANTAN,Samarinda ,Samarinda Utara,,SMD,SMD10000,SMD10000,A,A,RING 1,
SMD10012,SMD,KALIMANTAN,Samarinda ,Sungai Kunjang,,SMD,SMD10000,SMD10000,A,A,RING 1,
SMD10013,SMD,KALIMANTAN,Samarinda ,Loa Janan Ilir,,SMD,SMD10000,SMD10000,A,A,RING 1,
SMD10014,SMD,KALIMANTAN,Samarinda ,Samarinda Kota,,SMD,SMD10000,SMD10000,A,A,RING 1,
SMD10015,SMD,KALIMANTAN,Samarinda ,Sambutan,,SMD,SMD10000,SMD10000,A,A,RING 1,
SMD10016,SMD,KALIMANTAN,Samarinda ,Sungai Pinang,,SMD,SMD10000,SMD10000,A,A,RING 1,
SMD20100,SMD,KALIMANTAN,Kab. Kutai Kartanegara,Tenggarong,CABANG,SMD-TRG,SMD10000,SMD20100,B,B,RING 2,
SMD20106,SMD,KALIMANTAN,Kutai Kartanegara ,Kembang Janggut,,SMD-TRG,SMD10000,SMD20100,D,D,RING 2,
SMD20107,SMD,KALIMANTAN,Kutai Kartanegara ,Kenohan,,SMD-TRG,SMD10000,SMD20100,D,D,RING 2,
SMD20108,SMD,KALIMANTAN,Kutai Kartanegara,Kota Bangun,CABANG,SMD-KBG,SMD10000,SMD20108,C,C,RING 2,
SMD20109,SMD,KALIMANTAN,Kutai Kartanegara ,Loa Kulu,,SMD-TRG,SMD10000,SMD20100,B,C,RING 2,
SMD20117,SMD,KALIMANTAN,Kutai Kartanegara ,Muara Kaman,,SMD-TRG,SMD10000,SMD20100,C,C,RING 2,
SMD20120,SMD,KALIMANTAN,Kutai Kartanegara ,Muara Muntai,,SMD-TRG,SMD10000,SMD20100,C,C,RING 2,
SMD20123,SMD,KALIMANTAN,Kutai Kartanegara,Sebulu,CABANG,SMD-BUL,SMD10000,SMD20123,C,C,RING 2,
SMD20124,SMD,KALIMANTAN,Kutai Kartanegara ,Tabang,,SMD-TRG,SMD10000,SMD20100,D,D,RING 2,
SMD20126,SMD,KALIMANTAN,Kutai Kartanegara ,Loa Janan,,SMD-TRG,SMD10000,SMD20100,C,C,RING 1,
SMD20127,SMD,KALIMANTAN,Kutai Kartanegara,Muara Badak,CABANG,SMD-MDK,SMD10000,SMD20127,B,B,RING 2,
SMD20128,SMD,KALIMANTAN,Kutai Kartanegara ,Sanga-Sanga,,SMD-MDK,SMD10000,SMD20127,B,B,RING 2,
SMD20130,SMD,KALIMANTAN,Kutai Kartanegara ,Marang Kayu,,SMD-MDK,SMD10000,SMD20127,C,C,RING 2,
SMD20131,SMD,KALIMANTAN,Kutai Kartanegara ,Muara Wis,,SMD-MDK,SMD10000,SMD20127,C,C,RING 2,
SMD20132,SMD,KALIMANTAN,Kutai Kartanegara ,Tenggarong Seberang,,SMD-MDK,SMD10000,SMD20127,C,C,RING 1,
SMD20133,SMD,KALIMANTAN,Kutai Kartanegara ,Anggana,,SMD-MDK,SMD10000,SMD20127,C,C,RING 2,
SMD20200,SMD,KALIMANTAN,Sendawar,Sendawar,,SMD-MLK,SMD10000,SMD20210,B,B,RING 2,
SMD20201,SMD,KALIMANTAN,Kutai Barat ,Barong Tongkok,,SMD-MLK,SMD10000,SMD20210,C,C,RING 2,
SMD20202,SMD,KALIMANTAN,Kutai Barat ,Bentian Besar,,SMD-MLK,SMD10000,SMD20210,D,D,RING 2,
SMD20203,SMD,KALIMANTAN,Kutai Barat ,Bongan,,SMD-MLK,SMD10000,SMD20210,D,D,RING 2,
SMD20204,SMD,KALIMANTAN,Kutai Barat ,Damai,,SMD-MLK,SMD10000,SMD20210,D,D,RING 2,
SMD20205,SMD,KALIMANTAN,Kutai Barat ,Jempang,,SMD-MLK,SMD10000,SMD20210,D,D,RING 2,
SMD20206,SMD,KALIMANTAN,Mahakam Ulu ,Long Apari,,SMD-MLK,SMD10000,SMD20210,D,D,RING 2,
SMD20207,SMD,KALIMANTAN,Kutai Barat ,Long Iram,,SMD-MLK,SMD10000,SMD20210,D,D,RING 2,
SMD20208,SMD,KALIMANTAN,Mahakam Ulu ,Long Pahangai,,SMD-MLK,SMD10000,SMD20210,D,D,RING 2,
SMD20209,SMD,KALIMANTAN,Mahakam Ulu ,Long Bagun,,SMD-MLK,SMD10000,SMD20210,D,D,RING 2,
SMD20210,SMD,KALIMANTAN,Kab. Kutai Barat,Melak,CABANG,SMD-MLK,SMD10000,SMD20210,B,B,RING 2,
SMD20211,SMD,KALIMANTAN,Kutai Barat ,Muara Pahu,,SMD-MLK,SMD10000,SMD20210,C,C,RING 2,
SMD20212,SMD,KALIMANTAN,Kutai Barat ,Muara Lawa,,SMD-MLK,SMD10000,SMD20210,C,C,RING 2,
SMD20213,SMD,KALIMANTAN,Kutai Barat ,Penyinggahan,,SMD-MLK,SMD10000,SMD20210,C,C,RING 2,
SMD20214,SMD,KALIMANTAN,Kutai Barat ,Linggang Bigung,,SMD-MLK,SMD10000,SMD20210,C,C,RING 2,
SMD20215,SMD,KALIMANTAN,Mahakam Ulu ,Long Hubung,,SMD-MLK,SMD10000,SMD20210,D,D,RING 2,
SMD20216,SMD,KALIMANTAN,Kutai Barat ,Nyuatan,,SMD-MLK,SMD10000,SMD20210,C,C,RING 2,
SMD20217,SMD,KALIMANTAN,Kutai Barat ,Tering,,SMD-MLK,SMD10000,SMD20210,C,C,RING 2,
SMD20218,SMD,KALIMANTAN,Kutai Barat ,Siluq Ngurai,,SMD-MLK,SMD10000,SMD20210,C,C,RING 2,
SMD20219,SMD,KALIMANTAN,Kutai Barat ,Sekolaq Darat,,SMD-MLK,SMD10000,SMD20210,C,C,RING 2,
SMD20220,SMD,KALIMANTAN,Kutai Barat ,Mook Manaar Bulatn,,SMD-MLK,SMD10000,SMD20210,C,C,RING 2,
SMD20300,SMD,KALIMANTAN,Mahakam Ulu ,Laham,,SMD-MLK,SMD10000,SMD20210,C,C,RING 2,
TRK10000,TRK,KALIMANTAN,Kota Tarakan,Tarakan,CABANG UTAMA,TRK,TRK10000,TRK10000,A,A,RING 1,
TRK10011,TRK,KALIMANTAN,Tarakan ,Tarakan Barat,,TRK,TRK10000,TRK10000,A,A,RING 1,
TRK10012,TRK,KALIMANTAN,Tarakan ,Tarakan Tengah,,TRK,TRK10000,TRK10000,A,A,RING 1,
TRK10013,TRK,KALIMANTAN,Tarakan ,Tarakan Timur,,TRK,TRK10000,TRK10000,A,A,RING 1,
TRK10014,TRK,KALIMANTAN,Tarakan ,Tarakan Utara,,TRK,TRK10000,TRK10000,A,A,RING 1,
TRK20100,TRK,KALIMANTAN,Bulungan,Tanjung Selor,CABANG,TRK-TJS,TRK10000,TRK20100,B,B,RING 2,
TRK20103,TRK,KALIMANTAN,Bulungan ,Peso,,TRK-TJS,TRK10000,TRK20100,C,D,RING 2,
TRK20105,TRK,KALIMANTAN,Kab. Bulungan,Pulau Bunyu,CABANG,TRK-BYQ,TRK10000,TRK20105,B,B,RING 2,
TRK20106,TRK,KALIMANTAN,Bulungan ,Peso Hilir/Ilir,,TRK-BYQ,TRK10000,TRK20105,C,D,RING 2,
TRK20107,TRK,KALIMANTAN,Bulungan ,Sekatak,,TRK-BYQ,TRK10000,TRK20105,C,D,RING 2,
TRK20108,TRK,KALIMANTAN,Bulungan ,Tanjung Palas,,TRK-BYQ,TRK10000,TRK20105,C,C,RING 2,
TRK20109,TRK,KALIMANTAN,Bulungan ,Tanjung Palas Barat,,TRK-BYQ,TRK10000,TRK20105,C,C,RING 2,
TRK20110,TRK,KALIMANTAN,Bulungan ,Tanjung Palas Tengah,,TRK-BYQ,TRK10000,TRK20105,C,C,RING 2,
TRK20111,TRK,KALIMANTAN,Bulungan ,Tanjung Palas Timur,,TRK-BYQ,TRK10000,TRK20105,C,C,RING 2,
TRK20112,TRK,KALIMANTAN,Bulungan ,Tanjung Palas Utara,,TRK-BYQ,TRK10000,TRK20105,C,C,RING 2,
TRK20200,TRK,KALIMANTAN,Kab. Malinau,Malinau,CABANG,TRK-MLU,TRK10000,TRK20200,B,B,RING 2,
TRK20201,TRK,KALIMANTAN,Malinau ,Mentarang,,TRK-MLU,TRK10000,TRK20200,C,C,RING 2,
TRK20202,TRK,KALIMANTAN,Malinau ,Kayan Hulu,,TRK-MLU,TRK10000,TRK20200,C,D,RING 2,
TRK20203,TRK,KALIMANTAN,Malinau ,Kayan Hilir,,TRK-MLU,TRK10000,TRK20200,C,D,RING 2,
TRK20204,TRK,KALIMANTAN,Malinau ,Pujungan,,TRK-MLU,TRK10000,TRK20200,C,D,RING 2,
TRK20205,TRK,KALIMANTAN,Malinau ,Malinau Barat,,TRK-MLU,TRK10000,TRK20200,C,C,RING 2,
TRK20206,TRK,KALIMANTAN,Malinau ,Malinau Selatan,,TRK-MLU,TRK10000,TRK20200,B,D,RING 2,
TRK20207,TRK,KALIMANTAN,Malinau ,Malinau Utara,,TRK-MLU,TRK10000,TRK20200,B,C,RING 2,
TRK20208,TRK,KALIMANTAN,Malinau ,Sungai Boh,,TRK-MLU,TRK10000,TRK20200,C,D,RING 2,
TRK20209,TRK,KALIMANTAN,Malinau ,Mentarang Hulu,,TRK-MLU,TRK10000,TRK20200,C,D,RING 2,
TRK20210,TRK,KALIMANTAN,Malinau ,Kayan Selatan,,TRK-MLU,TRK10000,TRK20200,C,D,RING 2,
TRK20211,TRK,KALIMANTAN,Malinau ,Bahau Hulu,,TRK-MLU,TRK10000,TRK20200,C,D,RING 2,
TRK20212,TRK,KALIMANTAN,Malinau ,Malinau Selatan Hilir,,TRK-MLU,TRK10000,TRK20200,C,D,RING 2,
TRK20213,TRK,KALIMANTAN,Malinau ,Malinau Selatan Hulu,,TRK-MLU,TRK10000,TRK20200,C,D,RING 2,
TRK20214,TRK,KALIMANTAN,Malinau ,Sungai Tubu,,TRK-MLU,TRK10000,TRK20200,C,D,RING 2,
TRK20300,TRK,KALIMANTAN,Kab. Nunukan,Nunukan,CABANG,TRK-NNX,TRK10000,TRK20300,B,B,RING 2,
TRK20301,TRK,KALIMANTAN,Nunukan ,Krayan,CABANG,TRK-KRY,TRK10000,TRK20301,C,D,RING 2,
TRK20302,TRK,KALIMANTAN,Nunukan ,Lumbis,,TRK-NNX,TRK10000,TRK20300,C,C,RING 2,
TRK20303,TRK,KALIMANTAN,Nunukan ,Krayan Selatan,,TRK-KRY,TRK10000,TRK20301,C,D,RING 2,
TRK20304,TRK,KALIMANTAN,Nunukan,Sebatik,CABANG,TRK-SBT,TRK10000,TRK20304,C,B,RING 2,
TRK20305,TRK,KALIMANTAN,Nunukan ,Sebuku,,TRK-SBT,TRK10000,TRK20304,C,C,RING 2,
TRK20306,TRK,KALIMANTAN,Nunukan ,Sebatik Barat,,TRK-TJS,TRK10000,TRK20100,C,C,RING 2,
TRK20307,TRK,KALIMANTAN,Nunukan ,Lumbis Ogong,,TRK-TJS,TRK10000,TRK20100,C,C,RING 2,
TRK20308,TRK,KALIMANTAN,Nunukan ,Nunukan Selatan,,TRK-TJS,TRK10000,TRK20100,C,C,RING 2,
TRK20309,TRK,KALIMANTAN,Nunukan ,Sebatik Tengah,,TRK-TJS,TRK10000,TRK20100,C,C,RING 2,
TRK20310,TRK,KALIMANTAN,Nunukan ,Sebatik Timur,,TRK-TJS,TRK10000,TRK20100,C,C,RING 2,
TRK20311,TRK,KALIMANTAN,Nunukan ,Sebatik Utara,,TRK-TJS,TRK10000,TRK20100,C,C,RING 2,
TRK20312,TRK,KALIMANTAN,Nunukan ,Sei Menggaris,,TRK-TJS,TRK10000,TRK20100,C,D,RING 2,
TRK20313,TRK,KALIMANTAN,Nunukan ,Sembakung Atulai,,TRK-TJS,TRK10000,TRK20100,C,C,RING 2,
TRK20314,TRK,KALIMANTAN,Nunukan ,Tulin Onsoi,,TRK-TJS,TRK10000,TRK20100,C,C,RING 2,
TRK20400,TRK,KALIMANTAN,Kab. Tana Tidung,Tanah Tidung,CABANG,TRK-TTG,TRK10000,TRK20400,B,B,RING 2,
TRK20401,TRK,KALIMANTAN,Nunukan ,Sembakung,,TRK-TTG,TRK10000,TRK20400,C,C,RING 2,
TRK20402,TRK,KALIMANTAN,Tana Tidung ,Sesayap,,TRK-TTG,TRK10000,TRK20400,C,C,RING 2,
TRK20403,TRK,KALIMANTAN,Tana Tidung ,Sesayap Hilir,,TRK-TTG,TRK10000,TRK20400,C,C,RING 2,
TRK20404,TRK,KALIMANTAN,Tana Tidung ,Tana Lia,,TRK-TTG,TRK10000,TRK20400,C,C,RING 2,
TRK20405,TRK,KALIMANTAN,Tana Tidung ,Betayau,,TRK-TTG,TRK10000,TRK20400,C,C,RING 2,
TRK20406,TRK,KALIMANTAN,Tana Tidung ,Muruk Rian,,TRK-TTG,TRK10000,TRK20400,C,C,RING 2,
AMQ10000,AMQ,SULAMPAPUA,Kota Ambon,Ambon,CABANG UTAMA,AMQ,AMQ10000,AMQ10000,A,A,RING 1,
AMQ10005,AMQ,SULAMPAPUA,Ambon ,Nusaniwe (Nusanive),,AMQ,AMQ10000,AMQ10000,A,A,RING 1,
AMQ10006,AMQ,SULAMPAPUA,Ambon ,Sirimau,,AMQ,AMQ10000,AMQ10000,A,A,RING 1,
AMQ10007,AMQ,SULAMPAPUA,Ambon ,Baguala,,AMQ,AMQ10000,AMQ10000,A,A,RING 1,
AMQ10008,AMQ,SULAMPAPUA,Ambon ,Teluk Ambon,,AMQ,AMQ10000,AMQ10000,A,A,RING 1,
AMQ10009,AMQ,SULAMPAPUA,Ambon ,Leitimur Selatan,,AMQ,AMQ10000,AMQ10000,A,B,RING 2,
AMQ20100,AMQ,SULAMPAPUA,Kab. Maluku Tengah,Kota Masohi,CABANG,AMQ-MSH,AMQ10000,AMQ20100,C,B,RING 2,
AMQ20101,AMQ,SULAMPAPUA,Maluku Tengah ,Banda,CABANG,AMQ-BDA,AMQ10000,AMQ20101,D,D,RING 2,
AMQ20107,AMQ,SULAMPAPUA,Maluku Tengah ,Leihitu,,AMQ,AMQ10000,AMQ10000,D,C,RING 2,
AMQ20108,AMQ,SULAMPAPUA,Maluku Tengah ,Pulau Haruku,CABANG,AMQ-HRU,AMQ10000,AMQ20108,D,D,RING 2,
AMQ20110,AMQ,SULAMPAPUA,Maluku Tengah ,Salahutu,,AMQ,AMQ10000,AMQ10000,C,B,RING 2,
AMQ20113,AMQ,SULAMPAPUA,Maluku Tengah ,Seram Utara,,AMQ-MSH,AMQ10000,AMQ20100,D,D,RING 2,
AMQ20115,AMQ,SULAMPAPUA,Maluku Tengah ,Tehoru,,AMQ-MSH,AMQ10000,AMQ20100,D,D,RING 2,
AMQ20116,AMQ,SULAMPAPUA,Maluku Tengah ,Teon Nila Serua,,AMQ-MSH,AMQ10000,AMQ20100,D,D,RING 2,
AMQ20118,AMQ,SULAMPAPUA,Maluku Tengah ,Amahai,,AMQ-MSH,AMQ10000,AMQ20100,D,D,RING 2,
AMQ20119,AMQ,SULAMPAPUA,Maluku Tengah ,Nusa Laut,,AMQ-MSH,AMQ10000,AMQ20100,D,D,RING 2,
AMQ20121,AMQ,SULAMPAPUA,Maluku Tengah ,Saparua,,AMQ-MSH,AMQ10000,AMQ20100,D,D,RING 2,
AMQ20122,AMQ,SULAMPAPUA,Maluku Tengah ,Teluk Elpaputih,,AMQ-MSH,AMQ10000,AMQ20100,C,C,RING 2,
AMQ20123,AMQ,SULAMPAPUA,Maluku Tengah ,Seram Utara Barat,,AMQ-MSH,AMQ10000,AMQ20100,D,D,RING 2,
AMQ20124,AMQ,SULAMPAPUA,Maluku Tengah ,Leihitu Barat,,AMQ,AMQ10000,AMQ10000,D,C,RING 2,
AMQ20125,AMQ,SULAMPAPUA,Maluku Tengah ,Saparua Timur,,AMQ-MSH,AMQ10000,AMQ20100,D,D,RING 2,
AMQ20126,AMQ,SULAMPAPUA,Maluku Tengah ,Seram Utara Timur Kobi,,AMQ-MSH,AMQ10000,AMQ20100,D,D,RING 2,
AMQ20127,AMQ,SULAMPAPUA,Maluku Tengah ,Seram Utara Timur Seti,,AMQ-MSH,AMQ10000,AMQ20100,D,D,RING 2,
AMQ20128,AMQ,SULAMPAPUA,Maluku Tengah ,Telutih,,AMQ-MSH,AMQ10000,AMQ20100,D,D,RING 2,
AMQ20200,AMQ,SULAMPAPUA,Kab. Maluku Tenggara,Tual,CABANG,AMQ-LUV,AMQ10000,AMQ20200,B,C,RING 2,
AMQ20201,AMQ,SULAMPAPUA,Maluku Tenggara ,Kei Besar,,AMQ-LUV,AMQ10000,AMQ20200,D,D,RING 2,
AMQ20208,AMQ,SULAMPAPUA,Maluku Tenggara ,Kei Besar Selatan,,AMQ-LUV,AMQ10000,AMQ20200,D,D,RING 2,
AMQ20209,AMQ,SULAMPAPUA,Maluku Tenggara ,Kei Besar Utara Timur,,AMQ-LUV,AMQ10000,AMQ20200,D,D,RING 2,
AMQ20210,AMQ,SULAMPAPUA,Maluku Tenggara ,Kei Kecil,,AMQ-LUV,AMQ10000,AMQ20200,D,D,RING 2,
AMQ20211,AMQ,SULAMPAPUA,Tual ,Pulau-Pulau Kur,,AMQ-LUV,AMQ10000,AMQ20200,D,D,RING 2,
AMQ20212,AMQ,SULAMPAPUA,Maluku Tenggara ,Kei Kecil Timur,,AMQ-LUV,AMQ10000,AMQ20200,D,D,RING 2,
AMQ20213,AMQ,SULAMPAPUA,Maluku Tenggara ,Kei Kecil Barat,,AMQ-LUV,AMQ10000,AMQ20200,D,D,RING 2,
AMQ20214,AMQ,SULAMPAPUA,Maluku Tenggara ,Hoat Sorbay,,AMQ-LUV,AMQ10000,AMQ20200,D,D,RING 2,
AMQ20215,AMQ,SULAMPAPUA,Maluku Tenggara ,Kei Besar Selatan Barat,,AMQ-LUV,AMQ10000,AMQ20200,D,D,RING 2,
AMQ20216,AMQ,SULAMPAPUA,Maluku Tenggara ,Kei Besar Utara Barat,,AMQ-LUV,AMQ10000,AMQ20200,D,D,RING 2,
AMQ20217,AMQ,SULAMPAPUA,Maluku Tenggara ,Kei Kecil Timur Selatan,,AMQ-LUV,AMQ10000,AMQ20200,D,D,RING 2,
AMQ20218,AMQ,SULAMPAPUA,Maluku Tenggara ,Manyeuw,,AMQ-LUV,AMQ10000,AMQ20200,D,D,RING 2,
AMQ20219,AMQ,SULAMPAPUA,Tual ,Kur Selatan,,AMQ-LUV,AMQ10000,AMQ20200,D,D,RING 2,
AMQ20220,AMQ,SULAMPAPUA,Tual ,Pulau Dullah Utara,,AMQ-LUV,AMQ10000,AMQ20200,D,D,RING 2,
AMQ20300,AMQ,SULAMPAPUA,Kab. Buru,Namlea,CABANG,AMQ-NAM,AMQ10000,AMQ20300,C,C,RING 2,
AMQ20301,AMQ,SULAMPAPUA,Buru ,Airbuaya,,AMQ-NAM,AMQ10000,AMQ20300,D,D,RING 2,
AMQ20302,AMQ,SULAMPAPUA,Buru Selatan ,Leksula,,AMQ-ROL,AMQ10000,AMQ20307,D,D,RING 2,
AMQ20303,AMQ,SULAMPAPUA,Buru Selatan ,Waesama,,AMQ-ROL,AMQ10000,AMQ20307,D,D,RING 2,
AMQ20304,AMQ,SULAMPAPUA,Buru ,Waeapo,,AMQ-NAM,AMQ10000,AMQ20300,D,D,RING 2,
AMQ20305,AMQ,SULAMPAPUA,Buru ,Waplau,,AMQ-NAM,AMQ10000,AMQ20300,D,D,RING 2,
AMQ20306,AMQ,SULAMPAPUA,Buru ,Batabual,,AMQ-NAM,AMQ10000,AMQ20300,D,D,RING 2,
AMQ20307,AMQ,SULAMPAPUA,Buru Selatan ,Namrole,CABANG,AMQ-ROL,AMQ10000,AMQ20307,D,D,RING 2,
AMQ20308,AMQ,SULAMPAPUA,Buru Selatan ,Kepala Madan,,AMQ-ROL,AMQ10000,AMQ20307,D,D,RING 2,
AMQ20309,AMQ,SULAMPAPUA,Buru Selatan ,Ambalau,,AMQ-ROL,AMQ10000,AMQ20307,D,D,RING 2,
AMQ20310,AMQ,SULAMPAPUA,Buru Selatan ,Fena Fafan,,AMQ-ROL,AMQ10000,AMQ20307,D,D,RING 2,
AMQ20311,AMQ,SULAMPAPUA,Buru ,Waelata,,AMQ-NAM,AMQ10000,AMQ20300,D,D,RING 2,
AMQ20312,AMQ,SULAMPAPUA,Buru ,Fena Leisela,,AMQ-NAM,AMQ10000,AMQ20300,D,D,RING 2,
AMQ20313,AMQ,SULAMPAPUA,Buru ,Lilialy,,AMQ-NAM,AMQ10000,AMQ20300,D,D,RING 2,
AMQ20314,AMQ,SULAMPAPUA,Buru ,Lolong Guba,,AMQ-NAM,AMQ10000,AMQ20300,D,D,RING 2,
AMQ20315,AMQ,SULAMPAPUA,Buru ,Teluk Kaiely,,AMQ-NAM,AMQ10000,AMQ20300,D,D,RING 2,
AMQ20400,AMQ,SULAMPAPUA,Kab. Kepulauan Aru,Dobo,CABANG,AMQ-DOB,AMQ10000,AMQ20400,D,D,RING 2,
AMQ20401,AMQ,SULAMPAPUA,Kepulauan Aru ,Pulau-Pulau Aru,,AMQ-DOB,AMQ10000,AMQ20400,D,D,RING 2,
AMQ20402,AMQ,SULAMPAPUA,Kepulauan Aru ,Aru Selatan,,AMQ-DOB,AMQ10000,AMQ20400,D,D,RING 2,
AMQ20403,AMQ,SULAMPAPUA,Kepulauan Aru ,Aru Tengah,,AMQ-DOB,AMQ10000,AMQ20400,D,D,RING 2,
AMQ20404,AMQ,SULAMPAPUA,Kepulauan Aru ,Aru Utara,,AMQ-DOB,AMQ10000,AMQ20400,D,D,RING 2,
AMQ20405,AMQ,SULAMPAPUA,Kepulauan Aru ,Aru Tengah Timur,,AMQ-DOB,AMQ10000,AMQ20400,D,D,RING 2,
AMQ20406,AMQ,SULAMPAPUA,Kepulauan Aru ,Aru Tengah Selatan,,AMQ-DOB,AMQ10000,AMQ20400,D,D,RING 2,
AMQ20407,AMQ,SULAMPAPUA,Kepulauan Aru ,Aru Selatan Timur,,AMQ-DOB,AMQ10000,AMQ20400,D,D,RING 2,
AMQ20408,AMQ,SULAMPAPUA,Kepulauan Aru ,Aru Selatan Utara,,AMQ-DOB,AMQ10000,AMQ20400,D,D,RING 2,
AMQ20409,AMQ,SULAMPAPUA,Kepulauan Aru ,Aru Utara Timur Batuley,,AMQ-DOB,AMQ10000,AMQ20400,D,D,RING 2,
AMQ20410,AMQ,SULAMPAPUA,Kepulauan Aru ,Sir-Sir,,AMQ-DOB,AMQ10000,AMQ20400,D,D,RING 2,
AMQ20600,AMQ,SULAMPAPUA,Piru,Piru,CABANG,AMQ-PRU,AMQ10000,AMQ20600,D,D,RING 2,
AMQ20601,AMQ,SULAMPAPUA,Seram Bagian Barat ,Kairatu,,AMQ-PRU,AMQ10000,AMQ20600,D,D,RING 2,
AMQ20602,AMQ,SULAMPAPUA,Seram Bagian Barat ,Seram Barat,,AMQ-PRU,AMQ10000,AMQ20600,D,D,RING 2,
AMQ20603,AMQ,SULAMPAPUA,Seram Bagian Barat ,Taniwel,,AMQ-PRU,AMQ10000,AMQ20600,D,D,RING 2,
AMQ20604,AMQ,SULAMPAPUA,Seram Bagian Barat ,Huamual Belakang,,AMQ-PRU,AMQ10000,AMQ20600,D,D,RING 2,
AMQ20605,AMQ,SULAMPAPUA,Seram Bagian Barat ,Amalatu,,AMQ-PRU,AMQ10000,AMQ20600,D,D,RING 2,
AMQ20606,AMQ,SULAMPAPUA,Seram Bagian Barat ,Elpaputih,,AMQ-PRU,AMQ10000,AMQ20600,D,D,RING 2,
AMQ20607,AMQ,SULAMPAPUA,Seram Bagian Barat ,Huamual,,AMQ-PRU,AMQ10000,AMQ20600,D,D,RING 2,
AMQ20608,AMQ,SULAMPAPUA,Seram Bagian Barat ,Inamosol,,AMQ-PRU,AMQ10000,AMQ20600,D,D,RING 2,
AMQ20609,AMQ,SULAMPAPUA,Seram Bagian Barat ,Kairatu Barat,,AMQ-PRU,AMQ10000,AMQ20600,D,D,RING 2,
AMQ20610,AMQ,SULAMPAPUA,Seram Bagian Barat ,Kepulauan Manipa,,AMQ-PRU,AMQ10000,AMQ20600,D,D,RING 2,
AMQ20611,AMQ,SULAMPAPUA,Seram Bagian Barat ,Taniwel Timur,,AMQ-PRU,AMQ10000,AMQ20600,D,D,RING 2,
AMQ20700,AMQ,SULAMPAPUA,Dataran Hunimoa,Dataran Hunimoa,CABANG,AMQ-DTR,AMQ10000,AMQ20700,D,D,RING 2,
AMQ20701,AMQ,SULAMPAPUA,Seram Bagian Timur ,Bula,,AMQ-DTR,AMQ10000,AMQ20700,D,D,RING 2,
AMQ20702,AMQ,SULAMPAPUA,Seram Bagian Timur ,Pulau Gorom,,AMQ-DTR,AMQ10000,AMQ20700,D,D,RING 2,
AMQ20703,AMQ,SULAMPAPUA,Seram Bagian Timur ,Seram Timur,,AMQ-DTR,AMQ10000,AMQ20700,D,D,RING 2,
AMQ20704,AMQ,SULAMPAPUA,Seram Bagian Timur ,Werinama,,AMQ-DTR,AMQ10000,AMQ20700,D,D,RING 2,
AMQ20705,AMQ,SULAMPAPUA,Seram Bagian Timur ,Tutuk Tolu,,AMQ-DTR,AMQ10000,AMQ20700,D,D,RING 2,
AMQ20706,AMQ,SULAMPAPUA,Seram Bagian Timur ,Bula Barat,,AMQ-DTR,AMQ10000,AMQ20700,D,D,RING 2,
AMQ20707,AMQ,SULAMPAPUA,Seram Bagian Timur ,Gorom Timur,,AMQ-DTR,AMQ10000,AMQ20700,D,D,RING 2,
AMQ20708,AMQ,SULAMPAPUA,Seram Bagian Timur ,Kian Darat,,AMQ-DTR,AMQ10000,AMQ20700,D,D,RING 2,
AMQ20709,AMQ,SULAMPAPUA,Seram Bagian Timur ,Kilmury,,AMQ-DTR,AMQ10000,AMQ20700,D,D,RING 2,
AMQ20710,AMQ,SULAMPAPUA,Seram Bagian Timur ,Pulau Panjang,,AMQ-DTR,AMQ10000,AMQ20700,D,D,RING 2,
AMQ20711,AMQ,SULAMPAPUA,Seram Bagian Timur ,Siritaun Wida Timur,,AMQ-DTR,AMQ10000,AMQ20700,D,D,RING 2,
AMQ20712,AMQ,SULAMPAPUA,Seram Bagian Timur ,Siwalalat,,AMQ-DTR,AMQ10000,AMQ20700,D,D,RING 2,
AMQ20713,AMQ,SULAMPAPUA,Seram Bagian Timur ,Teluk Waru,,AMQ-DTR,AMQ10000,AMQ20700,D,D,RING 2,
AMQ20714,AMQ,SULAMPAPUA,Seram Bagian Timur ,Teor,,AMQ-DTR,AMQ10000,AMQ20700,D,D,RING 2,
AMQ20715,AMQ,SULAMPAPUA,Seram Bagian Timur ,Wakate,,AMQ-DTR,AMQ10000,AMQ20700,D,D,RING 2,
AMQ20800,AMQ,SULAMPAPUA,Kab. Maluku Tenggara Barat,Saumlaki,CABANG,AMQ-SXK,AMQ10000,AMQ20800,B,C,RING 2,
AMQ20801,AMQ,SULAMPAPUA,Maluku Barat Daya ,Damer,,AMQ-MOA,AMQ10000,AMQ20900,D,D,RING 2,
AMQ20802,AMQ,SULAMPAPUA,Maluku Tenggara Barat ,Kormomolin,,AMQ-SXK,AMQ10000,AMQ20800,D,D,RING 2,
AMQ20803,AMQ,SULAMPAPUA,Luser,Luser,,AMQ-SXK,AMQ10000,AMQ20800,D,D,RING 2,
AMQ20804,AMQ,SULAMPAPUA,Mola,Mola,,AMQ-MOA,AMQ10000,AMQ20900,D,D,RING 2,
AMQ20805,AMQ,SULAMPAPUA,Maluku Tenggara Barat ,Nirunmas,,AMQ-SXK,AMQ10000,AMQ20800,D,D,RING 2,
AMQ20806,AMQ,SULAMPAPUA,Maluku Barat Daya ,Pulau Pulau Babar,,AMQ-MOA,AMQ10000,AMQ20900,D,D,RING 2,
AMQ20807,AMQ,SULAMPAPUA,Maluku Barat Daya ,Pulau-Pulau Babar Timur,,AMQ-MOA,AMQ10000,AMQ20900,D,D,RING 2,
AMQ20808,AMQ,SULAMPAPUA,Maluku Barat Daya ,Pulau Letti (Leti Moa Lakor),,AMQ-MOA,AMQ10000,AMQ20900,D,D,RING 2,
AMQ20809,AMQ,SULAMPAPUA,Maluku Barat Daya ,Pulau Pulau Terselatan,,AMQ-MOA,AMQ10000,AMQ20900,D,D,RING 2,
AMQ20810,AMQ,SULAMPAPUA,Maluku Barat Daya ,Wetar,,AMQ-MOA,AMQ10000,AMQ20900,D,D,RING 2,
AMQ20811,AMQ,SULAMPAPUA,Maluku Tenggara Barat ,Selaru,,AMQ-SXK,AMQ10000,AMQ20800,D,D,RING 2,
AMQ20812,AMQ,SULAMPAPUA,Maluku Tenggara Barat ,Tanimbar Selatan,,AMQ-SXK,AMQ10000,AMQ20800,D,D,RING 2,
AMQ20813,AMQ,SULAMPAPUA,Maluku Tenggara Barat ,Tanimbar Utara,,AMQ-SXK,AMQ10000,AMQ20800,D,D,RING 2,
AMQ20814,AMQ,SULAMPAPUA,Maluku Tenggara Barat ,Wer Maktian,,AMQ-SXK,AMQ10000,AMQ20800,D,D,RING 2,
AMQ20815,AMQ,SULAMPAPUA,Maluku Tenggara Barat ,Wer Tamrian,,AMQ-SXK,AMQ10000,AMQ20800,D,D,RING 2,
AMQ20816,AMQ,SULAMPAPUA,Maluku Tenggara Barat ,Wuar Labobar,,AMQ-SXK,AMQ10000,AMQ20800,D,D,RING 2,
AMQ20817,AMQ,SULAMPAPUA,Maluku Tenggara Barat ,Yaru,,AMQ-SXK,AMQ10000,AMQ20800,D,D,RING 2,
AMQ20818,AMQ,SULAMPAPUA,Serwaru,Serwaru,,AMQ-MOA,AMQ10000,AMQ20900,D,D,RING 2,
AMQ20819,AMQ,SULAMPAPUA,Maluku Tenggara Barat ,Molu Maru,,AMQ-SXK,AMQ10000,AMQ20800,D,D,RING 2,
AMQ20900,AMQ,SULAMPAPUA,Maluku Barat Daya ,Moa Lakor,CABANG,AMQ-MOA,AMQ10000,AMQ20900,D,D,RING 2,
AMQ20901,AMQ,SULAMPAPUA,Maluku Barat Daya ,Mdona Hyera/Hiera,,AMQ-MOA,AMQ10000,AMQ20900,D,D,RING 2,
AMQ20902,AMQ,SULAMPAPUA,Tual ,Pulau Dullah Selatan,,AMQ-LUV,AMQ10000,AMQ20200,D,D,RING 2,
AMQ20903,AMQ,SULAMPAPUA,Tual ,Pulau Tayando Tam,,AMQ-LUV,AMQ10000,AMQ20200,D,D,RING 2,
AMQ20904,AMQ,SULAMPAPUA,Maluku Barat Daya ,Kisar Utara,,AMQ-MOA,AMQ10000,AMQ20900,D,D,RING 2,
AMQ20905,AMQ,SULAMPAPUA,Maluku Barat Daya ,Pulau Lakor,,AMQ-MOA,AMQ10000,AMQ20900,D,D,RING 2,
AMQ20906,AMQ,SULAMPAPUA,Maluku Barat Daya ,Pulau Masela,,AMQ-MOA,AMQ10000,AMQ20900,D,D,RING 2,
AMQ20907,AMQ,SULAMPAPUA,Maluku Barat Daya ,Pulau Wetang,,AMQ-MOA,AMQ10000,AMQ20900,D,D,RING 2,
AMQ20908,AMQ,SULAMPAPUA,Maluku Barat Daya ,Wetar Barat,,AMQ-MOA,AMQ10000,AMQ20900,D,D,RING 2,
AMQ20909,AMQ,SULAMPAPUA,Maluku Barat Daya ,Wetar Timur,,AMQ-MOA,AMQ10000,AMQ20900,D,D,RING 2,
AMQ20910,AMQ,SULAMPAPUA,Maluku Barat Daya ,Wetar Utara,,AMQ-MOA,AMQ10000,AMQ20900,D,D,RING 2,
AMQ20911,AMQ,SULAMPAPUA,Maluku Barat Daya ,Dawelor Dawera,,AMQ-MOA,AMQ10000,AMQ20900,D,D,RING 2,
AMQ20912,AMQ,SULAMPAPUA,Maluku Barat Daya ,Kepulauan Romang,,AMQ-MOA,AMQ10000,AMQ20900,D,D,RING 2,
DJJ10000,DJJ,SULAMPAPUA,Kota Jayapura,Jayapura,CABANG UTAMA,DJJ,DJJ10000,DJJ10000,A,A,RING 1,
DJJ10001,DJJ,SULAMPAPUA,Jayapura ,Abepura,,DJJ,DJJ10000,DJJ10000,A,A,RING 1,
DJJ10004,DJJ,SULAMPAPUA,Jayapura ,Demta,,DJJ-NIM,DJJ10000,DJJ10026,A,B,RING 2,
DJJ10005,DJJ,SULAMPAPUA,Jayapura ,Depapre,,DJJ-STN,DJJ10000,DJJ10015,A,C,RING 2,
DJJ10006,DJJ,SULAMPAPUA,Jayapura ,Kaureh,,DJJ-YAP,DJJ10000,DJJ10036,A,B,RING 2,
DJJ10007,DJJ,SULAMPAPUA,Jayapura ,Kemtuk Gresi,,DJJ-NIM,DJJ10000,DJJ10026,A,B,RING 2,
DJJ10011,DJJ,SULAMPAPUA,Jayapura ,Nimboran,,DJJ-NIM,DJJ10000,DJJ10026,A,B,RING 2,
DJJ10015,DJJ,SULAMPAPUA,Jayapura,Sentani,CABANG,DJJ-STN,DJJ10000,DJJ10015,B,B,RING 2,
DJJ10018,DJJ,SULAMPAPUA,Jayapura ,Unurum Guay,,DJJ-NIM,DJJ10000,DJJ10026,B,B,RING 2,
DJJ10025,DJJ,SULAMPAPUA,Jayapura ,Kemtuk,,DJJ-YAP,DJJ10000,DJJ10036,B,B,RING 2,
DJJ10026,DJJ,SULAMPAPUA,Jayapura ,Nimbokrang,CABANG,DJJ-NIM,DJJ10000,DJJ10026,B,B,RING 2,
DJJ10027,DJJ,SULAMPAPUA,Jayapura ,Sentani Barat,,DJJ-STN,DJJ10000,DJJ10015,B,B,RING 1,
DJJ10028,DJJ,SULAMPAPUA,Jayapura ,Sentani Timur,,DJJ-STN,DJJ10000,DJJ10015,B,B,RING 1,
DJJ10029,DJJ,SULAMPAPUA,Jayapura ,Jayapura Selatan,,DJJ,DJJ10000,DJJ10000,A,A,RING 1,
DJJ10030,DJJ,SULAMPAPUA,Jayapura ,Jayapura Utara,,DJJ,DJJ10000,DJJ10000,A,A,RING 1,
DJJ10031,DJJ,SULAMPAPUA,Jayapura,Muara Tami,CABANG,DJJ-MTM,DJJ10000,DJJ10031,B,B,RING 2,
DJJ10032,DJJ,SULAMPAPUA,Jayapura ,Heram,,DJJ,DJJ10000,DJJ10000,A,A,RING 1,
DJJ10033,DJJ,SULAMPAPUA,Jayapura ,Nambluong,,DJJ-NIM,DJJ10000,DJJ10026,B,B,RING 2,
DJJ10034,DJJ,SULAMPAPUA,Jayapura ,Ravenirara,,DJJ-STN,DJJ10000,DJJ10015,B,B,RING 2,
DJJ10035,DJJ,SULAMPAPUA,Jayapura ,Waibu,,DJJ-STN,DJJ10000,DJJ10015,B,B,RING 2,
DJJ10036,DJJ,SULAMPAPUA,Jayapura ,Yapsi,CABANG,DJJ-YAP,DJJ10000,DJJ10036,B,B,RING 2,
DJJ10037,DJJ,SULAMPAPUA,Jayapura ,Yokari,,DJJ-STN,DJJ10000,DJJ10015,B,B,RING 2,
DJJ10038,DJJ,SULAMPAPUA,Jayapura ,Ebungfau (Ebungfa),,DJJ-STN,DJJ10000,DJJ10015,B,B,RING 2,
DJJ10039,DJJ,SULAMPAPUA,Jayapura ,Airu,,DJJ-YAP,DJJ10000,DJJ10036,B,B,RING 2,
DJJ10040,DJJ,SULAMPAPUA,Jayapura ,Gresi Selatan,,DJJ-YAP,DJJ10000,DJJ10036,B,B,RING 2,
DJJ20100,DJJ,SULAMPAPUA,Kab. Biak Numfor,Biak Kota,CABANG,DJJ-BIK,DJJ20100,DJJ20100,B,B,RING 2,
DJJ20101,DJJ,SULAMPAPUA,Biak Numfor ,Biak Barat,,DJJ-BIK,DJJ20100,DJJ20100,B,B,RING 2,
DJJ20102,DJJ,SULAMPAPUA,Biak Numfor ,Biak Timur,,DJJ-BIK,DJJ20100,DJJ20100,B,B,RING 2,
DJJ20103,DJJ,SULAMPAPUA,Biak Numfor ,Biak Utara,,DJJ-BIK,DJJ20100,DJJ20100,B,B,RING 2,
DJJ20104,DJJ,SULAMPAPUA,Biak Numfor ,Numfor Barat,,DJJ-BIK,DJJ20100,DJJ20100,C,C,RING 2,
DJJ20105,DJJ,SULAMPAPUA,Biak Numfor ,Numfor Timur,,DJJ-BIK,DJJ20100,DJJ20100,C,C,RING 2,
DJJ20109,DJJ,SULAMPAPUA,Biak Numfor ,Padaido,,DJJ-BIK,DJJ20100,DJJ20100,C,C,RING 2,
DJJ20110,DJJ,SULAMPAPUA,Biak Numfor ,Samofa,,DJJ-BIK,DJJ20100,DJJ20100,B,B,RING 2,
DJJ20111,DJJ,SULAMPAPUA,Biak Numfor ,Warsa,,DJJ-BIK,DJJ20100,DJJ20100,C,C,RING 2,
DJJ20112,DJJ,SULAMPAPUA,Biak Numfor ,Yendidori,,DJJ-BIK,DJJ20100,DJJ20100,C,C,RING 2,
DJJ20113,DJJ,SULAMPAPUA,Biak Numfor ,Aimando Padaido,,DJJ-BIK,DJJ20100,DJJ20100,C,C,RING 2,
DJJ20114,DJJ,SULAMPAPUA,Biak Numfor ,Andey,,DJJ-BIK,DJJ20100,DJJ20100,C,C,RING 2,
DJJ20115,DJJ,SULAMPAPUA,Biak Numfor ,Bondifuar,,DJJ-BIK,DJJ20100,DJJ20100,B,B,RING 2,
DJJ20116,DJJ,SULAMPAPUA,Biak Numfor ,Bruyadori,,DJJ-BIK,DJJ20100,DJJ20100,C,C,RING 2,
DJJ20117,DJJ,SULAMPAPUA,Biak Numfor ,Oridek,,DJJ-BIK,DJJ20100,DJJ20100,B,B,RING 2,
DJJ20119,DJJ,SULAMPAPUA,Biak Numfor ,Poiru,,DJJ-BIK,DJJ20100,DJJ20100,C,C,RING 2,
DJJ20120,DJJ,SULAMPAPUA,Biak Numfor ,Swandiwe,,DJJ-BIK,DJJ20100,DJJ20100,B,B,RING 2,
DJJ20121,DJJ,SULAMPAPUA,Biak Numfor ,Yawosi,,DJJ-BIK,DJJ20100,DJJ20100,B,B,RING 2,
DJJ20122,DJJ,SULAMPAPUA,Biak Numfor ,Orkeri,,DJJ-BIK,DJJ20100,DJJ20100,B,B,RING 2,
DJJ20500,DJJ,SULAMPAPUA,Kab. Nabire,Nabire,CABANG,DJJ-NBX,DJJ10000,DJJ20500,B,B,RING 2,
DJJ20506,DJJ,SULAMPAPUA,Dogiyai ,Kamu,,DJJ-NBX,DJJ10000,DJJ20500,C,C,RING 2,
DJJ20507,DJJ,SULAMPAPUA,Dogiyai ,Mapia,,DJJ-NBX,DJJ10000,DJJ20500,C,C,RING 2,
DJJ20509,DJJ,SULAMPAPUA,Nabire,Napan,,DJJ-NBX,DJJ10000,DJJ20500,C,C,RING 2,
DJJ20516,DJJ,SULAMPAPUA,Nabire,Yaur,,DJJ-NBX,DJJ10000,DJJ20500,C,C,RING 2,
DJJ20519,DJJ,SULAMPAPUA,Dogiyai ,Kamu Utara (Ikrar/Ikrat),,DJJ-NBX,DJJ10000,DJJ20500,C,C,RING 2,
DJJ20520,DJJ,SULAMPAPUA,Nabire,Makimi,,DJJ-NBX,DJJ10000,DJJ20500,C,C,RING 2,
DJJ20521,DJJ,SULAMPAPUA,Nabire,Siriwo,,DJJ-NBX,DJJ10000,DJJ20500,C,C,RING 2,
DJJ20522,DJJ,SULAMPAPUA,Dogiyai ,Piyaiye (Sukikai),,DJJ-NBX,DJJ10000,DJJ20500,C,C,RING 2,
DJJ20523,DJJ,SULAMPAPUA,Nabire,Teluk Umar,,DJJ-NBX,DJJ10000,DJJ20500,C,C,RING 2,
DJJ20524,DJJ,SULAMPAPUA,Nabire,Uwapa,,DJJ-NBX,DJJ10000,DJJ20500,C,C,RING 2,
DJJ20525,DJJ,SULAMPAPUA,Nabire,Wanggar,,DJJ-NBX,DJJ10000,DJJ20500,B,B,RING 2,
DJJ20600,DJJ,SULAMPAPUA,Kab. Yapen Waropen,Serui,CABANG,DJJ-SRU,DJJ10000,DJJ20600,B,B,RING 2,
DJJ20603,DJJ,SULAMPAPUA,Kepulauan Yapen,Yapen Barat,,DJJ-SRU,DJJ10000,DJJ20600,C,C,RING 2,
DJJ20604,DJJ,SULAMPAPUA,Kepulauan Yapen,Yapen Timur,,DJJ-SRU,DJJ10000,DJJ20600,C,C,RING 2,
DJJ20606,DJJ,SULAMPAPUA,Kepulauan Yapen,Angkaisera,,DJJ-SRU,DJJ10000,DJJ20600,C,C,RING 2,
DJJ20607,DJJ,SULAMPAPUA,Kepulauan Yapen,Poom,,DJJ-SRU,DJJ10000,DJJ20600,C,C,RING 2,
DJJ20609,DJJ,SULAMPAPUA,Kepulauan Yapen,Yapen Selatan,,DJJ-SRU,DJJ10000,DJJ20600,B,B,RING 2,
DJJ20610,DJJ,SULAMPAPUA,Kepulauan Yapen,Kepulauan Ambai,,DJJ-SRU,DJJ10000,DJJ20600,B,B,RING 2,
DJJ20611,DJJ,SULAMPAPUA,Kepulauan Yapen,Kosiwo,,DJJ-SRU,DJJ10000,DJJ20600,B,B,RING 2,
DJJ20612,DJJ,SULAMPAPUA,Kepulauan Yapen,Raimbawi,,DJJ-SRU,DJJ10000,DJJ20600,B,B,RING 2,
DJJ20613,DJJ,SULAMPAPUA,Kepulauan Yapen,Teluk Ampimoi,,DJJ-SRU,DJJ10000,DJJ20600,B,B,RING 2,
DJJ20614,DJJ,SULAMPAPUA,Kepulauan Yapen,Windesi,,DJJ-SRU,DJJ10000,DJJ20600,B,B,RING 2,
DJJ20615,DJJ,SULAMPAPUA,Kepulauan Yapen,Wonawa,,DJJ-SRU,DJJ10000,DJJ20600,B,B,RING 2,
DJJ20616,DJJ,SULAMPAPUA,Kepulauan Yapen,Yapen Utara,,DJJ-SRU,DJJ10000,DJJ20600,B,B,RING 2,
DJJ20617,DJJ,SULAMPAPUA,Kepulauan Yapen,Pulau Kurudu,,DJJ-SRU,DJJ10000,DJJ20600,B,B,RING 2,
DJJ20618,DJJ,SULAMPAPUA,Kepulauan Yapen,Pulau Yerui,,DJJ-SRU,DJJ10000,DJJ20600,B,B,RING 2,
DJJ20700,DJJ,SULAMPAPUA,Kab. Jayawijaya,Wamena,CABANG,DJJ-WMX,DJJ10000,DJJ20700,B,B,RING 2,
DJJ20701,DJJ,SULAMPAPUA,Jayawijaya ,Asologaima (Asalogaima),,DJJ-WMX,DJJ10000,DJJ20700,C,C,RING 2,
DJJ20704,DJJ,SULAMPAPUA,Kelila,Kelila,,DJJ-WMX,DJJ10000,DJJ20700,C,C,RING 2,
DJJ20705,DJJ,SULAMPAPUA,Jayawijaya ,Kurulu,,DJJ-WMX,DJJ10000,DJJ20700,C,C,RING 2,
DJJ20708,DJJ,SULAMPAPUA,Lanny Jaya,Makki,,DJJ-WMX,DJJ10000,DJJ20700,C,C,RING 2,
DJJ20711,DJJ,SULAMPAPUA,Lanny Jaya,Tiom,,DJJ-WMX,DJJ10000,DJJ20700,C,C,RING 2,
DJJ20712,DJJ,SULAMPAPUA,Yalimo,Abenaho,,DJJ-WMX,DJJ10000,DJJ20700,C,C,RING 2,
DJJ20713,DJJ,SULAMPAPUA,Yalimo,Apalapsili,,DJJ-WMX,DJJ10000,DJJ20700,C,C,RING 2,
DJJ20714,DJJ,SULAMPAPUA,Jayawijaya ,Bolakme,,DJJ-WMX,DJJ10000,DJJ20700,C,C,RING 2,
DJJ20715,DJJ,SULAMPAPUA,Lanny Jaya,Gamelia,,DJJ-WMX,DJJ10000,DJJ20700,C,C,RING 2,
DJJ20716,DJJ,SULAMPAPUA,Jayawijaya ,Hubikosi (Hobikosi),,DJJ-WMX,DJJ10000,DJJ20700,C,C,RING 2,
DJJ20717,DJJ,SULAMPAPUA,Nduga,Kenyam,,DJJ-WMX,DJJ10000,DJJ20700,C,C,RING 2,
DJJ20718,DJJ,SULAMPAPUA,Mamberamo Tengah,Kobakma,,DJJ-WMX,DJJ10000,DJJ20700,C,C,RING 2,
DJJ20719,DJJ,SULAMPAPUA,Nduga,Mapenduma,,DJJ-WMX,DJJ10000,DJJ20700,C,C,RING 2,
DJJ20720,DJJ,SULAMPAPUA,Lanny Jaya,Pirime,,DJJ-WMX,DJJ10000,DJJ20700,C,C,RING 2,
DJJ20721,DJJ,SULAMPAPUA,Jayawijaya ,Asolokobal,,DJJ-WMX,DJJ10000,DJJ20700,C,C,RING 2,
DJJ20722,DJJ,SULAMPAPUA,Jayawijaya ,Musatfak,,DJJ-WMX,DJJ10000,DJJ20700,C,C,RING 2,
DJJ20723,DJJ,SULAMPAPUA,Jayawijaya ,Pelebaga,,DJJ-WMX,DJJ10000,DJJ20700,C,C,RING 2,
DJJ20725,DJJ,SULAMPAPUA,Jayawijaya ,Walelagama,,DJJ-WMX,DJJ10000,DJJ20700,C,C,RING 2,
DJJ20726,DJJ,SULAMPAPUA,Jayawijaya ,Wollo (Wolo),,DJJ-WMX,DJJ10000,DJJ20700,C,C,RING 2,
DJJ20727,DJJ,SULAMPAPUA,Jayawijaya ,Yalengga,,DJJ-WMX,DJJ10000,DJJ20700,C,C,RING 2,
DJJ20728,DJJ,SULAMPAPUA,Jayawijaya ,Asotipo,,DJJ-WMX,DJJ10000,DJJ20700,C,C,RING 2,
DJJ20729,DJJ,SULAMPAPUA,Jayawijaya ,Bpiri,,DJJ-WMX,DJJ10000,DJJ20700,C,C,RING 2,
DJJ20730,DJJ,SULAMPAPUA,Jayawijaya ,Bugi,,DJJ-WMX,DJJ10000,DJJ20700,C,C,RING 2,
DJJ20731,DJJ,SULAMPAPUA,Jayawijaya ,Hubikiak,,DJJ-WMX,DJJ10000,DJJ20700,C,C,RING 2,
DJJ20732,DJJ,SULAMPAPUA,Jayawijaya ,Ibele,,DJJ-WMX,DJJ10000,DJJ20700,C,C,RING 2,
DJJ20733,DJJ,SULAMPAPUA,Jayawijaya ,Itlay Hisage,,DJJ-WMX,DJJ10000,DJJ20700,C,C,RING 2,
DJJ20734,DJJ,SULAMPAPUA,Jayawijaya ,Koragi,,DJJ-WMX,DJJ10000,DJJ20700,C,C,RING 2,
DJJ20735,DJJ,SULAMPAPUA,Jayawijaya ,Libarek,,DJJ-WMX,DJJ10000,DJJ20700,C,C,RING 2,
DJJ20736,DJJ,SULAMPAPUA,Jayawijaya ,Maima,,DJJ-WMX,DJJ10000,DJJ20700,C,C,RING 2,
DJJ20737,DJJ,SULAMPAPUA,Jayawijaya ,Molagalome,,DJJ-WMX,DJJ10000,DJJ20700,C,C,RING 2,
DJJ20738,DJJ,SULAMPAPUA,Jayawijaya ,Muliama,,DJJ-WMX,DJJ10000,DJJ20700,C,C,RING 2,
DJJ20739,DJJ,SULAMPAPUA,Jayawijaya ,Napua,,DJJ-WMX,DJJ10000,DJJ20700,C,C,RING 2,
DJJ20740,DJJ,SULAMPAPUA,Jayawijaya ,Piramid,,DJJ-WMX,DJJ10000,DJJ20700,C,C,RING 2,
DJJ20741,DJJ,SULAMPAPUA,Jayawijaya ,Pisugi,,DJJ-WMX,DJJ10000,DJJ20700,C,C,RING 2,
DJJ20742,DJJ,SULAMPAPUA,Jayawijaya ,Popugoba,,DJJ-WMX,DJJ10000,DJJ20700,C,C,RING 2,
DJJ20743,DJJ,SULAMPAPUA,Jayawijaya ,Siepkosi,,DJJ-WMX,DJJ10000,DJJ20700,C,C,RING 2,
DJJ20744,DJJ,SULAMPAPUA,Jayawijaya ,Silo Karno Doga,,DJJ-WMX,DJJ10000,DJJ20700,C,C,RING 2,
DJJ20745,DJJ,SULAMPAPUA,Jayawijaya ,Taelarek,,DJJ-WMX,DJJ10000,DJJ20700,C,C,RING 2,
DJJ20746,DJJ,SULAMPAPUA,Jayawijaya ,Tagime,,DJJ-WMX,DJJ10000,DJJ20700,C,C,RING 2,
DJJ20747,DJJ,SULAMPAPUA,Jayawijaya ,Tagineri,,DJJ-WMX,DJJ10000,DJJ20700,C,C,RING 2,
DJJ20748,DJJ,SULAMPAPUA,Jayawijaya ,Trikora,,DJJ-WMX,DJJ10000,DJJ20700,C,C,RING 2,
DJJ20749,DJJ,SULAMPAPUA,Jayawijaya ,Usilimo,,DJJ-WMX,DJJ10000,DJJ20700,C,C,RING 2,
DJJ20750,DJJ,SULAMPAPUA,Jayawijaya ,Wadangku,,DJJ-WMX,DJJ10000,DJJ20700,C,C,RING 2,
DJJ20751,DJJ,SULAMPAPUA,Jayawijaya ,Walaik,,DJJ-WMX,DJJ10000,DJJ20700,C,C,RING 2,
DJJ20752,DJJ,SULAMPAPUA,Jayawijaya ,Wame,,DJJ-WMX,DJJ10000,DJJ20700,C,C,RING 2,
DJJ20753,DJJ,SULAMPAPUA,Jayawijaya ,Welesi,,DJJ-WMX,DJJ10000,DJJ20700,C,C,RING 2,
DJJ20754,DJJ,SULAMPAPUA,Jayawijaya ,Wesaput,,DJJ-WMX,DJJ10000,DJJ20700,C,C,RING 2,
DJJ20755,DJJ,SULAMPAPUA,Jayawijaya ,Wita Waya,,DJJ-WMX,DJJ10000,DJJ20700,C,C,RING 2,
DJJ20756,DJJ,SULAMPAPUA,Jayawijaya ,Wouma,,DJJ-WMX,DJJ10000,DJJ20700,C,C,RING 2,
DJJ21000,DJJ,SULAMPAPUA,Keerom ,Waris,,DJJ-ARJ,DJJ10000,DJJ21001,B,B,RING 2,
DJJ21001,DJJ,SULAMPAPUA,Kab. Keerom,Arso,CABANG,DJJ-ARJ,DJJ10000,DJJ21001,B,B,RING 2,
DJJ21002,DJJ,SULAMPAPUA,Keerom ,Senggi,,DJJ-ARJ,DJJ10000,DJJ21001,B,B,RING 2,
DJJ21003,DJJ,SULAMPAPUA,Keerom ,Skanto,,DJJ-ARJ,DJJ10000,DJJ21001,B,B,RING 2,
DJJ21004,DJJ,SULAMPAPUA,Keerom,Web,,DJJ-ARJ,DJJ10000,DJJ21001,B,B,RING 2,
DJJ21005,DJJ,SULAMPAPUA,Keerom ,Arso Timur,,DJJ-ARJ,DJJ10000,DJJ21001,B,B,RING 2,
DJJ21006,DJJ,SULAMPAPUA,Keerom ,Towe,,DJJ-ARJ,DJJ10000,DJJ21001,B,B,RING 2,
DJJ21201,DJJ,SULAMPAPUA,Intan Jaya ,Agisiga,,DJJ-NBX,DJJ10000,DJJ20500,C,C,RING 2,
DJJ21202,DJJ,SULAMPAPUA,Paniai,Aradide,,DJJ-NBX,DJJ10000,DJJ20500,C,C,RING 2,
DJJ21203,DJJ,SULAMPAPUA,Intan Jaya ,Biandoga,,DJJ-NBX,DJJ10000,DJJ20500,C,C,RING 2,
DJJ21204,DJJ,SULAMPAPUA,Paniai,Bibida,,DJJ-NBX,DJJ10000,DJJ20500,C,C,RING 2,
DJJ21205,DJJ,SULAMPAPUA,Paniai,Bogobaida,,DJJ-NBX,DJJ10000,DJJ20500,C,C,RING 2,
DJJ21206,DJJ,SULAMPAPUA,Intan Jaya ,Homeyo,,DJJ-NBX,DJJ10000,DJJ20500,C,C,RING 2,
DJJ21207,DJJ,SULAMPAPUA,Paniai,Paniai Barat,,DJJ-NBX,DJJ10000,DJJ20500,C,C,RING 2,
DJJ21208,DJJ,SULAMPAPUA,Paniai,Paniai Timur,,DJJ-NBX,DJJ10000,DJJ20500,B,B,RING 2,
DJJ21210,DJJ,SULAMPAPUA,Deiyai ,Tigi,,DJJ-NBX,DJJ10000,DJJ20500,C,C,RING 2,
DJJ21211,DJJ,SULAMPAPUA,Deiyai ,Tigi Timur,,DJJ-NBX,DJJ10000,DJJ20500,C,C,RING 2,
DJJ21212,DJJ,SULAMPAPUA,Paniai,Ekadide,,DJJ-NBX,DJJ10000,DJJ20500,C,C,RING 2,
DJJ21213,DJJ,SULAMPAPUA,Paniai,Kebo,,DJJ-NBX,DJJ10000,DJJ20500,C,C,RING 2,
DJJ21214,DJJ,SULAMPAPUA,Paniai,Yatamo,,DJJ-NBX,DJJ10000,DJJ20500,C,C,RING 2,
DJJ21215,DJJ,SULAMPAPUA,Paniai,Dumadama,,DJJ-NBX,DJJ10000,DJJ20500,C,C,RING 2,
DJJ21216,DJJ,SULAMPAPUA,Paniai,Siriwo,,DJJ-NBX,DJJ10000,DJJ20500,C,C,RING 2,
DJJ21300,DJJ,SULAMPAPUA,Kab. Pegunungan Bintang,Oksibil,CABANG,DJJ-OKL,DJJ10000,DJJ21300,B,B,RING 2,
DJJ21301,DJJ,SULAMPAPUA,Pegunungan Bintang,Batom,,DJJ-OKL,DJJ10000,DJJ21300,C,C,RING 2,
DJJ21302,DJJ,SULAMPAPUA,Pegunungan Bintang,Borme,,DJJ-OKL,DJJ10000,DJJ21300,C,C,RING 2,
DJJ21303,DJJ,SULAMPAPUA,Pegunungan Bintang,Iwur (Okiwur),,DJJ-OKL,DJJ10000,DJJ21300,C,C,RING 2,
DJJ21304,DJJ,SULAMPAPUA,Pegunungan Bintang,Kiwirok,,DJJ-OKL,DJJ10000,DJJ21300,C,C,RING 2,
DJJ21305,DJJ,SULAMPAPUA,Pegunungan Bintang,Okbibab,,DJJ-OKL,DJJ10000,DJJ21300,C,C,RING 2,
DJJ21306,DJJ,SULAMPAPUA,Pegunungan Bintang,Aboy,,DJJ-OKL,DJJ10000,DJJ21300,C,C,RING 2,
DJJ21307,DJJ,SULAMPAPUA,Pegunungan Bintang,Bime,,DJJ-OKL,DJJ10000,DJJ21300,C,C,RING 2,
DJJ21308,DJJ,SULAMPAPUA,Pegunungan Bintang,Kiwirok Timur,,DJJ-OKL,DJJ10000,DJJ21300,C,C,RING 2,
DJJ21309,DJJ,SULAMPAPUA,Pegunungan Bintang,Pepera,,DJJ-OKL,DJJ10000,DJJ21300,C,C,RING 2,
DJJ21310,DJJ,SULAMPAPUA,Pegunungan Bintang,Alemsom,,DJJ-OKL,DJJ10000,DJJ21300,C,C,RING 2,
DJJ21311,DJJ,SULAMPAPUA,Pegunungan Bintang,Batani,,DJJ-OKL,DJJ10000,DJJ21300,C,C,RING 2,
DJJ21312,DJJ,SULAMPAPUA,Pegunungan Bintang,Eipumek,,DJJ-OKL,DJJ10000,DJJ21300,C,C,RING 2,
DJJ21313,DJJ,SULAMPAPUA,Pegunungan Bintang,Jetfa,,DJJ-OKL,DJJ10000,DJJ21300,C,C,RING 2,
DJJ21314,DJJ,SULAMPAPUA,Pegunungan Bintang,Kalomdol,,DJJ-OKL,DJJ10000,DJJ21300,C,C,RING 2,
DJJ21315,DJJ,SULAMPAPUA,Pegunungan Bintang,Kawor,,DJJ-OKL,DJJ10000,DJJ21300,C,C,RING 2,
DJJ21316,DJJ,SULAMPAPUA,Pegunungan Bintang,Mofinop,,DJJ-OKL,DJJ10000,DJJ21300,C,C,RING 2,
DJJ21317,DJJ,SULAMPAPUA,Pegunungan Bintang,Murkim,,DJJ-OKL,DJJ10000,DJJ21300,C,C,RING 2,
DJJ21318,DJJ,SULAMPAPUA,Pegunungan Bintang,Nongme,,DJJ-OKL,DJJ10000,DJJ21300,C,C,RING 2,
DJJ21319,DJJ,SULAMPAPUA,Pegunungan Bintang,Ok Aom,,DJJ-OKL,DJJ10000,DJJ21300,C,C,RING 2,
DJJ21320,DJJ,SULAMPAPUA,Pegunungan Bintang,Okbab,,DJJ-OKL,DJJ10000,DJJ21300,C,C,RING 2,
DJJ21321,DJJ,SULAMPAPUA,Pegunungan Bintang,Okbape,,DJJ-OKL,DJJ10000,DJJ21300,C,C,RING 2,
DJJ21322,DJJ,SULAMPAPUA,Pegunungan Bintang,Okbemtau,,DJJ-OKL,DJJ10000,DJJ21300,C,C,RING 2,
DJJ21323,DJJ,SULAMPAPUA,Pegunungan Bintang,Okhika,,DJJ-OKL,DJJ10000,DJJ21300,C,C,RING 2,
DJJ21324,DJJ,SULAMPAPUA,Pegunungan Bintang,Oklip,,DJJ-OKL,DJJ10000,DJJ21300,C,C,RING 2,
DJJ21325,DJJ,SULAMPAPUA,Pegunungan Bintang,Oksamol,,DJJ-OKL,DJJ10000,DJJ21300,C,C,RING 2,
DJJ21326,DJJ,SULAMPAPUA,Pegunungan Bintang,Oksebang,,DJJ-OKL,DJJ10000,DJJ21300,C,C,RING 2,
DJJ21327,DJJ,SULAMPAPUA,Pegunungan Bintang,Oksop,,DJJ-OKL,DJJ10000,DJJ21300,C,C,RING 2,
DJJ21328,DJJ,SULAMPAPUA,Pegunungan Bintang,Pamek,,DJJ-OKL,DJJ10000,DJJ21300,C,C,RING 2,
DJJ21329,DJJ,SULAMPAPUA,Pegunungan Bintang,Serambakon,,DJJ-OKL,DJJ10000,DJJ21300,C,C,RING 2,
DJJ21330,DJJ,SULAMPAPUA,Pegunungan Bintang,Tarup,,DJJ-OKL,DJJ10000,DJJ21300,C,C,RING 2,
DJJ21331,DJJ,SULAMPAPUA,Pegunungan Bintang,Teiraplu,,DJJ-OKL,DJJ10000,DJJ21300,C,C,RING 2,
DJJ21332,DJJ,SULAMPAPUA,Pegunungan Bintang,Weime,,DJJ-OKL,DJJ10000,DJJ21300,C,C,RING 2,
DJJ21333,DJJ,SULAMPAPUA,Pegunungan Bintang,Awinbon,,DJJ-OKL,DJJ10000,DJJ21300,C,C,RING 2,
DJJ21400,DJJ,SULAMPAPUA,Puncak Jaya,Mulia,,DJJ-WMX,DJJ10000,DJJ20700,B,B,RING 2,
DJJ21401,DJJ,SULAMPAPUA,Puncak,Beoga,,DJJ-WMX,DJJ10000,DJJ20700,C,C,RING 2,
DJJ21402,DJJ,SULAMPAPUA,Puncak Jaya,Fawi,,DJJ-WMX,DJJ10000,DJJ20700,C,C,RING 2,
DJJ21403,DJJ,SULAMPAPUA,Puncak,Ilaga,,DJJ-WMX,DJJ10000,DJJ20700,C,C,RING 2,
DJJ21404,DJJ,SULAMPAPUA,Puncak Jaya,Ilu,,DJJ-WMX,DJJ10000,DJJ20700,C,C,RING 2,
DJJ21405,DJJ,SULAMPAPUA,Puncak,Sinak,,DJJ-WMX,DJJ10000,DJJ20700,C,C,RING 2,
DJJ21406,DJJ,SULAMPAPUA,Puncak,Agadugume,,DJJ-WMX,DJJ10000,DJJ20700,C,C,RING 2,
DJJ21407,DJJ,SULAMPAPUA,Puncak,Doufu,,DJJ-WMX,DJJ10000,DJJ20700,C,C,RING 2,
DJJ21408,DJJ,SULAMPAPUA,Puncak,Gome,,DJJ-WMX,DJJ10000,DJJ20700,C,C,RING 2,
DJJ21409,DJJ,SULAMPAPUA,Puncak Jaya,Nioga,,DJJ-WMX,DJJ10000,DJJ20700,C,C,RING 2,
DJJ21410,DJJ,SULAMPAPUA,Puncak Jaya,Mewoluk,,DJJ-WMX,DJJ10000,DJJ20700,C,C,RING 2,
DJJ21411,DJJ,SULAMPAPUA,Puncak,Pogoma,,DJJ-WMX,DJJ10000,DJJ20700,C,C,RING 2,
DJJ21412,DJJ,SULAMPAPUA,Puncak Jaya,Tingginambut,,DJJ-WMX,DJJ10000,DJJ20700,C,C,RING 2,
DJJ21413,DJJ,SULAMPAPUA,Puncak Jaya,Torere,,DJJ-WMX,DJJ10000,DJJ20700,C,C,RING 2,
DJJ21414,DJJ,SULAMPAPUA,Puncak,Wangbe,,DJJ-WMX,DJJ10000,DJJ20700,C,C,RING 2,
DJJ21415,DJJ,SULAMPAPUA,Puncak Jaya,Yamo,,DJJ-WMX,DJJ10000,DJJ20700,C,C,RING 2,
DJJ21416,DJJ,SULAMPAPUA,Puncak Jaya,Dagai,,DJJ-WMX,DJJ10000,DJJ20700,C,C,RING 2,
DJJ21417,DJJ,SULAMPAPUA,Puncak Jaya,Dokome,,DJJ-WMX,DJJ10000,DJJ20700,C,C,RING 2,
DJJ21418,DJJ,SULAMPAPUA,Puncak Jaya,Gubume,,DJJ-WMX,DJJ10000,DJJ20700,C,C,RING 2,
DJJ21419,DJJ,SULAMPAPUA,Puncak Jaya,Gurage,,DJJ-WMX,DJJ10000,DJJ20700,C,C,RING 2,
DJJ21420,DJJ,SULAMPAPUA,Puncak Jaya,Ilamburawi,,DJJ-WMX,DJJ10000,DJJ20700,C,C,RING 2,
DJJ21421,DJJ,SULAMPAPUA,Puncak Jaya,Irimuli,,DJJ-WMX,DJJ10000,DJJ20700,C,C,RING 2,
DJJ21422,DJJ,SULAMPAPUA,Puncak Jaya,Kalome,,DJJ-WMX,DJJ10000,DJJ20700,C,C,RING 2,
DJJ21423,DJJ,SULAMPAPUA,Puncak Jaya,Kiyage,,DJJ-WMX,DJJ10000,DJJ20700,C,C,RING 2,
DJJ21424,DJJ,SULAMPAPUA,Puncak Jaya,Lumo,,DJJ-WMX,DJJ10000,DJJ20700,C,C,RING 2,
DJJ21425,DJJ,SULAMPAPUA,Puncak Jaya,Molanikime,,DJJ-WMX,DJJ10000,DJJ20700,C,C,RING 2,
DJJ21426,DJJ,SULAMPAPUA,Puncak Jaya,Muara,,DJJ-WMX,DJJ10000,DJJ20700,C,C,RING 2,
DJJ21427,DJJ,SULAMPAPUA,Puncak Jaya,Nume,,DJJ-WMX,DJJ10000,DJJ20700,C,C,RING 2,
DJJ21428,DJJ,SULAMPAPUA,Puncak Jaya,Pagaleme,,DJJ-WMX,DJJ10000,DJJ20700,C,C,RING 2,
DJJ21429,DJJ,SULAMPAPUA,Puncak Jaya,Taganombak,,DJJ-WMX,DJJ10000,DJJ20700,C,C,RING 2,
DJJ21430,DJJ,SULAMPAPUA,Puncak Jaya,Waegi,,DJJ-WMX,DJJ10000,DJJ20700,C,C,RING 2,
DJJ21431,DJJ,SULAMPAPUA,Puncak Jaya,Wanwi,,DJJ-WMX,DJJ10000,DJJ20700,C,C,RING 2,
DJJ21432,DJJ,SULAMPAPUA,Puncak Jaya,Yambi,,DJJ-WMX,DJJ10000,DJJ20700,C,C,RING 2,
DJJ21433,DJJ,SULAMPAPUA,Puncak Jaya,Yamoneri,,DJJ-WMX,DJJ10000,DJJ20700,C,C,RING 2,
DJJ21500,DJJ,SULAMPAPUA,Kab. Sarmi,Sarmi,CABANG,DJJ-SRM,DJJ10000,DJJ21500,B,B,RING 2,
DJJ21501,DJJ,SULAMPAPUA,Sarmi,Bonggo,,DJJ-SRM,DJJ10000,DJJ21500,C,C,RING 2,
DJJ21502,DJJ,SULAMPAPUA,Sarmi,Pantai Barat,,DJJ-SRM,DJJ10000,DJJ21500,C,C,RING 2,
DJJ21503,DJJ,SULAMPAPUA,Sarmi,Pantai Timur,,DJJ-SRM,DJJ10000,DJJ21500,C,C,RING 2,
DJJ21504,DJJ,SULAMPAPUA,Sarmi,Tor Atas,,DJJ-SRM,DJJ10000,DJJ21500,C,C,RING 2,
DJJ21505,DJJ,SULAMPAPUA,Sarmi,Apawer Hulu,,DJJ-SRM,DJJ10000,DJJ21500,C,C,RING 2,
DJJ21506,DJJ,SULAMPAPUA,Sarmi,Bonggo Timur,,DJJ-SRM,DJJ10000,DJJ21500,C,C,RING 2,
DJJ21507,DJJ,SULAMPAPUA,Sarmi,Pantai Timur Bagian Barat,,DJJ-SRM,DJJ10000,DJJ21500,C,C,RING 2,
DJJ21508,DJJ,SULAMPAPUA,Sarmi,Sarmi Selatan,,DJJ-SRM,DJJ10000,DJJ21500,C,C,RING 2,
DJJ21509,DJJ,SULAMPAPUA,Sarmi,Sarmi Timur,,DJJ-SRM,DJJ10000,DJJ21500,C,C,RING 2,
DJJ21600,DJJ,SULAMPAPUA,Sorendiweri,Sorendiweri,,DJJ-BIK,DJJ20100,DJJ20100,B,B,RING 2,
DJJ21601,DJJ,SULAMPAPUA,Supiori,Supiori Selatan,,DJJ-BIK,DJJ20100,DJJ20100,C,C,RING 2,
DJJ21602,DJJ,SULAMPAPUA,Supiori,Supiori Timur,,DJJ-BIK,DJJ20100,DJJ20100,C,C,RING 2,
DJJ21603,DJJ,SULAMPAPUA,Supiori,Supiori Utara,,DJJ-BIK,DJJ20100,DJJ20100,C,C,RING 2,
DJJ21604,DJJ,SULAMPAPUA,Supiori,Kepulauan Aruri,,DJJ-BIK,DJJ20100,DJJ20100,C,C,RING 2,
DJJ21605,DJJ,SULAMPAPUA,Supiori,Supiori Barat,,DJJ-BIK,DJJ20100,DJJ20100,C,C,RING 2,
DJJ21700,DJJ,SULAMPAPUA,Tolikara,Karubaga,,DJJ-WMX,DJJ10000,DJJ20700,B,B,RING 2,
DJJ21701,DJJ,SULAMPAPUA,Tolikara,Bokondini,,DJJ-WMX,DJJ10000,DJJ20700,C,C,RING 2,
DJJ21702,DJJ,SULAMPAPUA,Tolikara,Kanggime (Kanggima ),,DJJ-WMX,DJJ10000,DJJ20700,D,D,RING 2,
DJJ21703,DJJ,SULAMPAPUA,Tolikara,Kembu,,DJJ-WMX,DJJ10000,DJJ20700,D,D,RING 2,
DJJ21704,DJJ,SULAMPAPUA,Tolikara,Airgaram,,DJJ-WMX,DJJ10000,DJJ20700,C,C,RING 2,
DJJ21705,DJJ,SULAMPAPUA,Tolikara,Bewani,,DJJ-WMX,DJJ10000,DJJ20700,C,C,RING 2,
DJJ21706,DJJ,SULAMPAPUA,Tolikara,Bokoneri,,DJJ-WMX,DJJ10000,DJJ20700,C,C,RING 2,
DJJ21708,DJJ,SULAMPAPUA,Tolikara,Dow,,DJJ-WMX,DJJ10000,DJJ20700,C,C,RING 2,
DJJ21709,DJJ,SULAMPAPUA,Tolikara,Dundu (Ndundu),,DJJ-WMX,DJJ10000,DJJ20700,C,C,RING 2,
DJJ21710,DJJ,SULAMPAPUA,Tolikara,Egiam,,DJJ-WMX,DJJ10000,DJJ20700,C,C,RING 2,
DJJ21711,DJJ,SULAMPAPUA,Tolikara,Geya,,DJJ-WMX,DJJ10000,DJJ20700,C,C,RING 2,
DJJ21712,DJJ,SULAMPAPUA,Tolikara,Gilubandu (Gilumbandu/Gilimbandu),,DJJ-WMX,DJJ10000,DJJ20700,C,C,RING 2,
DJJ21713,DJJ,SULAMPAPUA,Tolikara,Goyage,,DJJ-WMX,DJJ10000,DJJ20700,C,C,RING 2,
DJJ21714,DJJ,SULAMPAPUA,Tolikara,Gundagi (Gudage),,DJJ-WMX,DJJ10000,DJJ20700,C,C,RING 2,
DJJ21715,DJJ,SULAMPAPUA,Tolikara,Kamboneri,,DJJ-WMX,DJJ10000,DJJ20700,C,C,RING 2,
DJJ21716,DJJ,SULAMPAPUA,Tolikara,Kondaga (Konda),,DJJ-WMX,DJJ10000,DJJ20700,C,C,RING 2,
DJJ21717,DJJ,SULAMPAPUA,Tolikara,Kuari,,DJJ-WMX,DJJ10000,DJJ20700,C,C,RING 2,
DJJ21718,DJJ,SULAMPAPUA,Tolikara,Kubu,,DJJ-WMX,DJJ10000,DJJ20700,C,C,RING 2,
DJJ21719,DJJ,SULAMPAPUA,Tolikara,Nabunage,,DJJ-WMX,DJJ10000,DJJ20700,C,C,RING 2,
DJJ21720,DJJ,SULAMPAPUA,Tolikara,Nelawi,,DJJ-WMX,DJJ10000,DJJ20700,C,C,RING 2,
DJJ21721,DJJ,SULAMPAPUA,Tolikara,Numba,,DJJ-WMX,DJJ10000,DJJ20700,C,C,RING 2,
DJJ21722,DJJ,SULAMPAPUA,Tolikara,Nunggawi (Munggawi),,DJJ-WMX,DJJ10000,DJJ20700,C,C,RING 2,
DJJ21723,DJJ,SULAMPAPUA,Tolikara,Panaga,,DJJ-WMX,DJJ10000,DJJ20700,C,C,RING 2,
DJJ21724,DJJ,SULAMPAPUA,Tolikara,Poganeri,,DJJ-WMX,DJJ10000,DJJ20700,C,C,RING 2,
DJJ21726,DJJ,SULAMPAPUA,Tolikara,Tagineri,,DJJ-WMX,DJJ10000,DJJ20700,C,C,RING 2,
DJJ21727,DJJ,SULAMPAPUA,Tolikara,Timori,,DJJ-WMX,DJJ10000,DJJ20700,C,C,RING 2,
DJJ21728,DJJ,SULAMPAPUA,Tolikara,Umagi,,DJJ-WMX,DJJ10000,DJJ20700,C,C,RING 2,
DJJ21729,DJJ,SULAMPAPUA,Tolikara,Wari (Taiyeve),,DJJ-WMX,DJJ10000,DJJ20700,C,C,RING 2,
DJJ21730,DJJ,SULAMPAPUA,Tolikara,Wina,,DJJ-WMX,DJJ10000,DJJ20700,C,C,RING 2,
DJJ21731,DJJ,SULAMPAPUA,Tolikara,Wonoki (Woniki),,DJJ-WMX,DJJ10000,DJJ20700,C,C,RING 2,
DJJ21732,DJJ,SULAMPAPUA,Tolikara,Wunin (Wumin),,DJJ-WMX,DJJ10000,DJJ20700,C,C,RING 2,
DJJ21733,DJJ,SULAMPAPUA,Tolikara,Yuneri,,DJJ-WMX,DJJ10000,DJJ20700,C,C,RING 2,
DJJ21734,DJJ,SULAMPAPUA,Tolikara,Anawi,,DJJ-WMX,DJJ10000,DJJ20700,C,C,RING 2,
DJJ21735,DJJ,SULAMPAPUA,Tolikara,Aweku,,DJJ-WMX,DJJ10000,DJJ20700,C,C,RING 2,
DJJ21736,DJJ,SULAMPAPUA,Tolikara,Biuk,,DJJ-WMX,DJJ10000,DJJ20700,C,C,RING 2,
DJJ21737,DJJ,SULAMPAPUA,Tolikara,Bogonuk,,DJJ-WMX,DJJ10000,DJJ20700,C,C,RING 2,
DJJ21738,DJJ,SULAMPAPUA,Tolikara,Danime,,DJJ-WMX,DJJ10000,DJJ20700,C,C,RING 2,
DJJ21739,DJJ,SULAMPAPUA,Tolikara,Gika,,DJJ-WMX,DJJ10000,DJJ20700,C,C,RING 2,
DJJ21740,DJJ,SULAMPAPUA,Tolikara,Kai,,DJJ-WMX,DJJ10000,DJJ20700,C,C,RING 2,
DJJ21741,DJJ,SULAMPAPUA,Tolikara,Li Anogomma,,DJJ-WMX,DJJ10000,DJJ20700,C,C,RING 2,
DJJ21742,DJJ,SULAMPAPUA,Tolikara,Tagime,,DJJ-WMX,DJJ10000,DJJ20700,C,C,RING 2,
DJJ21743,DJJ,SULAMPAPUA,Tolikara,Telenggeme,,DJJ-WMX,DJJ10000,DJJ20700,C,C,RING 2,
DJJ21744,DJJ,SULAMPAPUA,Tolikara,Wakuwo,,DJJ-WMX,DJJ10000,DJJ20700,C,C,RING 2,
DJJ21745,DJJ,SULAMPAPUA,Tolikara,Wenam,,DJJ-WMX,DJJ10000,DJJ20700,C,C,RING 2,
DJJ21746,DJJ,SULAMPAPUA,Tolikara,Wugi,,DJJ-WMX,DJJ10000,DJJ20700,C,C,RING 2,
DJJ21747,DJJ,SULAMPAPUA,Tolikara,Yuko,,DJJ-WMX,DJJ10000,DJJ20700,C,C,RING 2,
DJJ21800,DJJ,SULAMPAPUA,Botawa,Botawa,,DJJ-SRU,DJJ10000,DJJ20600,D,D,RING 2,
DJJ21801,DJJ,SULAMPAPUA,Waropen,Masirei,,DJJ-BIK,DJJ20100,DJJ20100,D,D,RING 2,
DJJ21802,DJJ,SULAMPAPUA,Waropen,Waropen Bawah,,DJJ-BIK,DJJ20100,DJJ20100,B,B,RING 2,
DJJ21803,DJJ,SULAMPAPUA,Waropen,Inggerus,,DJJ-BIK,DJJ20100,DJJ20100,B,B,RING 2,
DJJ21804,DJJ,SULAMPAPUA,Waropen,Kirihi,,DJJ-BIK,DJJ20100,DJJ20100,B,B,RING 2,
DJJ21805,DJJ,SULAMPAPUA,Waropen,Risei Sayati,,DJJ-BIK,DJJ20100,DJJ20100,B,B,RING 2,
DJJ21806,DJJ,SULAMPAPUA,Waropen,Urei Faisei,,DJJ-BIK,DJJ20100,DJJ20100,B,B,RING 2,
DJJ21807,DJJ,SULAMPAPUA,Waropen,Demba,,DJJ-BIK,DJJ20100,DJJ20100,B,B,RING 2,
DJJ21808,DJJ,SULAMPAPUA,Waropen,Oudate,,DJJ-BIK,DJJ20100,DJJ20100,B,B,RING 2,
DJJ21809,DJJ,SULAMPAPUA,Waropen,Soyoi Mambai,,DJJ-BIK,DJJ20100,DJJ20100,B,B,RING 2,
DJJ21810,DJJ,SULAMPAPUA,Waropen,Wapoga,,DJJ-BIK,DJJ20100,DJJ20100,B,B,RING 2,
DJJ21811,DJJ,SULAMPAPUA,Waropen,Wonti,,DJJ-BIK,DJJ20100,DJJ20100,B,B,RING 2,
DJJ21900,DJJ,SULAMPAPUA,Yahukimo,Sumo,,DJJ-WMX,DJJ10000,DJJ20700,D,D,RING 2,
DJJ21901,DJJ,SULAMPAPUA,Yahukimo,Anggruk,,DJJ-WMX,DJJ10000,DJJ20700,D,D,RING 2,
DJJ21902,DJJ,SULAMPAPUA,Yahukimo,Kurima,,DJJ-WMX,DJJ10000,DJJ20700,D,D,RING 2,
DJJ21903,DJJ,SULAMPAPUA,Yahukimo,Ninia,,DJJ-WMX,DJJ10000,DJJ20700,D,D,RING 2,
DJJ21904,DJJ,SULAMPAPUA,Yahukimo,Amuma,,DJJ-WMX,DJJ10000,DJJ20700,C,C,RING 2,
DJJ21905,DJJ,SULAMPAPUA,Yahukimo,Bomela,,DJJ-WMX,DJJ10000,DJJ20700,C,C,RING 2,
DJJ21906,DJJ,SULAMPAPUA,Yahukimo,Dekai,,DJJ-WMX,DJJ10000,DJJ20700,C,C,RING 2,
DJJ21907,DJJ,SULAMPAPUA,Yahukimo,Dirwemna (Diruwena),,DJJ-WMX,DJJ10000,DJJ20700,C,C,RING 2,
DJJ21908,DJJ,SULAMPAPUA,Yahukimo,Duram,,DJJ-WMX,DJJ10000,DJJ20700,C,C,RING 2,
DJJ21909,DJJ,SULAMPAPUA,Yahukimo,Endomen,,DJJ-WMX,DJJ10000,DJJ20700,C,C,RING 2,
DJJ21910,DJJ,SULAMPAPUA,Yahukimo,Hereapini (Hereanini),,DJJ-WMX,DJJ10000,DJJ20700,C,C,RING 2,
DJJ21911,DJJ,SULAMPAPUA,Yahukimo,Hilipuk,,DJJ-WMX,DJJ10000,DJJ20700,C,C,RING 2,
DJJ21912,DJJ,SULAMPAPUA,Yahukimo,Hogio (Hugio),,DJJ-WMX,DJJ10000,DJJ20700,C,C,RING 2,
DJJ21913,DJJ,SULAMPAPUA,Yahukimo,Holuon,,DJJ-WMX,DJJ10000,DJJ20700,C,C,RING 2,
DJJ21914,DJJ,SULAMPAPUA,Yahukimo,Kabianggama (Kabianggema),,DJJ-WMX,DJJ10000,DJJ20700,C,C,RING 2,
DJJ21915,DJJ,SULAMPAPUA,Yahukimo,Kayo,,DJJ-WMX,DJJ10000,DJJ20700,C,C,RING 2,
DJJ21916,DJJ,SULAMPAPUA,Yahukimo,Koropun (Korupun),,DJJ-WMX,DJJ10000,DJJ20700,C,C,RING 2,
DJJ21917,DJJ,SULAMPAPUA,Yahukimo,Kosarek,,DJJ-WMX,DJJ10000,DJJ20700,C,C,RING 2,
DJJ21918,DJJ,SULAMPAPUA,Yahukimo,Kwelemdua (Kwelamdua),,DJJ-WMX,DJJ10000,DJJ20700,C,C,RING 2,
DJJ21919,DJJ,SULAMPAPUA,Yahukimo,Kwikma,,DJJ-WMX,DJJ10000,DJJ20700,C,C,RING 2,
DJJ21920,DJJ,SULAMPAPUA,Yahukimo,Langda,,DJJ-WMX,DJJ10000,DJJ20700,C,C,RING 2,
DJJ21921,DJJ,SULAMPAPUA,Yahukimo,Lolat,,DJJ-WMX,DJJ10000,DJJ20700,C,C,RING 2,
DJJ21922,DJJ,SULAMPAPUA,Yahukimo,Mugi,,DJJ-WMX,DJJ10000,DJJ20700,C,C,RING 2,
DJJ21923,DJJ,SULAMPAPUA,Yahukimo,Musaik,,DJJ-WMX,DJJ10000,DJJ20700,C,C,RING 2,
DJJ21924,DJJ,SULAMPAPUA,Yahukimo,Nalca,,DJJ-WMX,DJJ10000,DJJ20700,C,C,RING 2,
DJJ21925,DJJ,SULAMPAPUA,Yahukimo,Nipsan,,DJJ-WMX,DJJ10000,DJJ20700,C,C,RING 2,
DJJ21926,DJJ,SULAMPAPUA,Yahukimo,Obio,,DJJ-WMX,DJJ10000,DJJ20700,C,C,RING 2,
DJJ21927,DJJ,SULAMPAPUA,Yahukimo,Panggema,,DJJ-WMX,DJJ10000,DJJ20700,C,C,RING 2,
DJJ21928,DJJ,SULAMPAPUA,Yahukimo,Pasema,,DJJ-WMX,DJJ10000,DJJ20700,C,C,RING 2,
DJJ21929,DJJ,SULAMPAPUA,Yahukimo,Pronggoli (Proggoli),,DJJ-WMX,DJJ10000,DJJ20700,C,C,RING 2,
DJJ21930,DJJ,SULAMPAPUA,Yahukimo,Puldama,,DJJ-WMX,DJJ10000,DJJ20700,C,C,RING 2,
DJJ21931,DJJ,SULAMPAPUA,Yahukimo,Samenage,,DJJ-WMX,DJJ10000,DJJ20700,C,C,RING 2,
DJJ21932,DJJ,SULAMPAPUA,Yahukimo,Sela,,DJJ-WMX,DJJ10000,DJJ20700,C,C,RING 2,
DJJ21933,DJJ,SULAMPAPUA,Yahukimo,Seredela (Seredala),,DJJ-WMX,DJJ10000,DJJ20700,C,C,RING 2,
DJJ21934,DJJ,SULAMPAPUA,Yahukimo,Silimo,,DJJ-WMX,DJJ10000,DJJ20700,C,C,RING 2,
DJJ21935,DJJ,SULAMPAPUA,Yahukimo,Soba,,DJJ-WMX,DJJ10000,DJJ20700,C,C,RING 2,
DJJ21936,DJJ,SULAMPAPUA,Yahukimo,Sobaham,,DJJ-WMX,DJJ10000,DJJ20700,C,C,RING 2,
DJJ21937,DJJ,SULAMPAPUA,Yahukimo,Soloikma,,DJJ-WMX,DJJ10000,DJJ20700,C,C,RING 2,
DJJ21938,DJJ,SULAMPAPUA,Yahukimo,Suntamon,,DJJ-WMX,DJJ10000,DJJ20700,C,C,RING 2,
DJJ21939,DJJ,SULAMPAPUA,Yahukimo,Suru Suru,,DJJ-WMX,DJJ10000,DJJ20700,C,C,RING 2,
DJJ21940,DJJ,SULAMPAPUA,Yahukimo,Talambo,,DJJ-WMX,DJJ10000,DJJ20700,C,C,RING 2,
DJJ21941,DJJ,SULAMPAPUA,Yahukimo,Tangma,,DJJ-WMX,DJJ10000,DJJ20700,C,C,RING 2,
DJJ21942,DJJ,SULAMPAPUA,Yahukimo,Ubahak,,DJJ-WMX,DJJ10000,DJJ20700,C,C,RING 2,
DJJ21943,DJJ,SULAMPAPUA,Yahukimo,Ubalihi,,DJJ-WMX,DJJ10000,DJJ20700,C,C,RING 2,
DJJ21944,DJJ,SULAMPAPUA,Yahukimo,Ukha,,DJJ-WMX,DJJ10000,DJJ20700,C,C,RING 2,
DJJ21945,DJJ,SULAMPAPUA,Yahukimo,Walma,,DJJ-WMX,DJJ10000,DJJ20700,C,C,RING 2,
DJJ21946,DJJ,SULAMPAPUA,Yahukimo,Werima,,DJJ-WMX,DJJ10000,DJJ20700,C,C,RING 2,
DJJ21947,DJJ,SULAMPAPUA,Yahukimo,Wusuma,,DJJ-WMX,DJJ10000,DJJ20700,C,C,RING 2,
DJJ21948,DJJ,SULAMPAPUA,Yahukimo,Yahuliambut,,DJJ-WMX,DJJ10000,DJJ20700,C,C,RING 2,
DJJ21949,DJJ,SULAMPAPUA,Yahukimo,Yogosem,,DJJ-WMX,DJJ10000,DJJ20700,C,C,RING 2,
DJJ21950,DJJ,SULAMPAPUA,Yahukimo,Kona,,DJJ-WMX,DJJ10000,DJJ20700,C,C,RING 2,
DJJ22000,DJJ,SULAMPAPUA,Burmeso,Burmeso,,DJJ-SRM,DJJ10000,DJJ21500,D,D,RING 2,
DJJ22001,DJJ,SULAMPAPUA,Mamberamo Raya,Mamberamo Tengah,,DJJ-SRM,DJJ10000,DJJ21500,D,D,RING 2,
DJJ22002,DJJ,SULAMPAPUA,Mamberamo Raya,Mamberamo Hilir/Ilir,,DJJ-SRM,DJJ10000,DJJ21500,D,D,RING 2,
DJJ22003,DJJ,SULAMPAPUA,Mamberamo Raya,Mamberamo Hulu,,DJJ-SRM,DJJ10000,DJJ21500,D,D,RING 2,
DJJ22004,DJJ,SULAMPAPUA,Mamberamo Raya,Mamberamo Tengah Timur,,DJJ-SRM,DJJ10000,DJJ21500,D,D,RING 2,
DJJ22005,DJJ,SULAMPAPUA,Mamberamo Raya,Rufaer,,DJJ-SRM,DJJ10000,DJJ21500,D,D,RING 2,
DJJ22006,DJJ,SULAMPAPUA,Mamberamo Raya,Waropen Atas,,DJJ-SRM,DJJ10000,DJJ21500,D,D,RING 2,
DJJ22007,DJJ,SULAMPAPUA,Mamberamo Raya,Benuki,,DJJ-SRM,DJJ10000,DJJ21500,D,D,RING 2,
DJJ22008,DJJ,SULAMPAPUA,Mamberamo Raya,Sawai,,DJJ-SRM,DJJ10000,DJJ21500,D,D,RING 2,
DJJ22100,DJJ,SULAMPAPUA,Yalimo,Benawa,,DJJ-WMX,DJJ10000,DJJ20700,C,C,RING 2,
DJJ22101,DJJ,SULAMPAPUA,Yalimo,Elelim,,DJJ-WMX,DJJ10000,DJJ20700,C,C,RING 2,
DJJ22102,DJJ,SULAMPAPUA,Yalimo,Welarek,,DJJ-WMX,DJJ10000,DJJ20700,C,C,RING 2,
DJJ22200,DJJ,SULAMPAPUA,Lanny Jaya,Poga,,DJJ-WMX,DJJ10000,DJJ20700,C,C,RING 2,
DJJ22201,DJJ,SULAMPAPUA,Lanny Jaya,Balingga,,DJJ-WMX,DJJ10000,DJJ20700,C,C,RING 2,
DJJ22202,DJJ,SULAMPAPUA,Lanny Jaya,Dimba,,DJJ-WMX,DJJ10000,DJJ20700,C,C,RING 2,
DJJ22203,DJJ,SULAMPAPUA,Lanny Jaya,Kuyawage,,DJJ-WMX,DJJ10000,DJJ20700,C,C,RING 2,
DJJ22300,DJJ,SULAMPAPUA,Mamberamo Tengah,Eragayam,,DJJ-WMX,DJJ10000,DJJ20700,C,C,RING 2,
DJJ22301,DJJ,SULAMPAPUA,Mamberamo Tengah,Ilugwa,,DJJ-WMX,DJJ10000,DJJ20700,C,C,RING 2,
DJJ22302,DJJ,SULAMPAPUA,Mamberamo Tengah,Megabilis (Megambilis),,DJJ-WMX,DJJ10000,DJJ20700,C,C,RING 2,
DJJ22303,DJJ,SULAMPAPUA,Mamberamo Tengah,Kelila,,DJJ-WMX,DJJ10000,DJJ20700,C,C,RING 2,
DJJ22400,DJJ,SULAMPAPUA,Nduga,Gearek,,DJJ-WMX,DJJ10000,DJJ20700,C,C,RING 2,
DJJ22401,DJJ,SULAMPAPUA,Nduga,Geselma (Geselema),,DJJ-WMX,DJJ10000,DJJ20700,C,C,RING 2,
DJJ22402,DJJ,SULAMPAPUA,Nduga,Mbua (Mbuga),,DJJ-WMX,DJJ10000,DJJ20700,C,C,RING 2,
DJJ22403,DJJ,SULAMPAPUA,Nduga,Mugi,,DJJ-WMX,DJJ10000,DJJ20700,C,C,RING 2,
DJJ22404,DJJ,SULAMPAPUA,Nduga,Wosak,,DJJ-WMX,DJJ10000,DJJ20700,C,C,RING 2,
DJJ22405,DJJ,SULAMPAPUA,Nduga,Yigi,,DJJ-WMX,DJJ10000,DJJ20700,C,C,RING 2,
DJJ22406,DJJ,SULAMPAPUA,Nduga,Alama,,DJJ-WMX,DJJ10000,DJJ20700,C,C,RING 2,
DJJ22407,DJJ,SULAMPAPUA,Nduga,Dal,,DJJ-WMX,DJJ10000,DJJ20700,C,C,RING 2,
DJJ22408,DJJ,SULAMPAPUA,Nduga,Embetpen,,DJJ-WMX,DJJ10000,DJJ20700,C,C,RING 2,
DJJ22409,DJJ,SULAMPAPUA,Nduga,Inikgal,,DJJ-WMX,DJJ10000,DJJ20700,C,C,RING 2,
DJJ22410,DJJ,SULAMPAPUA,Nduga,Iniye,,DJJ-WMX,DJJ10000,DJJ20700,C,C,RING 2,
DJJ22411,DJJ,SULAMPAPUA,Nduga,Kegayem,,DJJ-WMX,DJJ10000,DJJ20700,C,C,RING 2,
DJJ22412,DJJ,SULAMPAPUA,Nduga,Kilmid,,DJJ-WMX,DJJ10000,DJJ20700,C,C,RING 2,
DJJ22413,DJJ,SULAMPAPUA,Nduga,Kora,,DJJ-WMX,DJJ10000,DJJ20700,C,C,RING 2,
DJJ22414,DJJ,SULAMPAPUA,Nduga,Koroptak,,DJJ-WMX,DJJ10000,DJJ20700,C,C,RING 2,
DJJ22415,DJJ,SULAMPAPUA,Nduga,Krepkuri,,DJJ-WMX,DJJ10000,DJJ20700,C,C,RING 2,
DJJ22416,DJJ,SULAMPAPUA,Nduga,Mam,,DJJ-WMX,DJJ10000,DJJ20700,C,C,RING 2,
DJJ22417,DJJ,SULAMPAPUA,Nduga,Mbua Tengah,,DJJ-WMX,DJJ10000,DJJ20700,C,C,RING 2,
DJJ22418,DJJ,SULAMPAPUA,Nduga,Mbulmu Yalma,,DJJ-WMX,DJJ10000,DJJ20700,C,C,RING 2,
DJJ22419,DJJ,SULAMPAPUA,Nduga,Mebarok,,DJJ-WMX,DJJ10000,DJJ20700,C,C,RING 2,
DJJ22420,DJJ,SULAMPAPUA,Nduga,Moba,,DJJ-WMX,DJJ10000,DJJ20700,C,C,RING 2,
DJJ22421,DJJ,SULAMPAPUA,Nduga,Nenggeagin,,DJJ-WMX,DJJ10000,DJJ20700,C,C,RING 2,
DJJ22422,DJJ,SULAMPAPUA,Nduga,Nirkuri,,DJJ-WMX,DJJ10000,DJJ20700,C,C,RING 2,
DJJ22423,DJJ,SULAMPAPUA,Nduga,Paro,,DJJ-WMX,DJJ10000,DJJ20700,C,C,RING 2,
DJJ22424,DJJ,SULAMPAPUA,Nduga,Pasir Putih,,DJJ-WMX,DJJ10000,DJJ20700,C,C,RING 2,
DJJ22425,DJJ,SULAMPAPUA,Nduga,Pija,,DJJ-WMX,DJJ10000,DJJ20700,C,C,RING 2,
DJJ22426,DJJ,SULAMPAPUA,Nduga,Wusi,,DJJ-WMX,DJJ10000,DJJ20700,C,C,RING 2,
DJJ22427,DJJ,SULAMPAPUA,Nduga,Wutpaga,,DJJ-WMX,DJJ10000,DJJ20700,C,C,RING 2,
DJJ22428,DJJ,SULAMPAPUA,Nduga,Yal,,DJJ-WMX,DJJ10000,DJJ20700,C,C,RING 2,
DJJ22429,DJJ,SULAMPAPUA,Nduga,Yenggelo,,DJJ-WMX,DJJ10000,DJJ20700,C,C,RING 2,
DJJ23004,DJJ,SULAMPAPUA,Lanny Jaya,Melagineri,,DJJ-WMX,DJJ10000,DJJ20700,C,C,RING 2,
DJJ23005,DJJ,SULAMPAPUA,Lanny Jaya,Tiomneri,,DJJ-WMX,DJJ10000,DJJ20700,C,C,RING 2,
DJJ23006,DJJ,SULAMPAPUA,Lanny Jaya,Awina,,DJJ-WMX,DJJ10000,DJJ20700,C,C,RING 2,
DJJ23007,DJJ,SULAMPAPUA,Lanny Jaya,Ayumnati,,DJJ-WMX,DJJ10000,DJJ20700,C,C,RING 2,
DJJ23008,DJJ,SULAMPAPUA,Lanny Jaya,Balingga Barat,,DJJ-WMX,DJJ10000,DJJ20700,C,C,RING 2,
DJJ23009,DJJ,SULAMPAPUA,Lanny Jaya,Bruwa,,DJJ-WMX,DJJ10000,DJJ20700,C,C,RING 2,
DJJ23010,DJJ,SULAMPAPUA,Lanny Jaya,Buguk Gona,,DJJ-WMX,DJJ10000,DJJ20700,C,C,RING 2,
DJJ23011,DJJ,SULAMPAPUA,Lanny Jaya,Gelok Beam,,DJJ-WMX,DJJ10000,DJJ20700,C,C,RING 2,
DJJ23012,DJJ,SULAMPAPUA,Lanny Jaya,Goa Balim,,DJJ-WMX,DJJ10000,DJJ20700,C,C,RING 2,
DJJ23013,DJJ,SULAMPAPUA,Lanny Jaya,Gollo,,DJJ-WMX,DJJ10000,DJJ20700,C,C,RING 2,
DJJ23014,DJJ,SULAMPAPUA,Lanny Jaya,Guna,,DJJ-WMX,DJJ10000,DJJ20700,C,C,RING 2,
DJJ23015,DJJ,SULAMPAPUA,Lanny Jaya,Gupura,,DJJ-WMX,DJJ10000,DJJ20700,C,C,RING 2,
DJJ23016,DJJ,SULAMPAPUA,Lanny Jaya,Karu,,DJJ-WMX,DJJ10000,DJJ20700,C,C,RING 2,
DJJ23017,DJJ,SULAMPAPUA,Lanny Jaya,Kelulome,,DJJ-WMX,DJJ10000,DJJ20700,C,C,RING 2,
DJJ23018,DJJ,SULAMPAPUA,Lanny Jaya,Kolawa,,DJJ-WMX,DJJ10000,DJJ20700,C,C,RING 2,
DJJ23019,DJJ,SULAMPAPUA,Lanny Jaya,Kuly Lanny,,DJJ-WMX,DJJ10000,DJJ20700,C,C,RING 2,
DJJ23020,DJJ,SULAMPAPUA,Lanny Jaya,Lannyna,,DJJ-WMX,DJJ10000,DJJ20700,C,C,RING 2,
DJJ23021,DJJ,SULAMPAPUA,Lanny Jaya,Melagi,,DJJ-WMX,DJJ10000,DJJ20700,C,C,RING 2,
DJJ23022,DJJ,SULAMPAPUA,Lanny Jaya,Milimbo,,DJJ-WMX,DJJ10000,DJJ20700,C,C,RING 2,
DJJ23023,DJJ,SULAMPAPUA,Lanny Jaya,Mokoni,,DJJ-WMX,DJJ10000,DJJ20700,C,C,RING 2,
DJJ23024,DJJ,SULAMPAPUA,Lanny Jaya,Muara,,DJJ-WMX,DJJ10000,DJJ20700,C,C,RING 2,
DJJ23025,DJJ,SULAMPAPUA,Lanny Jaya,Nikogwe,,DJJ-WMX,DJJ10000,DJJ20700,C,C,RING 2,
DJJ23026,DJJ,SULAMPAPUA,Lanny Jaya,Niname,,DJJ-WMX,DJJ10000,DJJ20700,C,C,RING 2,
DJJ23027,DJJ,SULAMPAPUA,Lanny Jaya,Nogi,,DJJ-WMX,DJJ10000,DJJ20700,C,C,RING 2,
DJJ23028,DJJ,SULAMPAPUA,Lanny Jaya,Tiom Ollo,,DJJ-WMX,DJJ10000,DJJ20700,C,C,RING 2,
DJJ23029,DJJ,SULAMPAPUA,Lanny Jaya,Wano Barat,,DJJ-WMX,DJJ10000,DJJ20700,C,C,RING 2,
DJJ23030,DJJ,SULAMPAPUA,Lanny Jaya,Wereka,,DJJ-WMX,DJJ10000,DJJ20700,C,C,RING 2,
DJJ23031,DJJ,SULAMPAPUA,Lanny Jaya,Wiringgambut,,DJJ-WMX,DJJ10000,DJJ20700,C,C,RING 2,
DJJ23032,DJJ,SULAMPAPUA,Lanny Jaya,Yiginua,,DJJ-WMX,DJJ10000,DJJ20700,C,C,RING 2,
DJJ23033,DJJ,SULAMPAPUA,Lanny Jaya,Yiluk,,DJJ-WMX,DJJ10000,DJJ20700,C,C,RING 2,
DJJ23034,DJJ,SULAMPAPUA,Lanny Jaya,Yugungwi,,DJJ-WMX,DJJ10000,DJJ20700,C,C,RING 2,
DJJ30001,DJJ,SULAMPAPUA,Nabire,Dipa,,DJJ-NBX,DJJ10000,DJJ20500,C,C,RING 2,
DJJ30004,DJJ,SULAMPAPUA,Nabire,Menou,,DJJ-NBX,DJJ10000,DJJ20500,C,C,RING 2,
DJJ30005,DJJ,SULAMPAPUA,Nabire,Nabire Barat,,DJJ-NBX,DJJ10000,DJJ20500,C,C,RING 2,
DJJ30009,DJJ,SULAMPAPUA,Nabire,Teluk Kimi,,DJJ-NBX,DJJ10000,DJJ20500,C,C,RING 2,
DJJ30013,DJJ,SULAMPAPUA,Nabire,Wapoga,,DJJ-NBX,DJJ10000,DJJ20500,C,C,RING 2,
DJJ30014,DJJ,SULAMPAPUA,Nabire,Yaro (Yaro Kabisay),,DJJ-NBX,DJJ10000,DJJ20500,C,C,RING 2,
DJJ30015,DJJ,SULAMPAPUA,Nabire,Moora,,DJJ-NBX,DJJ10000,DJJ20500,C,C,RING 2,
DJJ30101,DJJ,SULAMPAPUA,Dogiyai ,Kamu Selatan,,DJJ-NBX,DJJ10000,DJJ20500,C,C,RING 2,
DJJ30102,DJJ,SULAMPAPUA,Dogiyai ,Kamu Timur,,DJJ-NBX,DJJ10000,DJJ20500,C,C,RING 2,
DJJ30105,DJJ,SULAMPAPUA,Dogiyai ,Sukikai Selatan,,DJJ-NBX,DJJ10000,DJJ20500,C,C,RING 2,
DJJ30106,DJJ,SULAMPAPUA,Dogiyai ,Dogiyai,,DJJ-NBX,DJJ10000,DJJ20500,C,C,RING 2,
DJJ30107,DJJ,SULAMPAPUA,Dogiyai ,Mapia Barat,,DJJ-NBX,DJJ10000,DJJ20500,C,C,RING 2,
DJJ30108,DJJ,SULAMPAPUA,Dogiyai ,Mapia Tengah,,DJJ-NBX,DJJ10000,DJJ20500,C,C,RING 2,
DJJ30500,DJJ,SULAMPAPUA,Intan Jaya ,Sugapa,,DJJ-NBX,DJJ10000,DJJ20500,C,C,RING 2,
DJJ30503,DJJ,SULAMPAPUA,Intan Jaya ,Hitadipa,,DJJ-NBX,DJJ10000,DJJ20500,C,C,RING 2,
DJJ30506,DJJ,SULAMPAPUA,Intan Jaya ,Wandai,,DJJ-NBX,DJJ10000,DJJ20500,C,C,RING 2,
DJJ30507,DJJ,SULAMPAPUA,Intan Jaya ,Tomosiga,,DJJ-NBX,DJJ10000,DJJ20500,C,C,RING 2,
DJJ30508,DJJ,SULAMPAPUA,Intan Jaya ,Ugimba,,DJJ-NBX,DJJ10000,DJJ20500,C,C,RING 2,
DJJ30601,DJJ,SULAMPAPUA,Deiyai ,Bowobado,,DJJ-NBX,DJJ10000,DJJ20500,C,C,RING 2,
DJJ30602,DJJ,SULAMPAPUA,Deiyai ,Kapiraya,,DJJ-NBX,DJJ10000,DJJ20500,C,C,RING 2,
DJJ30604,DJJ,SULAMPAPUA,Deiyai ,Tigi Barat,,DJJ-NBX,DJJ10000,DJJ20500,C,C,RING 2,
GTO10000,GTO,SULAMPAPUA,Kota Gorontalo,Gorontalo,CABANG UTAMA,GTO,GTO10000,GTO10000,A,A,RING 1,
GTO10008,GTO,SULAMPAPUA,Gorontalo,Dungingi,,GTO,GTO10000,GTO10000,A,A,RING 1,
GTO10009,GTO,SULAMPAPUA,Gorontalo,Kota Barat,,GTO,GTO10000,GTO10000,A,A,RING 1,
GTO10010,GTO,SULAMPAPUA,Gorontalo,Kota Selatan,,GTO,GTO10000,GTO10000,A,A,RING 1,
GTO10011,GTO,SULAMPAPUA,Gorontalo,Kota Timur,,GTO,GTO10000,GTO10000,A,A,RING 1,
GTO10012,GTO,SULAMPAPUA,Gorontalo,Kota Utara,,GTO,GTO10000,GTO10000,A,A,RING 1,
GTO10013,GTO,SULAMPAPUA,Gorontalo,Dumbo Raya,,GTO,GTO10000,GTO10000,A,B,RING 1,
GTO10014,GTO,SULAMPAPUA,Gorontalo,Hulonthalangi,,GTO,GTO10000,GTO10000,A,B,RING 1,
GTO10015,GTO,SULAMPAPUA,Gorontalo,Kota Tengah,,GTO,GTO10000,GTO10000,A,A,RING 1,
GTO10016,GTO,SULAMPAPUA,Gorontalo,Sipatana,,GTO,GTO10000,GTO10000,A,A,RING 1,
GTO20100,GTO,SULAMPAPUA,Kab. Gorontalo,Limboto,CABANG,GTO-LBT,GTO10000,GTO20100,B,B,RING 2,
GTO20101,GTO,SULAMPAPUA,Gorontalo Utara,Atinggola,,GTO-LBT,GTO10000,GTO20100,C,C,RING 2,
GTO20102,GTO,SULAMPAPUA,Gorontalo,Batudaa,,GTO-LBT,GTO10000,GTO20100,C,C,RING 2,
GTO20108,GTO,SULAMPAPUA,Gorontalo Utara,Sumalata,,GTO-LBT,GTO10000,GTO20100,C,C,RING 2,
GTO20109,GTO,SULAMPAPUA,Gorontalo,Tibawa,,GTO-LBT,GTO10000,GTO20100,C,C,RING 2,
GTO20111,GTO,SULAMPAPUA,Gorontalo Utara,Anggrek,,GTO-LBT,GTO10000,GTO20100,C,C,RING 2,
GTO20112,GTO,SULAMPAPUA,Gorontalo,Boliohuto (Boliyohuto),,GTO-LBT,GTO10000,GTO20100,C,C,RING 2,
GTO20113,GTO,SULAMPAPUA,Gorontalo,Bongomeme,,GTO-LBT,GTO10000,GTO20100,C,C,RING 2,
GTO20114,GTO,SULAMPAPUA,Gorontalo,Limboto Barat,,GTO-LBT,GTO10000,GTO20100,B,B,RING 2,
GTO20115,GTO,SULAMPAPUA,Gorontalo,Mootilango,,GTO-LBT,GTO10000,GTO20100,C,C,RING 2,
GTO20116,GTO,SULAMPAPUA,Gorontalo,Pulubala,,GTO-LBT,GTO10000,GTO20100,C,C,RING 2,
GTO20117,GTO,SULAMPAPUA,Gorontalo,Telaga,,GTO-LBT,GTO10000,GTO20100,B,B,RING 2,
GTO20118,GTO,SULAMPAPUA,Gorontalo,Tolangohula,,GTO-LBT,GTO10000,GTO20100,C,C,RING 2,
GTO20119,GTO,SULAMPAPUA,Gorontalo Utara,Tolinggula,,GTO-LBT,GTO10000,GTO20100,C,C,RING 2,
GTO20120,GTO,SULAMPAPUA,Gorontalo,Asparaga,,GTO-LBT,GTO10000,GTO20100,C,C,RING 2,
GTO20121,GTO,SULAMPAPUA,Gorontalo,Batudaa Pantai,,GTO-LBT,GTO10000,GTO20100,C,C,RING 2,
GTO20122,GTO,SULAMPAPUA,Gorontalo,Bilato,,GTO-LBT,GTO10000,GTO20100,C,C,RING 2,
GTO20123,GTO,SULAMPAPUA,Gorontalo,Biluhu,,GTO-LBT,GTO10000,GTO20100,C,C,RING 2,
GTO20124,GTO,SULAMPAPUA,Gorontalo,Dungaliyo,,GTO-LBT,GTO10000,GTO20100,C,C,RING 2,
GTO20125,GTO,SULAMPAPUA,Gorontalo,Tabongo,,GTO-LBT,GTO10000,GTO20100,C,C,RING 2,
GTO20126,GTO,SULAMPAPUA,Gorontalo,Telaga Jaya,,GTO-LBT,GTO10000,GTO20100,B,B,RING 2,
GTO20127,GTO,SULAMPAPUA,Gorontalo,Tilango,,GTO-LBT,GTO10000,GTO20100,C,C,RING 2,
GTO20128,GTO,SULAMPAPUA,Gorontalo,Telaga Biru,,GTO-LBT,GTO10000,GTO20100,C,C,RING 2,
GTO20200,GTO,SULAMPAPUA,Kab. Boalemo,Tilamuta,CABANG,GTO-TMA,GTO10000,GTO20200,B,B,RING 2,
GTO20201,GTO,SULAMPAPUA,Boalemo,Botumoita,,GTO-TMA,GTO10000,GTO20200,C,C,RING 2,
GTO20202,GTO,SULAMPAPUA,Boalemo,Dulupi,,GTO-TMA,GTO10000,GTO20200,C,C,RING 2,
GTO20203,GTO,SULAMPAPUA,Boalemo,Mananggu,,GTO-TMA,GTO10000,GTO20200,C,C,RING 2,
GTO20204,GTO,SULAMPAPUA,Boalemo,Paguyaman,CABANG,GTO-PGN,GTO10000,GTO20204,C,C,RING 2,
GTO20206,GTO,SULAMPAPUA,Boalemo,Wonosari,,GTO-PGN,GTO10000,GTO20204,C,C,RING 2,
GTO20207,GTO,SULAMPAPUA,Boalemo,Paguyaman Pantai,,GTO-PGN,GTO10000,GTO20204,C,C,RING 2,
GTO20300,GTO,SULAMPAPUA,Bone Bolango,Suwawa,,GTO-PGN,GTO10000,GTO20204,B,B,RING 2,
GTO20301,GTO,SULAMPAPUA,Bone Bolango,Bonepantai,,GTO-PGN,GTO10000,GTO20204,C,C,RING 2,
GTO20302,GTO,SULAMPAPUA,Kota Bone Bolango,Kabila,CABANG,GTO-KBL,GTO10000,GTO20302,B,B,RING 2,
GTO20303,GTO,SULAMPAPUA,Bone Bolango,Tapa,,GTO-KBL,GTO10000,GTO20302,C,C,RING 2,
GTO20304,GTO,SULAMPAPUA,Bone Bolango,Bone,,GTO-KBL,GTO10000,GTO20302,C,C,RING 2,
GTO20305,GTO,SULAMPAPUA,Bone Bolango,Bone Raya,,GTO-KBL,GTO10000,GTO20302,C,C,RING 2,
GTO20306,GTO,SULAMPAPUA,Bone Bolango,Botu Pingge,,GTO-KBL,GTO10000,GTO20302,C,C,RING 2,
GTO20307,GTO,SULAMPAPUA,Bone Bolango,Bulango Selatan,,GTO-KBL,GTO10000,GTO20302,C,C,RING 2,
GTO20308,GTO,SULAMPAPUA,Bone Bolango,Bulango Timur,,GTO-KBL,GTO10000,GTO20302,C,C,RING 2,
GTO20309,GTO,SULAMPAPUA,Bone Bolango,Bulango Ulu,,GTO-KBL,GTO10000,GTO20302,C,C,RING 2,
GTO20310,GTO,SULAMPAPUA,Bone Bolango,Bulango Utara,,GTO-KBL,GTO10000,GTO20302,C,C,RING 2,
GTO20311,GTO,SULAMPAPUA,Bone Bolango,Bulawa,,GTO-KBL,GTO10000,GTO20302,C,C,RING 2,
GTO20312,GTO,SULAMPAPUA,Bone Bolango,Kabila Bone,,GTO-KBL,GTO10000,GTO20302,C,C,RING 2,
GTO20313,GTO,SULAMPAPUA,Bone Bolango,Pinogu,,GTO-KBL,GTO10000,GTO20302,C,C,RING 2,
GTO20314,GTO,SULAMPAPUA,Bone Bolango,Suwawa Selatan,,GTO-KBL,GTO10000,GTO20302,C,C,RING 2,
GTO20315,GTO,SULAMPAPUA,Bone Bolango,Suwawa Tengah,,GTO-KBL,GTO10000,GTO20302,C,C,RING 2,
GTO20316,GTO,SULAMPAPUA,Bone Bolango,Suwawa Timur,,GTO-KBL,GTO10000,GTO20302,C,C,RING 2,
GTO20317,GTO,SULAMPAPUA,Bone Bolango,Tilongkabila,,GTO-KBL,GTO10000,GTO20302,C,C,RING 2,
GTO20400,GTO,SULAMPAPUA,Gorontalo Utara,Kwandang,CABANG,GTO-KWD,GTO10000,GTO20400,B,B,RING 2,
GTO20405,GTO,SULAMPAPUA,Gorontalo Utara,Biau,,GTO-KBL,GTO10000,GTO20302,C,C,RING 2,
GTO20406,GTO,SULAMPAPUA,Gorontalo Utara,Gentuma Raya,,GTO-KBL,GTO10000,GTO20302,C,C,RING 2,
GTO20407,GTO,SULAMPAPUA,Gorontalo Utara,Monano,,GTO-KBL,GTO10000,GTO20302,C,C,RING 2,
GTO20408,GTO,SULAMPAPUA,Gorontalo Utara,Ponelo Kepulauan,,GTO-KBL,GTO10000,GTO20302,C,C,RING 2,
GTO20409,GTO,SULAMPAPUA,Gorontalo Utara,Tomolito,,GTO-KBL,GTO10000,GTO20302,C,C,RING 2,
GTO20410,GTO,SULAMPAPUA,Gorontalo Utara,Sumalata Timur,,GTO-KBL,GTO10000,GTO20302,C,C,RING 2,
GTO20500,GTO,SULAMPAPUA,Kab. Pahuwalo,Marisa,CABANG,GTO-MRA,GTO10000,GTO20500,B,B,RING 2,
GTO20501,GTO,SULAMPAPUA,Pohuwato,Lemito,,GTO-MRA,GTO10000,GTO20500,C,C,RING 2,
GTO20502,GTO,SULAMPAPUA,Pohuwato,Paguat,,GTO-MRA,GTO10000,GTO20500,C,C,RING 2,
GTO20503,GTO,SULAMPAPUA,Pohuwato,Patilanggio,,GTO-MRA,GTO10000,GTO20500,C,C,RING 2,
GTO20504,GTO,SULAMPAPUA,Pahuwalo,Popayato,CABANG,GTO-PPY,GTO10000,GTO20504,C,C,RING 2,
GTO20505,GTO,SULAMPAPUA,Pohuwato,Randangan,,GTO-PPY,GTO10000,GTO20504,C,C,RING 2,
GTO20506,GTO,SULAMPAPUA,Pohuwato,Taluditi (Taluduti),,GTO-PPY,GTO10000,GTO20504,C,C,RING 2,
GTO20507,GTO,SULAMPAPUA,Pohuwato,Buntulia,,GTO-PPY,GTO10000,GTO20504,C,C,RING 2,
GTO20508,GTO,SULAMPAPUA,Pohuwato,Dengilo,,GTO-PPY,GTO10000,GTO20504,C,C,RING 2,
GTO20509,GTO,SULAMPAPUA,Pohuwato,Duhiadaa,,GTO-PPY,GTO10000,GTO20504,C,C,RING 2,
GTO20510,GTO,SULAMPAPUA,Pohuwato,Popayato Timur,,GTO-PPY,GTO10000,GTO20504,C,C,RING 2,
GTO20511,GTO,SULAMPAPUA,Pohuwato,Wanggarasi,,GTO-PPY,GTO10000,GTO20504,C,C,RING 2,
GTO20512,GTO,SULAMPAPUA,Pohuwato,Popayato Barat,,GTO-PPY,GTO10000,GTO20504,C,C,RING 2,
KDI10000,KDI,SULAMPAPUA,Kota Kendari,Kendari,CABANG UTAMA,KDI,KDI10000,KDI10000,A,A,RING 1,
KDI10014,KDI,SULAMPAPUA,Kendari,Abeli,,KDI,KDI10000,KDI10000,A,B,RING 1,
KDI10015,KDI,SULAMPAPUA,Kendari,Baruga,,KDI,KDI10000,KDI10000,A,A,RING 1,
KDI10016,KDI,SULAMPAPUA,Kendar,Kendar,,KDI,KDI10000,KDI10000,A,A,RING 1,
KDI10017,KDI,SULAMPAPUA,Kendari,Kendari Barat,,KDI,KDI10000,KDI10000,A,A,RING 1,
KDI10018,KDI,SULAMPAPUA,Kendari,Mandonga,,KDI,KDI10000,KDI10000,A,A,RING 1,
KDI10019,KDI,SULAMPAPUA,Kendari,Poasia,,KDI,KDI10000,KDI10000,A,A,RING 1,
KDI10020,KDI,SULAMPAPUA,Kendari,Kadia,,KDI,KDI10000,KDI10000,A,A,RING 1,
KDI10021,KDI,SULAMPAPUA,Kendari,Kambu,,KDI,KDI10000,KDI10000,A,A,RING 1,
KDI10022,KDI,SULAMPAPUA,Kendari,Puuwatu,,KDI,KDI10000,KDI10000,A,A,RING 1,
KDI10023,KDI,SULAMPAPUA,Kendari,Wua-Wua,,KDI,KDI10000,KDI10000,A,A,RING 1,
KDI20100,KDI,SULAMPAPUA,Kab. Kota Bau-Bau,Bau - Bau,CABANG,KDI-BUW,KDI10000,KDI20100,B,B,RING 2,
KDI20103,KDI,SULAMPAPUA,Bau-Bau,Bungi,,KDI-BUW,KDI10000,KDI20100,C,C,RING 2,
KDI20120,KDI,SULAMPAPUA,Bau-Bau,Betoambari,,KDI-BUW,KDI10000,KDI20100,C,C,RING 2,
KDI20121,KDI,SULAMPAPUA,Bau-Bau,Kokalukuna,,KDI-BUW,KDI10000,KDI20100,C,C,RING 2,
KDI20122,KDI,SULAMPAPUA,Bau-Bau,Murhum,,KDI-BUW,KDI10000,KDI20100,C,C,RING 2,
KDI20123,KDI,SULAMPAPUA,Bau-Bau,Sora Walio (Sorowalio),,KDI-BUW,KDI10000,KDI20100,C,C,RING 2,
KDI20124,KDI,SULAMPAPUA,Bau-Bau,Wolio,,KDI-BUW,KDI10000,KDI20100,C,C,RING 2,
KDI20125,KDI,SULAMPAPUA,Bau-Bau,Batupoaro,,KDI-BUW,KDI10000,KDI20100,C,C,RING 2,
KDI20126,KDI,SULAMPAPUA,Bau-Bau,Lea-Lea,,KDI-BUW,KDI10000,KDI20100,C,C,RING 2,
KDI20200,KDI,SULAMPAPUA,Kab. Kolaka,Kolaka,CABANG,KDI-PUM,KDI10000,KDI20200,B,B,RING 2,
KDI20202,KDI,SULAMPAPUA,Kolaka Timur,Ladongi,,KDI-TAA,KDI10000,KDI20209,C,C,RING 2,
KDI20204,KDI,SULAMPAPUA,Kolaka Timur,Mowewe,,KDI-TAA,KDI10000,KDI20209,C,C,RING 2,
KDI20206,KDI,SULAMPAPUA,Kolaka,Pomalaa,,KDI-PUM,KDI10000,KDI20200,C,C,RING 2,
KDI20209,KDI,SULAMPAPUA,Kab. Kolaka Timur,Tirawuta,CABANG,KDI-TAA,KDI10000,KDI20209,C,C,RING 2,
KDI20210,KDI,SULAMPAPUA,Kolaka,Watubangga,,KDI-PUM,KDI10000,KDI20200,C,C,RING 2,
KDI20211,KDI,SULAMPAPUA,Kolaka,Wolo,,KDI-PUM,KDI10000,KDI20200,C,C,RING 2,
KDI20212,KDI,SULAMPAPUA,Kolaka,Wundulako,,KDI-PUM,KDI10000,KDI20200,C,C,RING 2,
KDI20213,KDI,SULAMPAPUA,Kolaka,Baula,,KDI-PUM,KDI10000,KDI20200,C,C,RING 2,
KDI20214,KDI,SULAMPAPUA,Kolaka Timur,Lambandia,,KDI-TAA,KDI10000,KDI20209,C,C,RING 2,
KDI20215,KDI,SULAMPAPUA,Kolaka,Latambaga,,KDI-PUM,KDI10000,KDI20200,C,C,RING 2,
KDI20216,KDI,SULAMPAPUA,Kolaka,Samaturu,,KDI-PUM,KDI10000,KDI20200,C,C,RING 2,
KDI20217,KDI,SULAMPAPUA,Kolaka,Tanggetada,,KDI-PUM,KDI10000,KDI20200,C,C,RING 2,
KDI20218,KDI,SULAMPAPUA,Kolaka Timur,Uluiwoi,,KDI-TAA,KDI10000,KDI20209,D,D,RING 2,
KDI20219,KDI,SULAMPAPUA,Kolaka,Polinggona,,KDI-PUM,KDI10000,KDI20200,C,C,RING 2,
KDI20220,KDI,SULAMPAPUA,Kolaka,Toari,,KDI-PUM,KDI10000,KDI20200,C,C,RING 2,
KDI20221,KDI,SULAMPAPUA,Kolaka,Iwoimendaa,,KDI-PUM,KDI10000,KDI20200,C,C,RING 2,
KDI20300,KDI,SULAMPAPUA,Kab. Muna,Raha,CABANG,KDI-RAQ,KDI10000,KDI20300,B,B,RING 2,
KDI20301,KDI,SULAMPAPUA,Buton Utara,Bonegunu,,KDI-KAS,KDI10000,KDI20306,C,D,RING 2,
KDI20302,KDI,SULAMPAPUA,Muna,Duruka,,KDI-RAQ,KDI10000,KDI20300,C,D,RING 2,
KDI20304,KDI,SULAMPAPUA,Muna,Kabangka,,KDI-RAQ,KDI10000,KDI20300,C,C,RING 2,
KDI20305,KDI,SULAMPAPUA,Muna,Kabawo,,KDI-RAQ,KDI10000,KDI20300,C,C,RING 2,
KDI20306,KDI,SULAMPAPUA,Kab. Buton Utara,Kulisusu (Kalingsusu/Kalisusu),CABANG,KDI-KAS,KDI10000,KDI20306,B,B,RING 2,
KDI20307,KDI,SULAMPAPUA,Muna Barat,Lawa,,KDI-RAQ,KDI10000,KDI20300,C,C,RING 2,
KDI20308,KDI,SULAMPAPUA,Muna,Lohia,,KDI-RAQ,KDI10000,KDI20300,C,C,RING 2,
KDI20309,KDI,SULAMPAPUA,Muna,Napabalano,,KDI-RAQ,KDI10000,KDI20300,C,D,RING 2,
KDI20310,KDI,SULAMPAPUA,Muna,Parigi,,KDI-RAQ,KDI10000,KDI20300,C,D,RING 2,
KDI20312,KDI,SULAMPAPUA,Muna Barat,Sawerigadi,,KDI-RAQ,KDI10000,KDI20300,C,C,RING 2,
KDI20314,KDI,SULAMPAPUA,Muna,Tongkuno,,KDI-RAQ,KDI10000,KDI20300,C,C,RING 2,
KDI20316,KDI,SULAMPAPUA,Muna,Wakorumba Selatan,,KDI-RAQ,KDI10000,KDI20300,D,D,RING 2,
KDI20318,KDI,SULAMPAPUA,Muna,Batalaiwaru (Batalaiworu),,KDI-RAQ,KDI10000,KDI20300,C,C,RING 2,
KDI20319,KDI,SULAMPAPUA,Muna,Katobu,,KDI-RAQ,KDI10000,KDI20300,C,C,RING 2,
KDI20320,KDI,SULAMPAPUA,Muna,Kontunaga,,KDI-RAQ,KDI10000,KDI20300,C,C,RING 2,
KDI20321,KDI,SULAMPAPUA,Buton Utara,Kulisusu Barat,,KDI-KAS,KDI10000,KDI20306,C,C,RING 2,
KDI20322,KDI,SULAMPAPUA,Buton Utara,Kulisusu Utara,,KDI-KAS,KDI10000,KDI20306,C,C,RING 2,
KDI20323,KDI,SULAMPAPUA,Muna Barat,Kusambi,,KDI-RAQ,KDI10000,KDI20300,C,C,RING 2,
KDI20324,KDI,SULAMPAPUA,Muna,Lasalepa,,KDI-RAQ,KDI10000,KDI20300,C,C,RING 2,
KDI20325,KDI,SULAMPAPUA,Muna Barat,Maginti,,KDI-RAQ,KDI10000,KDI20300,C,D,RING 2,
KDI20326,KDI,SULAMPAPUA,Muna,Maligano,,KDI-RAQ,KDI10000,KDI20300,C,D,RING 2,
KDI20327,KDI,SULAMPAPUA,Muna,Pasir Putih,,KDI-RAQ,KDI10000,KDI20300,C,D,RING 2,
KDI20328,KDI,SULAMPAPUA,Tikep,Tikep,,KDI-RAQ,KDI10000,KDI20300,C,D,RING 2,
KDI20329,KDI,SULAMPAPUA,Muna Barat,Tiworo Tengah,,KDI-RAQ,KDI10000,KDI20300,C,D,RING 2,
KDI20330,KDI,SULAMPAPUA,Wakorumba,Wakorumba,,KDI-RAQ,KDI10000,KDI20300,C,D,RING 2,
KDI20332,KDI,SULAMPAPUA,Muna Barat,Barangka,,KDI-RAQ,KDI10000,KDI20300,C,C,RING 2,
KDI20333,KDI,SULAMPAPUA,Buton Utara,Kambowa,,KDI-KAS,KDI10000,KDI20306,C,C,RING 2,
KDI20334,KDI,SULAMPAPUA,Muna,Watopute,,KDI-RAQ,KDI10000,KDI20300,C,C,RING 2,
KDI20335,KDI,SULAMPAPUA,Muna,Bone (Bone Tondo),,KDI-RAQ,KDI10000,KDI20300,C,D,RING 2,
KDI20336,KDI,SULAMPAPUA,Muna Barat,Tiworo Kepulauan,,KDI-RAQ,KDI10000,KDI20300,C,D,RING 2,
KDI20337,KDI,SULAMPAPUA,Muna Barat,Napano Kusambi,,KDI-RAQ,KDI10000,KDI20300,C,D,RING 2,
KDI20338,KDI,SULAMPAPUA,Muna Barat,Tiworo Selatan,,KDI-RAQ,KDI10000,KDI20300,C,D,RING 2,
KDI20339,KDI,SULAMPAPUA,Muna Barat,Tiworo Utara,,KDI-RAQ,KDI10000,KDI20300,C,D,RING 2,
KDI20340,KDI,SULAMPAPUA,Muna Barat,Wadaga,,KDI-RAQ,KDI10000,KDI20300,C,D,RING 2,
KDI20341,KDI,SULAMPAPUA,Muna,Towea,,KDI-RAQ,KDI10000,KDI20300,C,C,RING 2,
KDI20342,KDI,SULAMPAPUA,Muna,Batukara,,KDI-RAQ,KDI10000,KDI20300,C,C,RING 2,
KDI20343,KDI,SULAMPAPUA,Muna,Kontu Kowuna,,KDI-RAQ,KDI10000,KDI20300,C,C,RING 2,
KDI20344,KDI,SULAMPAPUA,Muna,Marobo,,KDI-RAQ,KDI10000,KDI20300,C,C,RING 2,
KDI20345,KDI,SULAMPAPUA,Muna,Pasi Kolaga,,KDI-RAQ,KDI10000,KDI20300,C,C,RING 2,
KDI20346,KDI,SULAMPAPUA,Muna,Tongkuno Selatan,,KDI-RAQ,KDI10000,KDI20300,C,D,RING 2,
KDI20400,KDI,SULAMPAPUA,Kab. Konawe,Unaaha,CABANG,KDI-UNH,KDI10000,KDI20400,B,B,RING 2,
KDI20401,KDI,SULAMPAPUA,Konawe,Abuki,,KDI-UNH,KDI10000,KDI20400,C,C,RING 2,
KDI20402,KDI,SULAMPAPUA,Konawe,Lambuya,,KDI-UNH,KDI10000,KDI20400,C,C,RING 2,
KDI20403,KDI,SULAMPAPUA,Konawe,Pondidaha,,KDI-UNH,KDI10000,KDI20400,C,C,RING 2,
KDI20404,KDI,SULAMPAPUA,Konawe,Wawotobi,,KDI-UNH,KDI10000,KDI20400,C,C,RING 2,
KDI20405,KDI,SULAMPAPUA,Konawe Utara,Asera,,KDI-ADW,KDI10000,KDI21104,C,C,RING 2,
KDI20406,KDI,SULAMPAPUA,Konawe Utara,Lasolo,,KDI-ADW,KDI10000,KDI21104,C,C,RING 2,
KDI20407,KDI,SULAMPAPUA,Konawe,Soropia,,KDI-UNH,KDI10000,KDI20400,C,C,RING 2,
KDI20408,KDI,SULAMPAPUA,Wawonii,Wawonii,,KDI-ADW,KDI10000,KDI21104,D,C,RING 2,
KDI20409,KDI,SULAMPAPUA,Waworete,Waworete,,KDI-WBR,KDI10000,KDI21200,C,C,RING 2,
KDI20410,KDI,SULAMPAPUA,Konawe,Bondoala,,KDI-UNH,KDI10000,KDI20400,C,C,RING 2,
KDI20411,KDI,SULAMPAPUA,Konawe,Latoma,,KDI-UNH,KDI10000,KDI20400,C,C,RING 2,
KDI20412,KDI,SULAMPAPUA,Konawe Utara,Sawa,,KDI-ADW,KDI10000,KDI21104,C,D,RING 2,
KDI20413,KDI,SULAMPAPUA,Konawe,Tongauna,,KDI-UNH,KDI10000,KDI20400,C,C,RING 2,
KDI20414,KDI,SULAMPAPUA,Konawe,Uepai (Uwepai),,KDI-UNH,KDI10000,KDI20400,C,C,RING 2,
KDI20415,KDI,SULAMPAPUA,Konawe,Wonggeduku,,KDI-UNH,KDI10000,KDI20400,C,C,RING 2,
KDI20416,KDI,SULAMPAPUA,Konawe,Amonggedo,,KDI-UNH,KDI10000,KDI20400,C,C,RING 2,
KDI20417,KDI,SULAMPAPUA,Konawe,Anggaberi,,KDI-UNH,KDI10000,KDI20400,C,C,RING 2,
KDI20418,KDI,SULAMPAPUA,Konawe,Asinua,,KDI-UNH,KDI10000,KDI20400,C,C,RING 2,
KDI20419,KDI,SULAMPAPUA,Konawe,Besulutu,,KDI-UNH,KDI10000,KDI20400,C,C,RING 2,
KDI20420,KDI,SULAMPAPUA,Konawe,Kapoiala (Kapoyala),,KDI-UNH,KDI10000,KDI20400,C,C,RING 2,
KDI20421,KDI,SULAMPAPUA,Konawe,Konawe,,KDI-UNH,KDI10000,KDI20400,C,C,RING 2,
KDI20422,KDI,SULAMPAPUA,Konawe,Meluhu,,KDI-UNH,KDI10000,KDI20400,C,C,RING 2,
KDI20423,KDI,SULAMPAPUA,Konawe,Puriala,,KDI-UNH,KDI10000,KDI20400,C,D,RING 2,
KDI20424,KDI,SULAMPAPUA,Konawe,Routa,,KDI-UNH,KDI10000,KDI20400,C,D,RING 2,
KDI20425,KDI,SULAMPAPUA,Konawe,Sampara,,KDI-UNH,KDI10000,KDI20400,C,C,RING 2,
KDI20426,KDI,SULAMPAPUA,Konawe,Lalonggasumeeto,,KDI-UNH,KDI10000,KDI20400,C,C,RING 2,
KDI20427,KDI,SULAMPAPUA,Konawe,Onembute,,KDI-UNH,KDI10000,KDI20400,C,C,RING 2,
KDI20500,KDI,SULAMPAPUA,Kab. Bombana,Rumbia,CABANG,KDI-RBA,KDI10000,KDI20500,B,B,RING 2,
KDI20501,KDI,SULAMPAPUA,Bombana,Kabaena,,KDI-RBA,KDI10000,KDI20500,C,C,RING 2,
KDI20502,KDI,SULAMPAPUA,Bombana,Kabaena Timur,,KDI-RBA,KDI10000,KDI20500,C,D,RING 2,
KDI20503,KDI,SULAMPAPUA,Bombana,Poleang,,KDI-RBA,KDI10000,KDI20500,C,D,RING 2,
KDI20504,KDI,SULAMPAPUA,Bombana,Poleang Barat,,KDI-RBA,KDI10000,KDI20500,C,D,RING 2,
KDI20505,KDI,SULAMPAPUA,Bombana,Poleang Timur,,KDI-RBA,KDI10000,KDI20500,C,D,RING 2,
KDI20506,KDI,SULAMPAPUA,Bombana,Rarowatu,,KDI-RBA,KDI10000,KDI20500,C,C,RING 2,
KDI20507,KDI,SULAMPAPUA,Bombana,Kabaena Barat,,KDI-RBA,KDI10000,KDI20500,C,D,RING 2,
KDI20508,KDI,SULAMPAPUA,Bombana,Kabaena Selatan,,KDI-RBA,KDI10000,KDI20500,C,D,RING 2,
KDI20509,KDI,SULAMPAPUA,Bombana,Kabaena Tengah,,KDI-RBA,KDI10000,KDI20500,C,D,RING 2,
KDI20510,KDI,SULAMPAPUA,Bombana,Kabaena Utara,,KDI-RBA,KDI10000,KDI20500,C,D,RING 2,
KDI20511,KDI,SULAMPAPUA,Bombana,Kepulauan Masaloka Raya,,KDI-RBA,KDI10000,KDI20500,C,C,RING 2,
KDI20512,KDI,SULAMPAPUA,Bombana,Lentarai Jaya S. (Lantari Jaya),,KDI-RBA,KDI10000,KDI20500,C,C,RING 2,
KDI20513,KDI,SULAMPAPUA,Bombana,Mata Oleo,,KDI-RBA,KDI10000,KDI20500,C,C,RING 2,
KDI20514,KDI,SULAMPAPUA,Bombana,Mata Usu,,KDI-RBA,KDI10000,KDI20500,C,D,RING 2,
KDI20515,KDI,SULAMPAPUA,Bombana,Poleang Selatan,,KDI-RBA,KDI10000,KDI20500,C,D,RING 2,
KDI20516,KDI,SULAMPAPUA,Bombana,Poleang Tengah,,KDI-RBA,KDI10000,KDI20500,C,D,RING 2,
KDI20517,KDI,SULAMPAPUA,Bombana,Poleang Tenggara,,KDI-RBA,KDI10000,KDI20500,C,D,RING 2,
KDI20518,KDI,SULAMPAPUA,Bombana,Poleang Utara,,KDI-RBA,KDI10000,KDI20500,C,D,RING 2,
KDI20519,KDI,SULAMPAPUA,Bombana,Rarowatu Utara,,KDI-RBA,KDI10000,KDI20500,C,C,RING 2,
KDI20520,KDI,SULAMPAPUA,Bombana,Rumbia Tengah,,KDI-RBA,KDI10000,KDI20500,B,C,RING 2,
KDI20521,KDI,SULAMPAPUA,Bombana,Tontonunu (Tontonuwu),,KDI-RBA,KDI10000,KDI20500,C,C,RING 2,
KDI20600,KDI,SULAMPAPUA,Buton,Pasar Wajo,CABANG,KDI-PSO,KDI10000,KDI20600,B,C,RING 2,
KDI20601,KDI,SULAMPAPUA,Buton Selatan,Batauga,CABANG,KDI-BGA,KDI10000,KDI20601,C,C,RING 2,
KDI20602,KDI,SULAMPAPUA,Buton Selatan,Batu Atas,,KDI-BGA,KDI10000,KDI20601,D,D,RING 2,
KDI20603,KDI,SULAMPAPUA,Buton Tengah,Gu,CABANG,KDI-GUU,KDI10000,KDI20603,D,D,RING 2,
KDI20604,KDI,SULAMPAPUA,Buton Selatan,Kadatua,,KDI-BGA,KDI10000,KDI20601,D,D,RING 2,
KDI20605,KDI,SULAMPAPUA,Buton,Kapontori,,KDI-PSO,KDI10000,KDI20600,C,C,RING 2,
KDI20606,KDI,SULAMPAPUA,Buton Tengah,Lakudo,,KDI-GUU,KDI10000,KDI20603,C,D,RING 2,
KDI20607,KDI,SULAMPAPUA,Buton,Lasalimu,,KDI-PSO,KDI10000,KDI20600,D,D,RING 2,
KDI20608,KDI,SULAMPAPUA,Buton,Lasalimu Selatan,,KDI-PSO,KDI10000,KDI20600,D,D,RING 2,
KDI20609,KDI,SULAMPAPUA,Buton Tengah,Mawasangka,,KDI-GUU,KDI10000,KDI20603,D,D,RING 2,
KDI20610,KDI,SULAMPAPUA,Buton Tengah,Mawasangka Timur,,KDI-GUU,KDI10000,KDI20603,C,D,RING 2,
KDI20611,KDI,SULAMPAPUA,Buton Selatan,Sampolawa,,KDI-BGA,KDI10000,KDI20601,C,C,RING 2,
KDI20612,KDI,SULAMPAPUA,Buton Selatan,Siompu,,KDI-BGA,KDI10000,KDI20601,C,C,RING 2,
KDI20613,KDI,SULAMPAPUA,Buton Tengah,Talaga Raya,,KDI-GUU,KDI10000,KDI20603,D,D,RING 2,
KDI20614,KDI,SULAMPAPUA,Buranga,Buranga,,KDI-KAS,KDI10000,KDI20306,C,D,RING 2,
KDI20615,KDI,SULAMPAPUA,Buton Selatan,Lapandewa,,KDI-BGA,KDI10000,KDI20601,C,D,RING 2,
KDI20616,KDI,SULAMPAPUA,Buton Tengah,Mawasangka Tengah,,KDI-GUU,KDI10000,KDI20603,C,D,RING 2,
KDI20617,KDI,SULAMPAPUA,Buton Tengah,Sangia Wambulu,,KDI-GUU,KDI10000,KDI20603,C,D,RING 2,
KDI20618,KDI,SULAMPAPUA,Buton Selatan,Siompu Barat,,KDI-BGA,KDI10000,KDI20601,C,C,RING 2,
KDI20619,KDI,SULAMPAPUA,Buton,Siontapia (Siontapina),,KDI-PSO,KDI10000,KDI20600,C,C,RING 2,
KDI20620,KDI,SULAMPAPUA,Buton,Wabula,,KDI-PSO,KDI10000,KDI20600,C,C,RING 2,
KDI20621,KDI,SULAMPAPUA,Buton,Wolowa,,KDI-PSO,KDI10000,KDI20600,C,C,RING 2,
KDI20700,KDI,SULAMPAPUA,Kab. Kolaka Utara,Lasusua,CABANG,KDI-LSA,KDI10000,KDI20700,B,C,RING 2,
KDI20701,KDI,SULAMPAPUA,Kolaka Utara,Batu Putih,,KDI-LSA,KDI10000,KDI20700,D,D,RING 2,
KDI20702,KDI,SULAMPAPUA,Kolaka Utara,Kodeoha,,KDI-LSA,KDI10000,KDI20700,C,D,RING 2,
KDI20703,KDI,SULAMPAPUA,Kolaka Utara,Ngapa,,KDI-LSA,KDI10000,KDI20700,C,D,RING 2,
KDI20704,KDI,SULAMPAPUA,Kolaka Utara,Pakue,,KDI-LSA,KDI10000,KDI20700,C,D,RING 2,
KDI20705,KDI,SULAMPAPUA,Kolaka Utara,Rante Angin,,KDI-LSA,KDI10000,KDI20700,C,C,RING 2,
KDI20706,KDI,SULAMPAPUA,Kolaka Utara,Katoi,,KDI-LSA,KDI10000,KDI20700,C,C,RING 2,
KDI20707,KDI,SULAMPAPUA,Kolaka Utara,Lambai,,KDI-LSA,KDI10000,KDI20700,C,C,RING 2,
KDI20708,KDI,SULAMPAPUA,Kolaka Utara,Pakue Tengah,,KDI-LSA,KDI10000,KDI20700,C,D,RING 2,
KDI20709,KDI,SULAMPAPUA,Kolaka Utara,Pakue Utara,,KDI-LSA,KDI10000,KDI20700,C,D,RING 2,
KDI20710,KDI,SULAMPAPUA,Kolaka Utara,Porehu,,KDI-LSA,KDI10000,KDI20700,C,D,RING 2,
KDI20711,KDI,SULAMPAPUA,Kolaka Utara,Watunohu,,KDI-LSA,KDI10000,KDI20700,C,D,RING 2,
KDI20712,KDI,SULAMPAPUA,Kolaka Utara,Wawo,,KDI-LSA,KDI10000,KDI20700,C,D,RING 2,
KDI20713,KDI,SULAMPAPUA,Kolaka Utara,Tiwu,,KDI-LSA,KDI10000,KDI20700,C,D,RING 2,
KDI20714,KDI,SULAMPAPUA,Kolaka Utara,Tolala,,KDI-LSA,KDI10000,KDI20700,C,D,RING 2,
KDI20800,KDI,SULAMPAPUA,Kab. Konawe Utara/ Selatan,Andolo/Wanggodo,CABANG,KDI-WGO,KDI10000,KDI20800,B,B,RING 2,
KDI20801,KDI,SULAMPAPUA,Konawe Selatan,Angata,,KDI-WGO,KDI10000,KDI20800,C,C,RING 2,
KDI20802,KDI,SULAMPAPUA,Konawe Selatan,Kolono,,KDI-WGO,KDI10000,KDI20800,C,C,RING 2,
KDI20803,KDI,SULAMPAPUA,Konawe Selatan,Konda,,KDI-WGO,KDI10000,KDI20800,C,C,RING 2,
KDI20804,KDI,SULAMPAPUA,Konawe Selatan,Lainea,,KDI-WGO,KDI10000,KDI20800,C,C,RING 2,
KDI20805,KDI,SULAMPAPUA,Konawe Selatan,Landono,,KDI-WGO,KDI10000,KDI20800,C,C,RING 2,
KDI20806,KDI,SULAMPAPUA,Konawe Selatan,Laonti,,KDI-WGO,KDI10000,KDI20800,C,C,RING 2,
KDI20807,KDI,SULAMPAPUA,Konawe Selatan,Moramo,,KDI-WGO,KDI10000,KDI20800,C,C,RING 2,
KDI20808,KDI,SULAMPAPUA,Konawe Selatan,Palangga,,KDI-WGO,KDI10000,KDI20800,C,C,RING 2,
KDI20809,KDI,SULAMPAPUA,Konawe Selatan,Ranomeeto,,KDI-WGO,KDI10000,KDI20800,C,C,RING 2,
KDI20810,KDI,SULAMPAPUA,Konawe Selatan,Tinanggea,,KDI-WGO,KDI10000,KDI20800,C,C,RING 2,
KDI20811,KDI,SULAMPAPUA,Konawe Selatan,Baito,,KDI-WGO,KDI10000,KDI20800,C,C,RING 2,
KDI20812,KDI,SULAMPAPUA,Konawe Selatan,Basala,,KDI-WGO,KDI10000,KDI20800,C,C,RING 2,
KDI20813,KDI,SULAMPAPUA,Konawe Selatan,Benua,,KDI-WGO,KDI10000,KDI20800,C,C,RING 2,
KDI20814,KDI,SULAMPAPUA,Konawe Selatan,Buke,,KDI-WGO,KDI10000,KDI20800,C,C,RING 2,
KDI20815,KDI,SULAMPAPUA,Konawe Selatan,Laeya,,KDI-WGO,KDI10000,KDI20800,C,C,RING 2,
KDI20816,KDI,SULAMPAPUA,Konawe Selatan,Lalembuu,,KDI-WGO,KDI10000,KDI20800,C,C,RING 2,
KDI20817,KDI,SULAMPAPUA,Konawe Selatan,Moramo Utara,,KDI-WGO,KDI10000,KDI20800,C,C,RING 2,
KDI20818,KDI,SULAMPAPUA,Konawe Selatan,Mowila,,KDI-WGO,KDI10000,KDI20800,C,C,RING 2,
KDI20819,KDI,SULAMPAPUA,Konawe Selatan,Palangga Selatan,,KDI-WGO,KDI10000,KDI20800,C,C,RING 2,
KDI20820,KDI,SULAMPAPUA,Konawe Selatan,Ranomeeto Barat,,KDI-WGO,KDI10000,KDI20800,B,B,RING 2,
KDI20821,KDI,SULAMPAPUA,Konawe Selatan,Wolasi,,KDI-WGO,KDI10000,KDI20800,C,C,RING 2,
KDI20900,KDI,SULAMPAPUA,Kab. Wakatobi,Wangi-Wangi,CABANG,KDI-WGI,KDI10000,KDI20900,B,C,RING 2,
KDI20901,KDI,SULAMPAPUA,Wakatobi,Wangi-Wangi Selatan,,KDI-WGI,KDI10000,KDI20900,B,C,RING 2,
KDI20902,KDI,SULAMPAPUA,Wakatobi,Kaledupa,,KDI-WGI,KDI10000,KDI20900,C,D,RING 2,
KDI20903,KDI,SULAMPAPUA,Wakatobi,Tomia,,KDI-WGI,KDI10000,KDI20900,D,D,RING 2,
KDI20904,KDI,SULAMPAPUA,Wakatobi,Binongko,,KDI-WGI,KDI10000,KDI20900,D,D,RING 2,
KDI20905,KDI,SULAMPAPUA,Wakatobi,Kaledupa Selatan,,KDI-WGI,KDI10000,KDI20900,C,D,RING 2,
KDI20906,KDI,SULAMPAPUA,Wakatobi,Togo Binongko,,KDI-WGI,KDI10000,KDI20900,C,D,RING 2,
KDI20907,KDI,SULAMPAPUA,Wakatobi,Tomia Timur,,KDI-WGI,KDI10000,KDI20900,C,D,RING 2,
KDI21000,KDI,SULAMPAPUA,Kolaka Timur,Lalolae,,KDI-TAA,KDI10000,KDI20209,C,C,RING 2,
KDI21001,KDI,SULAMPAPUA,Kolaka Timur,Loea,,KDI-TAA,KDI10000,KDI20209,C,C,RING 2,
KDI21002,KDI,SULAMPAPUA,Kolaka Timur,Poli Polia,,KDI-TAA,KDI10000,KDI20209,C,C,RING 2,
KDI21003,KDI,SULAMPAPUA,Kolaka Timur,Tinondo,,KDI-TAA,KDI10000,KDI20209,C,C,RING 2,
KDI21004,KDI,SULAMPAPUA,Kolaka Timur,Aere,,KDI-TAA,KDI10000,KDI20209,C,C,RING 2,
KDI21005,KDI,SULAMPAPUA,Kolaka Timur,Dangia,,KDI-TAA,KDI10000,KDI20209,C,C,RING 2,
KDI21006,KDI,SULAMPAPUA,Kolaka Timur,Ueesi,,KDI-TAA,KDI10000,KDI20209,C,C,RING 2,
KDI21100,KDI,SULAMPAPUA,Konawe Utara,Langgikima,,KDI-ADW,KDI10000,KDI21104,C,D,RING 2,
KDI21101,KDI,SULAMPAPUA,Konawe Utara,Lembo,,KDI-ADW,KDI10000,KDI21104,C,C,RING 2,
KDI21102,KDI,SULAMPAPUA,Konawe Utara,Molawe,,KDI-ADW,KDI10000,KDI21104,C,D,RING 2,
KDI21103,KDI,SULAMPAPUA,Konawe Utara,Wiwirano,,KDI-ADW,KDI10000,KDI21104,C,D,RING 2,
KDI21104,KDI,SULAMPAPUA,Konawe Utara,Andowia,CABANG,KDI-ADW,KDI10000,KDI21104,C,C,RING 2,
KDI21105,KDI,SULAMPAPUA,Konawe Utara,Motui,,KDI-ADW,KDI10000,KDI21104,C,C,RING 2,
KDI21106,KDI,SULAMPAPUA,Konawe Utara,Oheo,,KDI-ADW,KDI10000,KDI21104,C,C,RING 2,
KDI21200,KDI,SULAMPAPUA,Konawe Kepulauan,Wawonii Barat,CABANG,KDI-WBR,KDI10000,KDI21200,C,C,RING 2,
KDI21201,KDI,SULAMPAPUA,Konawe Kepulauan,Wawonii Selatan,,KDI-WBR,KDI10000,KDI21200,C,C,RING 2,
KDI21202,KDI,SULAMPAPUA,Konawe Kepulauan,Wawonii Tengah,,KDI-WBR,KDI10000,KDI21200,C,C,RING 2,
KDI21203,KDI,SULAMPAPUA,Konawe Kepulauan,Wawonii Timur,,KDI-WBR,KDI10000,KDI21200,C,C,RING 2,
KDI21204,KDI,SULAMPAPUA,Konawe Kepulauan,Wawonii Utara,,KDI-WBR,KDI10000,KDI21200,C,C,RING 2,
KDI21205,KDI,SULAMPAPUA,Konawe Kepulauan,Wawonii Tenggara,,KDI-WBR,KDI10000,KDI21200,C,C,RING 2,
KDI21206,KDI,SULAMPAPUA,Konawe Kepulauan,Wawonii Timur Laut,,KDI-WBR,KDI10000,KDI21200,C,C,RING 2,
KDI21300,KDI,SULAMPAPUA,Buton Utara,Wakorumba Utara,,KDI-KAS,KDI10000,KDI20306,C,C,RING 2,
MDC10000,MDC,SULAMPAPUA,Kota Manado,Manado,CABANG UTAMA,MDC,MDC10000,MDC10000,A,A,RING 1,
MDC10021,MDC,SULAMPAPUA,Manado,Bunaken,,MDC,MDC10000,MDC10000,C,C,RING 2,
MDC10022,MDC,SULAMPAPUA,Manado,Malalayang,,MDC,MDC10000,MDC10000,A,A,RING 1,
MDC10023,MDC,SULAMPAPUA,Manado,Mapanget,,MDC,MDC10000,MDC10000,A,A,RING 1,
MDC10024,MDC,SULAMPAPUA,Manado,Sario,,MDC,MDC10000,MDC10000,A,A,RING 1,
MDC10025,MDC,SULAMPAPUA,Manado,Singkil,,MDC,MDC10000,MDC10000,A,A,RING 1,
MDC10026,MDC,SULAMPAPUA,Manado,Tikala,,MDC,MDC10000,MDC10000,A,A,RING 1,
MDC10027,MDC,SULAMPAPUA,Manado,Tuminiting,,MDC,MDC10000,MDC10000,A,A,RING 1,
MDC10028,MDC,SULAMPAPUA,Manado,Wanea,,MDC,MDC10000,MDC10000,A,A,RING 1,
MDC10029,MDC,SULAMPAPUA,Manado,Wenang,,MDC,MDC10000,MDC10000,A,A,RING 1,
MDC10030,MDC,SULAMPAPUA,Manado,Bunaken Kepulauan,,MDC,MDC10000,MDC10000,A,A,RING 2,
MDC10031,MDC,SULAMPAPUA,Manado,Paal Dua,,MDC,MDC10000,MDC10000,A,A,RING 1,
MDC20100,MDC,SULAMPAPUA,Kab. Bolaang Mongondow,Kotamobagu,CABANG,MDC-KTM,MDC10000,MDC20100,B,B,RING 2,
MDC20101,MDC,SULAMPAPUA,Bolaang Mongondow Utara,Bintauna,,MDC-KTM,MDC10000,MDC20100,C,C,RING 2,
MDC20102,MDC,SULAMPAPUA,Bolaang Mongondow,Bolaang,,MDC-KTM,MDC10000,MDC20100,C,C,RING 2,
MDC20103,MDC,SULAMPAPUA,BOLAANG ITANG,BOLAANG ITANG,,MDC-KTM,MDC10000,MDC20100,C,C,RING 2,
MDC20104,MDC,SULAMPAPUA,Bolaang Mongondow Selatan,Bolaang Uki,,MDC-KTM,MDC10000,MDC20100,C,C,RING 2,
MDC20106,MDC,SULAMPAPUA,Bolaang Mongondow Utara,Kaidipang,,MDC-KTM,MDC10000,MDC20100,C,C,RING 2,
MDC20107,MDC,SULAMPAPUA,Bolaang Mongondow Timur,Kotabunan,,MDC-KTM,MDC10000,MDC20100,C,C,RING 2,
MDC20108,MDC,SULAMPAPUA,Bolaang Mongondow,Lolayan,,MDC-KTM,MDC10000,MDC20100,C,C,RING 2,
MDC20109,MDC,SULAMPAPUA,Bolaang Mongondow,Lolak,,MDC-KTM,MDC10000,MDC20100,C,C,RING 2,
MDC20110,MDC,SULAMPAPUA,Bolaang Mongondow Timur,Modayag,,MDC-KTM,MDC10000,MDC20100,C,C,RING 2,
MDC20111,MDC,SULAMPAPUA,Passi,Passi,,MDC-KTM,MDC10000,MDC20100,C,C,RING 2,
MDC20112,MDC,SULAMPAPUA,Bolaang Mongondow Selatan,Pinolosian,,MDC-KTM,MDC10000,MDC20100,C,C,RING 2,
MDC20113,MDC,SULAMPAPUA,Bolaang Mongondow,Poigar,,MDC-KTM,MDC10000,MDC20100,C,C,RING 2,
MDC20114,MDC,SULAMPAPUA,Bolaang Mongondow,Sang Tombolang,,MDC-KTM,MDC10000,MDC20100,C,C,RING 2,
MDC20115,MDC,SULAMPAPUA,Bolaang Mongondow,Dumoga Barat,,MDC-KTM,MDC10000,MDC20100,C,C,RING 2,
MDC20116,MDC,SULAMPAPUA,Bolaang Mongondow,Dumoga Timur,,MDC-KTM,MDC10000,MDC20100,C,C,RING 2,
MDC20117,MDC,SULAMPAPUA,Bolaang Mongondow,Dumoga Utara,,MDC-KTM,MDC10000,MDC20100,C,C,RING 2,
MDC20118,MDC,SULAMPAPUA,Bolaang Mongondow Timur,Nuangan,,MDC-KTM,MDC10000,MDC20100,C,C,RING 2,
MDC20119,MDC,SULAMPAPUA,Bolaang Mongondow Utara,Pinogaluman,,MDC-KTM,MDC10000,MDC20100,C,C,RING 2,
MDC20120,MDC,SULAMPAPUA,Bolaang Mongondow Selatan,Posigadan,,MDC-KTM,MDC10000,MDC20100,C,C,RING 2,
MDC20121,MDC,SULAMPAPUA,Bolaang Mongondow,Bilalang,,MDC-KTM,MDC10000,MDC20100,C,C,RING 2,
MDC20122,MDC,SULAMPAPUA,Bolaang Mongondow,Bolaang Timur,,MDC-KTM,MDC10000,MDC20100,C,C,RING 2,
MDC20123,MDC,SULAMPAPUA,Bolaang Mongondow,Passi Barat,,MDC-KTM,MDC10000,MDC20100,C,C,RING 2,
MDC20124,MDC,SULAMPAPUA,Bolaang Mongondow,Passi Timur,,MDC-KTM,MDC10000,MDC20100,C,C,RING 2,
MDC20125,MDC,SULAMPAPUA,Bolaang Mongondow,Dumoga,,MDC-KTM,MDC10000,MDC20100,C,C,RING 2,
MDC20126,MDC,SULAMPAPUA,Bolaang Mongondow,Dumoga Tengah,,MDC-KTM,MDC10000,MDC20100,C,C,RING 2,
MDC20127,MDC,SULAMPAPUA,Bolaang Mongondow,Dumoga Tenggara,,MDC-KTM,MDC10000,MDC20100,C,C,RING 2,
MDC20200,MDC,SULAMPAPUA,Kab. Kepulauan Sangihe,Tahuna,CABANG,MDC-NAH,MDC10000,MDC20200,B,B,RING 2,
MDC20204,MDC,SULAMPAPUA,Kepulauan Sangihe,Kendahe,,MDC-NAH,MDC10000,MDC20200,C,C,RING 2,
MDC20206,MDC,SULAMPAPUA,Kepulauan Sangihe,Manganitu,,MDC-NAH,MDC10000,MDC20200,C,C,RING 2,
MDC20209,MDC,SULAMPAPUA,Kepulauan Siau Tagulandang Biaro (Sitaro),Siau Timur,,MDC-SBU,MDC10000,MDC21500,C,C,RING 2,
MDC20210,MDC,SULAMPAPUA,Kepulauan Siau Tagulandang Biaro (Sitaro),Siau Barat,,MDC-SBU,MDC10000,MDC21500,C,C,RING 2,
MDC20211,MDC,SULAMPAPUA,Kepulauan Sangihe,Tabukan Utara,,MDC-NAH,MDC10000,MDC20200,C,C,RING 2,
MDC20212,MDC,SULAMPAPUA,Kepulauan Sangihe,Tabukan Selatan,,MDC-NAH,MDC10000,MDC20200,C,C,RING 2,
MDC20213,MDC,SULAMPAPUA,Kepulauan Sangihe,Tabukan Tengah,,MDC-NAH,MDC10000,MDC20200,C,C,RING 2,
MDC20214,MDC,SULAMPAPUA,Kepulauan Siau Tagulandang Biaro (Sitaro),Tagulandang,,MDC-SBU,MDC10000,MDC21500,C,C,RING 2,
MDC20215,MDC,SULAMPAPUA,Kepulauan Sangihe,Tamako,,MDC-NAH,MDC10000,MDC20200,C,C,RING 2,
MDC20216,MDC,SULAMPAPUA,Kepulauan Siau Tagulandang Biaro (Sitaro),Biaro,,MDC-SBU,MDC10000,MDC21500,C,C,RING 2,
MDC20217,MDC,SULAMPAPUA,Kepulauan Sangihe,Manganitu Selatan,,MDC-NAH,MDC10000,MDC20200,C,C,RING 2,
MDC20218,MDC,SULAMPAPUA,Kepulauan Sangihe,Nusa Tabukan,,MDC-NAH,MDC10000,MDC20200,C,C,RING 2,
MDC20219,MDC,SULAMPAPUA,Kepulauan Siau Tagulandang Biaro (Sitaro),Siau Barat Selatan,,MDC-SBU,MDC10000,MDC21500,C,C,RING 2,
MDC20220,MDC,SULAMPAPUA,Kepulauan Siau Tagulandang Biaro (Sitaro),Siau Timur Selatan,,MDC-SBU,MDC10000,MDC21500,C,C,RING 2,
MDC20221,MDC,SULAMPAPUA,Kepulauan Siau Tagulandang Biaro (Sitaro),Tagulandang Utara,,MDC-SBU,MDC10000,MDC21500,C,C,RING 2,
MDC20222,MDC,SULAMPAPUA,Kepulauan Sangihe,Tatoareng,,MDC-NAH,MDC10000,MDC20200,C,C,RING 2,
MDC20223,MDC,SULAMPAPUA,Kepulauan Sangihe,Tabukan Selatan Tengah,,MDC-NAH,MDC10000,MDC20200,C,C,RING 2,
MDC20224,MDC,SULAMPAPUA,Kepulauan Sangihe,Tabukan Selatan Tenggara,,MDC-NAH,MDC10000,MDC20200,C,C,RING 2,
MDC20225,MDC,SULAMPAPUA,Kepulauan Sangihe,Tahuna Barat,,MDC-NAH,MDC10000,MDC20200,C,C,RING 2,
MDC20226,MDC,SULAMPAPUA,Kepulauan Sangihe,Tahuna Timur,,MDC-NAH,MDC10000,MDC20200,C,C,RING 2,
MDC20227,MDC,SULAMPAPUA,Kepulauan Sangihe,Kepulauan Marore,,MDC-NAH,MDC10000,MDC20200,C,C,RING 2,
MDC20300,MDC,SULAMPAPUA,Kab. Minahasa,Tondano,CABANG,MDC-TDO,MDC10000,MDC20300,B,B,RING 2,
MDC20302,MDC,SULAMPAPUA,Minahasa,Eris,,MDC-TDO,MDC10000,MDC20300,C,C,RING 2,
MDC20303,MDC,SULAMPAPUA,Minahasa,Kakas,,MDC-TDO,MDC10000,MDC20300,C,C,RING 2,
MDC20304,MDC,SULAMPAPUA,Minahasa,Kawangkoan,,MDC-TDO,MDC10000,MDC20300,C,C,RING 2,
MDC20305,MDC,SULAMPAPUA,Minahasa,Kombi,,MDC-TDO,MDC10000,MDC20300,C,C,RING 2,
MDC20308,MDC,SULAMPAPUA,Minahasa,Remboken,,MDC-TDO,MDC10000,MDC20300,C,C,RING 2,
MDC20309,MDC,SULAMPAPUA,Minahasa,Sonder,,MDC-TDO,MDC10000,MDC20300,C,C,RING 2,
MDC20311,MDC,SULAMPAPUA,Minahasa,Tompaso,,MDC-TDO,MDC10000,MDC20300,C,C,RING 2,
MDC20313,MDC,SULAMPAPUA,Minahasa,Langowan Barat,,MDC-TDO,MDC10000,MDC20300,C,C,RING 2,
MDC20314,MDC,SULAMPAPUA,Minahasa,Langowan Selatan,,MDC-TDO,MDC10000,MDC20300,C,C,RING 2,
MDC20315,MDC,SULAMPAPUA,Minahasa,Langowan Timur,,MDC-TDO,MDC10000,MDC20300,C,C,RING 2,
MDC20316,MDC,SULAMPAPUA,Minahasa,Lembean Timur,,MDC-TDO,MDC10000,MDC20300,C,C,RING 2,
MDC20317,MDC,SULAMPAPUA,Minahasa,Pineleng,,MDC-TDO,MDC10000,MDC20300,C,C,RING 2,
MDC20318,MDC,SULAMPAPUA,Minahasa,Tombariri,,MDC-TDO,MDC10000,MDC20300,C,C,RING 2,
MDC20319,MDC,SULAMPAPUA,Minahasa,Tombulu,,MDC-TDO,MDC10000,MDC20300,C,C,RING 2,
MDC20320,MDC,SULAMPAPUA,Minahasa,Tondano Barat,,MDC-TDO,MDC10000,MDC20300,C,C,RING 2,
MDC20321,MDC,SULAMPAPUA,Minahasa,Tondano Selatan,,MDC-TDO,MDC10000,MDC20300,C,C,RING 2,
MDC20322,MDC,SULAMPAPUA,Minahasa,Tondano Timur,,MDC-TDO,MDC10000,MDC20300,C,C,RING 2,
MDC20323,MDC,SULAMPAPUA,Minahasa,Tondano Utara,,MDC-TDO,MDC10000,MDC20300,C,C,RING 2,
MDC20324,MDC,SULAMPAPUA,Minahasa,Langowan Utara,,MDC-TDO,MDC10000,MDC20300,C,C,RING 2,
MDC20325,MDC,SULAMPAPUA,Minahasa,Kakas Barat,,MDC-TDO,MDC10000,MDC20300,C,C,RING 2,
MDC20326,MDC,SULAMPAPUA,Minahasa,Kawangkoan Barat,,MDC-TDO,MDC10000,MDC20300,C,C,RING 2,
MDC20327,MDC,SULAMPAPUA,Minahasa,Kawangkoan Utara,,MDC-TDO,MDC10000,MDC20300,C,C,RING 2,
MDC20328,MDC,SULAMPAPUA,Minahasa,Mandolang,,MDC-TDO,MDC10000,MDC20300,C,C,RING 2,
MDC20329,MDC,SULAMPAPUA,Minahasa,Tombariri Timur,,MDC-TDO,MDC10000,MDC20300,C,C,RING 2,
MDC20330,MDC,SULAMPAPUA,Minahasa,Tompaso Barat,,MDC-TDO,MDC10000,MDC20300,C,C,RING 2,
MDC20400,MDC,SULAMPAPUA,Bitung,Bitung,,MDC,MDC10000,MDC10000,B,B,RING 2,
MDC20401,MDC,SULAMPAPUA,Bitung,Matuari (Bitung Barat),,MDC,MDC10000,MDC10000,C,C,RING 2,
MDC20402,MDC,SULAMPAPUA,Bitung,Lembeh Selatan (Bitung Selatan),,MDC,MDC10000,MDC10000,C,C,RING 2,
MDC20403,MDC,SULAMPAPUA,Bitung,Madidir (Bitung Tengah),,MDC,MDC10000,MDC10000,C,C,RING 2,
MDC20404,MDC,SULAMPAPUA,Bitung,Aertembaga (Bitung Timur),,MDC,MDC10000,MDC10000,C,C,RING 2,
MDC20405,MDC,SULAMPAPUA,Bitung,Ranowulu (Bitung Utara),,MDC,MDC10000,MDC10000,C,C,RING 2,
MDC20406,MDC,SULAMPAPUA,Bitung,Lembeh Utara,,MDC,MDC10000,MDC10000,C,C,RING 2,
MDC20407,MDC,SULAMPAPUA,Bitung,Maesa,,MDC,MDC10000,MDC10000,C,C,RING 2,
MDC20408,MDC,SULAMPAPUA,Bitung,Girian,,MDC,MDC10000,MDC10000,B,B,RING 2,
MDC20600,MDC,SULAMPAPUA,Boroko,Boroko,,MDC-KTM,MDC10000,MDC20100,D,D,RING 2,
MDC20601,MDC,SULAMPAPUA,Bintauna,Bintauna,,MDC-KTM,MDC10000,MDC20100,C,C,RING 2,
MDC20602,MDC,SULAMPAPUA,Bolaang Mongondow Utara,Bolang Itang Barat,,MDC-KTM,MDC10000,MDC20100,C,C,RING 2,
MDC20603,MDC,SULAMPAPUA,Bolaang Mongondow Utara,Bolang Itang Timur,,MDC-KTM,MDC10000,MDC20100,C,C,RING 2,
MDC20604,MDC,SULAMPAPUA,Kaidipang,Kaidipang,,MDC-KTM,MDC10000,MDC20100,C,C,RING 2,
MDC20605,MDC,SULAMPAPUA,Pinogaluman,Pinogaluman,,MDC-KTM,MDC10000,MDC20100,C,C,RING 2,
MDC20606,MDC,SULAMPAPUA,Bolaang Mongondow Utara,Sangkub,,MDC-KTM,MDC10000,MDC20100,C,C,RING 2,
MDC20700,MDC,SULAMPAPUA,Kepulauan Talaud,Melonguane,CABANG,MDC-MLO,MDC10000,MDC20700,C,C,RING 2,
MDC20701,MDC,SULAMPAPUA,Kepulauan Talaud,Beo,,MDC-MLO,MDC10000,MDC20700,C,C,RING 2,
MDC20702,MDC,SULAMPAPUA,Kepulauan Talaud,Essang,,MDC-MLO,MDC10000,MDC20700,C,C,RING 2,
MDC20703,MDC,SULAMPAPUA,Kepulauan Talaud,Gemeh,,MDC-MLO,MDC10000,MDC20700,C,C,RING 2,
MDC20704,MDC,SULAMPAPUA,Kepulauan Talaud,Kabaruan,,MDC-MLO,MDC10000,MDC20700,C,C,RING 2,
MDC20705,MDC,SULAMPAPUA,Kepulauan Talaud,Lirung,,MDC-MLO,MDC10000,MDC20700,C,C,RING 2,
MDC20707,MDC,SULAMPAPUA,Kepulauan Talaud,Nanusa,,MDC-MLO,MDC10000,MDC20700,C,C,RING 2,
MDC20708,MDC,SULAMPAPUA,Kepulauan Talaud,Rainis,,MDC-MLO,MDC10000,MDC20700,C,C,RING 2,
MDC20709,MDC,SULAMPAPUA,Kepulauan Talaud,Beo Selatan,,MDC-MLO,MDC10000,MDC20700,C,C,RING 2,
MDC20710,MDC,SULAMPAPUA,Kepulauan Talaud,Beo Utara,,MDC-MLO,MDC10000,MDC20700,C,C,RING 2,
MDC20711,MDC,SULAMPAPUA,Kepulauan Talaud,Damao (Damau),,MDC-MLO,MDC10000,MDC20700,C,C,RING 2,
MDC20712,MDC,SULAMPAPUA,Kepulauan Talaud,Essang Selatan,,MDC-MLO,MDC10000,MDC20700,C,C,RING 2,
MDC20713,MDC,SULAMPAPUA,Kepulauan Talaud,Kalongan,,MDC-MLO,MDC10000,MDC20700,C,C,RING 2,
MDC20714,MDC,SULAMPAPUA,Kepulauan Talaud,Melonguane Timur,,MDC-MLO,MDC10000,MDC20700,C,C,RING 2,
MDC20715,MDC,SULAMPAPUA,Kepulauan Talaud,Miangas,,MDC-MLO,MDC10000,MDC20700,C,C,RING 2,
MDC20716,MDC,SULAMPAPUA,Kepulauan Talaud,Moronge,,MDC-MLO,MDC10000,MDC20700,C,C,RING 2,
MDC20717,MDC,SULAMPAPUA,Kepulauan Talaud,Pulutan,,MDC-MLO,MDC10000,MDC20700,C,C,RING 2,
MDC20718,MDC,SULAMPAPUA,Kepulauan Talaud,Tampan Amma,,MDC-MLO,MDC10000,MDC20700,C,C,RING 2,
MDC20719,MDC,SULAMPAPUA,Kepulauan Talaud,Salibabu,,MDC-MLO,MDC10000,MDC20700,C,C,RING 2,
MDC20800,MDC,SULAMPAPUA,Kab. Minahasa Utara,Airmadidi,CABANG,MDC-AMD,MDC10000,MDC20800,B,B,RING 2,
MDC20801,MDC,SULAMPAPUA,Minahasa Utara,Dimembe,,MDC-AMD,MDC10000,MDC20800,C,C,RING 2,
MDC20802,MDC,SULAMPAPUA,Minahasa Utara,Kalawat,,MDC-AMD,MDC10000,MDC20800,C,C,RING 2,
MDC20803,MDC,SULAMPAPUA,Minahasa Utara,Kauditan,,MDC-AMD,MDC10000,MDC20800,C,C,RING 2,
MDC20804,MDC,SULAMPAPUA,Minahasa Utara,Kema,,MDC-AMD,MDC10000,MDC20800,C,C,RING 2,
MDC20805,MDC,SULAMPAPUA,Minahasa Utara,Likupang Barat,,MDC-AMD,MDC10000,MDC20800,C,C,RING 2,
MDC20806,MDC,SULAMPAPUA,Minahasa Utara,Likupang Timur,,MDC-AMD,MDC10000,MDC20800,C,C,RING 2,
MDC20807,MDC,SULAMPAPUA,Minahasa Utara,Wori,,MDC-AMD,MDC10000,MDC20800,C,C,RING 2,
MDC20808,MDC,SULAMPAPUA,Minahasa Utara,Likupang Selatan,,MDC-AMD,MDC10000,MDC20800,C,C,RING 2,
MDC20809,MDC,SULAMPAPUA,Minahasa Utara,Talawaan,,MDC-AMD,MDC10000,MDC20800,C,C,RING 2,
MDC20900,MDC,SULAMPAPUA,Minahasa Selatan,Amurang,CABANG,MDC-AMU,MDC10000,MDC20900,B,B,RING 2,
MDC20901,MDC,SULAMPAPUA,Minahasa Selatan,Modoinding,,MDC-AMU,MDC10000,MDC20900,C,C,RING 2,
MDC20902,MDC,SULAMPAPUA,Minahasa Selatan,Motoling,,MDC-AMU,MDC10000,MDC20900,C,C,RING 2,
MDC20903,MDC,SULAMPAPUA,Minahasa Selatan,Ranoyapo,,MDC-AMU,MDC10000,MDC20900,C,C,RING 2,
MDC20904,MDC,SULAMPAPUA,Minahasa Selatan,Sinonsayang,,MDC-AMU,MDC10000,MDC20900,C,C,RING 2,
MDC20905,MDC,SULAMPAPUA,Minahasa Selatan,Tareran,,MDC-AMU,MDC10000,MDC20900,C,C,RING 2,
MDC20906,MDC,SULAMPAPUA,Minahasa Selatan,Tenga,,MDC-AMU,MDC10000,MDC20900,C,C,RING 2,
MDC20907,MDC,SULAMPAPUA,Tombasian,Tombasian,,MDC-AMU,MDC10000,MDC20900,C,C,RING 2,
MDC20908,MDC,SULAMPAPUA,Minahasa Selatan,Tompaso Baru,,MDC-AMU,MDC10000,MDC20900,C,C,RING 2,
MDC20909,MDC,SULAMPAPUA,Minahasa Selatan,Tumpaan,,MDC-AMU,MDC10000,MDC20900,C,C,RING 2,
MDC20910,MDC,SULAMPAPUA,Minahasa Selatan,Kumelembuai,,MDC-AMU,MDC10000,MDC20900,C,C,RING 2,
MDC20911,MDC,SULAMPAPUA,Minahasa Selatan,Maesaan,,MDC-AMU,MDC10000,MDC20900,C,C,RING 2,
MDC20912,MDC,SULAMPAPUA,Minahasa Selatan,Motoling Barat,,MDC-AMU,MDC10000,MDC20900,C,C,RING 2,
MDC20913,MDC,SULAMPAPUA,Minahasa Selatan,Motoling Timur,,MDC-AMU,MDC10000,MDC20900,C,C,RING 2,
MDC20914,MDC,SULAMPAPUA,Minahasa Selatan,Suluun Tareran,,MDC-AMU,MDC10000,MDC20900,C,C,RING 2,
MDC20915,MDC,SULAMPAPUA,Minahasa Selatan,Tatapaan,,MDC-AMU,MDC10000,MDC20900,C,C,RING 2,
MDC20916,MDC,SULAMPAPUA,Minahasa Selatan,Amurang Barat,,MDC-AMU,MDC10000,MDC20900,C,C,RING 2,
MDC20917,MDC,SULAMPAPUA,Minahasa Selatan,Amurang Timur,,MDC-AMU,MDC10000,MDC20900,C,C,RING 2,
MDC21000,MDC,SULAMPAPUA,Minahasa Tenggara,Ratahan,CABANG,MDC-RTH,MDC10000,MDC21000,B,B,RING 2,
MDC21001,MDC,SULAMPAPUA,Minahasa Tenggara,Belang,,MDC-RTH,MDC10000,MDC21000,C,C,RING 2,
MDC21002,MDC,SULAMPAPUA,Minahasa Tenggara,Tombatu,,MDC-RTH,MDC10000,MDC21000,C,C,RING 2,
MDC21003,MDC,SULAMPAPUA,Minahasa Tenggara,Touluaan,,MDC-RTH,MDC10000,MDC21000,C,C,RING 2,
MDC21004,MDC,SULAMPAPUA,Minahasa Tenggara,Ratatotok,,MDC-RTH,MDC10000,MDC21000,C,C,RING 2,
MDC21005,MDC,SULAMPAPUA,Minahasa Tenggara,Pusomaen,,MDC-RTH,MDC10000,MDC21000,C,C,RING 2,
MDC21006,MDC,SULAMPAPUA,Minahasa Tenggara,Pasan,,MDC-RTH,MDC10000,MDC21000,C,C,RING 2,
MDC21007,MDC,SULAMPAPUA,Minahasa Tenggara,Ratahan Timur,,MDC-RTH,MDC10000,MDC21000,C,C,RING 2,
MDC21008,MDC,SULAMPAPUA,Minahasa Tenggara,Silian Raya,,MDC-RTH,MDC10000,MDC21000,C,C,RING 2,
MDC21009,MDC,SULAMPAPUA,Minahasa Tenggara,Tombatu Timur,,MDC-RTH,MDC10000,MDC21000,C,C,RING 2,
MDC21010,MDC,SULAMPAPUA,Minahasa Tenggara,Tombatu Utara,,MDC-RTH,MDC10000,MDC21000,C,C,RING 2,
MDC21011,MDC,SULAMPAPUA,Minahasa Tenggara,Touluaan Selatan,,MDC-RTH,MDC10000,MDC21000,C,C,RING 2,
MDC21100,MDC,SULAMPAPUA,Kota Tomohon,Tomohon,CABANG,MDC-TOM,MDC10000,MDC21100,B,B,RING 2,
MDC21101,MDC,SULAMPAPUA,Tomohon,Tomohon Barat,,MDC-TOM,MDC10000,MDC21100,C,C,RING 2,
MDC21102,MDC,SULAMPAPUA,Tomohon,Tomohon Selatan,,MDC-TOM,MDC10000,MDC21100,C,C,RING 2,
MDC21103,MDC,SULAMPAPUA,Tomohon,Tomohon Tengah,,MDC-TOM,MDC10000,MDC21100,C,C,RING 2,
MDC21104,MDC,SULAMPAPUA,Tomohon,Tomohon Timur,,MDC-TOM,MDC10000,MDC21100,C,C,RING 2,
MDC21105,MDC,SULAMPAPUA,Tomohon,Tomohon Utara,,MDC-TOM,MDC10000,MDC21100,C,C,RING 2,
MDC21200,MDC,SULAMPAPUA,Bolaang Mongondow Timur,Modayag Barat,,MDC-KTM,MDC10000,MDC20100,C,C,RING 2,
MDC21201,MDC,SULAMPAPUA,Bolaang Mongondow Timur,Tutuyan,,MDC-KTM,MDC10000,MDC20100,C,C,RING 2,
MDC21300,MDC,SULAMPAPUA,Bolaang Mongondow Selatan,Pinolosian Tengah,,MDC-KTM,MDC10000,MDC20100,C,C,RING 2,
MDC21301,MDC,SULAMPAPUA,Bolaang Mongondow Selatan,Pinolosian Timur,,MDC-KTM,MDC10000,MDC20100,C,C,RING 2,
MDC21400,MDC,SULAMPAPUA,Kotamobagu,Kotamobagu Barat,,MDC-KTM,MDC10000,MDC20100,B,B,RING 2,
MDC21401,MDC,SULAMPAPUA,Kotamobagu,Kotamobagu Selatan,,MDC-KTM,MDC10000,MDC20100,B,B,RING 2,
MDC21402,MDC,SULAMPAPUA,Kotamobagu,Kotamobagu Timur,,MDC-KTM,MDC10000,MDC20100,B,B,RING 2,
MDC21403,MDC,SULAMPAPUA,Kotamobagu,Kotamobagu Utara,,MDC-KTM,MDC10000,MDC20100,B,B,RING 2,
MDC21500,MDC,SULAMPAPUA,Kepulauan Siau Tagulandang Biaro (Sitaro),Siau Barat Utara,CABANG,MDC-SBU,MDC10000,MDC21500,C,C,RING 2,
MDC21501,MDC,SULAMPAPUA,Kepulauan Siau Tagulandang Biaro (Sitaro),Siau Tengah,,MDC-SBU,MDC10000,MDC21500,C,C,RING 2,
MDC21502,MDC,SULAMPAPUA,Kepulauan Siau Tagulandang Biaro (Sitaro),Tagulandang Selatan,,MDC-SBU,MDC10000,MDC21500,C,C,RING 2,
MKQ10000,MKQ,SULAMPAPUA,Kab. Merauke,Merauke,CABANG UTAMA,MKQ,MKQ10000,MKQ10000,B,A,RING 1,
MKQ10001,MKQ,SULAMPAPUA,Merauke,Jagebob,,MKQ,MKQ10000,MKQ10000,B,C,RING 2,
MKQ10002,MKQ,SULAMPAPUA,Merauke,Kurik,,MKQ,MKQ10000,MKQ10000,B,B,RING 2,
MKQ10003,MKQ,SULAMPAPUA,Merauke,Semangga,,MKQ,MKQ10000,MKQ10000,B,B,RING 2,
MKQ10004,MKQ,SULAMPAPUA,Merauke,Sota,,MKQ,MKQ10000,MKQ10000,B,C,RING 2,
MKQ10005,MKQ,SULAMPAPUA,Merauke,Tanah Miring,,MKQ,MKQ10000,MKQ10000,B,B,RING 2,
MKQ20000,MKQ,SULAMPAPUA,Merauke,Animha,,MKQ,MKQ10000,MKQ10000,B,D,RING 2,
MKQ20001,MKQ,SULAMPAPUA,Merauke,Ilyawab,,MKQ,MKQ10000,MKQ10000,B,D,RING 2,
MKQ20002,MKQ,SULAMPAPUA,Merauke,Kaptel,,MKQ,MKQ10000,MKQ10000,B,D,RING 2,
MKQ20003,MKQ,SULAMPAPUA,Merauke,Malind,,MKQ,MKQ10000,MKQ10000,B,D,RING 2,
MKQ20004,MKQ,SULAMPAPUA,Merauke,Naukenjerai,,MKQ,MKQ10000,MKQ10000,B,D,RING 2,
MKQ20005,MKQ,SULAMPAPUA,Merauke,Ngguti,,MKQ,MKQ10000,MKQ10000,B,D,RING 2,
MKQ20006,MKQ,SULAMPAPUA,Merauke,Tabonji,,MKQ,MKQ10000,MKQ10000,B,D,RING 2,
MKQ20007,MKQ,SULAMPAPUA,Merauke,Tubang,,MKQ,MKQ10000,MKQ10000,B,D,RING 2,
MKQ20008,MKQ,SULAMPAPUA,Merauke,Waan,,MKQ,MKQ10000,MKQ10000,B,D,RING 2,
MKQ20009,MKQ,SULAMPAPUA,Merauke,Kimaam,,MKQ,MKQ10000,MKQ10000,C,D,RING 2,
MKQ20010,MKQ,SULAMPAPUA,Merauke,Muting,,MKQ,MKQ10000,MKQ10000,C,C,RING 2,
MKQ20011,MKQ,SULAMPAPUA,Merauke,Okaba,,MKQ,MKQ10000,MKQ10000,C,D,RING 2,
MKQ20012,MKQ,SULAMPAPUA,Merauke,Ulilin,,MKQ,MKQ10000,MKQ10000,C,C,RING 2,
MKQ20013,MKQ,SULAMPAPUA,Merauke,Elikobal,,MKQ,MKQ10000,MKQ10000,C,C,RING 2,
MKQ20100,MKQ,SULAMPAPUA,Tanah Merah/ Boven Digoel,Tanah Merah/ Boven Digoel,,MKQ,MKQ10000,MKQ10000,B,B,RING 2,
MKQ20101,MKQ,SULAMPAPUA,Boven Digoel ,Jair,,MKQ,MKQ10000,MKQ10000,B,B,RING 2,
MKQ20102,MKQ,SULAMPAPUA,Boven Digoel ,Mandobo,,MKQ,MKQ10000,MKQ10000,B,B,RING 2,
MKQ20103,MKQ,SULAMPAPUA,Boven Digoel ,Bomakia,,MKQ,MKQ10000,MKQ10000,C,D,RING 2,
MKQ20104,MKQ,SULAMPAPUA,Boven Digoel ,Kouh,,MKQ,MKQ10000,MKQ10000,C,D,RING 2,
MKQ20105,MKQ,SULAMPAPUA,Boven Digoel ,Mindiptana,,MKQ,MKQ10000,MKQ10000,C,D,RING 2,
MKQ20106,MKQ,SULAMPAPUA,Boven Digoel ,Waropko,,MKQ,MKQ10000,MKQ10000,C,D,RING 2,
MKQ20107,MKQ,SULAMPAPUA,Boven Digoel ,Ambatkwi (Ambatkui),,MKQ,MKQ10000,MKQ10000,C,D,RING 2,
MKQ20108,MKQ,SULAMPAPUA,Boven Digoel ,Arimop,,MKQ,MKQ10000,MKQ10000,C,C,RING 2,
MKQ20109,MKQ,SULAMPAPUA,Boven Digoel ,Firiwage,,MKQ,MKQ10000,MKQ10000,C,D,RING 2,
MKQ20110,MKQ,SULAMPAPUA,Boven Digoel ,Fofi,,MKQ,MKQ10000,MKQ10000,C,D,RING 2,
MKQ20111,MKQ,SULAMPAPUA,Boven Digoel ,Iniyandit,,MKQ,MKQ10000,MKQ10000,C,D,RING 2,
MKQ20112,MKQ,SULAMPAPUA,Boven Digoel ,Kombut,,MKQ,MKQ10000,MKQ10000,C,D,RING 2,
MKQ20113,MKQ,SULAMPAPUA,Boven Digoel ,Manggelum,,MKQ,MKQ10000,MKQ10000,C,D,RING 2,
MKQ20114,MKQ,SULAMPAPUA,Boven Digoel ,Subur,,MKQ,MKQ10000,MKQ10000,C,D,RING 2,
MKQ20115,MKQ,SULAMPAPUA,Boven Digoel ,Yaniruma,,MKQ,MKQ10000,MKQ10000,C,D,RING 2,
MKQ20116,MKQ,SULAMPAPUA,Boven Digoel ,Kawagit,,MKQ,MKQ10000,MKQ10000,C,D,RING 2,
MKQ20117,MKQ,SULAMPAPUA,Boven Digoel ,Ki,,MKQ,MKQ10000,MKQ10000,C,D,RING 2,
MKQ20118,MKQ,SULAMPAPUA,Boven Digoel ,Kombay,,MKQ,MKQ10000,MKQ10000,C,D,RING 2,
MKQ20119,MKQ,SULAMPAPUA,Boven Digoel ,Ninati,,MKQ,MKQ10000,MKQ10000,C,D,RING 2,
MKQ20120,MKQ,SULAMPAPUA,Boven Digoel ,Sesnuk,,MKQ,MKQ10000,MKQ10000,C,D,RING 2,
MKQ20200,MKQ,SULAMPAPUA,Kepi,Kepi,,MKQ,MKQ10000,MKQ10000,B,D,RING 2,
MKQ20201,MKQ,SULAMPAPUA,Mappi,Obaa,,MKQ,MKQ10000,MKQ10000,B,D,RING 2,
MKQ20202,MKQ,SULAMPAPUA,Mappi,Bamgi,,MKQ,MKQ10000,MKQ10000,B,D,RING 2,
MKQ20203,MKQ,SULAMPAPUA,Mappi,Kaibar,,MKQ,MKQ10000,MKQ10000,B,D,RING 2,
MKQ20204,MKQ,SULAMPAPUA,Mappi,Minyamur,,MKQ,MKQ10000,MKQ10000,B,D,RING 2,
MKQ20205,MKQ,SULAMPAPUA,Mappi,Passue,,MKQ,MKQ10000,MKQ10000,B,D,RING 2,
MKQ20206,MKQ,SULAMPAPUA,Mappi,Passue Bawah,,MKQ,MKQ10000,MKQ10000,B,D,RING 2,
MKQ20207,MKQ,SULAMPAPUA,Mappi,Syahcame,,MKQ,MKQ10000,MKQ10000,B,D,RING 2,
MKQ20208,MKQ,SULAMPAPUA,Mappi,Ti Zain,,MKQ,MKQ10000,MKQ10000,B,D,RING 2,
MKQ20209,MKQ,SULAMPAPUA,Mappi,Venaha,,MKQ,MKQ10000,MKQ10000,B,D,RING 2,
MKQ20210,MKQ,SULAMPAPUA,Mappi,Yakomi,,MKQ,MKQ10000,MKQ10000,B,D,RING 2,
MKQ20211,MKQ,SULAMPAPUA,Mappi,Assue,,MKQ,MKQ10000,MKQ10000,C,D,RING 2,
MKQ20212,MKQ,SULAMPAPUA,Mappi,Citakmitak,,MKQ,MKQ10000,MKQ10000,C,D,RING 2,
MKQ20213,MKQ,SULAMPAPUA,Mappi,Edera,,MKQ,MKQ10000,MKQ10000,C,D,RING 2,
MKQ20214,MKQ,SULAMPAPUA,Mappi,Haju,,MKQ,MKQ10000,MKQ10000,C,D,RING 2,
MKQ20215,MKQ,SULAMPAPUA,Mappi,Nambioman Bapai (Mambioman),,MKQ,MKQ10000,MKQ10000,C,D,RING 2,
MKQ20300,MKQ,SULAMPAPUA,Asmat ,Agats,,MKQ,MKQ10000,MKQ10000,C,D,RING 2,
MKQ20301,MKQ,SULAMPAPUA,Asmat ,Akat,,MKQ,MKQ10000,MKQ10000,C,D,RING 2,
MKQ20302,MKQ,SULAMPAPUA,Asmat ,Atsy / Atsj,,MKQ,MKQ10000,MKQ10000,C,D,RING 2,
MKQ20303,MKQ,SULAMPAPUA,Asmat ,Fayit,,MKQ,MKQ10000,MKQ10000,C,D,RING 2,
MKQ20304,MKQ,SULAMPAPUA,Asmat ,Pantai Kasuari,,MKQ,MKQ10000,MKQ10000,C,D,RING 2,
MKQ20305,MKQ,SULAMPAPUA,Asmat ,Sawa Erma,,MKQ,MKQ10000,MKQ10000,C,D,RING 2,
MKQ20306,MKQ,SULAMPAPUA,Asmat ,Suator,,MKQ,MKQ10000,MKQ10000,C,D,RING 2,
MKQ20307,MKQ,SULAMPAPUA,Asmat ,Ayip,,MKQ,MKQ10000,MKQ10000,C,D,RING 2,
MKQ20308,MKQ,SULAMPAPUA,Asmat ,Betcbamu,,MKQ,MKQ10000,MKQ10000,C,D,RING 2,
MKQ20309,MKQ,SULAMPAPUA,Asmat ,Der Koumur,,MKQ,MKQ10000,MKQ10000,C,D,RING 2,
MKQ20310,MKQ,SULAMPAPUA,Asmat ,Jetsy,,MKQ,MKQ10000,MKQ10000,C,D,RING 2,
MKQ20311,MKQ,SULAMPAPUA,Asmat ,Joerat,,MKQ,MKQ10000,MKQ10000,C,D,RING 2,
MKQ20312,MKQ,SULAMPAPUA,Asmat ,Kolf Braza,,MKQ,MKQ10000,MKQ10000,C,D,RING 2,
MKQ20313,MKQ,SULAMPAPUA,Asmat ,Kopay,,MKQ,MKQ10000,MKQ10000,C,D,RING 2,
MKQ20314,MKQ,SULAMPAPUA,Asmat ,Pulau Tiga,,MKQ,MKQ10000,MKQ10000,C,D,RING 2,
MKQ20315,MKQ,SULAMPAPUA,Asmat ,Safan,,MKQ,MKQ10000,MKQ10000,C,D,RING 2,
MKQ20316,MKQ,SULAMPAPUA,Asmat ,Sirets,,MKQ,MKQ10000,MKQ10000,C,D,RING 2,
MKQ20317,MKQ,SULAMPAPUA,Asmat ,Suru-suru,,MKQ,MKQ10000,MKQ10000,C,D,RING 2,
MKQ20318,MKQ,SULAMPAPUA,Asmat ,Unir Sirau,,MKQ,MKQ10000,MKQ10000,C,D,RING 2,
PLW10000,PLW,SULAMPAPUA,Kota Palu,Palu,CABANG UTAMA,PLW,PLW10000,PLW10000,A,A,RING 1,
PLW10017,PLW,SULAMPAPUA,Palu,Palu Barat,,PLW,PLW10000,PLW10000,A,A,RING 1,
PLW10018,PLW,SULAMPAPUA,Palu,Palu Selatan,,PLW,PLW10000,PLW10000,A,A,RING 1,
PLW10019,PLW,SULAMPAPUA,Palu,Palu Timur,,PLW,PLW10000,PLW10000,A,A,RING 1,
PLW10020,PLW,SULAMPAPUA,Palu,Palu Utara,,PLW,PLW10000,PLW10000,A,B,RING 1,
PLW10021,PLW,SULAMPAPUA,Palu,Mantikulore,,PLW,PLW10000,PLW10000,A,A,RING 1,
PLW10022,PLW,SULAMPAPUA,Palu,Tatanga,,PLW,PLW10000,PLW10000,A,A,RING 1,
PLW10023,PLW,SULAMPAPUA,Palu,Ulujadi,,PLW,PLW10000,PLW10000,A,A,RING 1,
PLW20100,PLW,SULAMPAPUA,Kab. Banggai,Luwuk,CABANG,PLW-LUW,PLW10000,PLW20100,B,B,RING 2,
PLW20101,PLW,SULAMPAPUA,Banggai,Balantak,,PLW-LUW,PLW10000,PLW20100,C,D,RING 2,
PLW20103,PLW,SULAMPAPUA,Banggai,Batui,CABANG,PLW-BAI,PLW10000,PLW20103,C,C,RING 2,
PLW20106,PLW,SULAMPAPUA,Banggai,Bunta,,PLW-BAI,PLW10000,PLW20103,C,C,RING 2,
PLW20107,PLW,SULAMPAPUA,Banggai,Kintom,,PLW-BAI,PLW10000,PLW20103,C,D,RING 2,
PLW20109,PLW,SULAMPAPUA,Banggai,Lamala,,PLW-BAI,PLW10000,PLW20103,C,D,RING 2,
PLW20111,PLW,SULAMPAPUA,Banggai,Pagimana,,PLW-BAI,PLW10000,PLW20103,C,C,RING 2,
PLW20116,PLW,SULAMPAPUA,Banggai,Bualemo (Boalemo),,PLW-BAI,PLW10000,PLW20103,C,D,RING 2,
PLW20117,PLW,SULAMPAPUA,Banggai,Toili,CABANG,PLW-TOI,PLW10000,PLW20117,C,C,RING 2,
PLW20118,PLW,SULAMPAPUA,Banggai,Balantak Selatan,,PLW-LUW,PLW10000,PLW20100,C,D,RING 2,
PLW20119,PLW,SULAMPAPUA,Banggai,Balantak Utara,,PLW-LUW,PLW10000,PLW20100,C,D,RING 2,
PLW20120,PLW,SULAMPAPUA,Banggai,Batui Selatan,,PLW-BAI,PLW10000,PLW20103,C,D,RING 2,
PLW20121,PLW,SULAMPAPUA,Banggai,Lobu,,PLW-BAI,PLW10000,PLW20103,C,D,RING 2,
PLW20122,PLW,SULAMPAPUA,Banggai,Luwuk Selatan,,PLW-LUW,PLW10000,PLW20100,B,C,RING 2,
PLW20123,PLW,SULAMPAPUA,Banggai,Luwuk Timur,,PLW-LUW,PLW10000,PLW20100,B,C,RING 2,
PLW20124,PLW,SULAMPAPUA,Banggai,Luwuk Utara,,PLW-LUW,PLW10000,PLW20100,B,C,RING 2,
PLW20125,PLW,SULAMPAPUA,Banggai,Mantoh,,PLW-BAI,PLW10000,PLW20103,C,D,RING 2,
PLW20126,PLW,SULAMPAPUA,Banggai,Masama,,PLW-BAI,PLW10000,PLW20103,C,D,RING 2,
PLW20127,PLW,SULAMPAPUA,Banggai,Moilong,,PLW-BAI,PLW10000,PLW20103,C,D,RING 2,
PLW20128,PLW,SULAMPAPUA,Banggai,Nambo,,PLW-BAI,PLW10000,PLW20103,C,D,RING 2,
PLW20129,PLW,SULAMPAPUA,Banggai,Nuhon,,PLW-BAI,PLW10000,PLW20103,C,D,RING 2,
PLW20130,PLW,SULAMPAPUA,Banggai,Simpang Raya,,PLW-BAI,PLW10000,PLW20103,C,D,RING 2,
PLW20131,PLW,SULAMPAPUA,Banggai,Toili Barat,,PLW-TOI,PLW10000,PLW20117,C,D,RING 2,
PLW20200,PLW,SULAMPAPUA,Poso,Poso Kota,CABANG,PLW-PSJ,PLW10000,PLW20200,B,B,RING 2,
PLW20206,PLW,SULAMPAPUA,Poso,Lage,,PLW-PSJ,PLW10000,PLW20200,C,D,RING 2,
PLW20208,PLW,SULAMPAPUA,Poso,Lore Utara,,PLW-PSJ,PLW10000,PLW20200,C,D,RING 2,
PLW20209,PLW,SULAMPAPUA,Poso,Lore Selatan,,PLW-PSJ,PLW10000,PLW20200,C,D,RING 2,
PLW20212,PLW,SULAMPAPUA,Kab. Poso,Pamona Selatan,CABANG,PLW-TTA,PLW10000,PLW20212,C,D,RING 2,
PLW20213,PLW,SULAMPAPUA,Poso,Pamona Utara,,PLW-TTA,PLW10000,PLW20212,C,D,RING 2,
PLW20215,PLW,SULAMPAPUA,Poso,Poso Pesisir,,PLW-TTA,PLW10000,PLW20212,C,D,RING 2,
PLW20221,PLW,SULAMPAPUA,Poso,Lore Tengah,,PLW-TTA,PLW10000,PLW20212,C,D,RING 2,
PLW20222,PLW,SULAMPAPUA,Poso,Pamona Timur,,PLW-TTA,PLW10000,PLW20212,C,D,RING 2,
PLW20223,PLW,SULAMPAPUA,Poso,Lore Barat,,PLW-PSJ,PLW10000,PLW20200,C,D,RING 2,
PLW20224,PLW,SULAMPAPUA,Poso,Lore Piore,,PLW-PSJ,PLW10000,PLW20200,C,D,RING 2,
PLW20225,PLW,SULAMPAPUA,Poso,Lore Timur,,PLW-PSJ,PLW10000,PLW20200,C,D,RING 2,
PLW20226,PLW,SULAMPAPUA,Poso,Pamona Barat,,PLW-PSJ,PLW10000,PLW20200,C,D,RING 2,
PLW20227,PLW,SULAMPAPUA,Poso,Pamona Puselemba,,PLW-PSJ,PLW10000,PLW20200,C,C,RING 2,
PLW20228,PLW,SULAMPAPUA,Poso,Pamona Tenggara,,PLW-PSJ,PLW10000,PLW20200,C,D,RING 2,
PLW20229,PLW,SULAMPAPUA,Poso,Poso Kota Selatan,,PLW-PSJ,PLW10000,PLW20200,C,C,RING 2,
PLW20230,PLW,SULAMPAPUA,Poso,Poso Kota Utara,,PLW-PSJ,PLW10000,PLW20200,C,C,RING 2,
PLW20231,PLW,SULAMPAPUA,Poso,Poso Pesisir Selatan,,PLW-PSJ,PLW10000,PLW20200,C,D,RING 2,
PLW20232,PLW,SULAMPAPUA,Poso,Poso Pesisir Utara,,PLW-PSJ,PLW10000,PLW20200,C,D,RING 2,
PLW20300,PLW,SULAMPAPUA,Kab. Toli-Toli,Toli-Toli,CABANG,PLW-TLI,PLW10000,PLW20300,B,B,RING 2,
PLW20304,PLW,SULAMPAPUA,Toli-Toli,Dampal Utara,,PLW-TLI,PLW10000,PLW20300,C,D,RING 2,
PLW20305,PLW,SULAMPAPUA,Toli-Toli,Dampal Selatan,,PLW-TLI,PLW10000,PLW20300,C,D,RING 2,
PLW20306,PLW,SULAMPAPUA,Toli-Toli,Dondo,,PLW-TLI,PLW10000,PLW20300,C,D,RING 2,
PLW20307,PLW,SULAMPAPUA,Toli-Toli,Galang,,PLW-TLI,PLW10000,PLW20300,C,D,RING 2,
PLW20310,PLW,SULAMPAPUA,Toli-Toli,Tolitoli Utara,,PLW-TLI,PLW10000,PLW20300,C,C,RING 2,
PLW20311,PLW,SULAMPAPUA,Toli-Toli,Baolan,,PLW-TLI,PLW10000,PLW20300,C,C,RING 2,
PLW20313,PLW,SULAMPAPUA,Toli-Toli,Basidondo,,PLW-TLI,PLW10000,PLW20300,C,C,RING 2,
PLW20314,PLW,SULAMPAPUA,Toli-Toli,Lampasio,,PLW-TLI,PLW10000,PLW20300,C,D,RING 2,
PLW20315,PLW,SULAMPAPUA,Toli-Toli,Ogodeide,,PLW-TLI,PLW10000,PLW20300,C,D,RING 2,
PLW20316,PLW,SULAMPAPUA,Toli-Toli,Dako Pamean,,PLW-TLI,PLW10000,PLW20300,C,D,RING 2,
PLW20500,PLW,SULAMPAPUA,Kab. Banggai Kepulauan,Banggai,CABANG,PLW-BGG,PLW10000,PLW20500,B,C,RING 2,
PLW20501,PLW,SULAMPAPUA,Banggai Laut,Bokan Kepulauan,,PLW-BGG,PLW10000,PLW20500,C,D,RING 2,
PLW20502,PLW,SULAMPAPUA,Banggai Kepulauan,Buko,,PLW-BGG,PLW10000,PLW20500,C,D,RING 2,
PLW20503,PLW,SULAMPAPUA,Banggai Kepulauan,Bulagi,,PLW-BGG,PLW10000,PLW20500,C,D,RING 2,
PLW20504,PLW,SULAMPAPUA,Banggai Kepulauan,Bulagi Selatan,,PLW-BGG,PLW10000,PLW20500,C,D,RING 2,
PLW20505,PLW,SULAMPAPUA,Banggai Kepulauan,Liang,,PLW-BGG,PLW10000,PLW20500,C,D,RING 2,
PLW20506,PLW,SULAMPAPUA,Lo Bangkurung,Lo Bangkurung,,PLW-BGG,PLW10000,PLW20500,C,D,RING 2,
PLW20507,PLW,SULAMPAPUA,Banggai Kepulauan,Tinangkung,,PLW-BGG,PLW10000,PLW20500,C,D,RING 2,
PLW20508,PLW,SULAMPAPUA,Banggai Kepulauan,Totikum (Totikung),,PLW-BGG,PLW10000,PLW20500,C,D,RING 2,
PLW20509,PLW,SULAMPAPUA,Banggai Kepulauan,Buko Selatan,,PLW-TOI,PLW10000,PLW20117,C,D,RING 2,
PLW20510,PLW,SULAMPAPUA,Banggai Kepulauan,Bulagi Utara,,PLW-BGG,PLW10000,PLW20500,C,D,RING 2,
PLW20511,PLW,SULAMPAPUA,Banggai Kepulauan,Peling Tengah,,PLW-BGG,PLW10000,PLW20500,C,D,RING 2,
PLW20512,PLW,SULAMPAPUA,Banggai Kepulauan,Tinangkung Selatan,,PLW-BGG,PLW10000,PLW20500,C,D,RING 2,
PLW20513,PLW,SULAMPAPUA,Banggai Kepulauan,Tinangkung Utara,,PLW-BGG,PLW10000,PLW20500,C,D,RING 2,
PLW20514,PLW,SULAMPAPUA,Banggai Kepulauan,Totikum Selatan,,PLW-BGG,PLW10000,PLW20500,C,D,RING 2,
PLW20600,PLW,SULAMPAPUA,Kab. Buol,Buol,CABANG,PLW-UOL,PLW10000,PLW20600,B,B,RING 2,
PLW20601,PLW,SULAMPAPUA,Buol,Biau,,PLW-UOL,PLW10000,PLW20600,C,C,RING 2,
PLW20602,PLW,SULAMPAPUA,Buol,Bokat,,PLW-UOL,PLW10000,PLW20600,C,C,RING 2,
PLW20603,PLW,SULAMPAPUA,Buol,Bukal,,PLW-UOL,PLW10000,PLW20600,C,D,RING 2,
PLW20604,PLW,SULAMPAPUA,Buol,Bunobogu,,PLW-UOL,PLW10000,PLW20600,C,D,RING 2,
PLW20605,PLW,SULAMPAPUA,Buol,Gadung,,PLW-UOL,PLW10000,PLW20600,C,D,RING 2,
PLW20606,PLW,SULAMPAPUA,Buol,Lakea (Lipunoto),,PLW-UOL,PLW10000,PLW20600,C,D,RING 2,
PLW20607,PLW,SULAMPAPUA,Buol,Momunu,,PLW-UOL,PLW10000,PLW20600,C,C,RING 2,
PLW20608,PLW,SULAMPAPUA,Buol,Paleleh,,PLW-UOL,PLW10000,PLW20600,C,D,RING 2,
PLW20609,PLW,SULAMPAPUA,Buol,Tiloan,,PLW-UOL,PLW10000,PLW20600,C,D,RING 2,
PLW20610,PLW,SULAMPAPUA,Buol,Karamat,,PLW-UOL,PLW10000,PLW20600,C,D,RING 2,
PLW20611,PLW,SULAMPAPUA,Buol,Paleleh Barat,,PLW-UOL,PLW10000,PLW20600,C,C,RING 2,
PLW20700,PLW,SULAMPAPUA,Kab. Donggala,Banawa,CABANG,PLW-DGL,PLW10000,PLW20700,A,B,RING 2,
PLW20701,PLW,SULAMPAPUA,Donggala,Balaesang,,PLW-DGL,PLW10000,PLW20700,C,C,RING 2,
PLW20702,PLW,SULAMPAPUA,Donggala,Dampelas,,PLW-DGL,PLW10000,PLW20700,C,D,RING 2,
PLW20703,PLW,SULAMPAPUA,Dolo,Dolo,,PLW-SIG,PLW10000,PLW20709,C,D,RING 2,
PLW20704,PLW,SULAMPAPUA,Sigi,Kulawi,,PLW-SIG,PLW10000,PLW20709,C,D,RING 2,
PLW20705,PLW,SULAMPAPUA,Sigi,Marawola,,PLW-SIG,PLW10000,PLW20709,C,D,RING 2,
PLW20706,PLW,SULAMPAPUA,Sigi,Palolo,,PLW-SIG,PLW10000,PLW20709,C,D,RING 2,
PLW20707,PLW,SULAMPAPUA,Sigi,Pipikoro,,PLW-SIG,PLW10000,PLW20709,C,D,RING 2,
PLW20708,PLW,SULAMPAPUA,Donggala,Rio Pakava,,PLW-DGL,PLW10000,PLW20700,C,D,RING 2,
PLW20709,PLW,SULAMPAPUA,Kab. Sigi ,Sigi Biromaru,CABANG,PLW-SIG,PLW10000,PLW20709,B,B,RING 2,
PLW20710,PLW,SULAMPAPUA,Donggala,Sindue,,PLW-DGL,PLW10000,PLW20700,C,D,RING 2,
PLW20711,PLW,SULAMPAPUA,Donggala,Sirenja,,PLW-DGL,PLW10000,PLW20700,C,D,RING 2,
PLW20712,PLW,SULAMPAPUA,Donggala,Sojol,,PLW-DGL,PLW10000,PLW20700,C,D,RING 2,
PLW20713,PLW,SULAMPAPUA,Palu,Tawaeli,,PLW-SIG,PLW10000,PLW20709,C,B,RING 2,
PLW20714,PLW,SULAMPAPUA,Donggala,Sindue Tobata,,PLW-DGL,PLW10000,PLW20700,C,D,RING 2,
PLW20715,PLW,SULAMPAPUA,Donggala,Sindue Tombusabora,,PLW-DGL,PLW10000,PLW20700,C,D,RING 2,
PLW20716,PLW,SULAMPAPUA,Donggala,Sojol Utara,,PLW-DGL,PLW10000,PLW20700,C,D,RING 2,
PLW20717,PLW,SULAMPAPUA,Donggala,Tanantovea,,PLW-DGL,PLW10000,PLW20700,C,D,RING 2,
PLW20718,PLW,SULAMPAPUA,Donggala,Banawa Selatan,,PLW-UOL,PLW10000,PLW20600,C,D,RING 2,
PLW20719,PLW,SULAMPAPUA,Donggala,Banawa Tengah,,PLW-UOL,PLW10000,PLW20600,C,D,RING 2,
PLW20720,PLW,SULAMPAPUA,Donggala,Labuan,,PLW-UOL,PLW10000,PLW20600,C,D,RING 2,
PLW20721,PLW,SULAMPAPUA,Donggala,Panembani,,PLW-UOL,PLW10000,PLW20600,C,D,RING 2,
PLW20722,PLW,SULAMPAPUA,Donggala,Balaesang Tanjung,,PLW-UOL,PLW10000,PLW20600,C,D,RING 2,
PLW20800,PLW,SULAMPAPUA,Kab. Morowali,Bungku,CABANG,PLW-BGK,PLW10000,PLW20800,B,B,RING 2,
PLW20801,PLW,SULAMPAPUA,Morowali,Bungku Barat,,PLW-BGK,PLW10000,PLW20800,C,D,RING 2,
PLW20802,PLW,SULAMPAPUA,Morowali,Bungku Selatan,,PLW-BGK,PLW10000,PLW20800,C,D,RING 2,
PLW20803,PLW,SULAMPAPUA,Morowali,Bungku Tengah,,PLW-BGK,PLW10000,PLW20800,C,D,RING 2,
PLW20804,PLW,SULAMPAPUA,Morowali Utara,Bungku Utara,,PLW-BGK,PLW10000,PLW20800,C,D,RING 2,
PLW20805,PLW,SULAMPAPUA,Morowali,Bahodopi,,PLW-BGK,PLW10000,PLW20800,C,D,RING 2,
PLW20806,PLW,SULAMPAPUA,Morowali,Bumi Raya,,PLW-BGK,PLW10000,PLW20800,C,C,RING 2,
PLW20807,PLW,SULAMPAPUA,Morowali Utara,Lembo,,PLW-BGK,PLW10000,PLW20800,C,D,RING 2,
PLW20808,PLW,SULAMPAPUA,Morowali Utara,Mamosalato,,PLW-BGK,PLW10000,PLW20800,C,D,RING 2,
PLW20809,PLW,SULAMPAPUA,Morowali,Menui Kepulauan,,PLW-BGK,PLW10000,PLW20800,C,D,RING 2,
PLW20810,PLW,SULAMPAPUA,Morowali Utara,Mori Atas,,PLW-BGK,PLW10000,PLW20800,C,D,RING 2,
PLW20811,PLW,SULAMPAPUA,Morowali Utara,Petasia,,PLW-BGK,PLW10000,PLW20800,C,C,RING 2,
PLW20812,PLW,SULAMPAPUA,Morowali Utara,Soyo Jaya,,PLW-BGK,PLW10000,PLW20800,C,C,RING 2,
PLW20813,PLW,SULAMPAPUA,Morowali,Wita Ponda,,PLW-BGK,PLW10000,PLW20800,C,C,RING 2,
PLW20814,PLW,SULAMPAPUA,Morowali,Bungku Pesisir,,PLW-BGK,PLW10000,PLW20800,C,C,RING 2,
PLW20815,PLW,SULAMPAPUA,Morowali,Bungku Timur,,PLW-BGK,PLW10000,PLW20800,C,D,RING 2,
PLW20816,PLW,SULAMPAPUA,Morowali Utara,Lembo Raya,,PLW-BGK,PLW10000,PLW20800,C,C,RING 2,
PLW20817,PLW,SULAMPAPUA,Morowali Utara,Mori Utara,,PLW-BGK,PLW10000,PLW20800,C,C,RING 2,
PLW20818,PLW,SULAMPAPUA,Morowali,Petasia Barat,,PLW-BGK,PLW10000,PLW20800,C,D,RING 2,
PLW20819,PLW,SULAMPAPUA,Morowali Utara,Petasia Timur,,PLW-BGK,PLW10000,PLW20800,C,D,RING 2,
PLW20900,PLW,SULAMPAPUA,Kab. Parigi Moutong,Parigi,CABANG,PLW-PGI,PLW10000,PLW20900,B,B,RING 2,
PLW20901,PLW,SULAMPAPUA,Parigi Moutong,Ampibabo,,PLW-PGI,PLW10000,PLW20900,C,D,RING 2,
PLW20902,PLW,SULAMPAPUA,Parigi Moutong,Bolano Lambunu,,PLW-PGI,PLW10000,PLW20900,C,D,RING 2,
PLW20903,PLW,SULAMPAPUA,Parigi Moutong,Kasimbar,,PLW-PGI,PLW10000,PLW20900,C,D,RING 2,
PLW20904,PLW,SULAMPAPUA,Parigi Moutong,Moutong,,PLW-PGI,PLW10000,PLW20900,C,D,RING 2,
PLW20905,PLW,SULAMPAPUA,Parigi Moutong,Sausu,,PLW-PGI,PLW10000,PLW20900,C,C,RING 2,
PLW20906,PLW,SULAMPAPUA,Parigi Moutong,Tinombo,,PLW-PGI,PLW10000,PLW20900,C,D,RING 2,
PLW20907,PLW,SULAMPAPUA,Parigi Moutong,Tinombo Selatan,,PLW-PGI,PLW10000,PLW20900,C,D,RING 2,
PLW20908,PLW,SULAMPAPUA,Parigi Moutong,Tomini,,PLW-PGI,PLW10000,PLW20900,C,D,RING 2,
PLW20909,PLW,SULAMPAPUA,Parigi Moutong,Torue,,PLW-PGI,PLW10000,PLW20900,C,D,RING 2,
PLW20910,PLW,SULAMPAPUA,Parigi Moutong,Balinggi,,PLW-PGI,PLW10000,PLW20900,C,D,RING 2,
PLW20911,PLW,SULAMPAPUA,Parigi Moutong,Bolano,,PLW-PGI,PLW10000,PLW20900,C,D,RING 2,
PLW20912,PLW,SULAMPAPUA,Parigi Moutong,Mepanga,,PLW-PGI,PLW10000,PLW20900,C,D,RING 2,
PLW20913,PLW,SULAMPAPUA,Parigi Moutong,Ongka Malino,,PLW-PGI,PLW10000,PLW20900,C,D,RING 2,
PLW20914,PLW,SULAMPAPUA,Parigi Moutong,Palasa,,PLW-PGI,PLW10000,PLW20900,C,D,RING 2,
PLW20915,PLW,SULAMPAPUA,Parigi Moutong,Parigi Barat,,PLW-PGI,PLW10000,PLW20900,C,C,RING 2,
PLW20916,PLW,SULAMPAPUA,Parigi Moutong,Parigi Selatan,,PLW-PGI,PLW10000,PLW20900,C,C,RING 2,
PLW20917,PLW,SULAMPAPUA,Parigi Moutong,Parigi Tengah,,PLW-PGI,PLW10000,PLW20900,C,C,RING 2,
PLW20918,PLW,SULAMPAPUA,Parigi Moutong,Parigi Utara,,PLW-PGI,PLW10000,PLW20900,C,C,RING 2,
PLW20919,PLW,SULAMPAPUA,Parigi Moutong,Siniu,,PLW-PGI,PLW10000,PLW20900,C,D,RING 2,
PLW20920,PLW,SULAMPAPUA,Parigi Moutong,Taopa,,PLW-PGI,PLW10000,PLW20900,C,D,RING 2,
PLW20921,PLW,SULAMPAPUA,Parigi Moutong,Toribulu,,PLW-PGI,PLW10000,PLW20900,C,D,RING 2,
PLW20922,PLW,SULAMPAPUA,Parigi Moutong,Sidoan,,PLW-PGI,PLW10000,PLW20900,C,D,RING 2,
PLW21000,PLW,SULAMPAPUA,Kab. Tojo Una-Una,Ampana Kota,CABANG,PLW-APN,PLW10000,PLW21000,B,B,RING 2,
PLW21001,PLW,SULAMPAPUA,Tojo Una-Una,Ampana Tete,,PLW-APN,PLW10000,PLW21000,C,D,RING 2,
PLW21002,PLW,SULAMPAPUA,Tojo Una-Una,Togean,,PLW-APN,PLW10000,PLW21000,C,D,RING 2,
PLW21003,PLW,SULAMPAPUA,Tojo Una-Una,Tojo,,PLW-APN,PLW10000,PLW21000,C,D,RING 2,
PLW21004,PLW,SULAMPAPUA,Tojo Una-Una,Tojo Barat,,PLW-APN,PLW10000,PLW21000,C,D,RING 2,
PLW21005,PLW,SULAMPAPUA,Tojo Una-Una,Ulubongka,,PLW-APN,PLW10000,PLW21000,C,D,RING 2,
PLW21006,PLW,SULAMPAPUA,Tojo Una-Una,Una Una,,PLW-APN,PLW10000,PLW21000,C,C,RING 2,
PLW21007,PLW,SULAMPAPUA,Tojo Una-Una,Walea Kepulauan,,PLW-APN,PLW10000,PLW21000,C,D,RING 2,
PLW21008,PLW,SULAMPAPUA,Tojo Una-Una,Walea Besar,,PLW-APN,PLW10000,PLW21000,C,D,RING 2,
PLW21009,PLW,SULAMPAPUA,Tojo Una-Una,Batudaka,,PLW-APN,PLW10000,PLW21000,C,D,RING 2,
PLW21010,PLW,SULAMPAPUA,Tojo Una-Una,Ratolindo,,PLW-APN,PLW10000,PLW21000,C,D,RING 2,
PLW21011,PLW,SULAMPAPUA,Tojo Una-Una,Talatako,,PLW-APN,PLW10000,PLW21000,C,D,RING 2,
PLW21100,PLW,SULAMPAPUA,Banggai Laut,Banggai Selatan,,PLW-BGG,PLW10000,PLW20500,C,C,RING 2,
PLW21101,PLW,SULAMPAPUA,Banggai Laut,Banggai Tengah,,PLW-BGG,PLW10000,PLW20500,C,C,RING 2,
PLW21102,PLW,SULAMPAPUA,Banggai Laut,Banggai Utara,,PLW-BGG,PLW10000,PLW20500,C,C,RING 2,
PLW21103,PLW,SULAMPAPUA,Banggai Laut,Bangkurung,,PLW-BGG,PLW10000,PLW20500,C,D,RING 2,
PLW21104,PLW,SULAMPAPUA,Banggai Laut,Labobo,,PLW-BGG,PLW10000,PLW20500,C,D,RING 2,
PLW21105,PLW,SULAMPAPUA,Sigi,Kulawi Selatan,,PLW-DGL,PLW10000,PLW20700,C,D,RING 2,
PLW21106,PLW,SULAMPAPUA,Sigi,Lindu,,PLW-DGL,PLW10000,PLW20700,C,D,RING 2,
PLW21107,PLW,SULAMPAPUA,Sigi,Marawola Barat,,PLW-DGL,PLW10000,PLW20700,C,D,RING 2,
PLW21108,PLW,SULAMPAPUA,Sigi,Nokilalaki,,PLW-DGL,PLW10000,PLW20700,C,D,RING 2,
PLW21109,PLW,SULAMPAPUA,Sigi,Tanambulava,,PLW-DGL,PLW10000,PLW20700,C,D,RING 2,
PLW21110,PLW,SULAMPAPUA,Sigi,Dolo,,PLW-PSJ,PLW10000,PLW20200,C,D,RING 2,
PLW21111,PLW,SULAMPAPUA,Sigi,Dolo Barat,,PLW-PSJ,PLW10000,PLW20200,C,D,RING 2,
PLW21112,PLW,SULAMPAPUA,Sigi,Dolo Selatan,,PLW-PSJ,PLW10000,PLW20200,C,D,RING 2,
PLW21113,PLW,SULAMPAPUA,Sigi,Gumbasa,,PLW-PSJ,PLW10000,PLW20200,C,D,RING 2,
PLW21114,PLW,SULAMPAPUA,Sigi,Kinovaru,,PLW-PSJ,PLW10000,PLW20200,C,D,RING 2,
SOQ10000,SOQ,SULAMPAPUA,Kab. Sorong,Sorong,CABANG UTAMA,SOQ,SOQ10000,SOQ10000,A,A,RING 1,
SOQ10006,SOQ,SULAMPAPUA,Sorong,Makbon,,SOQ,SOQ10000,SOQ10000,C,C,RING 1,
SOQ10008,SOQ,SULAMPAPUA,Tambrauw,Moraid,,SOQ,SOQ10000,SOQ10000,C,D,RING 1,
SOQ10009,SOQ,SULAMPAPUA,Sorong,Salawati,,SOQ,SOQ10000,SOQ10000,C,C,RING 2,
SOQ10010,SOQ,SULAMPAPUA,Tambrauw,Sausapor,CABANG,SOQ-SSP,SOQ10000,SOQ10010,C,C,RING 2,
SOQ10011,SOQ,SULAMPAPUA,Sorong,Seget,,SOQ,SOQ10000,SOQ10000,C,C,RING 2,
SOQ10018,SOQ,SULAMPAPUA,Tambrauw,Abun,,SOQ-SSP,SOQ10000,SOQ10010,C,D,RING 2,
SOQ10019,SOQ,SULAMPAPUA,Sorong,Aimas,CABANG,SOQ-AMS,SOQ10000,SOQ10019,C,B,RING 2,
SOQ10020,SOQ,SULAMPAPUA,Sorong,Beraur,,SOQ-AMS,SOQ10000,SOQ10019,C,C,RING 2,
SOQ10021,SOQ,SULAMPAPUA,Tambrauw,Fef,,SOQ-SSP,SOQ10000,SOQ10010,C,D,RING 2,
SOQ10022,SOQ,SULAMPAPUA,Sorong,Klamono,,SOQ-AMS,SOQ10000,SOQ10019,C,C,RING 2,
SOQ10023,SOQ,SULAMPAPUA,Sorong,Sayosa,,SOQ-AMS,SOQ10000,SOQ10019,C,C,RING 2,
SOQ10024,SOQ,SULAMPAPUA,Sorong,Segun,,SOQ-AMS,SOQ10000,SOQ10019,C,C,RING 2,
SOQ10025,SOQ,SULAMPAPUA,Sorong,Sorong Barat,,SOQ-AMS,SOQ10000,SOQ10019,A,A,RING 1,
SOQ10026,SOQ,SULAMPAPUA,Sorong,Sorong Timur,,SOQ-AMS,SOQ10000,SOQ10019,A,A,RING 1,
SOQ10027,SOQ,SULAMPAPUA,Sorong,Sorong Kepulauan,,SOQ-AMS,SOQ10000,SOQ10019,A,B,RING 1,
SOQ10028,SOQ,SULAMPAPUA,Sorong,Sorong Utara,,SOQ-AMS,SOQ10000,SOQ10019,A,A,RING 1,
SOQ10029,SOQ,SULAMPAPUA,Sorong,Mayamuk,,SOQ-AMS,SOQ10000,SOQ10019,C,C,RING 2,
SOQ10030,SOQ,SULAMPAPUA,Sorong,Salawati Selatan,,SOQ-AMS,SOQ10000,SOQ10019,C,C,RING 2,
SOQ10031,SOQ,SULAMPAPUA,Sorong,Klabot,,SOQ-AMS,SOQ10000,SOQ10019,C,C,RING 2,
SOQ10032,SOQ,SULAMPAPUA,Sorong,Klaso,,SOQ-AMS,SOQ10000,SOQ10019,C,C,RING 2,
SOQ10033,SOQ,SULAMPAPUA,Sorong,Klawak,,SOQ-AMS,SOQ10000,SOQ10019,C,C,RING 2,
SOQ10034,SOQ,SULAMPAPUA,Sorong,Klayili,,SOQ-AMS,SOQ10000,SOQ10019,C,C,RING 2,
SOQ10035,SOQ,SULAMPAPUA,Sorong,Mariat,,SOQ-AMS,SOQ10000,SOQ10019,C,C,RING 2,
SOQ10036,SOQ,SULAMPAPUA,Sorong,Maudus,,SOQ-AMS,SOQ10000,SOQ10019,C,C,RING 2,
SOQ10037,SOQ,SULAMPAPUA,Sorong,Moisegen,,SOQ-AMS,SOQ10000,SOQ10019,C,C,RING 2,
SOQ10038,SOQ,SULAMPAPUA,Sorong,Klaurung,,SOQ-AMS,SOQ10000,SOQ10019,A,A,RING 2,
SOQ10039,SOQ,SULAMPAPUA,Sorong,Maladum Mes,,SOQ-AMS,SOQ10000,SOQ10019,A,A,RING 1,
SOQ10040,SOQ,SULAMPAPUA,Sorong,Malaimsimsa,,SOQ-AMS,SOQ10000,SOQ10019,A,A,RING 1,
SOQ10041,SOQ,SULAMPAPUA,Sorong,Sorong Kota,,SOQ-AMS,SOQ10000,SOQ10019,A,A,RING 1,
SOQ10042,SOQ,SULAMPAPUA,Sorong,Sorong Manoi,,SOQ-AMS,SOQ10000,SOQ10019,A,A,RING 1,
SOQ20000,SOQ,SULAMPAPUA,Kab. Fak-Fak,FAK-FAK,CABANG,SOQ-FKQ,SOQ10000,SOQ20000,B,C,RING 2,
SOQ20001,SOQ,SULAMPAPUA,Fakfak,Fakfak Barat,,SOQ-FKQ,SOQ10000,SOQ20000,C,D,RING 2,
SOQ20002,SOQ,SULAMPAPUA,Fakfak,Fakfak Timur,,SOQ-FKQ,SOQ10000,SOQ20000,C,D,RING 2,
SOQ20003,SOQ,SULAMPAPUA,Fakfak,Kokas,,SOQ-FKQ,SOQ10000,SOQ20000,C,D,RING 2,
SOQ20004,SOQ,SULAMPAPUA,Fakfak,Bomberay,,SOQ-FKQ,SOQ10000,SOQ20000,C,D,RING 2,
SOQ20005,SOQ,SULAMPAPUA,Fakfak,Fakfak Tengah,,SOQ-FKQ,SOQ10000,SOQ20000,C,D,RING 2,
SOQ20006,SOQ,SULAMPAPUA,Fakfak,Karas,,SOQ-FKQ,SOQ10000,SOQ20000,C,D,RING 2,
SOQ20007,SOQ,SULAMPAPUA,Fakfak,Kramongmongga,,SOQ-FKQ,SOQ10000,SOQ20000,C,D,RING 2,
SOQ20008,SOQ,SULAMPAPUA,Fakfak,Teluk Patipi,,SOQ-FKQ,SOQ10000,SOQ20000,C,D,RING 2,
SOQ20009,SOQ,SULAMPAPUA,Fakfak,Arguni,,SOQ-FKQ,SOQ10000,SOQ20000,C,D,RING 2,
SOQ20010,SOQ,SULAMPAPUA,Fakfak,Fakfak Timur Tengah,,SOQ-FKQ,SOQ10000,SOQ20000,C,D,RING 2,
SOQ20011,SOQ,SULAMPAPUA,Fakfak,Furwagi,,SOQ-FKQ,SOQ10000,SOQ20000,C,D,RING 2,
SOQ20012,SOQ,SULAMPAPUA,Fakfak,Kayauni,,SOQ-FKQ,SOQ10000,SOQ20000,C,D,RING 2,
SOQ20013,SOQ,SULAMPAPUA,Fakfak,Mbahamdandara,,SOQ-FKQ,SOQ10000,SOQ20000,C,D,RING 2,
SOQ20014,SOQ,SULAMPAPUA,Fakfak,Pariwari,,SOQ-FKQ,SOQ10000,SOQ20000,C,D,RING 2,
SOQ20015,SOQ,SULAMPAPUA,Fakfak,Tomage,,SOQ-FKQ,SOQ10000,SOQ20000,C,D,RING 2,
SOQ20016,SOQ,SULAMPAPUA,Fakfak,Wartutin,,SOQ-FKQ,SOQ10000,SOQ20000,C,D,RING 2,
SOQ20100,SOQ,SULAMPAPUA,Kaimana,Kaimana,CABANG,SOQ-KMN,SOQ10000,SOQ20100,B,C,RING 2,
SOQ20101,SOQ,SULAMPAPUA,Kaimana,Buruway,,SOQ-KMN,SOQ10000,SOQ20100,C,D,RING 2,
SOQ20102,SOQ,SULAMPAPUA,Kaimana,Teluk Arguni Atas,,SOQ-KMN,SOQ10000,SOQ20100,C,D,RING 2,
SOQ20103,SOQ,SULAMPAPUA,Kaimana,Teluk Etna,,SOQ-KMN,SOQ10000,SOQ20100,C,D,RING 2,
SOQ20104,SOQ,SULAMPAPUA,Kaimana,Kambraw (Kamberau),,SOQ-KMN,SOQ10000,SOQ20100,C,D,RING 2,
SOQ20105,SOQ,SULAMPAPUA,Kaimana,Yamor,,SOQ-KMN,SOQ10000,SOQ20100,C,D,RING 2,
SOQ20106,SOQ,SULAMPAPUA,Kaimana,Teluk Arguni Bawah (Yerusi),,SOQ-KMN,SOQ10000,SOQ20100,C,D,RING 2,
SOQ20300,SOQ,SULAMPAPUA,Waisai,Waisai,CABANG,SOQ-WAI,SOQ10000,SOQ20300,C,C,RING 2,
SOQ20301,SOQ,SULAMPAPUA,Raja Ampat,Kepulauan Ayau,,SOQ-WAI,SOQ10000,SOQ20300,C,C,RING 2,
SOQ20302,SOQ,SULAMPAPUA,Raja Ampat,Kofiau,,SOQ-WAI,SOQ10000,SOQ20300,C,C,RING 2,
SOQ20303,SOQ,SULAMPAPUA,Raja Ampat,Misool (Misool Utara),,SOQ-WAI,SOQ10000,SOQ20300,C,D,RING 2,
SOQ20304,SOQ,SULAMPAPUA,Raja Ampat,Misool Timur,,SOQ-WAI,SOQ10000,SOQ20300,C,D,RING 2,
SOQ20305,SOQ,SULAMPAPUA,Raja Ampat,Salawati Utara (Samate),,SOQ-WAI,SOQ10000,SOQ20300,C,D,RING 2,
SOQ20306,SOQ,SULAMPAPUA,Raja Ampat,Teluk Mayalibit,,SOQ-WAI,SOQ10000,SOQ20300,C,D,RING 2,
SOQ20307,SOQ,SULAMPAPUA,Raja Ampat,Waigeo Barat,,SOQ-WAI,SOQ10000,SOQ20300,C,D,RING 2,
SOQ20308,SOQ,SULAMPAPUA,Raja Ampat,Waigeo Selatan,,SOQ-WAI,SOQ10000,SOQ20300,C,D,RING 2,
SOQ20309,SOQ,SULAMPAPUA,Raja Ampat,Waigeo Timur,,SOQ-WAI,SOQ10000,SOQ20300,C,D,RING 2,
SOQ20310,SOQ,SULAMPAPUA,Raja Ampat,Waigeo Utara,,SOQ-WAI,SOQ10000,SOQ20300,C,D,RING 2,
SOQ20311,SOQ,SULAMPAPUA,Raja Ampat,Meos Mansar,,SOQ-WAI,SOQ10000,SOQ20300,C,D,RING 2,
SOQ20312,SOQ,SULAMPAPUA,Raja Ampat,Misool Barat,,SOQ-WAI,SOQ10000,SOQ20300,C,D,RING 2,
SOQ20313,SOQ,SULAMPAPUA,Raja Ampat,Misool Selatan,,SOQ-WAI,SOQ10000,SOQ20300,C,D,RING 2,
SOQ20315,SOQ,SULAMPAPUA,Raja Ampat,Waigeo Barat Kepulauan,,SOQ-WAI,SOQ10000,SOQ20300,C,D,RING 2,
SOQ20316,SOQ,SULAMPAPUA,Raja Ampat,Warwabomi,,SOQ-WAI,SOQ10000,SOQ20300,C,D,RING 2,
SOQ20317,SOQ,SULAMPAPUA,Raja Ampat,Ayau,,SOQ-WAI,SOQ10000,SOQ20300,C,C,RING 2,
SOQ20318,SOQ,SULAMPAPUA,Raja Ampat,Ayau,,SOQ-WAI,SOQ10000,SOQ20300,C,D,RING 2,
SOQ20319,SOQ,SULAMPAPUA,Raja Ampat,Batanta Utara,,SOQ-WAI,SOQ10000,SOQ20300,C,D,RING 2,
SOQ20320,SOQ,SULAMPAPUA,Raja Ampat,Kepulauan Sembilan,,SOQ-WAI,SOQ10000,SOQ20300,C,D,RING 2,
SOQ20321,SOQ,SULAMPAPUA,Raja Ampat,Kota Waisai,,SOQ-WAI,SOQ10000,SOQ20300,C,C,RING 2,
SOQ20322,SOQ,SULAMPAPUA,Raja Ampat,Salawati Barat,,SOQ-WAI,SOQ10000,SOQ20300,C,D,RING 2,
SOQ20323,SOQ,SULAMPAPUA,Raja Ampat,Salawati Tengah,,SOQ-WAI,SOQ10000,SOQ20300,C,D,RING 2,
SOQ20324,SOQ,SULAMPAPUA,Raja Ampat,Supnin,,SOQ-WAI,SOQ10000,SOQ20300,C,D,RING 2,
SOQ20325,SOQ,SULAMPAPUA,Raja Ampat,Tiplol Mayalibit,,SOQ-WAI,SOQ10000,SOQ20300,C,D,RING 2,
SOQ20326,SOQ,SULAMPAPUA,Raja Ampat,Batanta Selatan,,SOQ-WAI,SOQ10000,SOQ20300,C,D,RING 2,
SOQ20400,SOQ,SULAMPAPUA,Sorong Selatan,Teminabuan,CABANG,SOQ-TEM,SOQ10000,SOQ20400,C,C,RING 2,
SOQ20401,SOQ,SULAMPAPUA,Maybrat,Aifat,,SOQ-TEM,SOQ10000,SOQ20400,C,D,RING 2,
SOQ20402,SOQ,SULAMPAPUA,Maybrat,Aifat Timur,,SOQ-TEM,SOQ10000,SOQ20400,C,D,RING 2,
SOQ20403,SOQ,SULAMPAPUA,Maybrat,Aitinyo,,SOQ-TEM,SOQ10000,SOQ20400,C,D,RING 2,
SOQ20404,SOQ,SULAMPAPUA,Maybrat,Ayamaru,CABANG,SOQ-AYR,SOQ10000,SOQ20404,C,C,RING 2,
SOQ20405,SOQ,SULAMPAPUA,Maybrat,Ayamaru Utara,,SOQ-AYR,SOQ10000,SOQ20404,C,D,RING 2,
SOQ20406,SOQ,SULAMPAPUA,Sorong Selatan,Inanwatan (Inawatan),,SOQ-TEM,SOQ10000,SOQ20400,C,D,RING 2,
SOQ20407,SOQ,SULAMPAPUA,Sorong Selatan,Kais (Matemani Kais),,SOQ-TEM,SOQ10000,SOQ20400,C,D,RING 2,
SOQ20408,SOQ,SULAMPAPUA,Sorong Selatan,Kokoda,,SOQ-TEM,SOQ10000,SOQ20400,C,D,RING 2,
SOQ20409,SOQ,SULAMPAPUA,Maybrat,Mare,,SOQ-AYR,SOQ10000,SOQ20404,C,D,RING 2,
SOQ20410,SOQ,SULAMPAPUA,Sorong Selatan,Moswaren,,SOQ-TEM,SOQ10000,SOQ20400,C,D,RING 2,
SOQ20411,SOQ,SULAMPAPUA,Sorong Selatan,Sawiat,,SOQ-TEM,SOQ10000,SOQ20400,C,D,RING 2,
SOQ20412,SOQ,SULAMPAPUA,Sorong Selatan,Seremuk,,SOQ-TEM,SOQ10000,SOQ20400,C,D,RING 2,
SOQ20413,SOQ,SULAMPAPUA,Sorong Selatan,Wayer,,SOQ-TEM,SOQ10000,SOQ20400,C,D,RING 2,
SOQ20414,SOQ,SULAMPAPUA,Sorong Selatan,Fokour,,SOQ-TEM,SOQ10000,SOQ20400,C,D,RING 2,
SOQ20415,SOQ,SULAMPAPUA,Maybrat,Aitinyo Barat,,SOQ-AYR,SOQ10000,SOQ20404,C,D,RING 2,
SOQ20416,SOQ,SULAMPAPUA,Maybrat,Aitinyo Raya,,SOQ-AYR,SOQ10000,SOQ20404,C,D,RING 2,
SOQ20417,SOQ,SULAMPAPUA,Maybrat,Aitinyo Tengah,,SOQ-AYR,SOQ10000,SOQ20404,C,D,RING 2,
SOQ20418,SOQ,SULAMPAPUA,Maybrat,Aitinyo Utara,,SOQ-AYR,SOQ10000,SOQ20404,C,D,RING 2,
SOQ20419,SOQ,SULAMPAPUA,Maybrat,Ayamaru Barat,,SOQ-AYR,SOQ10000,SOQ20404,C,D,RING 2,
SOQ20420,SOQ,SULAMPAPUA,Maybrat,Ayamaru Jaya,,SOQ-AYR,SOQ10000,SOQ20404,C,D,RING 2,
SOQ20421,SOQ,SULAMPAPUA,Maybrat,Ayamaru Selatan,,SOQ-AYR,SOQ10000,SOQ20404,C,D,RING 2,
SOQ20422,SOQ,SULAMPAPUA,Maybrat,Ayamaru Selatan Jaya,,SOQ-AYR,SOQ10000,SOQ20404,C,D,RING 2,
SOQ20423,SOQ,SULAMPAPUA,Maybrat,Ayamaru Tengah,,SOQ-AYR,SOQ10000,SOQ20404,C,D,RING 2,
SOQ20424,SOQ,SULAMPAPUA,Maybrat,Ayamaru Timur,,SOQ-AYR,SOQ10000,SOQ20404,C,D,RING 2,
SOQ20425,SOQ,SULAMPAPUA,Maybrat,Ayamaru Timur Selatan,,SOQ-AYR,SOQ10000,SOQ20404,C,D,RING 2,
SOQ20426,SOQ,SULAMPAPUA,Maybrat,Ayamaru Utara Timur,,SOQ-AYR,SOQ10000,SOQ20404,C,D,RING 2,
SOQ20427,SOQ,SULAMPAPUA,Maybrat,Mare Selatan,,SOQ-AYR,SOQ10000,SOQ20404,C,D,RING 2,
SOQ20428,SOQ,SULAMPAPUA,Sorong Selatan,Kokoda Utara,,SOQ-TEM,SOQ10000,SOQ20400,C,D,RING 2,
SOQ20429,SOQ,SULAMPAPUA,Sorong Selatan,Konda,,SOQ-TEM,SOQ10000,SOQ20400,C,D,RING 2,
SOQ20430,SOQ,SULAMPAPUA,Sorong Selatan,Matemani,,SOQ-TEM,SOQ10000,SOQ20400,C,D,RING 2,
SOQ20431,SOQ,SULAMPAPUA,Sorong Selatan,Saifi,,SOQ-TEM,SOQ10000,SOQ20400,C,D,RING 2,
SOQ20432,SOQ,SULAMPAPUA,Maybrat,Aifat Timur Tengah,,SOQ-AYR,SOQ10000,SOQ20404,C,D,RING 2,
SOQ20500,SOQ,SULAMPAPUA,Kab. Teluk Bintuni,Bintuni,CABANG,SOQ-BNI,SOQ10000,SOQ20500,C,C,RING 2,
SOQ20501,SOQ,SULAMPAPUA,Teluk Bintuni,Aranday,,SOQ-BNI,SOQ10000,SOQ20500,C,D,RING 2,
SOQ20502,SOQ,SULAMPAPUA,Teluk Bintuni,Babo,,SOQ-BNI,SOQ10000,SOQ20500,C,D,RING 2,
SOQ20503,SOQ,SULAMPAPUA,Teluk Bintuni,Fafurwar (Irorutu),,SOQ-BNI,SOQ10000,SOQ20500,C,D,RING 2,
SOQ20504,SOQ,SULAMPAPUA,Teluk Bintuni,Wamesa (Idoor),,SOQ-BNI,SOQ10000,SOQ20500,C,D,RING 2,
SOQ20505,SOQ,SULAMPAPUA,Teluk Bintuni,Kuri,,SOQ-BNI,SOQ10000,SOQ20500,C,D,RING 2,
SOQ20506,SOQ,SULAMPAPUA,Teluk Bintuni,Merdey,,SOQ-BNI,SOQ10000,SOQ20500,C,D,RING 2,
SOQ20507,SOQ,SULAMPAPUA,Teluk Bintuni,Moskona Selatan,,SOQ-BNI,SOQ10000,SOQ20500,C,D,RING 2,
SOQ20508,SOQ,SULAMPAPUA,Teluk Bintuni,Moskona Utara,,SOQ-BNI,SOQ10000,SOQ20500,C,D,RING 2,
SOQ20509,SOQ,SULAMPAPUA,Teluk Bintuni,Tembuni,,SOQ-BNI,SOQ10000,SOQ20500,C,D,RING 2,
SOQ20510,SOQ,SULAMPAPUA,Teluk Bintuni,Aroba,,SOQ-BNI,SOQ10000,SOQ20500,C,D,RING 2,
SOQ20511,SOQ,SULAMPAPUA,Teluk Bintuni,Biscoop,,SOQ-BNI,SOQ10000,SOQ20500,C,D,RING 2,
SOQ20512,SOQ,SULAMPAPUA,Teluk Bintuni,Dataran Beimes,,SOQ-BNI,SOQ10000,SOQ20500,C,D,RING 2,
SOQ20513,SOQ,SULAMPAPUA,Teluk Bintuni,Kaitaro,,SOQ-BNI,SOQ10000,SOQ20500,C,D,RING 2,
SOQ20514,SOQ,SULAMPAPUA,Teluk Bintuni,Kamundan,,SOQ-BNI,SOQ10000,SOQ20500,C,D,RING 2,
SOQ20515,SOQ,SULAMPAPUA,Teluk Bintuni,Manimeri,,SOQ-BNI,SOQ10000,SOQ20500,C,D,RING 2,
SOQ20516,SOQ,SULAMPAPUA,Teluk Bintuni,Masyeta,,SOQ-BNI,SOQ10000,SOQ20500,C,D,RING 2,
SOQ20517,SOQ,SULAMPAPUA,Teluk Bintuni,Mayado,,SOQ-BNI,SOQ10000,SOQ20500,C,D,RING 2,
SOQ20518,SOQ,SULAMPAPUA,Teluk Bintuni,Moskona Barat,,SOQ-BNI,SOQ10000,SOQ20500,C,D,RING 2,
SOQ20519,SOQ,SULAMPAPUA,Teluk Bintuni,Moskona Timur,,SOQ-BNI,SOQ10000,SOQ20500,C,D,RING 2,
SOQ20520,SOQ,SULAMPAPUA,Teluk Bintuni,Sumuri (Simuri),,SOQ-BNI,SOQ10000,SOQ20500,C,D,RING 2,
SOQ20521,SOQ,SULAMPAPUA,Teluk Bintuni,Tomu,,SOQ-BNI,SOQ10000,SOQ20500,C,D,RING 2,
SOQ20522,SOQ,SULAMPAPUA,Teluk Bintuni,Tuhiba,,SOQ-BNI,SOQ10000,SOQ20500,C,D,RING 2,
SOQ20524,SOQ,SULAMPAPUA,Teluk Bintuni,Weriagar,,SOQ-BNI,SOQ10000,SOQ20500,C,D,RING 2,
SOQ20600,SOQ,SULAMPAPUA,Rasei,Rasei,,SOQ-WSR,SOQ10000,SOQ20603,C,C,RING 2,
SOQ20601,SOQ,SULAMPAPUA,Teluk Wondama,Rumberpon,,SOQ-MKW,SOQ20608,SOQ20608,C,D,RING 2,
SOQ20602,SOQ,SULAMPAPUA,Teluk Wondama,Wamesa,,SOQ-MKW,SOQ20608,SOQ20608,C,D,RING 2,
SOQ20603,SOQ,SULAMPAPUA,Teluk Wondama,Wasior,CABANG,SOQ-WSR,SOQ10000,SOQ20603,C,C,RING 2,
SOQ20604,SOQ,SULAMPAPUA,Teluk Wondama,Naikere (Wasior Barat),,SOQ-WSR,SOQ10000,SOQ20603,C,D,RING 2,
SOQ20605,SOQ,SULAMPAPUA,Teluk Wondama,Wondiboy (Wasior Selatan),,SOQ-WSR,SOQ10000,SOQ20603,C,D,RING 2,
SOQ20606,SOQ,SULAMPAPUA,Teluk Wondama,Teluk Duairi (Wasior Utara),,SOQ-WSR,SOQ10000,SOQ20603,C,D,RING 2,
SOQ20607,SOQ,SULAMPAPUA,Teluk Wondama,Windesi,,SOQ-WSR,SOQ10000,SOQ20603,C,D,RING 2,
SOQ20608,SOQ,SULAMPAPUA,Kab. Manokwari,Manokwari,CABANG,SOQ-MKW,SOQ20608,SOQ20608,B,B,RING 2,
SOQ20609,SOQ,SULAMPAPUA,Tambrauw,Amberbaken,,SOQ-SSP,SOQ10000,SOQ10010,C,D,RING 2,
SOQ20610,SOQ,SULAMPAPUA,Pegunungan Arfak,Anggi,,SOQ-MKW,SOQ20608,SOQ20608,C,D,RING 2,
SOQ20611,SOQ,SULAMPAPUA,Tambrauw,Kebar,,SOQ-SSP,SOQ10000,SOQ10010,C,D,RING 2,
SOQ20612,SOQ,SULAMPAPUA,Manokwari Selatan,Oransbari,CABANG,SOQ-ORI,SOQ10000,SOQ20612,C,C,RING 2,
SOQ20613,SOQ,SULAMPAPUA,Manokwari Selatan,Ransiki,CABANG,SOQ-RKI,SOQ10000,SOQ20613,C,C,RING 2,
SOQ20614,SOQ,SULAMPAPUA,Manokwari,Warmare,,SOQ-PRF,SOQ20608,SOQ20617,C,D,RING 2,
SOQ20615,SOQ,SULAMPAPUA,Manokwari,Masni,,SOQ-PRF,SOQ20608,SOQ20617,C,D,RING 2,
SOQ20616,SOQ,SULAMPAPUA,Pegunungan Arfak,Minyambaouw,,SOQ-MKW,SOQ20608,SOQ20608,C,D,RING 2,
SOQ20617,SOQ,SULAMPAPUA,Manokwari,Prafi,CABANG,SOQ-PRF,SOQ20608,SOQ20617,C,C,RING 2,
SOQ20618,SOQ,SULAMPAPUA,Pegunungan Arfak,Sururey,,SOQ-MKW,SOQ20608,SOQ20608,C,D,RING 2,
SOQ20619,SOQ,SULAMPAPUA,Manokwari,Manokwari Barat,,SOQ-MKW,SOQ20608,SOQ20608,B,B,RING 2,
SOQ20620,SOQ,SULAMPAPUA,Manokwari,Manokwari Selatan,,SOQ-MKW,SOQ20608,SOQ20608,B,B,RING 2,
SOQ20621,SOQ,SULAMPAPUA,Manokwari,Manokwari Timur,,SOQ-MKW,SOQ20608,SOQ20608,B,B,RING 2,
SOQ20622,SOQ,SULAMPAPUA,Manokwari,Manokwari Utara,,SOQ-MKW,SOQ20608,SOQ20608,C,B,RING 2,
SOQ20623,SOQ,SULAMPAPUA,Manokwari,Sidey,,SOQ-PRF,SOQ20608,SOQ20617,C,D,RING 2,
SOQ20624,SOQ,SULAMPAPUA,Manokwari,Tanah Rubuh,,SOQ-MKW,SOQ20608,SOQ20608,C,D,RING 2,
SOQ20625,SOQ,SULAMPAPUA,Teluk Wondama,Kuri Wamesa,,SOQ-WSR,SOQ10000,SOQ20603,C,D,RING 2,
SOQ20700,SOQ,SULAMPAPUA,Pegunungan Arfak,Anggi Gida,,SOQ-MKW,SOQ20608,SOQ20608,C,D,RING 2,
SOQ20701,SOQ,SULAMPAPUA,Pegunungan Arfak,Catubouw,,SOQ-MKW,SOQ20608,SOQ20608,C,D,RING 2,
SOQ20702,SOQ,SULAMPAPUA,Pegunungan Arfak,Didohu,,SOQ-MKW,SOQ20608,SOQ20608,C,D,RING 2,
SOQ20703,SOQ,SULAMPAPUA,Pegunungan Arfak,Hingk,,SOQ-MKW,SOQ20608,SOQ20608,C,D,RING 2,
SOQ20704,SOQ,SULAMPAPUA,Pegunungan Arfak,Membey,,SOQ-MKW,SOQ20608,SOQ20608,C,D,RING 2,
SOQ20705,SOQ,SULAMPAPUA,Pegunungan Arfak,Taige,,SOQ-MKW,SOQ20608,SOQ20608,C,D,RING 2,
SOQ20706,SOQ,SULAMPAPUA,Pegunungan Arfak,Testega,,SOQ-MKW,SOQ20608,SOQ20608,C,D,RING 2,
SOQ20800,SOQ,SULAMPAPUA,Manokwari Selatan,Dataran Isim,,SOQ-RKI,SOQ10000,SOQ20613,C,D,RING 2,
SOQ20801,SOQ,SULAMPAPUA,Manokwari Selatan,Momi Waren,,SOQ-RKI,SOQ10000,SOQ20613,C,D,RING 2,
SOQ20802,SOQ,SULAMPAPUA,Manokwari Selatan,Neney,,SOQ-RKI,SOQ10000,SOQ20613,C,D,RING 2,
SOQ20803,SOQ,SULAMPAPUA,Manokwari Selatan,Tahota,,SOQ-RKI,SOQ10000,SOQ20613,C,D,RING 2,
SOQ20900,SOQ,SULAMPAPUA,Tambrauw,Miyah,,SOQ-SSP,SOQ10000,SOQ10010,C,D,RING 2,
SOQ20901,SOQ,SULAMPAPUA,Tambrauw,Mubrani,,SOQ-SSP,SOQ10000,SOQ10010,C,D,RING 2,
SOQ20902,SOQ,SULAMPAPUA,Tambrauw,Senopi,,SOQ-SSP,SOQ10000,SOQ10010,C,D,RING 2,
SOQ20903,SOQ,SULAMPAPUA,Tambrauw,Yembun,,SOQ-SSP,SOQ10000,SOQ10010,C,D,RING 2,
SOQ20904,SOQ,SULAMPAPUA,Tambrauw,Amberbaken Barat,,SOQ-SSP,SOQ10000,SOQ10010,C,D,RING 2,
SOQ20905,SOQ,SULAMPAPUA,Tambrauw,Ases,,SOQ-SSP,SOQ10000,SOQ10010,C,D,RING 2,
SOQ20906,SOQ,SULAMPAPUA,Tambrauw,Bamusbama,,SOQ-SSP,SOQ10000,SOQ10010,C,D,RING 2,
SOQ20907,SOQ,SULAMPAPUA,Tambrauw,Bikar,,SOQ-SSP,SOQ10000,SOQ10010,C,D,RING 2,
SOQ20908,SOQ,SULAMPAPUA,Tambrauw,Ireres,,SOQ-SSP,SOQ10000,SOQ10010,C,D,RING 2,
SOQ20909,SOQ,SULAMPAPUA,Tambrauw,Kasi,,SOQ-SSP,SOQ10000,SOQ10010,C,D,RING 2,
SOQ20910,SOQ,SULAMPAPUA,Tambrauw,Kebar Selatan,,SOQ-SSP,SOQ10000,SOQ10010,C,D,RING 2,
SOQ20911,SOQ,SULAMPAPUA,Tambrauw,Kebar Timur,,SOQ-SSP,SOQ10000,SOQ10010,C,D,RING 2,
SOQ20912,SOQ,SULAMPAPUA,Tambrauw,Kwesefo,,SOQ-SSP,SOQ10000,SOQ10010,C,D,RING 2,
SOQ20913,SOQ,SULAMPAPUA,Tambrauw,Kwoor,,SOQ-SSP,SOQ10000,SOQ10010,C,D,RING 2,
SOQ20914,SOQ,SULAMPAPUA,Tambrauw,Manekar,,SOQ-SSP,SOQ10000,SOQ10010,C,D,RING 2,
SOQ20915,SOQ,SULAMPAPUA,Tambrauw,Mawabuan,,SOQ-SSP,SOQ10000,SOQ10010,C,D,RING 2,
SOQ20916,SOQ,SULAMPAPUA,Tambrauw,Miyah Selatan,,SOQ-SSP,SOQ10000,SOQ10010,C,D,RING 2,
SOQ20917,SOQ,SULAMPAPUA,Tambrauw,Mpur,,SOQ-SSP,SOQ10000,SOQ10010,C,D,RING 2,
SOQ20918,SOQ,SULAMPAPUA,Tambrauw,Selemkai,,SOQ-SSP,SOQ10000,SOQ10010,C,D,RING 2,
SOQ20919,SOQ,SULAMPAPUA,Tambrauw,Syujak,,SOQ-SSP,SOQ10000,SOQ10010,C,D,RING 2,
SOQ20920,SOQ,SULAMPAPUA,Tambrauw,Tinggouw,,SOQ-SSP,SOQ10000,SOQ10010,C,D,RING 2,
SOQ20921,SOQ,SULAMPAPUA,Tambrauw,Tobouw,,SOQ-SSP,SOQ10000,SOQ10010,C,D,RING 2,
SOQ20922,SOQ,SULAMPAPUA,Tambrauw,Wilhem Roumbouts,,SOQ-SSP,SOQ10000,SOQ10010,C,D,RING 2,
SOQ30001,SOQ,SULAMPAPUA,Teluk Wondama,Nikiwar,,SOQ-WSR,SOQ10000,SOQ20603,C,D,RING 2,
SOQ30002,SOQ,SULAMPAPUA,Teluk Wondama,Roon,,SOQ-WSR,SOQ10000,SOQ20603,C,D,RING 2,
SOQ30003,SOQ,SULAMPAPUA,Teluk Wondama,Roswar,,SOQ-MKW,SOQ20608,SOQ20608,C,D,RING 2,
SOQ30004,SOQ,SULAMPAPUA,Teluk Wondama,Soug Jaya,,SOQ-WSR,SOQ10000,SOQ20603,C,D,RING 2,
SOQ30005,SOQ,SULAMPAPUA,Teluk Wondama,Rasiei,,SOQ-WSR,SOQ10000,SOQ20603,C,D,RING 2,
SOQ40001,SOQ,SULAMPAPUA,Maybrat,Aifat Selatan,,SOQ-AYR,SOQ10000,SOQ20404,C,D,RING 2,
SOQ40002,SOQ,SULAMPAPUA,Maybrat,Aifat Timur Jauh,,SOQ-AYR,SOQ10000,SOQ20404,C,D,RING 2,
SOQ40003,SOQ,SULAMPAPUA,Maybrat,Aifat Timur Selatan,,SOQ-AYR,SOQ10000,SOQ20404,C,D,RING 2,
SOQ40004,SOQ,SULAMPAPUA,Maybrat,Aifat Utara,,SOQ-AYR,SOQ10000,SOQ20404,C,D,RING 2,
TIM10000,TIM,SULAMPAPUA,Kab. Mimika,Timika,CABANG UTAMA,TIM,TIM10000,TIM10000,B,A,RING 1,
TIM10001,TIM,SULAMPAPUA,Mimika,Agimuga,,TIM,TIM10000,TIM10000,C,C,RING 2,
TIM10002,TIM,SULAMPAPUA,Mimika,Jila,,TIM,TIM10000,TIM10000,C,C,RING 2,
TIM10003,TIM,SULAMPAPUA,Mimika,Jita,,TIM,TIM10000,TIM10000,C,C,RING 2,
TIM10004,TIM,SULAMPAPUA,Mimika,Kuala Kencana,,TIM,TIM10000,TIM10000,C,B,RING 2,
TIM10005,TIM,SULAMPAPUA,Mimika,Mimika Barat,,TIM,TIM10000,TIM10000,C,C,RING 2,
TIM10006,TIM,SULAMPAPUA,Mimika,Mimika Barat Jauh,,TIM,TIM10000,TIM10000,C,C,RING 2,
TIM10007,TIM,SULAMPAPUA,Mimika,Mimika Barat Tengah,,TIM,TIM10000,TIM10000,C,C,RING 2,
TIM10008,TIM,SULAMPAPUA,Mimika,Mimika Baru,,TIM,TIM10000,TIM10000,C,A,RING 2,
TIM10009,TIM,SULAMPAPUA,Mimika,Mimika Timur,,TIM,TIM10000,TIM10000,C,C,RING 2,
TIM10010,TIM,SULAMPAPUA,Mimika,Mimika Timur Jauh,,TIM,TIM10000,TIM10000,C,C,RING 2,
TIM10011,TIM,SULAMPAPUA,Mimika,Mimika Tengah,,TIM,TIM10000,TIM10000,C,C,RING 2,
TIM10012,TIM,SULAMPAPUA,Mimika,Tembagapura,,TIM,TIM10000,TIM10000,C,D,RING 2,
TIM10013,TIM,SULAMPAPUA,Mimika,Alama,,TIM,TIM10000,TIM10000,C,D,RING 2,
TIM10014,TIM,SULAMPAPUA,Mimika,Amar,,TIM,TIM10000,TIM10000,C,C,RING 2,
TIM10015,TIM,SULAMPAPUA,Mimika,Hoya,,TIM,TIM10000,TIM10000,C,C,RING 2,
TIM10016,TIM,SULAMPAPUA,Mimika,Iwaka,,TIM,TIM10000,TIM10000,C,C,RING 2,
TIM10017,TIM,SULAMPAPUA,Mimika,Kwamki Narama,,TIM,TIM10000,TIM10000,C,C,RING 2,
TIM10018,TIM,SULAMPAPUA,Mimika,Wania,,TIM,TIM10000,TIM10000,C,C,RING 2,
TTE10000,TTE,SULAMPAPUA,Kota Ternate,Ternate,CABANG UTAMA,TTE,TTE10000,TTE10000,A,A,RING 1,
TTE10021,TTE,SULAMPAPUA,Ternate ,Moti (Pulau Moti),,TTE,TTE10000,TTE10000,C,C,RING 1,
TTE10022,TTE,SULAMPAPUA,Ternate ,Ternate Selatan (Kota),,TTE,TTE10000,TTE10000,A,A,RING 1,
TTE10023,TTE,SULAMPAPUA,Ternate ,Ternate Utara (Kota),,TTE,TTE10000,TTE10000,A,A,RING 1,
TTE10024,TTE,SULAMPAPUA,Ternate ,Ternate Tengah (Kota),,TTE,TTE10000,TTE10000,A,A,RING 1,
TTE10025,TTE,SULAMPAPUA,Ternate ,Pulau Ternate,,TTE,TTE10000,TTE10000,A,A,RING 1,
TTE10026,TTE,SULAMPAPUA,Ternate ,Pulau Batang Dua,,TTE,TTE10000,TTE10000,C,C,RING 1,
TTE10027,TTE,SULAMPAPUA,Ternate ,Pulau Hiri,,TTE,TTE10000,TTE10000,C,C,RING 1,
TTE20200,TTE,SULAMPAPUA,Kab. Halmahera Barat,Jailolo,CABANG,TTE-JLL,TTE10000,TTE20200,C,C,RING 2,
TTE20201,TTE,SULAMPAPUA,Halmahera Barat ,Jailolo Selatan,,TTE-JLL,TTE10000,TTE20200,C,C,RING 2,
TTE20202,TTE,SULAMPAPUA,Halmahera Barat ,Ibu,,TTE-JLL,TTE10000,TTE20200,D,D,RING 2,
TTE20203,TTE,SULAMPAPUA,Halmahera Barat ,Loloda,,TTE-JLL,TTE10000,TTE20200,D,D,RING 2,
TTE20204,TTE,SULAMPAPUA,Halmahera Barat ,Sahu,,TTE-JLL,TTE10000,TTE20200,C,C,RING 2,
TTE20205,TTE,SULAMPAPUA,Halmahera Barat ,Sahu Timur,,TTE-JLL,TTE10000,TTE20200,C,C,RING 2,
TTE20207,TTE,SULAMPAPUA,Halmahera Barat ,Ibu Utara,,TTE-JLL,TTE10000,TTE20200,C,D,RING 2,
TTE20208,TTE,SULAMPAPUA,Halmahera Barat ,Ibu Selatan,,TTE-JLL,TTE10000,TTE20200,C,D,RING 2,
TTE20300,TTE,SULAMPAPUA,Kab. Halmahera Selatan,Labuha,CABANG,TTE-LAH,TTE10000,TTE20300,B,B,RING 2,
TTE20301,TTE,SULAMPAPUA,Halmahera Selatan ,Bacan,,TTE-LAH,TTE10000,TTE20300,C,C,RING 2,
TTE20302,TTE,SULAMPAPUA,Halmahera Selatan ,Bacan Selatan,,TTE-LAH,TTE10000,TTE20300,C,C,RING 2,
TTE20303,TTE,SULAMPAPUA,Halmahera Selatan ,Bacan Timur,,TTE-LAH,TTE10000,TTE20300,C,C,RING 2,
TTE20304,TTE,SULAMPAPUA,Halmahera Selatan ,Gane Barat,,TTE-LAH,TTE10000,TTE20300,D,D,RING 2,
TTE20305,TTE,SULAMPAPUA,Halmahera Selatan ,Gane Timur,,TTE-LAH,TTE10000,TTE20300,D,D,RING 2,
TTE20306,TTE,SULAMPAPUA,Halmahera Selatan ,Kayoa,,TTE-LAH,TTE10000,TTE20300,D,D,RING 2,
TTE20307,TTE,SULAMPAPUA,Halmahera Selatan ,Obi,CABANG,TTE-OBI,TTE10000,TTE20307,D,C,RING 2,
TTE20308,TTE,SULAMPAPUA,Halmahera Selatan ,Obi Selatan,,TTE-OBI,TTE10000,TTE20307,D,D,RING 2,
TTE20309,TTE,SULAMPAPUA,Halmahera Selatan ,Pulau Makian,,TTE-LAH,TTE10000,TTE20300,D,D,RING 2,
TTE20310,TTE,SULAMPAPUA,Halmahera Selatan ,Obi Utara,,TTE-OBI,TTE10000,TTE20307,C,D,RING 2,
TTE20311,TTE,SULAMPAPUA,Halmahera Selatan ,Obi Timur,,TTE-OBI,TTE10000,TTE20307,C,C,RING 2,
TTE20312,TTE,SULAMPAPUA,Halmahera Selatan ,Obi Barat,,TTE-OBI,TTE10000,TTE20307,C,D,RING 2,
TTE20313,TTE,SULAMPAPUA,Halmahera Selatan ,Mandioli Utara,,TTE-LAH,TTE10000,TTE20300,C,D,RING 2,
TTE20314,TTE,SULAMPAPUA,Halmahera Selatan ,Mandioli Selatan,,TTE-LAH,TTE10000,TTE20300,C,D,RING 2,
TTE20315,TTE,SULAMPAPUA,Halmahera Selatan ,Makian Barat (Pulau Makian),,TTE-LAH,TTE10000,TTE20300,C,D,RING 2,
TTE20316,TTE,SULAMPAPUA,Halmahera Selatan ,Kepulauan Joronga,,TTE-LAH,TTE10000,TTE20300,C,D,RING 2,
TTE20317,TTE,SULAMPAPUA,Halmahera Selatan ,Kepulauan Botanglomang,,TTE-LAH,TTE10000,TTE20300,C,C,RING 2,
TTE20318,TTE,SULAMPAPUA,Halmahera Selatan ,Kayoa Utara,,TTE-LAH,TTE10000,TTE20300,C,D,RING 2,
TTE20319,TTE,SULAMPAPUA,Halmahera Selatan ,Kayoa Selatan,,TTE-LAH,TTE10000,TTE20300,C,D,RING 2,
TTE20320,TTE,SULAMPAPUA,Halmahera Selatan ,Kayoa Barat,,TTE-LAH,TTE10000,TTE20300,C,D,RING 2,
TTE20321,TTE,SULAMPAPUA,Halmahera Selatan ,Kasiruta Timur,,TTE-LAH,TTE10000,TTE20300,C,D,RING 2,
TTE20322,TTE,SULAMPAPUA,Halmahera Selatan ,Kasiruta Barat,,TTE-LAH,TTE10000,TTE20300,C,D,RING 2,
TTE20323,TTE,SULAMPAPUA,Halmahera Selatan ,Gane Timur Tengah,,TTE-LAH,TTE10000,TTE20300,C,C,RING 2,
TTE20324,TTE,SULAMPAPUA,Halmahera Selatan ,Gane Timur Selatan,,TTE-LAH,TTE10000,TTE20300,C,D,RING 2,
TTE20325,TTE,SULAMPAPUA,Halmahera Selatan ,Gane Barat Utara,,TTE-LAH,TTE10000,TTE20300,C,C,RING 2,
TTE20326,TTE,SULAMPAPUA,Halmahera Selatan ,Gane Barat Selatan,,TTE-LAH,TTE10000,TTE20300,C,D,RING 2,
TTE20327,TTE,SULAMPAPUA,Halmahera Selatan ,Bacan Timur Tengah,,TTE-LAH,TTE10000,TTE20300,C,D,RING 2,
TTE20328,TTE,SULAMPAPUA,Halmahera Selatan ,Bacan Timur Selatan,,TTE-LAH,TTE10000,TTE20300,C,D,RING 2,
TTE20329,TTE,SULAMPAPUA,Halmahera Selatan ,Bacan Barat Utara,,TTE-LAH,TTE10000,TTE20300,C,D,RING 2,
TTE20330,TTE,SULAMPAPUA,Halmahera Selatan ,Bacan Barat,,TTE-LAH,TTE10000,TTE20300,C,C,RING 2,
TTE20400,TTE,SULAMPAPUA,Kab. Halmahera Tengah,Weda,CABANG,TTE-WDA,TTE10000,TTE20400,C,D,RING 2,
TTE20401,TTE,SULAMPAPUA,Halmahera Tengah ,Pulau Gebe,,TTE-WDA,TTE10000,TTE20400,C,C,RING 2,
TTE20402,TTE,SULAMPAPUA,Halmahera Tengah ,Patani,,TTE-WDA,TTE10000,TTE20400,D,D,RING 2,
TTE20403,TTE,SULAMPAPUA,Halmahera Tengah ,Weda Utara,,TTE-WDA,TTE10000,TTE20400,C,C,RING 2,
TTE20404,TTE,SULAMPAPUA,Halmahera Tengah ,Weda Selatan,,TTE-WDA,TTE10000,TTE20400,C,C,RING 2,
TTE20405,TTE,SULAMPAPUA,Halmahera Tengah ,Patani Utara,,TTE-WDA,TTE10000,TTE20400,C,C,RING 2,
TTE20406,TTE,SULAMPAPUA,Halmahera Tengah ,Patani Barat,,TTE-WDA,TTE10000,TTE20400,C,C,RING 2,
TTE20407,TTE,SULAMPAPUA,Halmahera Tengah ,Weda Tengah,,TTE-WDA,TTE10000,TTE20400,C,C,RING 2,
TTE20500,TTE,SULAMPAPUA,Kab. Halmahera Timur,Maba,CABANG,TTE-MBA,TTE10000,TTE20500,B,D,RING 2,
TTE20501,TTE,SULAMPAPUA,Halmahera Timur,Maba Selatan,CABANG,TTE-MBS,TTE10000,TTE20501,C,D,RING 2,
TTE20502,TTE,SULAMPAPUA,Halmahera Timur ,Wasile,,TTE-MBS,TTE10000,TTE20501,D,D,RING 2,
TTE20503,TTE,SULAMPAPUA,Halmahera Timur ,Wasile Selatan,,TTE-MBS,TTE10000,TTE20501,D,D,RING 2,
TTE20504,TTE,SULAMPAPUA,Halmahera Timur ,Wasile Utara,,TTE-MBS,TTE10000,TTE20501,C,D,RING 2,
TTE20505,TTE,SULAMPAPUA,Halmahera Timur ,Wasile Timur,,TTE-MBS,TTE10000,TTE20501,C,C,RING 2,
TTE20506,TTE,SULAMPAPUA,Halmahera Timur ,Wasile Tengah,,TTE-MBS,TTE10000,TTE20501,C,C,RING 2,
TTE20507,TTE,SULAMPAPUA,Halmahera Timur ,Maba Utara,,TTE-MBS,TTE10000,TTE20501,C,C,RING 2,
TTE20508,TTE,SULAMPAPUA,Halmahera Timur ,Maba Tengah,,TTE-MBS,TTE10000,TTE20501,C,C,RING 2,
TTE20509,TTE,SULAMPAPUA,Halmahera Timur ,Kota Maba,,TTE-MBA,TTE10000,TTE20500,C,C,RING 2,
TTE20600,TTE,SULAMPAPUA,Kab. Halmahera Utara,Tobelo,CABANG,TTE-TOB,TTE10000,TTE20600,B,D,RING 2,
TTE20601,TTE,SULAMPAPUA,Halmahera Utara ,Tobelo Selatan,,TTE-TOB,TTE10000,TTE20600,B,B,RING 2,
TTE20602,TTE,SULAMPAPUA,Halmahera Utara ,Galela,,TTE-TOB,TTE10000,TTE20600,C,C,RING 2,
TTE20603,TTE,SULAMPAPUA,Halmahera Utara ,Kao,,TTE-TOB,TTE10000,TTE20600,C,D,RING 2,
TTE20604,TTE,SULAMPAPUA,Halmahera Utara ,Loloda Utara,,TTE-TOB,TTE10000,TTE20600,D,D,RING 2,
TTE20605,TTE,SULAMPAPUA,Halmahera Utara ,Malifut,,TTE-TOB,TTE10000,TTE20600,D,B,RING 2,
TTE20606,TTE,SULAMPAPUA,Pulau Morotai ,Morotai Selatan,,TTE-MOT,TTE10000,TTE20900,D,B,RING 2,
TTE20607,TTE,SULAMPAPUA,Pulau Morotai ,Morotai Selatan Barat,,TTE-MOT,TTE10000,TTE20900,D,C,RING 2,
TTE20608,TTE,SULAMPAPUA,Pulau Morotai ,Morotai Utara,,TTE-MOT,TTE10000,TTE20900,D,C,RING 2,
TTE20609,TTE,SULAMPAPUA,Halmahera Utara ,Tobelo Utara,,TTE-TOB,TTE10000,TTE20600,B,C,RING 2,
TTE20610,TTE,SULAMPAPUA,Halmahera Utara ,Tobelo Timur,,TTE-TOB,TTE10000,TTE20600,B,D,RING 2,
TTE20611,TTE,SULAMPAPUA,Halmahera Utara ,Tobelo Tengah,,TTE-TOB,TTE10000,TTE20600,B,C,RING 2,
TTE20612,TTE,SULAMPAPUA,Halmahera Utara ,Tobelo Barat,,TTE-TOB,TTE10000,TTE20600,B,D,RING 2,
TTE20613,TTE,SULAMPAPUA,Halmahera Utara ,Loloda Kepulauan,,TTE-TOB,TTE10000,TTE20600,C,D,RING 2,
TTE20614,TTE,SULAMPAPUA,Halmahera Utara ,Kao Utara,,TTE-TOB,TTE10000,TTE20600,C,D,RING 2,
TTE20615,TTE,SULAMPAPUA,Halmahera Utara ,Kao Teluk,,TTE-TOB,TTE10000,TTE20600,C,D,RING 2,
TTE20616,TTE,SULAMPAPUA,Halmahera Utara ,Kao Barat,,TTE-TOB,TTE10000,TTE20600,C,D,RING 2,
TTE20617,TTE,SULAMPAPUA,Halmahera Utara ,Galela Utara,,TTE-TOB,TTE10000,TTE20600,C,C,RING 2,
TTE20618,TTE,SULAMPAPUA,Halmahera Utara ,Galela Selatan,,TTE-TOB,TTE10000,TTE20600,C,C,RING 2,
TTE20619,TTE,SULAMPAPUA,Halmahera Utara ,Galela Barat,,TTE-TOB,TTE10000,TTE20600,C,C,RING 2,
TTE20700,TTE,SULAMPAPUA,Kab. Kepulauan Sula,Sanana,CABANG,TTE-SQN,TTE10000,TTE20700,C,C,RING 2,
TTE20701,TTE,SULAMPAPUA,Kepulauan Sula ,Mangoli Barat,,TTE-SQN,TTE10000,TTE20700,C,C,RING 2,
TTE20702,TTE,SULAMPAPUA,Kepulauan Sula ,Mangoli Timur,,TTE-SQN,TTE10000,TTE20700,C,C,RING 2,
TTE20703,TTE,SULAMPAPUA,Nggele,Nggele,,TTE-SQN,TTE10000,TTE20700,D,D,RING 2,
TTE20704,TTE,SULAMPAPUA,Kepulauan Sula ,Sulabesi Barat,,TTE-SQN,TTE10000,TTE20700,D,C,RING 2,
TTE20705,TTE,SULAMPAPUA,Pulau Taliabu ,Taliabu Barat,,TTE-SQN,TTE10000,TTE20700,D,C,RING 2,
TTE20706,TTE,SULAMPAPUA,Pulau Taliabu ,Taliabu Timur,,TTE-SQN,TTE10000,TTE20700,D,D,RING 2,
TTE20707,TTE,SULAMPAPUA,Pulau Taliabu ,Taliabu Utara,,TTE-SQN,TTE10000,TTE20700,D,C,RING 2,
TTE20708,TTE,SULAMPAPUA,Pulau Taliabu ,Taliabu Timur Selatan,,TTE-SQN,TTE10000,TTE20700,D,D,RING 2,
TTE20709,TTE,SULAMPAPUA,Pulau Taliabu ,Taliabu Selatan,,TTE-SQN,TTE10000,TTE20700,D,D,RING 2,
TTE20710,TTE,SULAMPAPUA,Pulau Taliabu ,Taliabu Barat Laut,,TTE-SQN,TTE10000,TTE20700,D,C,RING 2,
TTE20711,TTE,SULAMPAPUA,Kepulauan Sula ,Sulabesi Timur,,TTE-SQN,TTE10000,TTE20700,C,D,RING 2,
TTE20712,TTE,SULAMPAPUA,Kepulauan Sula ,Sulabesi Tengah,,TTE-SQN,TTE10000,TTE20700,C,D,RING 2,
TTE20713,TTE,SULAMPAPUA,Kepulauan Sula ,Sulabesi Selatan,,TTE-SQN,TTE10000,TTE20700,C,D,RING 2,
TTE20714,TTE,SULAMPAPUA,Kepulauan Sula ,Sanana Utara,,TTE-SQN,TTE10000,TTE20700,C,D,RING 2,
TTE20715,TTE,SULAMPAPUA,Kepulauan Sula ,Mangoli Utara Timur,,TTE-SQN,TTE10000,TTE20700,C,D,RING 2,
TTE20716,TTE,SULAMPAPUA,Kepulauan Sula ,Mangoli Utara,,TTE-SQN,TTE10000,TTE20700,C,D,RING 2,
TTE20717,TTE,SULAMPAPUA,Kepulauan Sula ,Mangoli Tengah,,TTE-SQN,TTE10000,TTE20700,C,D,RING 2,
TTE20718,TTE,SULAMPAPUA,Kepulauan Sula ,Mangoli Selatan,,TTE-SQN,TTE10000,TTE20700,C,D,RING 2,
TTE20719,TTE,SULAMPAPUA,Pulau Taliabu ,Lede,,TTE-SQN,TTE10000,TTE20700,D,D,RING 2,
TTE20720,TTE,SULAMPAPUA,Pulau Taliabu ,Tabona,,TTE-SQN,TTE10000,TTE20700,D,D,RING 2,
TTE20800,TTE,SULAMPAPUA,Tidore Kepulauan ,Tidore,CABANG,TTE-TID,TTE10000,TTE20800,B,D,RING 2,
TTE20801,TTE,SULAMPAPUA,Tidore Kepulauan ,Oba,,TTE-OBU,TTE10000,TTE20802,D,D,RING 2,
TTE20802,TTE,SULAMPAPUA,Tidore Kepulauan ,Oba Utara,CABANG,TTE-OBU,TTE10000,TTE20802,D,D,RING 2,
TTE20803,TTE,SULAMPAPUA,Tidore Kepulauan ,Tidore Selatan,,TTE-TID,TTE10000,TTE20800,C,D,RING 2,
TTE20804,TTE,SULAMPAPUA,Tidore Kepulauan ,Tidore Utara,,TTE-TID,TTE10000,TTE20800,C,D,RING 2,
TTE20805,TTE,SULAMPAPUA,Tidore Kepulauan ,Tidore Timur,,TTE-TID,TTE10000,TTE20800,B,C,RING 2,
TTE20806,TTE,SULAMPAPUA,Tidore Kepulauan ,Oba Tengah,,TTE-OBU,TTE10000,TTE20802,C,D,RING 2,
TTE20807,TTE,SULAMPAPUA,Tidore Kepulauan ,Oba Selatan,,TTE-OBU,TTE10000,TTE20802,C,B,RING 2,
TTE20808,TTE,SULAMPAPUA,Tidore Kepulauan ,Tidore (Pulau Tidore),,TTE-TID,TTE10000,TTE20800,C,D,RING 2,
TTE20900,TTE,SULAMPAPUA,Pulau Morotai ,Morotai Timur,CABANG,TTE-MOT,TTE10000,TTE20900,C,C,RING 2,
TTE20901,TTE,SULAMPAPUA,Pulau Morotai ,Morotai Jaya,,TTE-MOT,TTE10000,TTE20900,C,C,RING 2,
UPG10000,UPG,SULAMPAPUA,Kota Makassar,Ujung Pandang,Cabang Utama,UPG,UPG10000,UPG10000,A,A,RING 1,
UPG10003,UPG,SULAMPAPUA,Makassar,Tamalate,,UPG,UPG10000,UPG10000,A,A,RING 1,
UPG10004,UPG,SULAMPAPUA,Makassar,Biring Kanaya,,UPG,UPG10000,UPG10000,A,A,RING 1,
UPG10005,UPG,SULAMPAPUA,Makassar,Bontoala,,UPG,UPG10000,UPG10000,A,A,RING 1,
UPG10006,UPG,SULAMPAPUA,Makassar,Mamajang,,UPG,UPG10000,UPG10000,A,A,RING 1,
UPG10007,UPG,SULAMPAPUA,Makassar,Manggala,,UPG,UPG10000,UPG10000,A,A,RING 1,
UPG10008,UPG,SULAMPAPUA,Makassar,Mariso,,UPG,UPG10000,UPG10000,A,A,RING 1,
UPG10009,UPG,SULAMPAPUA,Makassar,Panakkukang,,UPG,UPG10000,UPG10000,A,A,RING 1,
UPG10010,UPG,SULAMPAPUA,Makassar,Rappocini,,UPG,UPG10000,UPG10000,A,A,RING 1,
UPG10011,UPG,SULAMPAPUA,Makassar,Tallo,,UPG,UPG10000,UPG10000,A,A,RING 1,
UPG10012,UPG,SULAMPAPUA,Makassar,Tamalanrea,,UPG,UPG10000,UPG10000,A,A,RING 1,
UPG10013,UPG,SULAMPAPUA,Makassar,Ujung Tanah,,UPG,UPG10000,UPG10000,A,A,RING 1,
UPG10014,UPG,SULAMPAPUA,Makassar,Wajo,,UPG,UPG10000,UPG10000,A,A,RING 1,
UPG10015,UPG,SULAMPAPUA,Makassar,Makassar,,UPG,UPG10000,UPG10000,A,A,RING 1,
UPG20100,UPG,SULAMPAPUA,Kab. Bantaeng,Bantaeng,CABANG,UPG-BAN,UPG10000,UPG20100,B,B,RING 2,
UPG20101,UPG,SULAMPAPUA,Bantaeng,Bissappu,,UPG-BAN,UPG10000,UPG20100,C,C,RING 2,
UPG20102,UPG,SULAMPAPUA,Bantaeng,Tompobulu,,UPG-BAN,UPG10000,UPG20100,C,C,RING 2,
UPG20104,UPG,SULAMPAPUA,Bantaeng,Eremerasa,,UPG-BAN,UPG10000,UPG20100,C,C,RING 2,
UPG20105,UPG,SULAMPAPUA,Bantaeng,Pajukukang,,UPG-BAN,UPG10000,UPG20100,C,C,RING 2,
UPG20106,UPG,SULAMPAPUA,Bantaeng,Uluere,,UPG-BAN,UPG10000,UPG20100,C,C,RING 2,
UPG20107,UPG,SULAMPAPUA,Bantaeng,Sinoa,,UPG-BAN,UPG10000,UPG20100,C,C,RING 2,
UPG20108,UPG,SULAMPAPUA,Bantaeng,Gantarang Keke (Gantareng Keke),,UPG-BAN,UPG10000,UPG20100,C,C,RING 2,
UPG20200,UPG,SULAMPAPUA,Kab. Barru,Barru,CABANG,UPG-BAR,UPG10000,UPG20200,B,B,RING 2,
UPG20201,UPG,SULAMPAPUA,Barru,Mallusetasi,,UPG-BAR,UPG10000,UPG20200,C,C,RING 2,
UPG20202,UPG,SULAMPAPUA,Barru,Soppeng Riaja,,UPG-BAR,UPG10000,UPG20200,C,C,RING 2,
UPG20203,UPG,SULAMPAPUA,Barru,Tanete Riaja,,UPG-BAR,UPG10000,UPG20200,C,C,RING 2,
UPG20204,UPG,SULAMPAPUA,Barru,Tanete Rilau,,UPG-BAR,UPG10000,UPG20200,C,C,RING 2,
UPG20205,UPG,SULAMPAPUA,Barru,Balusu,,UPG-BAR,UPG10000,UPG20200,C,C,RING 2,
UPG20206,UPG,SULAMPAPUA,Barru,Pujananting,,UPG-BAR,UPG10000,UPG20200,C,C,RING 2,
UPG20300,UPG,SULAMPAPUA,Kab. Bulukumba,Bulukumba,CABANG,UPG-BLK,UPG10000,UPG20300,B,B,RING 2,
UPG20301,UPG,SULAMPAPUA,Bulukumba,Bonto Bahari,,UPG-BLK,UPG10000,UPG20300,C,C,RING 2,
UPG20302,UPG,SULAMPAPUA,Bulukumba,Bontotiro,,UPG-BLK,UPG10000,UPG20300,C,C,RING 2,
UPG20304,UPG,SULAMPAPUA,Bulukumba,Gantorang/Gantarang (Gangking),,UPG-BLK,UPG10000,UPG20300,C,C,RING 2,
UPG20305,UPG,SULAMPAPUA,Bulukumba,Hero Lange-Lange (Herlang),,UPG-BLK,UPG10000,UPG20300,C,C,RING 2,
UPG20306,UPG,SULAMPAPUA,Bulukumba,Kajang,,UPG-BLK,UPG10000,UPG20300,C,C,RING 2,
UPG20307,UPG,SULAMPAPUA,Bulukumba,Kindang,,UPG-BLK,UPG10000,UPG20300,C,C,RING 2,
UPG20308,UPG,SULAMPAPUA,Bulukumba,Rilau Ale,,UPG-BLK,UPG10000,UPG20300,C,C,RING 2,
UPG20309,UPG,SULAMPAPUA,Bulukumba,Ujung Bulu,,UPG-BLK,UPG10000,UPG20300,C,C,RING 2,
UPG20310,UPG,SULAMPAPUA,Bulukumba,Ujung Loe,,UPG-BLK,UPG10000,UPG20300,C,C,RING 2,
UPG20400,UPG,SULAMPAPUA,Kab. Enrekang,Enrekang,CABANG,UPG-ENR,UPG10000,UPG20400,B,B,RING 2,
UPG20401,UPG,SULAMPAPUA,Enrekang,Alla,,UPG-ENR,UPG10000,UPG20400,C,C,RING 2,
UPG20402,UPG,SULAMPAPUA,Enrekang,Anggeraja,,UPG-ENR,UPG10000,UPG20400,C,C,RING 2,
UPG20403,UPG,SULAMPAPUA,Enrekang,Baraka,,UPG-ENR,UPG10000,UPG20400,C,C,RING 2,
UPG20404,UPG,SULAMPAPUA,Enrekang,Maiwa,,UPG-ENR,UPG10000,UPG20400,C,C,RING 2,
UPG20405,UPG,SULAMPAPUA,Enrekang,Baroko,,UPG-ENR,UPG10000,UPG20400,C,C,RING 2,
UPG20406,UPG,SULAMPAPUA,Enrekang,Malua,,UPG-ENR,UPG10000,UPG20400,C,C,RING 2,
UPG20407,UPG,SULAMPAPUA,Enrekang,Cendana,,UPG-ENR,UPG10000,UPG20400,C,C,RING 2,
UPG20408,UPG,SULAMPAPUA,Enrekang,Bungin,,UPG-ENR,UPG10000,UPG20400,C,C,RING 2,
UPG20412,UPG,SULAMPAPUA,Enrekang,Curio,,UPG-ENR,UPG10000,UPG20400,C,C,RING 2,
UPG20413,UPG,SULAMPAPUA,Enrekang,Buntu Batu,,UPG-ENR,UPG10000,UPG20400,C,C,RING 2,
UPG20414,UPG,SULAMPAPUA,Enrekang,Masalle,,UPG-ENR,UPG10000,UPG20400,C,C,RING 2,
UPG20500,UPG,SULAMPAPUA,Kab. Jeneponto,Jeneponto,CABANG,UPG-JNP,UPG10000,UPG20500,B,B,RING 2,
UPG20501,UPG,SULAMPAPUA,Jeneponto,Bangkala,,UPG-JNP,UPG10000,UPG20500,C,C,RING 2,
UPG20502,UPG,SULAMPAPUA,Jeneponto,Batang,,UPG-JNP,UPG10000,UPG20500,C,C,RING 2,
UPG20503,UPG,SULAMPAPUA,Jeneponto,Kelara,,UPG-JNP,UPG10000,UPG20500,C,C,RING 2,
UPG20504,UPG,SULAMPAPUA,Jeneponto,Tamalatea,,UPG-JNP,UPG10000,UPG20500,C,C,RING 2,
UPG20505,UPG,SULAMPAPUA,Jeneponto,Bangkala Barat,,UPG-JNP,UPG10000,UPG20500,C,C,RING 2,
UPG20506,UPG,SULAMPAPUA,Jeneponto,Binamu,,UPG-JNP,UPG10000,UPG20500,C,C,RING 2,
UPG20507,UPG,SULAMPAPUA,Jeneponto,Bontoramba,,UPG-JNP,UPG10000,UPG20500,C,C,RING 2,
UPG20508,UPG,SULAMPAPUA,Jeneponto,Turatea,,UPG-JNP,UPG10000,UPG20500,C,C,RING 2,
UPG20509,UPG,SULAMPAPUA,Jeneponto,Arungkeke,,UPG-JNP,UPG10000,UPG20500,C,C,RING 2,
UPG20510,UPG,SULAMPAPUA,Jeneponto,Tarowang,,UPG-JNP,UPG10000,UPG20500,C,C,RING 2,
UPG20511,UPG,SULAMPAPUA,Jeneponto,Rumbia,,UPG-JNP,UPG10000,UPG20500,C,C,RING 2,
UPG20600,UPG,SULAMPAPUA,Kab. Tana Toraja,Makale,CABANG,UPG-MAK,UPG10000,UPG20600,B,B,RING 2,
UPG20601,UPG,SULAMPAPUA,Tana Toraja,Bonggakaradeng,,UPG-MAK,UPG10000,UPG20600,C,C,RING 2,
UPG20602,UPG,SULAMPAPUA,Tana Toraja,Mengkendek,,UPG-MAK,UPG10000,UPG20600,C,C,RING 2,
UPG20603,UPG,SULAMPAPUA,Tana Toraja,Saluputti,,UPG-MAK,UPG10000,UPG20600,C,C,RING 2,
UPG20604,UPG,SULAMPAPUA,Tana Toraja,Sangalla (Sanggala),,UPG-MAK,UPG10000,UPG20600,C,C,RING 2,
UPG20605,UPG,SULAMPAPUA,Kab. Tana Toraja Utara,Rantepao,CABANG,UPG-RTP,UPG10000,UPG20605,B,B,RING 2,
UPG20606,UPG,SULAMPAPUA,Toraja Utara,Rindingallo,,UPG-RTP,UPG10000,UPG20605,C,C,RING 2,
UPG20607,UPG,SULAMPAPUA,Toraja Utara,Sanggalangi,,UPG-RTP,UPG10000,UPG20605,C,C,RING 2,
UPG20608,UPG,SULAMPAPUA,Toraja Utara,Sesean,,UPG-RTP,UPG10000,UPG20605,C,C,RING 2,
UPG20609,UPG,SULAMPAPUA,Tana Toraja,Bittuang,,UPG-MAK,UPG10000,UPG20600,C,C,RING 2,
UPG20610,UPG,SULAMPAPUA,Toraja Utara,Buntao,,UPG-RTP,UPG10000,UPG20605,C,C,RING 2,
UPG20611,UPG,SULAMPAPUA,Tana Toraja,Rantetayo,,UPG-MAK,UPG10000,UPG20600,C,C,RING 2,
UPG20612,UPG,SULAMPAPUA,Toraja Utara,Sa'dan,,UPG-RTP,UPG10000,UPG20605,C,C,RING 2,
UPG20613,UPG,SULAMPAPUA,Tana Toraja,Simbuang,,UPG-MAK,UPG10000,UPG20600,C,C,RING 2,
UPG20614,UPG,SULAMPAPUA,Toraja Utara,Tondon,,UPG-RTP,UPG10000,UPG20605,C,C,RING 2,
UPG20616,UPG,SULAMPAPUA,Tana Toraja,Gandang Batu Sillanan,,UPG-MAK,UPG10000,UPG20600,C,C,RING 2,
UPG20617,UPG,SULAMPAPUA,Tana Toraja,Kurra,,UPG-MAK,UPG10000,UPG20600,C,C,RING 2,
UPG20618,UPG,SULAMPAPUA,Tana Toraja,Makale Selatan,,UPG-MAK,UPG10000,UPG20600,C,C,RING 2,
UPG20619,UPG,SULAMPAPUA,Tana Toraja,Makale Utara,,UPG-MAK,UPG10000,UPG20600,C,C,RING 2,
UPG20620,UPG,SULAMPAPUA,Tana Toraja,Mappak,,UPG-MAK,UPG10000,UPG20600,C,C,RING 2,
UPG20621,UPG,SULAMPAPUA,Tana Toraja,Masanda,,UPG-MAK,UPG10000,UPG20600,C,C,RING 2,
UPG20622,UPG,SULAMPAPUA,Tana Toraja,Malimbong Balepe,,UPG-MAK,UPG10000,UPG20600,C,C,RING 2,
UPG20623,UPG,SULAMPAPUA,Tana Toraja,Rano,,UPG-MAK,UPG10000,UPG20600,C,C,RING 2,
UPG20624,UPG,SULAMPAPUA,Tana Toraja,Rembon,,UPG-MAK,UPG10000,UPG20600,C,C,RING 2,
UPG20625,UPG,SULAMPAPUA,Toraja Utara,Sesean Suloara,,UPG-RTP,UPG10000,UPG20605,C,C,RING 2,
UPG20626,UPG,SULAMPAPUA,Toraja Utara,Awan Rante Karua,,UPG-RTP,UPG10000,UPG20605,C,C,RING 2,
UPG20627,UPG,SULAMPAPUA,Balusu,Balusu,,UPG-RTP,UPG10000,UPG20605,C,C,RING 2,
UPG20628,UPG,SULAMPAPUA,Toraja Utara,Bangkelekila,,UPG-RTP,UPG10000,UPG20605,C,C,RING 2,
UPG20629,UPG,SULAMPAPUA,Toraja Utara,Baruppu,,UPG-RTP,UPG10000,UPG20605,C,C,RING 2,
UPG20630,UPG,SULAMPAPUA,Toraja Utara,Buntu Pepasan,,UPG-RTP,UPG10000,UPG20605,C,C,RING 2,
UPG20631,UPG,SULAMPAPUA,Toraja Utara,Dende' Piongan Napo,,UPG-RTP,UPG10000,UPG20605,C,C,RING 2,
UPG20632,UPG,SULAMPAPUA,Toraja Utara,Kapalla Pitu (Kapala Pitu),,UPG-RTP,UPG10000,UPG20605,C,C,RING 2,
UPG20633,UPG,SULAMPAPUA,Toraja Utara,Kesu,,UPG-RTP,UPG10000,UPG20605,C,C,RING 2,
UPG20634,UPG,SULAMPAPUA,Toraja Utara,Nanggala,,UPG-RTP,UPG10000,UPG20605,C,C,RING 2,
UPG20635,UPG,SULAMPAPUA,Toraja Utara,Rantebua,,UPG-RTP,UPG10000,UPG20605,C,C,RING 2,
UPG20637,UPG,SULAMPAPUA,Toraja Utara,Sopai,,UPG-RTP,UPG10000,UPG20605,C,C,RING 2,
UPG20638,UPG,SULAMPAPUA,Toraja Utara,Tallunglipu,,UPG-RTP,UPG10000,UPG20605,C,C,RING 2,
UPG20639,UPG,SULAMPAPUA,Toraja Utara,Tikala,,UPG-RTP,UPG10000,UPG20605,C,C,RING 2,
UPG20640,UPG,SULAMPAPUA,Tana Toraja,Sangalla Utara,,UPG-MAK,UPG10000,UPG20600,C,C,RING 2,
UPG20641,UPG,SULAMPAPUA,Tana Toraja,Sangalla Selatan,,UPG-MAK,UPG10000,UPG20600,C,C,RING 2,
UPG20642,UPG,SULAMPAPUA,Toraja Utara,Balusu,,UPG-RTP,UPG10000,UPG20605,C,C,RING 2,
UPG20700,UPG,SULAMPAPUA,Kab. Mamuju,Mamuju,CABANG,UPG-MJU,UPG10000,UPG20700,B,B,RING 2,
UPG20701,UPG,SULAMPAPUA,Mamuju Tengah,Budong-Budong,,UPG-TOO,UPG10000,UPG20715,C,C,RING 2,
UPG20702,UPG,SULAMPAPUA,Mamuju,Kalumpang,,UPG-MJU,UPG10000,UPG20700,C,C,RING 2,
UPG20703,UPG,SULAMPAPUA,Mamuju,Kalukku,,UPG-MJU,UPG10000,UPG20700,C,C,RING 2,
UPG20705,UPG,SULAMPAPUA,Mamuju,Tapalang,,UPG-MJU,UPG10000,UPG20700,C,C,RING 2,
UPG20706,UPG,SULAMPAPUA,Mamuju,Bonehau,,UPG-MJU,UPG10000,UPG20700,C,C,RING 2,
UPG20707,UPG,SULAMPAPUA,Mamuju Tengah,Karossa,,UPG-TOO,UPG10000,UPG20715,C,C,RING 2,
UPG20708,UPG,SULAMPAPUA,Mamuju Tengah,Pangale,,UPG-TOO,UPG10000,UPG20715,C,C,RING 2,
UPG20709,UPG,SULAMPAPUA,Mamuju,Papalang,,UPG-MJU,UPG10000,UPG20700,C,C,RING 2,
UPG20710,UPG,SULAMPAPUA,Mamuju,Sampaga,,UPG-MJU,UPG10000,UPG20700,C,C,RING 2,
UPG20711,UPG,SULAMPAPUA,Mamuju,Simboro dan Kepulauan,,UPG-MJU,UPG10000,UPG20700,C,C,RING 2,
UPG20712,UPG,SULAMPAPUA,Mamuju,Tapalang Barat,,UPG-MJU,UPG10000,UPG20700,C,C,RING 2,
UPG20713,UPG,SULAMPAPUA,Mamuju Tengah,Tobadak,,UPG-TOO,UPG10000,UPG20715,C,C,RING 2,
UPG20714,UPG,SULAMPAPUA,Mamuju,Tommo,,UPG-MJU,UPG10000,UPG20700,C,C,RING 2,
UPG20715,UPG,SULAMPAPUA,Mamuju,Topoyo,CABANG,UPG-TOO,UPG10000,UPG20715,C,C,RING 2,
UPG20716,UPG,SULAMPAPUA,Mamuju,Kep. Bala Balakang,,UPG-MJU,UPG10000,UPG20700,C,C,RING 2,
UPG20800,UPG,SULAMPAPUA,Kab. Maros,Maros,CABANG,UPG-MRS,UPG10000,UPG20800,A,B,RING 2,
UPG20801,UPG,SULAMPAPUA,Maros,Bantimurung,,UPG-MRS,UPG10000,UPG20800,C,C,RING 2,
UPG20802,UPG,SULAMPAPUA,Maros,Camba,,UPG-MRS,UPG10000,UPG20800,C,C,RING 2,
UPG20803,UPG,SULAMPAPUA,Maros,Mallawa,,UPG-MRS,UPG10000,UPG20800,C,C,RING 2,
UPG20804,UPG,SULAMPAPUA,Maros,Mandai,,UPG-MRS,UPG10000,UPG20800,C,C,RING 2,
UPG20805,UPG,SULAMPAPUA,Maros,Bontoa (Maros Utara),,UPG-MRS,UPG10000,UPG20800,C,C,RING 2,
UPG20806,UPG,SULAMPAPUA,Maros,Tanralili,,UPG-MRS,UPG10000,UPG20800,C,C,RING 2,
UPG20807,UPG,SULAMPAPUA,Cenrana ,Cenrana ,,UPG-MRS,UPG10000,UPG20800,C,C,RING 2,
UPG20808,UPG,SULAMPAPUA,Maros,Lau,,UPG-MRS,UPG10000,UPG20800,C,C,RING 2,
UPG20809,UPG,SULAMPAPUA,Maros,Maros Baru,,UPG-MRS,UPG10000,UPG20800,C,C,RING 2,
UPG20810,UPG,SULAMPAPUA,Maros,Marusu,,UPG-MRS,UPG10000,UPG20800,C,C,RING 2,
UPG20811,UPG,SULAMPAPUA,Maros,Moncongloe,,UPG-MRS,UPG10000,UPG20800,C,C,RING 2,
UPG20812,UPG,SULAMPAPUA,Maros,Simbang,,UPG-MRS,UPG10000,UPG20800,C,C,RING 2,
UPG20813,UPG,SULAMPAPUA,Maros,Tompu Bulu,,UPG-MRS,UPG10000,UPG20800,C,C,RING 2,
UPG20814,UPG,SULAMPAPUA,Maros,Turikale,,UPG-MRS,UPG10000,UPG20800,C,C,RING 2,
UPG20815,UPG,SULAMPAPUA,Maros,Cenrana,,UPG-MRS,UPG10000,UPG20800,C,C,RING 2,
UPG20900,UPG,SULAMPAPUA,Kab. Majene,Majene,CABANG,UPG-MAJ,UPG10000,UPG20900,B,B,RING 2,
UPG20901,UPG,SULAMPAPUA,Majene,Malunda,,UPG-MAJ,UPG10000,UPG20900,C,C,RING 2,
UPG20902,UPG,SULAMPAPUA,Majene,Pamboang,,UPG-MAJ,UPG10000,UPG20900,C,C,RING 2,
UPG20903,UPG,SULAMPAPUA,Majene,Sendana,,UPG-MAJ,UPG10000,UPG20900,C,C,RING 2,
UPG20904,UPG,SULAMPAPUA,Majene,Banggae,,UPG-MAJ,UPG10000,UPG20900,C,C,RING 2,
UPG20906,UPG,SULAMPAPUA,Majene,Banggae Timur,,UPG-MAJ,UPG10000,UPG20900,C,C,RING 2,
UPG20907,UPG,SULAMPAPUA,Majene,Tammeredo Sendana,,UPG-MAJ,UPG10000,UPG20900,C,C,RING 2,
UPG20908,UPG,SULAMPAPUA,Majene,Tubo (Tubo Sendana),,UPG-MAJ,UPG10000,UPG20900,C,C,RING 2,
UPG20909,UPG,SULAMPAPUA,Majene,Ulumunda,,UPG-MAJ,UPG10000,UPG20900,C,C,RING 2,
UPG21000,UPG,SULAMPAPUA,Kota Palopo,Palopo,CABANG,UPG-LLO,UPG10000,UPG21000,B,B,RING 2,
UPG21020,UPG,SULAMPAPUA,Palopo,Telluwanua,,UPG-LLO,UPG10000,UPG21000,B,B,RING 2,
UPG21021,UPG,SULAMPAPUA,Palopo,Wara,,UPG-LLO,UPG10000,UPG21000,B,B,RING 2,
UPG21022,UPG,SULAMPAPUA,Palopo,Wara Selatan,,UPG-LLO,UPG10000,UPG21000,B,B,RING 2,
UPG21023,UPG,SULAMPAPUA,Palopo,Wara Utara,,UPG-LLO,UPG10000,UPG21000,B,B,RING 2,
UPG21024,UPG,SULAMPAPUA,Palopo,Bara,,UPG-LLO,UPG10000,UPG21000,B,B,RING 2,
UPG21025,UPG,SULAMPAPUA,Palopo,Wara Timur,,UPG-LLO,UPG10000,UPG21000,B,B,RING 2,
UPG21026,UPG,SULAMPAPUA,Palopo,Wara Barat,,UPG-LLO,UPG10000,UPG21000,B,B,RING 2,
UPG21027,UPG,SULAMPAPUA,Palopo,Mungkajang,,UPG-LLO,UPG10000,UPG21000,B,B,RING 2,
UPG21028,UPG,SULAMPAPUA,Palopo,Sendana,,UPG-LLO,UPG10000,UPG21000,C,C,RING 2,
UPG21100,UPG,SULAMPAPUA,Kab. Pinrang,Pinrang,CABANG,UPG-PIN,UPG10000,UPG21100,B,B,RING 2,
UPG21101,UPG,SULAMPAPUA,Pinrang,Cempa,,UPG-PIN,UPG10000,UPG21100,C,C,RING 2,
UPG21102,UPG,SULAMPAPUA,Pinrang,Duampanua,,UPG-PIN,UPG10000,UPG21100,C,C,RING 2,
UPG21103,UPG,SULAMPAPUA,Pinrang,Lembang,,UPG-PIN,UPG10000,UPG21100,C,C,RING 2,
UPG21104,UPG,SULAMPAPUA,Pinrang,Mattiro Bulu,,UPG-PIN,UPG10000,UPG21100,C,C,RING 2,
UPG21105,UPG,SULAMPAPUA,Pinrang,Mattiro Sompe,,UPG-PIN,UPG10000,UPG21100,C,C,RING 2,
UPG21106,UPG,SULAMPAPUA,Pinrang,Patampanua,,UPG-PIN,UPG10000,UPG21100,C,C,RING 2,
UPG21107,UPG,SULAMPAPUA,Pinrang,Suppa,,UPG-PIN,UPG10000,UPG21100,C,C,RING 2,
UPG21108,UPG,SULAMPAPUA,Pinrang,Batulappa,,UPG-PIN,UPG10000,UPG21100,C,C,RING 2,
UPG21109,UPG,SULAMPAPUA,Pinrang,Lanrisang,,UPG-PIN,UPG10000,UPG21100,C,C,RING 2,
UPG21110,UPG,SULAMPAPUA,Pinrang,Paleteang,,UPG-PIN,UPG10000,UPG21100,C,C,RING 2,
UPG21111,UPG,SULAMPAPUA,Pinrang,Tiroang,,UPG-PIN,UPG10000,UPG21100,C,C,RING 2,
UPG21112,UPG,SULAMPAPUA,Pinrang,Watang Sawitto,,UPG-PIN,UPG10000,UPG21100,C,C,RING 2,
UPG21200,UPG,SULAMPAPUA,Polewali Mandar,Polewali,CABANG,UPG-PLI,UPG10000,UPG21200,B,B,RING 2,
UPG21201,UPG,SULAMPAPUA,Polewali Mandar,Campalagian,,UPG-WNM,UPG10000,UPG21208,C,C,RING 2,
UPG21206,UPG,SULAMPAPUA,Polewali Mandar,Tinambung,,UPG-WNM,UPG10000,UPG21208,C,C,RING 2,
UPG21207,UPG,SULAMPAPUA,Polewali Mandar,Tubbi Taramanu (Tutar/Tutallu),,UPG-WNM,UPG10000,UPG21208,C,C,RING 2,
UPG21208,UPG,SULAMPAPUA,Kab. Polewali Mandar,Wonomulyo,CABANG,UPG-WNM,UPG10000,UPG21208,C,C,RING 2,
UPG21209,UPG,SULAMPAPUA,Polewali Mandar,Alu (Allu),,UPG-WNM,UPG10000,UPG21208,C,C,RING 2,
UPG21210,UPG,SULAMPAPUA,Polewali Mandar,Anreapi,,UPG-PLI,UPG10000,UPG21200,C,C,RING 2,
UPG21211,UPG,SULAMPAPUA,Polewali Mandar,Balanipa,,UPG-WNM,UPG10000,UPG21208,C,C,RING 2,
UPG21212,UPG,SULAMPAPUA,Polewali Mandar,Binuang,,UPG-PLI,UPG10000,UPG21200,C,C,RING 2,
UPG21213,UPG,SULAMPAPUA,Polewali Mandar,Limboro,,UPG-WNM,UPG10000,UPG21208,C,C,RING 2,
UPG21214,UPG,SULAMPAPUA,Polewali Mandar,Luyo,,UPG-WNM,UPG10000,UPG21208,C,C,RING 2,
UPG21215,UPG,SULAMPAPUA,Polewali Mandar,Mapilli,,UPG-WNM,UPG10000,UPG21208,C,C,RING 2,
UPG21216,UPG,SULAMPAPUA,Polewali Mandar,Matakali,,UPG-PLI,UPG10000,UPG21200,C,C,RING 2,
UPG21217,UPG,SULAMPAPUA,Polewali Mandar,Matangnga,,UPG-WNM,UPG10000,UPG21208,C,C,RING 2,
UPG21218,UPG,SULAMPAPUA,Polewali Mandar,Tapango,,UPG-WNM,UPG10000,UPG21208,C,C,RING 2,
UPG21219,UPG,SULAMPAPUA,Polewali Mandar,Bulo,,UPG-WNM,UPG10000,UPG21208,C,C,RING 2,
UPG21300,UPG,SULAMPAPUA,Kab. Sindenreng Rappang,Sidenreng,CABANG,UPG-SID,UPG10000,UPG21300,B,B,RING 2,
UPG21301,UPG,SULAMPAPUA,Sidenreng Rappang,Baranti,,UPG-SID,UPG10000,UPG21300,C,C,RING 2,
UPG21302,UPG,SULAMPAPUA,Sidenreng Rappang,Dua Pitue,,UPG-SID,UPG10000,UPG21300,C,C,RING 2,
UPG21303,UPG,SULAMPAPUA,Sidenreng Rappang,Panca Rijang,,UPG-SID,UPG10000,UPG21300,C,C,RING 2,
UPG21304,UPG,SULAMPAPUA,Sidenreng Rappang,Panca Lautan (Lautang),,UPG-SID,UPG10000,UPG21300,C,C,RING 2,
UPG21305,UPG,SULAMPAPUA,Sidenreng Rappang,Tellu Limpoe,,UPG-SID,UPG10000,UPG21300,C,C,RING 2,
UPG21306,UPG,SULAMPAPUA,Sidenreng Rappang,Watang Pulu,,UPG-SID,UPG10000,UPG21300,C,C,RING 2,
UPG21307,UPG,SULAMPAPUA,Sidenreng Rappang,Kulo,,UPG-SID,UPG10000,UPG21300,C,C,RING 2,
UPG21308,UPG,SULAMPAPUA,Sidenreng Rappang,Maritengngae,,UPG-SID,UPG10000,UPG21300,C,C,RING 2,
UPG21309,UPG,SULAMPAPUA,Sidenreng Rappang,Pitu Raise/Riase,,UPG-SID,UPG10000,UPG21300,C,C,RING 2,
UPG21310,UPG,SULAMPAPUA,Sidenreng Rappang,Pitu Riawa,,UPG-SID,UPG10000,UPG21300,C,C,RING 2,
UPG21312,UPG,SULAMPAPUA,Sidrap,Sidrap,,UPG-SID,UPG10000,UPG21300,C,C,RING 2,
UPG21313,UPG,SULAMPAPUA,Sidenreng Rappang,Wattang Sidenreng (Watang Sidenreng),,UPG-SID,UPG10000,UPG21300,C,C,RING 2,
UPG21400,UPG,SULAMPAPUA,Kab. Wajo,Sengkang,CABANG,UPG-SKG,UPG10000,UPG21400,B,B,RING 2,
UPG21401,UPG,SULAMPAPUA,Wajo,Belawa,,UPG-SKG,UPG10000,UPG21400,C,C,RING 2,
UPG21402,UPG,SULAMPAPUA,Wajo,Majauleng,,UPG-SKG,UPG10000,UPG21400,C,C,RING 2,
UPG21403,UPG,SULAMPAPUA,Wajo,Maniangpajo,,UPG-SKG,UPG10000,UPG21400,C,C,RING 2,
UPG21404,UPG,SULAMPAPUA,Wajo,Pammana,,UPG-SKG,UPG10000,UPG21400,C,C,RING 2,
UPG21405,UPG,SULAMPAPUA,Wajo,Pitumpanua,,UPG-SKG,UPG10000,UPG21400,C,C,RING 2,
UPG21406,UPG,SULAMPAPUA,Wajo,Sabangparu,,UPG-SKG,UPG10000,UPG21400,C,C,RING 2,
UPG21407,UPG,SULAMPAPUA,Wajo,Sajoanging,,UPG-SKG,UPG10000,UPG21400,C,C,RING 2,
UPG21408,UPG,SULAMPAPUA,Wajo,Takkalalla,,UPG-SKG,UPG10000,UPG21400,C,C,RING 2,
UPG21409,UPG,SULAMPAPUA,Wajo,Tanasitolo,,UPG-SKG,UPG10000,UPG21400,C,C,RING 2,
UPG21410,UPG,SULAMPAPUA,Wajo,Bola,,UPG-SKG,UPG10000,UPG21400,C,C,RING 2,
UPG21411,UPG,SULAMPAPUA,Wajo,Gilireng,,UPG-SKG,UPG10000,UPG21400,C,C,RING 2,
UPG21412,UPG,SULAMPAPUA,Wajo,Keera,,UPG-SKG,UPG10000,UPG21400,C,C,RING 2,
UPG21413,UPG,SULAMPAPUA,Wajo,Penrang,,UPG-SKG,UPG10000,UPG21400,C,C,RING 2,
UPG21414,UPG,SULAMPAPUA,Wajo,Tempe,,UPG-SKG,UPG10000,UPG21400,C,C,RING 2,
UPG21500,UPG,SULAMPAPUA,Kab. Sinjai,Sinjai,CABANG,UPG-SNJ,UPG10000,UPG21500,B,B,RING 2,
UPG21501,UPG,SULAMPAPUA,Sinjai,Sinjai Barat,,UPG-SNJ,UPG10000,UPG21500,C,C,RING 2,
UPG21503,UPG,SULAMPAPUA,Sinjai,Sinjai Selatan,,UPG-SNJ,UPG10000,UPG21500,C,C,RING 2,
UPG21504,UPG,SULAMPAPUA,Sinjai,Sinjai Tengah,,UPG-SNJ,UPG10000,UPG21500,C,C,RING 2,
UPG21505,UPG,SULAMPAPUA,Sinjai,Sinjai Timur,,UPG-SNJ,UPG10000,UPG21500,C,C,RING 2,
UPG21506,UPG,SULAMPAPUA,Sinjai,Sinjai Utara,,UPG-SNJ,UPG10000,UPG21500,C,C,RING 2,
UPG21507,UPG,SULAMPAPUA,Sinjai,Bulupoddo,,UPG-SNJ,UPG10000,UPG21500,C,C,RING 2,
UPG21508,UPG,SULAMPAPUA,Sinjai,Pulau Sembilan,,UPG-SNJ,UPG10000,UPG21500,C,C,RING 2,
UPG21509,UPG,SULAMPAPUA,Sinjai,Sinjai Borong,,UPG-SNJ,UPG10000,UPG21500,C,C,RING 2,
UPG21510,UPG,SULAMPAPUA,Sinjai,Tellu Limpoe,,UPG-SNJ,UPG10000,UPG21500,C,C,RING 2,
UPG21600,UPG,SULAMPAPUA,Kab. Goa,Sungguminasa,CABANG,UPG-GWA,UPG10000,UPG21600,A,B,RING 2,
UPG21601,UPG,SULAMPAPUA,Gowa,Bajeng,,UPG-GWA,UPG10000,UPG21600,C,C,RING 2,
UPG21602,UPG,SULAMPAPUA,Gowa,Bontomarannu,,UPG-GWA,UPG10000,UPG21600,C,C,RING 2,
UPG21603,UPG,SULAMPAPUA,Gowa,Bontonompo,,UPG-GWA,UPG10000,UPG21600,C,C,RING 2,
UPG21604,UPG,SULAMPAPUA,Gowa,Bungaya,,UPG-GWA,UPG10000,UPG21600,C,C,RING 2,
UPG21605,UPG,SULAMPAPUA,Gowa,Pallangga,,UPG-GWA,UPG10000,UPG21600,A,B,RING 2,
UPG21606,UPG,SULAMPAPUA,Gowa,Parangloe,,UPG-GWA,UPG10000,UPG21600,C,C,RING 2,
UPG21607,UPG,SULAMPAPUA,Gowa,Tinggimoncong,,UPG-GWA,UPG10000,UPG21600,C,C,RING 2,
UPG21608,UPG,SULAMPAPUA,Gowa,Tompobulu,,UPG-GWA,UPG10000,UPG21600,C,C,RING 2,
UPG21609,UPG,SULAMPAPUA,Gowa,Barombong,,UPG-GWA,UPG10000,UPG21600,C,C,RING 2,
UPG21610,UPG,SULAMPAPUA,Gowa,Biringbulu,,UPG-GWA,UPG10000,UPG21600,C,C,RING 2,
UPG21611,UPG,SULAMPAPUA,Gowa,Somba Opu (Upu),,UPG-GWA,UPG10000,UPG21600,A,B,RING 2,
UPG21612,UPG,SULAMPAPUA,Gowa,Tombolo Pao,,UPG-GWA,UPG10000,UPG21600,C,C,RING 2,
UPG21613,UPG,SULAMPAPUA,Gowa,Pattallassang,,UPG-GWA,UPG10000,UPG21600,C,C,RING 2,
UPG21614,UPG,SULAMPAPUA,Gowa,Parigi,,UPG-GWA,UPG10000,UPG21600,C,C,RING 2,
UPG21615,UPG,SULAMPAPUA,Gowa,Bontonompo Selatan,,UPG-GWA,UPG10000,UPG21600,C,C,RING 2,
UPG21616,UPG,SULAMPAPUA,Gowa,Bontolempangang,,UPG-GWA,UPG10000,UPG21600,C,C,RING 2,
UPG21617,UPG,SULAMPAPUA,Gowa,Bajeng Barat,,UPG-GWA,UPG10000,UPG21600,C,C,RING 2,
UPG21618,UPG,SULAMPAPUA,Gowa,Manuju,,UPG-GWA,UPG10000,UPG21600,C,C,RING 2,
UPG21619,UPG,SULAMPAPUA,Gowa,Tompobulu,,UPG-GWA,UPG10000,UPG21600,C,C,RING 2,
UPG21700,UPG,SULAMPAPUA,Kab. Takalar,Takalar,CABANG,UPG-TKA,UPG10000,UPG21700,B,B,RING 2,
UPG21701,UPG,SULAMPAPUA,Takalar,Galesong Selatan,,UPG-TKA,UPG10000,UPG21700,C,C,RING 2,
UPG21702,UPG,SULAMPAPUA,Takalar,Galesong Utara,,UPG-TKA,UPG10000,UPG21700,C,C,RING 2,
UPG21703,UPG,SULAMPAPUA,Takalar,Mangara Bombang,,UPG-TKA,UPG10000,UPG21700,C,C,RING 2,
UPG21704,UPG,SULAMPAPUA,Takalar,Mappakasunggu,,UPG-TKA,UPG10000,UPG21700,C,C,RING 2,
UPG21705,UPG,SULAMPAPUA,Takalar,Patallassang,,UPG-TKA,UPG10000,UPG21700,C,C,RING 2,
UPG21706,UPG,SULAMPAPUA,Takalar,Polombangkeng Selatan (Polobangkeng),,UPG-TKA,UPG10000,UPG21700,C,C,RING 2,
UPG21707,UPG,SULAMPAPUA,Takalar,Polombangkeng Utara (Polobangkeng),,UPG-TKA,UPG10000,UPG21700,C,C,RING 2,
UPG21708,UPG,SULAMPAPUA,Takalar,Sanrobone,,UPG-TKA,UPG10000,UPG21700,C,C,RING 2,
UPG21709,UPG,SULAMPAPUA,Takalar,Galesong,,UPG-TKA,UPG10000,UPG21700,C,C,RING 2,
UPG21800,UPG,SULAMPAPUA,Kab. Bone,Watampone,CABANG,UPG-WTP,UPG10000,UPG21800,B,B,RING 2,
UPG21801,UPG,SULAMPAPUA,Bone,Ajangale,,UPG-WTP,UPG10000,UPG21800,C,C,RING 2,
UPG21802,UPG,SULAMPAPUA,Bone,Barebbo,,UPG-WTP,UPG10000,UPG21800,C,C,RING 2,
UPG21803,UPG,SULAMPAPUA,Bone,Bontocani,,UPG-LBR,UPG10000,UPG21811,C,C,RING 2,
UPG21804,UPG,SULAMPAPUA,Cenrana ,Cenrana ,,UPG-WTP,UPG10000,UPG21800,C,C,RING 2,
UPG21805,UPG,SULAMPAPUA,Bone,Cina,,UPG-WTP,UPG10000,UPG21800,C,C,RING 2,
UPG21806,UPG,SULAMPAPUA,Bone,Dua Boccoe,,UPG-WTP,UPG10000,UPG21800,C,C,RING 2,
UPG21807,UPG,SULAMPAPUA,Bone,Kahu,,UPG-LBR,UPG10000,UPG21811,C,C,RING 2,
UPG21808,UPG,SULAMPAPUA,Bone,Kajuara,,UPG-LBR,UPG10000,UPG21811,C,C,RING 2,
UPG21809,UPG,SULAMPAPUA,Bone,Lamuru,,UPG-WTP,UPG10000,UPG21800,C,C,RING 2,
UPG21810,UPG,SULAMPAPUA,Bone,Lappariaja,,UPG-LBR,UPG10000,UPG21811,C,C,RING 2,
UPG21811,UPG,SULAMPAPUA,Bone,Libureng ,CABANG,UPG-LBR,UPG10000,UPG21811,C,C,RING 2,
UPG21812,UPG,SULAMPAPUA,Bone,Mare,,UPG-WTP,UPG10000,UPG21800,C,C,RING 2,
UPG21813,UPG,SULAMPAPUA,Bone,Ponre,,UPG-LBR,UPG10000,UPG21811,C,C,RING 2,
UPG21814,UPG,SULAMPAPUA,Bone,Salomekko,,UPG-LBR,UPG10000,UPG21811,C,C,RING 2,
UPG21815,UPG,SULAMPAPUA,Bone,Sibulue,,UPG-WTP,UPG10000,UPG21800,C,C,RING 2,
UPG21816,UPG,SULAMPAPUA,Bone,Tellu Siattinge,,UPG-WTP,UPG10000,UPG21800,C,C,RING 2,
UPG21817,UPG,SULAMPAPUA,Bone,Tonra,,UPG-WTP,UPG10000,UPG21800,C,C,RING 2,
UPG21818,UPG,SULAMPAPUA,Bone,Ulaweng,,UPG-WTP,UPG10000,UPG21800,C,C,RING 2,
UPG21819,UPG,SULAMPAPUA,Bone,Amali,,UPG-WTP,UPG10000,UPG21800,C,C,RING 2,
UPG21820,UPG,SULAMPAPUA,Bone,Awangpone,,UPG-WTP,UPG10000,UPG21800,C,C,RING 2,
UPG21821,UPG,SULAMPAPUA,Bone,Bengo,,UPG-LBR,UPG10000,UPG21811,C,C,RING 2,
UPG21822,UPG,SULAMPAPUA,Bone,Palakka,,UPG-WTP,UPG10000,UPG21800,C,C,RING 2,
UPG21823,UPG,SULAMPAPUA,Bone,Patimpeng,,UPG-LBR,UPG10000,UPG21811,C,C,RING 2,
UPG21825,UPG,SULAMPAPUA,Bone,Tanete Riattang,,UPG-WTP,UPG10000,UPG21800,C,C,RING 2,
UPG21826,UPG,SULAMPAPUA,Bone,Tanete Riattang Barat,,UPG-WTP,UPG10000,UPG21800,C,C,RING 2,
UPG21827,UPG,SULAMPAPUA,Bone,Tanete Riattang Timur,,UPG-WTP,UPG10000,UPG21800,C,C,RING 2,
UPG21828,UPG,SULAMPAPUA,Bone,Cenrana,,UPG-WTP,UPG10000,UPG21800,C,C,RING 2,
UPG21829,UPG,SULAMPAPUA,Bone,Tellu Limpoe,,UPG-LBR,UPG10000,UPG21811,C,C,RING 2,
UPG21900,UPG,SULAMPAPUA,Kab. Soppeng,Watansoppeng,CABANG,UPG-WTG,UPG10000,UPG21900,B,B,RING 2,
UPG21901,UPG,SULAMPAPUA,Soppeng,Donri-Donri,,UPG-WTG,UPG10000,UPG21900,C,C,RING 2,
UPG21902,UPG,SULAMPAPUA,Soppeng,Liliraja (Lili Riaja),,UPG-WTG,UPG10000,UPG21900,C,C,RING 2,
UPG21903,UPG,SULAMPAPUA,Soppeng,Lili Rilau,,UPG-WTG,UPG10000,UPG21900,C,C,RING 2,
UPG21904,UPG,SULAMPAPUA,Soppeng,Mario Riwawo,,UPG-WTG,UPG10000,UPG21900,C,C,RING 2,
UPG21905,UPG,SULAMPAPUA,Soppeng,Mario Riawa,,UPG-WTG,UPG10000,UPG21900,C,C,RING 2,
UPG21906,UPG,SULAMPAPUA,Soppeng,Ganra,,UPG-WTG,UPG10000,UPG21900,C,C,RING 2,
UPG21907,UPG,SULAMPAPUA,Soppeng,Lalabata,,UPG-WTG,UPG10000,UPG21900,C,C,RING 2,
UPG21908,UPG,SULAMPAPUA,Soppeng,Citta,,UPG-WTG,UPG10000,UPG21900,C,C,RING 2,
UPG22000,UPG,SULAMPAPUA,Kab. Selayar,Benteng,CABANG,UPG-SLY,UPG10000,UPG22000,B,B,RING 2,
UPG22001,UPG,SULAMPAPUA,Kepulauan Selayar,Bontosikuyu,,UPG-SLY,UPG10000,UPG22000,C,C,RING 2,
UPG22002,UPG,SULAMPAPUA,Kepulauan Selayar,Bontomatene,,UPG-SLY,UPG10000,UPG22000,C,C,RING 2,
UPG22003,UPG,SULAMPAPUA,Kepulauan Selayar,Pasimarannu,,UPG-SLY,UPG10000,UPG22000,C,C,RING 2,
UPG22004,UPG,SULAMPAPUA,Kepulauan Selayar,Pasimassunggu,,UPG-SLY,UPG10000,UPG22000,C,C,RING 2,
UPG22005,UPG,SULAMPAPUA,Kepulauan Selayar,Bontoharu,,UPG-SLY,UPG10000,UPG22000,C,C,RING 2,
UPG22006,UPG,SULAMPAPUA,Kepulauan Selayar,Bontomanai,,UPG-SLY,UPG10000,UPG22000,C,C,RING 2,
UPG22007,UPG,SULAMPAPUA,Kepulauan Selayar,Pasilambena,,UPG-SLY,UPG10000,UPG22000,C,C,RING 2,
UPG22008,UPG,SULAMPAPUA,Kepulauan Selayar,Takabonerate,,UPG-SLY,UPG10000,UPG22000,C,C,RING 2,
UPG22009,UPG,SULAMPAPUA,Kepulauan Selayar,Pasimasunggu Timur,,UPG-SLY,UPG10000,UPG22000,C,C,RING 2,
UPG22010,UPG,SULAMPAPUA,Kepulauan Selayar,Buki,,UPG-SLY,UPG10000,UPG22000,C,C,RING 2,
UPG22100,UPG,SULAMPAPUA,Kab. Pangkajene Kepulauan,Pangkajene,CABANG,UPG-PKN,UPG10000,UPG22100,B,B,RING 2,
UPG22101,UPG,SULAMPAPUA,Pangkajene Kepulauan,Balocci,,UPG-PKN,UPG10000,UPG22100,C,C,RING 2,
UPG22102,UPG,SULAMPAPUA,Pangkajene Kepulauan,Bungoro,,UPG-PKN,UPG10000,UPG22100,C,C,RING 2,
UPG22103,UPG,SULAMPAPUA,Pangkajene Kepulauan,Labakkang,,UPG-PKN,UPG10000,UPG22100,C,C,RING 2,
UPG22105,UPG,SULAMPAPUA,Pangkajene Kepulauan,Liukang Tangaya,,UPG-PKN,UPG10000,UPG22100,C,C,RING 2,
UPG22106,UPG,SULAMPAPUA,Pangkajene Kepulauan,Liukang Tupabbiring,,UPG-PKN,UPG10000,UPG22100,C,C,RING 2,
UPG22107,UPG,SULAMPAPUA,Pangkajene Kepulauan,Marang (Ma Rang),,UPG-PKN,UPG10000,UPG22100,C,C,RING 2,
UPG22108,UPG,SULAMPAPUA,Pangkajene Kepulauan,Segeri,,UPG-PKN,UPG10000,UPG22100,C,C,RING 2,
UPG22109,UPG,SULAMPAPUA,Kalukuang Masalima,Kalukuang Masalima,,UPG-PKN,UPG10000,UPG22100,C,C,RING 2,
UPG22110,UPG,SULAMPAPUA,Pangkajene Kepulauan,Mandalle,,UPG-PKN,UPG10000,UPG22100,C,C,RING 2,
UPG22111,UPG,SULAMPAPUA,Pangkajene Kepulauan,Minasa Tene,,UPG-PKN,UPG10000,UPG22100,C,C,RING 2,
UPG22112,UPG,SULAMPAPUA,Pangkajene Kepulauan,Tondong Tallasa,,UPG-PKN,UPG10000,UPG22100,C,C,RING 2,
UPG22113,UPG,SULAMPAPUA,Pangkajene Kepulauan,Liukang Kalmas (Kalukuang Masalima),,UPG-PKN,UPG10000,UPG22100,C,C,RING 2,
UPG22114,UPG,SULAMPAPUA,Pangkajene Kepulauan,Liukang Tupabbiring Utara,,UPG-PKN,UPG10000,UPG22100,C,C,RING 2,
UPG22300,UPG,SULAMPAPUA,Kota Pare-Pare,Pare-Pare,CABANG,UPG-PRE,UPG10000,UPG22300,B,B,RING 2,
UPG22301,UPG,SULAMPAPUA,Parepare,Bacukiki,,UPG-PRE,UPG10000,UPG22300,B,B,RING 2,
UPG22302,UPG,SULAMPAPUA,Parepare,Soreang,,UPG-PRE,UPG10000,UPG22300,B,B,RING 2,
UPG22303,UPG,SULAMPAPUA,Parepare,Ujung,,UPG-PRE,UPG10000,UPG22300,B,B,RING 2,
UPG22304,UPG,SULAMPAPUA,Parepare,Bacukiki Barat,,UPG-PRE,UPG10000,UPG22300,B,B,RING 2,
UPG23100,UPG,SULAMPAPUA,Kab. Luwu,Belopa,CABANG,UPG-BLO,UPG10000,UPG23100,B,B,RING 2,
UPG23101,UPG,SULAMPAPUA,Luwu,Bajo,,UPG-BLO,UPG10000,UPG23100,C,C,RING 2,
UPG23102,UPG,SULAMPAPUA,Luwu,Bassesang Tempe (Bastem),,UPG-BLO,UPG10000,UPG23100,C,C,RING 2,
UPG23103,UPG,SULAMPAPUA,Luwu,Bua,,UPG-BLO,UPG10000,UPG23100,C,C,RING 2,
UPG23104,UPG,SULAMPAPUA,Luwu,Bua Ponrang (Bupon),,UPG-BLO,UPG10000,UPG23100,C,C,RING 2,
UPG23105,UPG,SULAMPAPUA,Luwu,Kamanre,,UPG-BLO,UPG10000,UPG23100,C,C,RING 2,
UPG23106,UPG,SULAMPAPUA,Luwu,Lamasi,,UPG-BLO,UPG10000,UPG23100,C,C,RING 2,
UPG23107,UPG,SULAMPAPUA,Luwu,Larompong,,UPG-BLO,UPG10000,UPG23100,C,C,RING 2,
UPG23108,UPG,SULAMPAPUA,Luwu,Larompong Selatan,,UPG-BLO,UPG10000,UPG23100,C,C,RING 2,
UPG23109,UPG,SULAMPAPUA,Luwu,Latimojong,,UPG-BLO,UPG10000,UPG23100,C,C,RING 2,
UPG23110,UPG,SULAMPAPUA,Luwu,Ponrang,,UPG-BLO,UPG10000,UPG23100,C,C,RING 2,
UPG23111,UPG,SULAMPAPUA,Luwu,Suli,,UPG-BLO,UPG10000,UPG23100,C,C,RING 2,
UPG23112,UPG,SULAMPAPUA,Luwu,Walenrang,CABANG,UPG-WAL,UPG10000,UPG23112,C,C,RING 2,
UPG23113,UPG,SULAMPAPUA,Luwu,Walenrang Utara,,UPG-WAL,UPG10000,UPG23112,C,C,RING 2,
UPG23114,UPG,SULAMPAPUA,Luwu,Walenrang Timur,,UPG-WAL,UPG10000,UPG23112,C,C,RING 2,
UPG23115,UPG,SULAMPAPUA,Luwu,Walenrang Barat,,UPG-WAL,UPG10000,UPG23112,C,C,RING 2,
UPG23116,UPG,SULAMPAPUA,Luwu,Suli Barat,,UPG-WAL,UPG10000,UPG23112,C,C,RING 2,
UPG23117,UPG,SULAMPAPUA,Luwu,Ponrang Selatan,,UPG-WAL,UPG10000,UPG23112,C,C,RING 2,
UPG23119,UPG,SULAMPAPUA,Luwu,Lamasi Timur,,UPG-WAL,UPG10000,UPG23112,C,C,RING 2,
UPG23120,UPG,SULAMPAPUA,Luwu,Belopa Utara,,UPG-WAL,UPG10000,UPG23112,B,B,RING 2,
UPG23121,UPG,SULAMPAPUA,Luwu,Bajo Barat,,UPG-WAL,UPG10000,UPG23112,C,C,RING 2,
UPG23122,UPG,SULAMPAPUA,Luwu,Basse Sangtempe Utara,,UPG-WAL,UPG10000,UPG23112,C,C,RING 2,
UPG23200,UPG,SULAMPAPUA,Kab. Luwu Timur,Malili / Soroako,CABANG,UPG-MLI,UPG10000,UPG23200,B,B,RING 2,
UPG23201,UPG,SULAMPAPUA,Luwu Timur,Angkona,,UPG-MKA,UPG10000,UPG23203,C,C,RING 2,
UPG23202,UPG,SULAMPAPUA,Luwu Timur,Burau,,UPG-MKA,UPG10000,UPG23203,C,C,RING 2,
UPG23203,UPG,SULAMPAPUA,Luwu Timur,Mangkutana,CABANG,UPG-MKA,UPG10000,UPG23203,C,C,RING 2,
UPG23204,UPG,SULAMPAPUA,Luwu Timur,Nuha,,UPG-MLI,UPG10000,UPG23200,C,C,RING 2,
UPG23205,UPG,SULAMPAPUA,Luwu Timur,Tomoni,,UPG-MKA,UPG10000,UPG23203,C,C,RING 2,
UPG23206,UPG,SULAMPAPUA,Luwu Timur,Towuti,,UPG-MLI,UPG10000,UPG23200,C,C,RING 2,
UPG23207,UPG,SULAMPAPUA,Luwu Timur,Wotu,,UPG-MKA,UPG10000,UPG23203,C,C,RING 2,
UPG23208,UPG,SULAMPAPUA,Luwu Timur,Wasuponda,,UPG-MLI,UPG10000,UPG23200,C,C,RING 2,
UPG23209,UPG,SULAMPAPUA,Luwu Timur,Tomoni Timur,,UPG-MKA,UPG10000,UPG23203,C,C,RING 2,
UPG23210,UPG,SULAMPAPUA,Luwu Timur,Kalaena,,UPG-MKA,UPG10000,UPG23203,C,C,RING 2,
UPG23300,UPG,SULAMPAPUA,Luwu Utara,Masamba,CABANG,UPG-MAS,UPG10000,UPG23300,B,B,RING 2,
UPG23301,UPG,SULAMPAPUA,Luwu Utara,Baebunta,,UPG-MAS,UPG10000,UPG23300,C,C,RING 2,
UPG23302,UPG,SULAMPAPUA,Luwu Utara,Bone-Bone,,UPG-MAS,UPG10000,UPG23300,C,C,RING 2,
UPG23303,UPG,SULAMPAPUA,Luwu Utara,Limbong,,UPG-MAS,UPG10000,UPG23300,C,C,RING 2,
UPG23304,UPG,SULAMPAPUA,Luwu Utara,Malangke,,UPG-MAS,UPG10000,UPG23300,C,C,RING 2,
UPG23305,UPG,SULAMPAPUA,Luwu Utara,Malangke Barat,,UPG-MAS,UPG10000,UPG23300,C,C,RING 2,
UPG23306,UPG,SULAMPAPUA,Luwu Utara,Mappedeceng,,UPG-MAS,UPG10000,UPG23300,C,C,RING 2,
UPG23307,UPG,SULAMPAPUA,Luwu Utara,Rampi,,UPG-MAS,UPG10000,UPG23300,C,C,RING 2,
UPG23308,UPG,SULAMPAPUA,Luwu Utara,Sabbang,,UPG-MAS,UPG10000,UPG23300,C,C,RING 2,
UPG23309,UPG,SULAMPAPUA,Luwu Utara,Seko,,UPG-MAS,UPG10000,UPG23300,C,C,RING 2,
UPG23310,UPG,SULAMPAPUA,Luwu Utara,Sukamaju,,UPG-MAS,UPG10000,UPG23300,C,C,RING 2,
UPG23311,UPG,SULAMPAPUA,Luwu Utara,Tana Lili,,UPG-MAS,UPG10000,UPG23300,C,C,RING 2,
UPG23400,UPG,SULAMPAPUA,Kab. Mamasa,Mamasa,CABANG,UPG-MMA,UPG10000,UPG23400,B,B,RING 2,
UPG23401,UPG,SULAMPAPUA,Mamasa,Aralle,,UPG-MMA,UPG10000,UPG23400,C,C,RING 2,
UPG23402,UPG,SULAMPAPUA,Mamasa,Mambi,,UPG-MMA,UPG10000,UPG23400,C,C,RING 2,
UPG23403,UPG,SULAMPAPUA,Mamasa,Messawa,,UPG-MMA,UPG10000,UPG23400,C,C,RING 2,
UPG23404,UPG,SULAMPAPUA,Mamasa,Pana,,UPG-MMA,UPG10000,UPG23400,C,C,RING 2,
UPG23405,UPG,SULAMPAPUA,Mamasa,Nosu,,UPG-MMA,UPG10000,UPG23400,C,C,RING 2,
UPG23406,UPG,SULAMPAPUA,Mamasa,Sesenapadang,,UPG-MMA,UPG10000,UPG23400,C,C,RING 2,
UPG23407,UPG,SULAMPAPUA,Mamasa,Sumarorong,,UPG-MMA,UPG10000,UPG23400,C,C,RING 2,
UPG23408,UPG,SULAMPAPUA,Mamasa,Tabang,,UPG-MMA,UPG10000,UPG23400,C,C,RING 2,
UPG23409,UPG,SULAMPAPUA,Mamasa,Tabulahan,,UPG-MMA,UPG10000,UPG23400,C,C,RING 2,
UPG23410,UPG,SULAMPAPUA,Mamasa,Tanduk Kalua,,UPG-MMA,UPG10000,UPG23400,C,C,RING 2,
UPG23411,UPG,SULAMPAPUA,Mamasa,Balla,,UPG-MMA,UPG10000,UPG23400,C,C,RING 2,
UPG23412,UPG,SULAMPAPUA,Mamasa,Bambang,,UPG-MMA,UPG10000,UPG23400,C,C,RING 2,
UPG23413,UPG,SULAMPAPUA,Mamasa,Buntumalangka,,UPG-MMA,UPG10000,UPG23400,C,C,RING 2,
UPG23414,UPG,SULAMPAPUA,Mamasa,Mehalaan,,UPG-MMA,UPG10000,UPG23400,C,C,RING 2,
UPG23415,UPG,SULAMPAPUA,Mamasa,Rantebulahan Timur,,UPG-MMA,UPG10000,UPG23400,C,C,RING 2,
UPG23416,UPG,SULAMPAPUA,Mamasa,Tawalian,,UPG-MMA,UPG10000,UPG23400,C,C,RING 2,
UPG23500,UPG,SULAMPAPUA,Kab. Mamuju Utara,Pasangkayu,CABANG,UPG-PSY,UPG10000,UPG23500,B,B,RING 2,
UPG23501,UPG,SULAMPAPUA,Mamuju Utara,Bambalamotu,,UPG-PSY,UPG10000,UPG23500,C,C,RING 2,
UPG23502,UPG,SULAMPAPUA,Mamuju Utara,Baras,,UPG-PSY,UPG10000,UPG23500,C,C,RING 2,
UPG23503,UPG,SULAMPAPUA,Mamuju Utara,Sarudu,,UPG-PSY,UPG10000,UPG23500,C,C,RING 2,
UPG23504,UPG,SULAMPAPUA,Mamuju Utara,Tikke Raya,,UPG-PSY,UPG10000,UPG23500,C,C,RING 2,
UPG23505,UPG,SULAMPAPUA,Mamuju Utara,Sarjo,,UPG-PSY,UPG10000,UPG23500,C,C,RING 2,
UPG23506,UPG,SULAMPAPUA,Mamuju Utara,Pedongga,,UPG-PSY,UPG10000,UPG23500,C,C,RING 2,
UPG23507,UPG,SULAMPAPUA,Mamuju Utara,Lariang,,UPG-PSY,UPG10000,UPG23500,C,C,RING 2,
UPG23508,UPG,SULAMPAPUA,Mamuju Utara,Duripoku,,UPG-PSY,UPG10000,UPG23500,C,C,RING 2,
UPG23509,UPG,SULAMPAPUA,Mamuju Utara,Dapurang,,UPG-PSY,UPG10000,UPG23500,C,C,RING 2,
UPG23510,UPG,SULAMPAPUA,Mamuju Utara,Bulu Taba,,UPG-PSY,UPG10000,UPG23500,C,C,RING 2,
UPG23511,UPG,SULAMPAPUA,Mamuju Utara,Bambaira,,UPG-PSY,UPG10000,UPG23500,C,C,RING 2,
BTH10000,BTH,SUMATERA,Kota Batam,Batam,CABANG UTAMA,BTH,BTH10000,BTH10000,A,A,RING 1,SUM-UT
BTH10052,BTH,SUMATERA,Batam ,Nongsa,,BTH,BTH10000,BTH10000,A,A,RING 1,SUM-UT
BTH10054,BTH,SUMATERA,Batam ,Sekupang,,BTH,BTH10000,BTH10000,A,A,RING 1,SUM-UT
BTH10080,BTH,SUMATERA,Batam ,Batu Ampar,,BTH,BTH10000,BTH10000,A,A,RING 1,SUM-UT
BTH10081,BTH,SUMATERA,Batam ,Belakang Padang,,BTH,BTH10000,BTH10000,C,B,RING 1,SUM-UT
BTH10082,BTH,SUMATERA,Batam ,Bulang,,BTH,BTH10000,BTH10000,A,B,RING 1,SUM-UT
BTH10083,BTH,SUMATERA,Batam ,Galang,,BTH,BTH10000,BTH10000,A,B,RING 1,SUM-UT
BTH10084,BTH,SUMATERA,Batam ,Lubuk Baja,,BTH,BTH10000,BTH10000,A,A,RING 1,SUM-UT
BTH10085,BTH,SUMATERA,Batam ,Sei/Sungai Beduk,,BTH,BTH10000,BTH10000,A,A,RING 1,SUM-UT
BTH10086,BTH,SUMATERA,Batam ,Sagulung,,BTH,BTH10000,BTH10000,A,A,RING 1,SUM-UT
BTH10088,BTH,SUMATERA,Batam ,Bengkong,,BTH,BTH10000,BTH10000,A,A,RING 1,SUM-UT
BTH10089,BTH,SUMATERA,Batam ,Batu Aji,,BTH,BTH10000,BTH10000,A,A,RING 1,SUM-UT
BTH10200,BTH,SUMATERA,Kab. Lingga,Daik,CABANG,BTH-DAK,BTH10200,BTH10200,C,C,RING 2,SUM-UT
BTH10201,BTH,SUMATERA,Lingga ,Lingga,,BTH-DAK,BTH10200,BTH10200,C,C,RING 2,SUM-UT
BTH10202,BTH,SUMATERA,Lingga ,Lingga Utara,,BTH-DAK,BTH10200,BTH10200,D,D,RING 2,SUM-UT
BTH10203,BTH,SUMATERA,Lingga ,Senayang,,BTH-DAK,BTH10200,BTH10200,D,D,RING 2,SUM-UT
BTH10204,BTH,SUMATERA,Lingga ,Singkep,CABANG,BTH-SKP,BTH10204,BTH10204,C,C,RING 2,SUM-UT
BTH10205,BTH,SUMATERA,Lingga ,Singkep Barat,,BTH-SKP,BTH10204,BTH10204,D,C,RING 2,SUM-UT
BTH10206,BTH,SUMATERA,Lingga ,Lingga Timur,,BTH-DAK,BTH10200,BTH10200,D,D,RING 2,SUM-UT
BTH10207,BTH,SUMATERA,Lingga ,Selayar,,BTH-SKP,BTH10204,BTH10204,D,D,RING 2,SUM-UT
BTH10208,BTH,SUMATERA,Lingga ,Singkep Pesisir,,BTH-SKP,BTH10204,BTH10204,D,D,RING 2,SUM-UT
BTH10209,BTH,SUMATERA,Lingga ,Singkep Selatan,,BTH-SKP,BTH10204,BTH10204,D,D,RING 2,SUM-UT
BTH10300,BTH,SUMATERA,Kab. Natuna,Ranai,CABANG,BTH-NTX,BTH10300,BTH10300,B,C,RING 2,SUM-UT
BTH10301,BTH,SUMATERA,Natuna ,Bunguran Barat,,BTH-NTX,BTH10300,BTH10300,D,D,RING 2,SUM-UT
BTH10302,BTH,SUMATERA,Natuna ,Bunguran Timur,,BTH-NTX,BTH10300,BTH10300,B,C,RING 2,SUM-UT
BTH10303,BTH,SUMATERA,Natuna ,Bunguran Timur Laut,,BTH-NTX,BTH10300,BTH10300,D,D,RING 2,SUM-UT
BTH10304,BTH,SUMATERA,Natuna ,Bunguran Tengah,,BTH-NTX,BTH10300,BTH10300,D,D,RING 2,SUM-UT
BTH10305,BTH,SUMATERA,Natuna ,Bunguran Utara,,BTH-NTX,BTH10300,BTH10300,D,D,RING 2,SUM-UT
BTH10306,BTH,SUMATERA,Kepulauan Anambas ,Jemaja,CABANG,BTH-JMJ,BTH10306,BTH10306,D,D,RING 2,SUM-UT
BTH10307,BTH,SUMATERA,Kepulauan Anambas ,Jemaja Timur,,BTH-JMJ,BTH10306,BTH10306,D,D,RING 2,SUM-UT
BTH10308,BTH,SUMATERA,Natuna ,Midai,,BTH-NTX,BTH10300,BTH10300,D,D,RING 2,SUM-UT
BTH10309,BTH,SUMATERA,Kepulauan Anambas ,Palmatak,,BTH-JMJ,BTH10306,BTH10306,D,D,RING 2,SUM-UT
BTH10310,BTH,SUMATERA,Natuna ,Serasan,,BTH-NTX,BTH10300,BTH10300,D,D,RING 2,SUM-UT
BTH10311,BTH,SUMATERA,Kepulauan Anambas ,Siantan,,BTH-JMJ,BTH10306,BTH10306,D,D,RING 2,SUM-UT
BTH10312,BTH,SUMATERA,Kepulauan Anambas ,Siantan Selatan,,BTH-JMJ,BTH10306,BTH10306,D,D,RING 2,SUM-UT
BTH10313,BTH,SUMATERA,Kepulauan Anambas ,Siantan Timur,,BTH-JMJ,BTH10306,BTH10306,D,D,RING 2,SUM-UT
BTH10314,BTH,SUMATERA,Natuna ,Subi,,BTH-NTX,BTH10300,BTH10300,D,D,RING 2,SUM-UT
BTH10315,BTH,SUMATERA,Natuna ,Pulau Laut,,BTH-NTX,BTH10300,BTH10300,D,D,RING 2,SUM-UT
BTH10316,BTH,SUMATERA,Natuna ,Pulau Tiga,,BTH-NTX,BTH10300,BTH10300,D,D,RING 2,SUM-UT
BTH10317,BTH,SUMATERA,Natuna ,Bunguran Selatan,,BTH-NTX,BTH10300,BTH10300,D,D,RING 2,SUM-UT
BTH10318,BTH,SUMATERA,Natuna ,Serasan Timur,,BTH-NTX,BTH10300,BTH10300,D,D,RING 2,SUM-UT
BTH10400,BTH,SUMATERA,Karimun,Tanjung Balai Karimun,CABANG,BTH-TBK,BTH10400,BTH10400,B,B,RING 2,SUM-UT
BTH10401,BTH,SUMATERA,Karimun ,Buru,,BTH-TBK,BTH10400,BTH10400,D,D,RING 2,SUM-UT
BTH10402,BTH,SUMATERA,Karimun ,Karimun,,BTH-TBK,BTH10400,BTH10400,C,C,RING 2,SUM-UT
BTH10403,BTH,SUMATERA,Kab. Karimun,Kundur,CABANG,BTH-KNR,BTH10403,BTH10403,C,C,RING 2,SUM-UT
BTH10404,BTH,SUMATERA,Karimun ,Kundur Barat,,BTH-KNR,BTH10403,BTH10403,C,D,RING 2,SUM-UT
BTH10405,BTH,SUMATERA,Karimun ,Kundur Utara,,BTH-KNR,BTH10403,BTH10403,C,D,RING 2,SUM-UT
BTH10406,BTH,SUMATERA,Karimun ,Meral,,BTH-TBK,BTH10400,BTH10400,C,C,RING 2,SUM-UT
BTH10407,BTH,SUMATERA,Karimun ,Moro,,BTH-TBK,BTH10400,BTH10400,D,D,RING 2,SUM-UT
BTH10408,BTH,SUMATERA,Karimun ,Tebing,,BTH-TBK,BTH10400,BTH10400,C,C,RING 2,SUM-UT
BTH10409,BTH,SUMATERA,Kepulauan Riau,Tanjung Batu,,BTH-KNR,BTH10403,BTH10403,B,C,RING 2,SUM-UT
BTH10410,BTH,SUMATERA,Karimun ,Durai,,BTH-KNR,BTH10403,BTH10403,C,D,RING 2,SUM-UT
BTH10411,BTH,SUMATERA,Karimun ,Belat,,BTH-KNR,BTH10403,BTH10403,C,D,RING 2,SUM-UT
BTH10412,BTH,SUMATERA,Karimun ,Meral Barat,,BTH-TBK,BTH10400,BTH10400,C,C,RING 2,SUM-UT
BTH10413,BTH,SUMATERA,Karimun ,Ungar,,BTH-KNR,BTH10403,BTH10403,C,D,RING 2,SUM-UT
BTH10500,BTH,SUMATERA,Kepulauan Anambas ,Siantan Tengah,,BTH-JMJ,BTH10306,BTH10306,C,D,RING 2,SUM-UT
BTJ10000,BTJ,SUMATERA,Kota Banda Aceh,Banda Aceh,CABANG UTAMA,BTJ,BTJ10000,BTJ10000,A,A,RING 1,SUM-UT
BTJ10015,BTJ,SUMATERA,Banda Aceh ,Meuraxa,,BTJ,BTJ10000,BTJ10000,A,A,RING 1,SUM-UT
BTJ10016,BTJ,SUMATERA,Banda Aceh ,Jaya Baru,,BTJ,BTJ10000,BTJ10000,A,A,RING 1,SUM-UT
BTJ10017,BTJ,SUMATERA,Banda Aceh ,Banda Raya,,BTJ,BTJ10000,BTJ10000,A,A,RING 1,SUM-UT
BTJ10018,BTJ,SUMATERA,Banda Aceh ,Baiturrahman,,BTJ,BTJ10000,BTJ10000,A,A,RING 1,SUM-UT
BTJ10019,BTJ,SUMATERA,Banda Aceh ,Lueng Bata,,BTJ,BTJ10000,BTJ10000,A,A,RING 1,SUM-UT
BTJ10020,BTJ,SUMATERA,Banda Aceh ,Kuta Alam,,BTJ,BTJ10000,BTJ10000,A,A,RING 1,SUM-UT
BTJ10021,BTJ,SUMATERA,Banda Aceh ,Kuta Raja,,BTJ,BTJ10000,BTJ10000,A,A,RING 1,SUM-UT
BTJ10022,BTJ,SUMATERA,Banda Aceh ,Syiah Kuala,,BTJ,BTJ10000,BTJ10000,A,A,RING 1,SUM-UT
BTJ10023,BTJ,SUMATERA,Banda Aceh ,Ulee Kareng,,BTJ,BTJ10000,BTJ10000,A,A,RING 1,SUM-UT
BTJ10100,BTJ,SUMATERA,Kota Langsa,Langsa,CABANG,BTJ-LGS,BTJ10000,BTJ10100,B,B,RING 2,SUM-UT
BTJ10118,BTJ,SUMATERA,Langsa ,Langsa Barat,,BTJ-LGS,BTJ10000,BTJ10100,B,B,RING 2,SUM-UT
BTJ10119,BTJ,SUMATERA,Langsa ,Langsa Kota,,BTJ-LGS,BTJ10000,BTJ10100,B,B,RING 2,SUM-UT
BTJ10120,BTJ,SUMATERA,Langsa ,Langsa Lama,,BTJ-LGS,BTJ10000,BTJ10100,B,B,RING 2,SUM-UT
BTJ10121,BTJ,SUMATERA,Langsa Teungoh,Langsa Teungoh,,BTJ-LGS,BTJ10000,BTJ10100,B,B,RING 2,SUM-UT
BTJ10122,BTJ,SUMATERA,Langsa ,Langsa Timur,,BTJ-LGS,BTJ10000,BTJ10100,B,B,RING 2,SUM-UT
BTJ10123,BTJ,SUMATERA,Langsa ,Langsa Baro,,BTJ-LGS,BTJ10000,BTJ10100,B,B,RING 2,SUM-UT
BTJ10200,BTJ,SUMATERA,Kota Lhokseumawe,Lhokseumawe,CABANG,BTJ-LSM,BTJ10000,BTJ10200,B,B,RING 2,SUM-UT
BTJ10209,BTJ,SUMATERA,Lhokseumawe ,Muara Dua,,BTJ-LSM,BTJ10000,BTJ10200,B,B,RING 2,SUM-UT
BTJ10226,BTJ,SUMATERA,Lhokseumawe ,Banda Sakti,,BTJ-LSM,BTJ10000,BTJ10200,B,B,RING 2,SUM-UT
BTJ10227,BTJ,SUMATERA,Lhokseumawe ,Blang Mangat,,BTJ-LSM,BTJ10000,BTJ10200,B,B,RING 2,SUM-UT
BTJ10228,BTJ,SUMATERA,Lhokseumawe ,Muara Satu,,BTJ-LSM,BTJ10000,BTJ10200,B,B,RING 2,SUM-UT
BTJ10300,BTJ,SUMATERA,Aceh Besar ,Kota Jantho,,BTJ,BTJ10000,BTJ10000,B,B,RING 1,SUM-UT
BTJ10301,BTJ,SUMATERA,Aceh Besar ,Darul Imarah,,BTJ,BTJ10000,BTJ10000,C,C,RING 1,SUM-UT
BTJ10302,BTJ,SUMATERA,Aceh Besar ,Darussalam,,BTJ,BTJ10000,BTJ10000,C,C,RING 1,SUM-UT
BTJ10303,BTJ,SUMATERA,Aceh Besar ,Indrapuri,,BTJ,BTJ10000,BTJ10000,C,C,RING 1,SUM-UT
BTJ10304,BTJ,SUMATERA,Aceh Besar ,Ingin Jaya,,BTJ,BTJ10000,BTJ10000,C,C,RING 1,SUM-UT
BTJ10305,BTJ,SUMATERA,Aceh Besar ,Kuta Baro,,BTJ,BTJ10000,BTJ10000,C,C,RING 1,SUM-UT
BTJ10306,BTJ,SUMATERA,Aceh Besar ,Lhoknga (Lho'nga),,BTJ,BTJ10000,BTJ10000,C,C,RING 1,SUM-UT
BTJ10307,BTJ,SUMATERA,Aceh Besar ,Lhoong,,BTJ,BTJ10000,BTJ10000,C,C,RING 1,SUM-UT
BTJ10308,BTJ,SUMATERA,Aceh Besar ,Mesjid Raya,,BTJ,BTJ10000,BTJ10000,C,C,RING 1,SUM-UT
BTJ10309,BTJ,SUMATERA,Aceh Besar ,Mantasiek (Montasik),,BTJ,BTJ10000,BTJ10000,C,C,RING 1,SUM-UT
BTJ10310,BTJ,SUMATERA,Aceh Besar ,Peukan Bada,,BTJ,BTJ10000,BTJ10000,C,C,RING 1,SUM-UT
BTJ10311,BTJ,SUMATERA,Aceh Besar ,Suka Makmur,,BTJ,BTJ10000,BTJ10000,C,C,RING 1,SUM-UT
BTJ10312,BTJ,SUMATERA,Aceh Besar ,Simpang Tiga,,BTJ,BTJ10000,BTJ10000,C,C,RING 1,SUM-UT
BTJ10313,BTJ,SUMATERA,Aceh Besar ,Baitussalam,,BTJ,BTJ10000,BTJ10000,C,C,RING 1,SUM-UT
BTJ10314,BTJ,SUMATERA,Aceh Besar ,Darul Kamal,,BTJ,BTJ10000,BTJ10000,C,C,RING 1,SUM-UT
BTJ10315,BTJ,SUMATERA,Aceh Besar ,Krueng Barona Jaya,,BTJ,BTJ10000,BTJ10000,C,C,RING 1,SUM-UT
BTJ10316,BTJ,SUMATERA,Aceh Besar ,Kota Cot Glie (Kuta Cot Glie),,BTJ,BTJ10000,BTJ10000,C,C,RING 1,SUM-UT
BTJ10317,BTJ,SUMATERA,Aceh Besar ,Kota Malaka (Kuta Malaka),,BTJ,BTJ10000,BTJ10000,C,C,RING 1,SUM-UT
BTJ10318,BTJ,SUMATERA,Aceh Besar ,Lembah Seulawah,,BTJ,BTJ10000,BTJ10000,C,C,RING 1,SUM-UT
BTJ10319,BTJ,SUMATERA,Aceh Besar ,Leupung,,BTJ,BTJ10000,BTJ10000,C,C,RING 1,SUM-UT
BTJ10320,BTJ,SUMATERA,Aceh Besar ,Pulo Aceh,,BTJ,BTJ10000,BTJ10000,C,C,RING 1,SUM-UT
BTJ10321,BTJ,SUMATERA,Aceh Besar ,Seulimeum,,BTJ,BTJ10000,BTJ10000,C,C,RING 1,SUM-UT
BTJ10323,BTJ,SUMATERA,Aceh Besar ,Blank Bintang,,BTJ,BTJ10000,BTJ10000,C,C,RING 1,SUM-UT
BTJ20100,BTJ,SUMATERA,Kab. Bireuen,Bireuen,CABANG,BTJ-BIR,BTJ10000,BTJ20100,B,B,RING 2,SUM-UT
BTJ20101,BTJ,SUMATERA,Bireuen ,Jeunieb,,BTJ-BIR,BTJ10000,BTJ20100,C,C,RING 2,SUM-UT
BTJ20102,BTJ,SUMATERA,Bireuen ,Peusangan,,BTJ-BIR,BTJ10000,BTJ20100,C,C,RING 2,SUM-UT
BTJ20103,BTJ,SUMATERA,Bireuen ,Peudada,,BTJ-BIR,BTJ10000,BTJ20100,C,C,RING 2,SUM-UT
BTJ20104,BTJ,SUMATERA,Bireuen ,Samalanga,,BTJ-BIR,BTJ10000,BTJ20100,C,C,RING 2,SUM-UT
BTJ20105,BTJ,SUMATERA,Bireuen ,Ganda Pura,,BTJ-BIR,BTJ10000,BTJ20100,C,C,RING 2,SUM-UT
BTJ20106,BTJ,SUMATERA,Bireuen ,Makmur,,BTJ-BIR,BTJ10000,BTJ20100,C,C,RING 2,SUM-UT
BTJ20107,BTJ,SUMATERA,Bireuen ,Kuala,,BTJ-BIR,BTJ10000,BTJ20100,C,C,RING 2,SUM-UT
BTJ20108,BTJ,SUMATERA,Bireuen ,Jangka,,BTJ-BIR,BTJ10000,BTJ20100,C,C,RING 2,SUM-UT
BTJ20109,BTJ,SUMATERA,Bireuen ,Jeumpa,,BTJ-BIR,BTJ10000,BTJ20100,C,C,RING 2,SUM-UT
BTJ20110,BTJ,SUMATERA,Bireuen ,Juli,,BTJ-BIR,BTJ10000,BTJ20100,C,C,RING 2,SUM-UT
BTJ20111,BTJ,SUMATERA,Bireuen ,Kota Juang,,BTJ-BIR,BTJ10000,BTJ20100,C,C,RING 2,SUM-UT
BTJ20112,BTJ,SUMATERA,Bireuen ,Kuta Blang,,BTJ-BIR,BTJ10000,BTJ20100,C,C,RING 2,SUM-UT
BTJ20113,BTJ,SUMATERA,Bireuen ,Pandrah,,BTJ-BIR,BTJ10000,BTJ20100,C,C,RING 2,SUM-UT
BTJ20114,BTJ,SUMATERA,Bireuen ,Peusangan Selatan,,BTJ-BIR,BTJ10000,BTJ20100,C,C,RING 2,SUM-UT
BTJ20115,BTJ,SUMATERA,Bireuen ,Peusangan Siblah Krueng,,BTJ-BIR,BTJ10000,BTJ20100,C,C,RING 2,SUM-UT
BTJ20116,BTJ,SUMATERA,Bireuen ,Peulimbang (Plimbang),,BTJ-BIR,BTJ10000,BTJ20100,C,C,RING 2,SUM-UT
BTJ20117,BTJ,SUMATERA,Bireuen ,Simpang Mamplam,,BTJ-BIR,BTJ10000,BTJ20100,C,C,RING 2,SUM-UT
BTJ20200,BTJ,SUMATERA,Kab. Aceh Tenggara,Kutacane,CABANG,BTJ-KTN,BTJ10000,BTJ20200,B,B,RING 2,SUM-UT
BTJ20201,BTJ,SUMATERA,Aceh Tenggara ,Badar,,BTJ-KTN,BTJ10000,BTJ20200,C,C,RING 2,SUM-UT
BTJ20202,BTJ,SUMATERA,Aceh Tenggara ,Bambel,,BTJ-KTN,BTJ10000,BTJ20200,C,C,RING 2,SUM-UT
BTJ20205,BTJ,SUMATERA,Aceh Tenggara ,Lawe Alas,,BTJ-KTN,BTJ10000,BTJ20200,C,C,RING 2,SUM-UT
BTJ20206,BTJ,SUMATERA,Aceh Tenggara ,Lawe Sigala-Gala,,BTJ-KTN,BTJ10000,BTJ20200,C,C,RING 2,SUM-UT
BTJ20209,BTJ,SUMATERA,Aceh Tenggara ,Babul Makmur,,BTJ-KTN,BTJ10000,BTJ20200,C,C,RING 2,SUM-UT
BTJ20210,BTJ,SUMATERA,Aceh Tenggara ,Babul Rahmah,,BTJ-KTN,BTJ10000,BTJ20200,C,C,RING 2,SUM-UT
BTJ20211,BTJ,SUMATERA,Aceh Tenggara ,Babussalam,,BTJ-KTN,BTJ10000,BTJ20200,C,C,RING 2,SUM-UT
BTJ20212,BTJ,SUMATERA,Aceh Tenggara ,Bukit Tusam,,BTJ-KTN,BTJ10000,BTJ20200,C,C,RING 2,SUM-UT
BTJ20213,BTJ,SUMATERA,Aceh Tenggara ,Darul Hasanah,,BTJ-KTN,BTJ10000,BTJ20200,C,C,RING 2,SUM-UT
BTJ20214,BTJ,SUMATERA,Aceh Tenggara ,Lawe Bulan,,BTJ-KTN,BTJ10000,BTJ20200,C,C,RING 2,SUM-UT
BTJ20215,BTJ,SUMATERA,Aceh Tenggara ,Semadam,,BTJ-KTN,BTJ10000,BTJ20200,C,C,RING 2,SUM-UT
BTJ20216,BTJ,SUMATERA,Aceh Tenggara ,Tanah Alas,,BTJ-KTN,BTJ10000,BTJ20200,C,C,RING 2,SUM-UT
BTJ20217,BTJ,SUMATERA,Aceh Tenggara ,Leuser,,BTJ-KTN,BTJ10000,BTJ20200,C,C,RING 2,SUM-UT
BTJ20218,BTJ,SUMATERA,Aceh Tenggara ,Lawe Sumur,,BTJ-KTN,BTJ10000,BTJ20200,C,C,RING 2,SUM-UT
BTJ20219,BTJ,SUMATERA,Aceh Tenggara ,Ketambe,,BTJ-KTN,BTJ10000,BTJ20200,C,C,RING 2,SUM-UT
BTJ20220,BTJ,SUMATERA,Aceh Tenggara ,Deleng Pokhisen,,BTJ-KTN,BTJ10000,BTJ20200,C,C,RING 2,SUM-UT
BTJ20300,BTJ,SUMATERA,Kab. Aceh Barat,Meulaboh,CABANG,BTJ-MBO,BTJ10000,BTJ20300,B,B,RING 2,SUM-UT
BTJ20304,BTJ,SUMATERA,Aceh Barat ,Kaway XVI,,BTJ-MBO,BTJ10000,BTJ20300,C,C,RING 2,SUM-UT
BTJ20308,BTJ,SUMATERA,Aceh Barat ,Samatiga,,BTJ-MBO,BTJ10000,BTJ20300,C,C,RING 2,SUM-UT
BTJ20315,BTJ,SUMATERA,Aceh Barat ,Sungai Mas,,BTJ-MBO,BTJ10000,BTJ20300,C,C,RING 2,SUM-UT
BTJ20318,BTJ,SUMATERA,Aceh Barat ,Woyla,,BTJ-MBO,BTJ10000,BTJ20300,C,C,RING 2,SUM-UT
BTJ20319,BTJ,SUMATERA,Aceh Barat ,Bubon,,BTJ-MBO,BTJ10000,BTJ20300,C,C,RING 2,SUM-UT
BTJ20320,BTJ,SUMATERA,Aceh Barat ,Arongan Lambalek,,BTJ-MBO,BTJ10000,BTJ20300,C,C,RING 2,SUM-UT
BTJ20321,BTJ,SUMATERA,Aceh Barat ,Johan Pahlawan,,BTJ-MBO,BTJ10000,BTJ20300,C,C,RING 2,SUM-UT
BTJ20322,BTJ,SUMATERA,Aceh Barat ,Woyla Barat,,BTJ-MBO,BTJ10000,BTJ20300,C,C,RING 2,SUM-UT
BTJ20323,BTJ,SUMATERA,Aceh Barat ,Woyla Timur,,BTJ-MBO,BTJ10000,BTJ20300,C,C,RING 2,SUM-UT
BTJ20324,BTJ,SUMATERA,Aceh Barat ,Pante Ceureumen (Pantai Ceuremen),,BTJ-MBO,BTJ10000,BTJ20300,C,C,RING 2,SUM-UT
BTJ20325,BTJ,SUMATERA,Aceh Barat ,Panton Reu,,BTJ-MBO,BTJ10000,BTJ20300,C,C,RING 2,SUM-UT
BTJ20326,BTJ,SUMATERA,Aceh Barat ,Meureubo,,BTJ-MBO,BTJ10000,BTJ20300,C,C,RING 2,SUM-UT
BTJ20400,BTJ,SUMATERA,Kab. Pidie,Sigli,CABANG,BTJ-SGI,BTJ10000,BTJ20400,B,B,RING 2,SUM-UT
BTJ20403,BTJ,SUMATERA,Pidie ,Batee,,BTJ-SGI,BTJ10000,BTJ20400,C,C,RING 2,SUM-UT
BTJ20404,BTJ,SUMATERA,Pidie ,Delima,,BTJ-SGI,BTJ10000,BTJ20400,C,C,RING 2,SUM-UT
BTJ20405,BTJ,SUMATERA,Pidie ,Geumpang,,BTJ-SGI,BTJ10000,BTJ20400,C,C,RING 2,SUM-UT
BTJ20406,BTJ,SUMATERA,Pidie ,Glumpang Tiga (Geulumpang Tiga),,BTJ-SGI,BTJ10000,BTJ20400,C,C,RING 2,SUM-UT
BTJ20407,BTJ,SUMATERA,Pidie ,Indrajaya,,BTJ-SGI,BTJ10000,BTJ20400,C,C,RING 2,SUM-UT
BTJ20408,BTJ,SUMATERA,Pidie ,Kembang Tanjong,,BTJ-SGI,BTJ10000,BTJ20400,C,C,RING 2,SUM-UT
BTJ20410,BTJ,SUMATERA,Pidie ,Mila,,BTJ-SGI,BTJ10000,BTJ20400,C,C,RING 2,SUM-UT
BTJ20411,BTJ,SUMATERA,Pidie ,Muara Tiga,,BTJ-SGI,BTJ10000,BTJ20400,C,C,RING 2,SUM-UT
BTJ20412,BTJ,SUMATERA,Pidie ,Mutiara,,BTJ-SGI,BTJ10000,BTJ20400,C,C,RING 2,SUM-UT
BTJ20413,BTJ,SUMATERA,Pidie ,Padang Tiji,,BTJ-SGI,BTJ10000,BTJ20400,C,C,RING 2,SUM-UT
BTJ20414,BTJ,SUMATERA,Pidie ,Peukan Baro,,BTJ-SGI,BTJ10000,BTJ20400,C,C,RING 2,SUM-UT
BTJ20415,BTJ,SUMATERA,Pidie ,Pidie,,BTJ-SGI,BTJ10000,BTJ20400,C,C,RING 2,SUM-UT
BTJ20416,BTJ,SUMATERA,Pidie ,Sakti,,BTJ-SGI,BTJ10000,BTJ20400,C,C,RING 2,SUM-UT
BTJ20417,BTJ,SUMATERA,Pidie ,Simpang Tiga,,BTJ-SGI,BTJ10000,BTJ20400,C,C,RING 2,SUM-UT
BTJ20418,BTJ,SUMATERA,Pidie ,Tangse,,BTJ-SGI,BTJ10000,BTJ20400,C,C,RING 2,SUM-UT
BTJ20419,BTJ,SUMATERA,Pidie ,Tiro/Truseb,,BTJ-SGI,BTJ10000,BTJ20400,C,C,RING 2,SUM-UT
BTJ20420,BTJ,SUMATERA,Pidie ,Titeue,,BTJ-SGI,BTJ10000,BTJ20400,C,C,RING 2,SUM-UT
BTJ20423,BTJ,SUMATERA,Pidie ,Glumpang Baro,,BTJ-SGI,BTJ10000,BTJ20400,C,C,RING 2,SUM-UT
BTJ20424,BTJ,SUMATERA,Pidie ,Grong Grong,,BTJ-SGI,BTJ10000,BTJ20400,C,C,RING 2,SUM-UT
BTJ20425,BTJ,SUMATERA,Pidie ,Mane,,BTJ-SGI,BTJ10000,BTJ20400,C,C,RING 2,SUM-UT
BTJ20426,BTJ,SUMATERA,Pidie ,Mutiara Timur,,BTJ-SGI,BTJ10000,BTJ20400,C,C,RING 2,SUM-UT
BTJ20429,BTJ,SUMATERA,Pidie ,Keumala,,BTJ-SGI,BTJ10000,BTJ20400,C,C,RING 2,SUM-UT
BTJ20500,BTJ,SUMATERA,Kab. Aceh Tengah,Takengon,CABANG,BTJ-TKN,BTJ10000,BTJ20500,B,B,RING 2,SUM-UT
BTJ20502,BTJ,SUMATERA,Aceh Tengah ,Bebesen,,BTJ-TKN,BTJ10000,BTJ20500,C,C,RING 2,SUM-UT
BTJ20503,BTJ,SUMATERA,Aceh Tengah ,Bintang,,BTJ-TKN,BTJ10000,BTJ20500,C,C,RING 2,SUM-UT
BTJ20505,BTJ,SUMATERA,Aceh Tengah ,Linge,,BTJ-TKN,BTJ10000,BTJ20500,C,C,RING 2,SUM-UT
BTJ20506,BTJ,SUMATERA,Aceh Tengah ,Pegasing,,BTJ-TKN,BTJ10000,BTJ20500,C,C,RING 2,SUM-UT
BTJ20507,BTJ,SUMATERA,Aceh Tengah ,Silih Nara,,BTJ-TKN,BTJ10000,BTJ20500,C,C,RING 2,SUM-UT
BTJ20509,BTJ,SUMATERA,Aceh Tengah ,Atu Lintang,,BTJ-TKN,BTJ10000,BTJ20500,C,C,RING 2,SUM-UT
BTJ20510,BTJ,SUMATERA,Aceh Tengah ,Bies,,BTJ-TKN,BTJ10000,BTJ20500,C,C,RING 2,SUM-UT
BTJ20511,BTJ,SUMATERA,Aceh Tengah ,Celala,,BTJ-TKN,BTJ10000,BTJ20500,C,C,RING 2,SUM-UT
BTJ20512,BTJ,SUMATERA,Aceh Tengah ,Jagong Jeget,,BTJ-TKN,BTJ10000,BTJ20500,C,C,RING 2,SUM-UT
BTJ20513,BTJ,SUMATERA,Aceh Tengah ,Kebayakan,,BTJ-TKN,BTJ10000,BTJ20500,C,C,RING 2,SUM-UT
BTJ20514,BTJ,SUMATERA,Aceh Tengah ,Ketol,,BTJ-TKN,BTJ10000,BTJ20500,C,C,RING 2,SUM-UT
BTJ20515,BTJ,SUMATERA,Aceh Tengah ,Kute Panang,,BTJ-TKN,BTJ10000,BTJ20500,C,C,RING 2,SUM-UT
BTJ20516,BTJ,SUMATERA,Aceh Tengah ,Lut Tawar,,BTJ-TKN,BTJ10000,BTJ20500,C,C,RING 2,SUM-UT
BTJ20517,BTJ,SUMATERA,Aceh Tengah ,Rusip Antara,,BTJ-TKN,BTJ10000,BTJ20500,C,C,RING 2,SUM-UT
BTJ20600,BTJ,SUMATERA,Kab. Aceh Selatan,Tapak Tuan,CABANG,BTJ-TPK,BTJ10000,BTJ20600,B,B,RING 2,SUM-UT
BTJ20601,BTJ,SUMATERA,Aceh Selatan ,Bakongan,,BTJ-TPK,BTJ10000,BTJ20600,C,C,RING 2,SUM-UT
BTJ20603,BTJ,SUMATERA,Aceh Selatan ,Kluet Utara,,BTJ-TPK,BTJ10000,BTJ20600,C,C,RING 2,SUM-UT
BTJ20605,BTJ,SUMATERA,Aceh Selatan ,Kluet Selatan,,BTJ-TPK,BTJ10000,BTJ20600,C,C,RING 2,SUM-UT
BTJ20606,BTJ,SUMATERA,Aceh Selatan ,Labuhan Haji,,BTJ-TPK,BTJ10000,BTJ20600,C,C,RING 2,SUM-UT
BTJ20608,BTJ,SUMATERA,Aceh Selatan ,Meukek,,BTJ-TPK,BTJ10000,BTJ20600,C,C,RING 2,SUM-UT
BTJ20610,BTJ,SUMATERA,Aceh Selatan ,Sama Dua,,BTJ-TPK,BTJ10000,BTJ20600,C,C,RING 2,SUM-UT
BTJ20617,BTJ,SUMATERA,Aceh Selatan ,Trumon,,BTJ-TPK,BTJ10000,BTJ20600,C,C,RING 2,SUM-UT
BTJ20619,BTJ,SUMATERA,Aceh Selatan ,Bakongan Timur,,BTJ-TPK,BTJ10000,BTJ20600,C,C,RING 2,SUM-UT
BTJ20620,BTJ,SUMATERA,Aceh Selatan ,Kluet Tengah,,BTJ-TPK,BTJ10000,BTJ20600,C,C,RING 2,SUM-UT
BTJ20621,BTJ,SUMATERA,Aceh Selatan ,Kluet Timur,,BTJ-TPK,BTJ10000,BTJ20600,C,C,RING 2,SUM-UT
BTJ20622,BTJ,SUMATERA,Aceh Selatan ,Labuhan Haji Barat,,BTJ-TPK,BTJ10000,BTJ20600,C,C,RING 2,SUM-UT
BTJ20623,BTJ,SUMATERA,Aceh Selatan ,Labuhan Haji Timur,,BTJ-TPK,BTJ10000,BTJ20600,C,C,RING 2,SUM-UT
BTJ20624,BTJ,SUMATERA,Aceh Selatan ,Pasie Raja,,BTJ-TPK,BTJ10000,BTJ20600,C,C,RING 2,SUM-UT
BTJ20625,BTJ,SUMATERA,Aceh Selatan ,Trumon Timur,,BTJ-TPK,BTJ10000,BTJ20600,C,C,RING 2,SUM-UT
BTJ20646,BTJ,SUMATERA,Aceh Selatan ,Sawang,,BTJ-TPK,BTJ10000,BTJ20600,C,C,RING 2,SUM-UT
BTJ20647,BTJ,SUMATERA,Aceh Selatan ,Kota Bahagia,,BTJ-TPK,BTJ10000,BTJ20600,C,C,RING 2,SUM-UT
BTJ20648,BTJ,SUMATERA,Aceh Selatan ,Trumon Tengah,,BTJ-TPK,BTJ10000,BTJ20600,C,C,RING 2,SUM-UT
BTJ20700,BTJ,SUMATERA,Sabang,Sabang,CABANG,BTJ-SBG,BTJ10000,BTJ20700,B,B,RING 2,SUM-UT
BTJ20702,BTJ,SUMATERA,Sabang ,Sukakarya,,BTJ-SBG,BTJ10000,BTJ20700,B,B,RING 2,SUM-UT
BTJ20703,BTJ,SUMATERA,Sabang ,Sukajaya,,BTJ-SBG,BTJ10000,BTJ20700,B,B,RING 2,SUM-UT
BTJ21000,BTJ,SUMATERA,Kab. Aceh Barat Daya,Blangpidie,CABANG,BTJ-BPD,BTJ10000,BTJ21000,B,B,RING 2,SUM-UT
BTJ21001,BTJ,SUMATERA,Aceh Barat Daya ,Babah Rot,,BTJ-BPD,BTJ10000,BTJ21000,C,C,RING 2,SUM-UT
BTJ21002,BTJ,SUMATERA,Aceh Barat Daya ,Kuala Batee,,BTJ-BPD,BTJ10000,BTJ21000,C,C,RING 2,SUM-UT
BTJ21003,BTJ,SUMATERA,Aceh Barat Daya ,Manggeng,,BTJ-BPD,BTJ10000,BTJ21000,C,C,RING 2,SUM-UT
BTJ21004,BTJ,SUMATERA,Aceh Barat Daya ,Susoh,,BTJ-BPD,BTJ10000,BTJ21000,C,C,RING 2,SUM-UT
BTJ21005,BTJ,SUMATERA,Aceh Barat Daya ,Tangan-Tangan,,BTJ-BPD,BTJ10000,BTJ21000,C,C,RING 2,SUM-UT
BTJ21006,BTJ,SUMATERA,Aceh Barat Daya ,Jeumpa,,BTJ-BPD,BTJ10000,BTJ21000,C,C,RING 2,SUM-UT
BTJ21007,BTJ,SUMATERA,Aceh Barat Daya ,Setia,,BTJ-BPD,BTJ10000,BTJ21000,C,C,RING 2,SUM-UT
BTJ21008,BTJ,SUMATERA,Aceh Barat Daya ,Lembah Sabil,,BTJ-BPD,BTJ10000,BTJ21000,C,C,RING 2,SUM-UT
BTJ21100,BTJ,SUMATERA,Kab. Aceh Jaya,Krueng Sabee/Calang,CABANG,BTJ-CAG,BTJ10000,BTJ21100,B,B,RING 2,SUM-UT
BTJ21101,BTJ,SUMATERA,Aceh Jaya ,Jaya,,BTJ-CAG,BTJ10000,BTJ21100,C,C,RING 2,SUM-UT
BTJ21102,BTJ,SUMATERA,Aceh Jaya ,Keude Panga,,BTJ-CAG,BTJ10000,BTJ21100,C,C,RING 2,SUM-UT
BTJ21103,BTJ,SUMATERA,Aceh Jaya ,Sampoiniet,,BTJ-CAG,BTJ10000,BTJ21100,C,C,RING 2,SUM-UT
BTJ21104,BTJ,SUMATERA,Aceh Jaya ,Setia Bakti,,BTJ-CAG,BTJ10000,BTJ21100,C,C,RING 2,SUM-UT
BTJ21105,BTJ,SUMATERA,Aceh Jaya ,Teunom,,BTJ-CAG,BTJ10000,BTJ21100,C,C,RING 2,SUM-UT
BTJ21106,BTJ,SUMATERA,Aceh Jaya ,Darul Hikmah,,BTJ-CAG,BTJ10000,BTJ21100,C,C,RING 2,SUM-UT
BTJ21107,BTJ,SUMATERA,Aceh Jaya ,Indra Jaya,,BTJ-CAG,BTJ10000,BTJ21100,C,C,RING 2,SUM-UT
BTJ21108,BTJ,SUMATERA,Aceh Jaya ,Pasie Raya,,BTJ-CAG,BTJ10000,BTJ21100,C,C,RING 2,SUM-UT
BTJ21200,BTJ,SUMATERA,Aceh Singkil ,Singkil,,BTJ-ASL,BTJ10000,BTJ22200,B,B,RING 2,SUM-UT
BTJ21201,BTJ,SUMATERA,Aceh Singkil ,Danau Paris,,BTJ-ASL,BTJ10000,BTJ22200,C,C,RING 2,SUM-UT
BTJ21202,BTJ,SUMATERA,Aceh Singkil ,Gunung Meriah (Mariah),,BTJ-ASL,BTJ10000,BTJ22200,C,C,RING 2,SUM-UT
BTJ21203,BTJ,SUMATERA,Aceh Singkil ,Kota Baharu,,BTJ-ASL,BTJ10000,BTJ22200,C,C,RING 2,SUM-UT
BTJ21204,BTJ,SUMATERA,Aceh Singkil ,Pulau Banyak,,BTJ-ASL,BTJ10000,BTJ22200,C,C,RING 2,SUM-UT
BTJ21205,BTJ,SUMATERA,Aceh Singkil ,Simpang Kanan,,BTJ-ASL,BTJ10000,BTJ22200,C,C,RING 2,SUM-UT
BTJ21206,BTJ,SUMATERA,Aceh Singkil ,Singkil Utara,,BTJ-ASL,BTJ10000,BTJ22200,C,C,RING 2,SUM-UT
BTJ21207,BTJ,SUMATERA,Aceh Singkil ,Singkohor,,BTJ-ASL,BTJ10000,BTJ22200,C,C,RING 2,SUM-UT
BTJ21208,BTJ,SUMATERA,Suro Baru,Suro Baru,,BTJ-ASL,BTJ10000,BTJ22200,C,C,RING 2,SUM-UT
BTJ21209,BTJ,SUMATERA,Aceh Singkil ,Suro Makmur,,BTJ-ASL,BTJ10000,BTJ22200,C,C,RING 2,SUM-UT
BTJ21210,BTJ,SUMATERA,Aceh Singkil ,Kuala Baru,,BTJ-ASL,BTJ10000,BTJ22200,C,C,RING 2,SUM-UT
BTJ21211,BTJ,SUMATERA,Aceh Singkil ,Pulau Banyak Barat,,BTJ-ASL,BTJ10000,BTJ22200,C,C,RING 2,SUM-UT
BTJ21300,BTJ,SUMATERA,Kab. Aceh Tamiang,Kuala Simpang,CABANG,BTJ-KSG,BTJ10000,BTJ21300,B,B,RING 2,SUM-UT
BTJ21301,BTJ,SUMATERA,Aceh Tamiang ,Bendahara,,BTJ-KSG,BTJ10000,BTJ21300,C,C,RING 2,SUM-UT
BTJ21302,BTJ,SUMATERA,Aceh Tamiang ,Karang Baru,,BTJ-KSG,BTJ10000,BTJ21300,C,C,RING 2,SUM-UT
BTJ21303,BTJ,SUMATERA,Aceh Tamiang ,Kejuruan Muda,,BTJ-KSG,BTJ10000,BTJ21300,C,C,RING 2,SUM-UT
BTJ21304,BTJ,SUMATERA,Aceh Tamiang ,Manyak Payed,,BTJ-KSG,BTJ10000,BTJ21300,C,C,RING 2,SUM-UT
BTJ21305,BTJ,SUMATERA,Aceh Tamiang ,Rantau,,BTJ-KSG,BTJ10000,BTJ21300,C,C,RING 2,SUM-UT
BTJ21306,BTJ,SUMATERA,Aceh Tamiang ,Seruway,,BTJ-KSG,BTJ10000,BTJ21300,C,C,RING 2,SUM-UT
BTJ21307,BTJ,SUMATERA,Aceh Tamiang ,Tamiang Hulu,,BTJ-KSG,BTJ10000,BTJ21300,C,C,RING 2,SUM-UT
BTJ21308,BTJ,SUMATERA,Aceh Tamiang ,Tenggulun,,BTJ-KSG,BTJ10000,BTJ21300,C,C,RING 2,SUM-UT
BTJ21309,BTJ,SUMATERA,Aceh Tamiang ,Sekerak,,BTJ-KSG,BTJ10000,BTJ21300,C,C,RING 2,SUM-UT
BTJ21310,BTJ,SUMATERA,Aceh Tamiang ,Bandar Pusaka,,BTJ-KSG,BTJ10000,BTJ21300,C,C,RING 2,SUM-UT
BTJ21311,BTJ,SUMATERA,Aceh Tamiang ,Banda Mulia,,BTJ-KSG,BTJ10000,BTJ21300,C,C,RING 2,SUM-UT
BTJ21400,BTJ,SUMATERA,Kab. Aceh Timur,Idi Rayeuk,CABANG,BTJ-KBE,BTJ10000,BTJ21400,B,B,RING 2,SUM-UT
BTJ21401,BTJ,SUMATERA,Aceh Timur ,Banda Alam,,BTJ-KBE,BTJ10000,BTJ21400,C,C,RING 2,SUM-UT
BTJ21402,BTJ,SUMATERA,Aceh Timur ,Birem Bayeun,,BTJ-KBE,BTJ10000,BTJ21400,C,C,RING 2,SUM-UT
BTJ21403,BTJ,SUMATERA,Aceh Timur ,Darul Aman,,BTJ-KBE,BTJ10000,BTJ21400,C,C,RING 2,SUM-UT
BTJ21404,BTJ,SUMATERA,Aceh Timur ,Darul Iksan (Ihsan),,BTJ-KBE,BTJ10000,BTJ21400,C,C,RING 2,SUM-UT
BTJ21405,BTJ,SUMATERA,Aceh Timur ,Idi Tunong,,BTJ-KBE,BTJ10000,BTJ21400,C,C,RING 2,SUM-UT
BTJ21406,BTJ,SUMATERA,Aceh Timur ,Indra Makmur,,BTJ-KBE,BTJ10000,BTJ21400,C,C,RING 2,SUM-UT
BTJ21407,BTJ,SUMATERA,Aceh Timur ,Julok,,BTJ-KBE,BTJ10000,BTJ21400,C,C,RING 2,SUM-UT
BTJ21408,BTJ,SUMATERA,Aceh Timur ,Madat,,BTJ-KBE,BTJ10000,BTJ21400,C,C,RING 2,SUM-UT
BTJ21409,BTJ,SUMATERA,Aceh Timur ,Nurussalam,,BTJ-KBE,BTJ10000,BTJ21400,C,C,RING 2,SUM-UT
BTJ21410,BTJ,SUMATERA,Aceh Timur ,Pante Bidari,,BTJ-KBE,BTJ10000,BTJ21400,C,C,RING 2,SUM-UT
BTJ21411,BTJ,SUMATERA,Aceh Timur ,Peudawa,,BTJ-KBE,BTJ10000,BTJ21400,C,C,RING 2,SUM-UT
BTJ21412,BTJ,SUMATERA,Aceh Timur ,Peureulak,,BTJ-LGS,BTJ10000,BTJ10100,C,C,RING 2,SUM-UT
BTJ21413,BTJ,SUMATERA,Aceh Timur ,Peureulak Barat,,BTJ-LGS,BTJ10000,BTJ10100,C,C,RING 2,SUM-UT
BTJ21414,BTJ,SUMATERA,Aceh Timur ,Peureulak Timur,,BTJ-LGS,BTJ10000,BTJ10100,C,C,RING 2,SUM-UT
BTJ21415,BTJ,SUMATERA,Aceh Timur ,Rantau Selamat,,BTJ-KBE,BTJ10000,BTJ21400,C,C,RING 2,SUM-UT
BTJ21416,BTJ,SUMATERA,Aceh Timur ,Ranto Peureulak,,BTJ-KBE,BTJ10000,BTJ21400,C,C,RING 2,SUM-UT
BTJ21417,BTJ,SUMATERA,Aceh Timur ,Serbajadi,,BTJ-KBE,BTJ10000,BTJ21400,C,C,RING 2,SUM-UT
BTJ21418,BTJ,SUMATERA,Aceh Timur ,Simpang Jernih,,BTJ-KBE,BTJ10000,BTJ21400,C,C,RING 2,SUM-UT
BTJ21419,BTJ,SUMATERA,Aceh Timur ,Simpang Ulim,,BTJ-KBE,BTJ10000,BTJ21400,C,C,RING 2,SUM-UT
BTJ21420,BTJ,SUMATERA,Aceh Timur ,Sungai Raya,,BTJ-KBE,BTJ10000,BTJ21400,C,C,RING 2,SUM-UT
BTJ21421,BTJ,SUMATERA,Aceh Timur ,Peunaron,,BTJ-KBE,BTJ10000,BTJ21400,C,C,RING 2,SUM-UT
BTJ21423,BTJ,SUMATERA,Aceh Timur ,Idi Timur,,BTJ-KBE,BTJ10000,BTJ21400,C,C,RING 2,SUM-UT
BTJ21424,BTJ,SUMATERA,Aceh Timur ,Darul Falah,,BTJ-KBE,BTJ10000,BTJ21400,C,C,RING 2,SUM-UT
BTJ21500,BTJ,SUMATERA,Kab. Aceh Utara,Lhoksukon,CABANG,BTJ-LSX,BTJ10000,BTJ21500,B,B,RING 2,SUM-UT
BTJ21501,BTJ,SUMATERA,Aceh Utara ,Baktiya,,BTJ-LSX,BTJ10000,BTJ21500,C,C,RING 2,SUM-UT
BTJ21502,BTJ,SUMATERA,Aceh Utara ,Baktiya Barat,,BTJ-LSX,BTJ10000,BTJ21500,C,C,RING 2,SUM-UT
BTJ21503,BTJ,SUMATERA,Aceh Utara ,Cot Girek,,BTJ-LSX,BTJ10000,BTJ21500,C,C,RING 2,SUM-UT
BTJ21504,BTJ,SUMATERA,Aceh Utara ,Dewantara,,BTJ-KRG,BTJ10000,BTJ10200,C,C,RING 2,SUM-UT
BTJ21505,BTJ,SUMATERA,Aceh Utara ,Kuta Makmur,,BTJ-KRG,BTJ10000,BTJ10200,C,C,RING 2,SUM-UT
BTJ21506,BTJ,SUMATERA,Aceh Utara ,Langkahan,,BTJ-LSX,BTJ10000,BTJ21500,C,C,RING 2,SUM-UT
BTJ21507,BTJ,SUMATERA,Aceh Utara ,Matangkuli,,BTJ-LSX,BTJ10000,BTJ21500,C,C,RING 2,SUM-UT
BTJ21508,BTJ,SUMATERA,Aceh Utara ,Meurah Mulia,,BTJ-LSM,BTJ10000,BTJ10200,C,C,RING 2,SUM-UT
BTJ21509,BTJ,SUMATERA,Aceh Utara ,Muara Batu,,BTJ-KRG,BTJ10000,BTJ10200,C,C,RING 2,SUM-UT
BTJ21510,BTJ,SUMATERA,Aceh Utara ,Nibong,,BTJ-KRG,BTJ10000,BTJ10200,C,C,RING 2,SUM-UT
BTJ21511,BTJ,SUMATERA,Aceh Utara ,Nisam,,BTJ-KRG,BTJ10000,BTJ10200,C,C,RING 2,SUM-UT
BTJ21512,BTJ,SUMATERA,Aceh Utara ,Paya Bakong,,BTJ-LSX,BTJ10000,BTJ21500,C,C,RING 2,SUM-UT
BTJ21513,BTJ,SUMATERA,Aceh Utara ,Samudera,,BTJ-LSM,BTJ10000,BTJ10200,C,C,RING 2,SUM-UT
BTJ21514,BTJ,SUMATERA,Aceh Utara ,Sawang,,BTJ-KRG,BTJ10000,BTJ10200,C,C,RING 2,SUM-UT
BTJ21515,BTJ,SUMATERA,Aceh Utara ,Seunuddon (Seunudon),,BTJ-LSX,BTJ10000,BTJ21500,C,C,RING 2,SUM-UT
BTJ21516,BTJ,SUMATERA,Aceh Utara ,Simpang Kramat (Keramat),,BTJ-LSM,BTJ10000,BTJ10200,C,C,RING 2,SUM-UT
BTJ21517,BTJ,SUMATERA,Aceh Utara ,Syamtalira Aron,,BTJ-LSX,BTJ10000,BTJ21500,C,C,RING 2,SUM-UT
BTJ21518,BTJ,SUMATERA,Aceh Utara ,Syamtalira Bayu,,BTJ-LSM,BTJ10000,BTJ10200,C,C,RING 2,SUM-UT
BTJ21519,BTJ,SUMATERA,Aceh Utara ,Tanah Luas,,BTJ-LSX,BTJ10000,BTJ21500,C,C,RING 2,SUM-UT
BTJ21520,BTJ,SUMATERA,Aceh Utara ,Tanah Jambo Aye,,BTJ-LSX,BTJ10000,BTJ21500,C,C,RING 2,SUM-UT
BTJ21521,BTJ,SUMATERA,Aceh Utara ,Tanah Pasir,,BTJ-LSX,BTJ10000,BTJ21500,C,C,RING 2,SUM-UT
BTJ21522,BTJ,SUMATERA,Aceh Utara ,Pirak Timur,,BTJ-LSX,BTJ10000,BTJ21500,C,C,RING 2,SUM-UT
BTJ21523,BTJ,SUMATERA,Aceh Utara ,Nisam Antara,,BTJ-KRG,BTJ10000,BTJ10200,C,C,RING 2,SUM-UT
BTJ21524,BTJ,SUMATERA,Aceh Utara ,Lapang,,BTJ-LSX,BTJ10000,BTJ21500,C,C,RING 2,SUM-UT
BTJ21525,BTJ,SUMATERA,Aceh Utara ,Geuredong Pase,,BTJ-LSM,BTJ10000,BTJ10200,C,C,RING 2,SUM-UT
BTJ21526,BTJ,SUMATERA,Aceh Utara ,Banda Baro,,BTJ-LSX,BTJ10000,BTJ21500,C,C,RING 2,SUM-UT
BTJ21600,BTJ,SUMATERA,Kab. Bener Meriah,Simpang Tiga Redelon,CABANG,BTJ-BMR,BTJ10000,BTJ21600,B,B,RING 2,SUM-UT
BTJ21601,BTJ,SUMATERA,Bener Meriah ,Bandar,,BTJ-BMR,BTJ10000,BTJ21600,C,C,RING 2,SUM-UT
BTJ21602,BTJ,SUMATERA,Bener Meriah ,Bukit,,BTJ-BMR,BTJ10000,BTJ21600,C,C,RING 2,SUM-UT
BTJ21603,BTJ,SUMATERA,Bener Meriah ,Permata,,BTJ-BMR,BTJ10000,BTJ21600,C,C,RING 2,SUM-UT
BTJ21604,BTJ,SUMATERA,Bener Meriah ,Pintu Rime Gayo,,BTJ-BMR,BTJ10000,BTJ21600,C,C,RING 2,SUM-UT
BTJ21605,BTJ,SUMATERA,Syiah Kuala,Syiah Kuala,,BTJ-BMR,BTJ10000,BTJ21600,C,C,RING 2,SUM-UT
BTJ21606,BTJ,SUMATERA,Bener Meriah ,Timang Gajah,,BTJ-BMR,BTJ10000,BTJ21600,C,C,RING 2,SUM-UT
BTJ21607,BTJ,SUMATERA,Bener Meriah ,Wih Pesam,,BTJ-BMR,BTJ10000,BTJ21600,C,C,RING 2,SUM-UT
BTJ21608,BTJ,SUMATERA,Bener Meriah ,Syiah Utama,,BTJ-BMR,BTJ10000,BTJ21600,C,C,RING 2,SUM-UT
BTJ21609,BTJ,SUMATERA,Bener Meriah ,Bener Kelipah,,BTJ-BMR,BTJ10000,BTJ21600,C,C,RING 2,SUM-UT
BTJ21610,BTJ,SUMATERA,Bener Meriah ,Gajah Putih,,BTJ-BMR,BTJ10000,BTJ21600,C,C,RING 2,SUM-UT
BTJ21611,BTJ,SUMATERA,Bener Meriah ,Mesidah,,BTJ-BMR,BTJ10000,BTJ21600,C,C,RING 2,SUM-UT
BTJ21700,BTJ,SUMATERA,Kab. Gayo Lues,Blang Kejeren,CABANG,BTJ-BKJ,BTJ10000,BTJ21700,B,B,RING 2,SUM-UT
BTJ21701,BTJ,SUMATERA,Gayo Lues ,Kuta Panjang,,BTJ-BKJ,BTJ10000,BTJ21700,C,C,RING 2,SUM-UT
BTJ21702,BTJ,SUMATERA,Gayo Lues ,Pining (Pinding),,BTJ-BKJ,BTJ10000,BTJ21700,C,C,RING 2,SUM-UT
BTJ21703,BTJ,SUMATERA,Gayo Lues ,Rikit Gaib,,BTJ-BKJ,BTJ10000,BTJ21700,C,C,RING 2,SUM-UT
BTJ21704,BTJ,SUMATERA,Gayo Lues ,Terangun (Terangon),,BTJ-BKJ,BTJ10000,BTJ21700,C,C,RING 2,SUM-UT
BTJ21705,BTJ,SUMATERA,Gayo Lues ,Putri Betung,,BTJ-BKJ,BTJ10000,BTJ21700,C,C,RING 2,SUM-UT
BTJ21706,BTJ,SUMATERA,Gayo Lues ,Blang Pegayon,,BTJ-BKJ,BTJ10000,BTJ21700,C,C,RING 2,SUM-UT
BTJ21707,BTJ,SUMATERA,Gayo Lues ,Dabun Gelang (Debun Gelang),,BTJ-BKJ,BTJ10000,BTJ21700,C,C,RING 2,SUM-UT
BTJ21708,BTJ,SUMATERA,Gayo Lues ,Blang Jerango,,BTJ-BKJ,BTJ10000,BTJ21700,C,C,RING 2,SUM-UT
BTJ21709,BTJ,SUMATERA,Gayo Lues ,Teripe/Tripe Jaya,,BTJ-BKJ,BTJ10000,BTJ21700,C,C,RING 2,SUM-UT
BTJ21713,BTJ,SUMATERA,Pantan Jaya,Pantan Jaya,,BTJ-BKJ,BTJ10000,BTJ21700,C,C,RING 2,SUM-UT
BTJ21714,BTJ,SUMATERA,Gayo Lues ,Pantan Cuaca,,BTJ-BKJ,BTJ10000,BTJ21700,C,C,RING 2,SUM-UT
BTJ21800,BTJ,SUMATERA,Kab. Nagan Raya,Suka Makmue,CABANG,BTJ-NRY,BTJ10000,BTJ21800,B,B,RING 2,SUM-UT
BTJ21801,BTJ,SUMATERA,Nagan Raya ,Beutong,,BTJ-NRY,BTJ10000,BTJ21800,C,C,RING 2,SUM-UT
BTJ21802,BTJ,SUMATERA,Nagan Raya ,Darul Makmur,,BTJ-NRY,BTJ10000,BTJ21800,C,C,RING 2,SUM-UT
BTJ21803,BTJ,SUMATERA,Nagan Raya ,Kuala,,BTJ-NRY,BTJ10000,BTJ21800,C,C,RING 2,SUM-UT
BTJ21804,BTJ,SUMATERA,Nagan Raya ,Seunagan,,BTJ-NRY,BTJ10000,BTJ21800,C,C,RING 2,SUM-UT
BTJ21805,BTJ,SUMATERA,Nagan Raya ,Seunagan Timur,,BTJ-NRY,BTJ10000,BTJ21800,C,C,RING 2,SUM-UT
BTJ21806,BTJ,SUMATERA,Nagan Raya ,Kuala Pesisir,,BTJ-NRY,BTJ10000,BTJ21800,C,C,RING 2,SUM-UT
BTJ21807,BTJ,SUMATERA,Nagan Raya ,Tadu Raya,,BTJ-NRY,BTJ10000,BTJ21800,C,C,RING 2,SUM-UT
BTJ21808,BTJ,SUMATERA,Nagan Raya ,Beutong Ateuh Banggalang,,BTJ-NRY,BTJ10000,BTJ21800,C,C,RING 2,SUM-UT
BTJ21809,BTJ,SUMATERA,Nagan Raya ,Tripa Makmur,,BTJ-NRY,BTJ10000,BTJ21800,C,C,RING 2,SUM-UT
BTJ21900,BTJ,SUMATERA,Kab. Pidie Jaya,Meureudu,CABANG,BTJ-MRU,BTJ10000,BTJ21900,B,B,RING 2,SUM-UT
BTJ21901,BTJ,SUMATERA,Pidie Jaya ,Ulim,,BTJ-MRU,BTJ10000,BTJ21900,C,C,RING 2,SUM-UT
BTJ21902,BTJ,SUMATERA,Pidie Jaya ,Jangka Buya,,BTJ-MRU,BTJ10000,BTJ21900,C,C,RING 2,SUM-UT
BTJ21903,BTJ,SUMATERA,Pidie Jaya ,Bandar Dua,,BTJ-MRU,BTJ10000,BTJ21900,C,C,RING 2,SUM-UT
BTJ21904,BTJ,SUMATERA,Pidie Jaya ,Meurah Dua,,BTJ-MRU,BTJ10000,BTJ21900,C,C,RING 2,SUM-UT
BTJ21905,BTJ,SUMATERA,Pidie Jaya ,Bandar Baru,,BTJ-MRU,BTJ10000,BTJ21900,C,C,RING 2,SUM-UT
BTJ21906,BTJ,SUMATERA,Pidie Jaya ,Panteraja,,BTJ-MRU,BTJ10000,BTJ21900,C,C,RING 2,SUM-UT
BTJ21907,BTJ,SUMATERA,Pidie Jaya ,Trienggadeng,,BTJ-MRU,BTJ10000,BTJ21900,C,C,RING 2,SUM-UT
BTJ22100,BTJ,SUMATERA,Sinabang,Sinabang,CABANG,BTJ-SNB,BTJ10000,BTJ22100,D,D,RING 2,SUM-UT
BTJ22101,BTJ,SUMATERA,Simeulue ,Alapan (Alafan),,BTJ-SNB,BTJ10000,BTJ22100,D,D,RING 2,SUM-UT
BTJ22102,BTJ,SUMATERA,Simeulue ,Salang,,BTJ-SNB,BTJ10000,BTJ22100,D,D,RING 2,SUM-UT
BTJ22103,BTJ,SUMATERA,Simeulue ,Simeuleu Tengah,,BTJ-SNB,BTJ10000,BTJ22100,D,D,RING 2,SUM-UT
BTJ22104,BTJ,SUMATERA,Simeulue ,Simeuleu Timur,,BTJ-SNB,BTJ10000,BTJ22100,D,D,RING 2,SUM-UT
BTJ22105,BTJ,SUMATERA,Simeulue ,Simeuleu Barat,,BTJ-SNB,BTJ10000,BTJ22100,D,D,RING 2,SUM-UT
BTJ22106,BTJ,SUMATERA,Simeulue ,Teluk Dalam,,BTJ-SNB,BTJ10000,BTJ22100,D,D,RING 2,SUM-UT
BTJ22107,BTJ,SUMATERA,Simeulue ,Teupah Selatan,,BTJ-SNB,BTJ10000,BTJ22100,D,D,RING 2,SUM-UT
BTJ22108,BTJ,SUMATERA,Simeulue ,Teupah Barat,,BTJ-SNB,BTJ10000,BTJ22100,D,D,RING 2,SUM-UT
BTJ22109,BTJ,SUMATERA,Simeulue ,Simeulue Cut,,BTJ-SNB,BTJ10000,BTJ22100,D,D,RING 2,SUM-UT
BTJ22110,BTJ,SUMATERA,Simeulue ,Teupah Tengah,,BTJ-SNB,BTJ10000,BTJ22100,D,D,RING 2,SUM-UT
BTJ22200,BTJ,SUMATERA,Kota Subulussalam,Subulussalam,CABANG,BTJ-SUS,BTJ10000,BTJ22200,B,B,RING 2,SUM-UT
BTJ22201,BTJ,SUMATERA,Subulussalam ,Simpang Kiri,,BTJ-SUS,BTJ10000,BTJ22200,B,B,RING 2,SUM-UT
BTJ22202,BTJ,SUMATERA,Subulussalam ,Penanggalan,,BTJ-SUS,BTJ10000,BTJ22200,B,B,RING 2,SUM-UT
BTJ22203,BTJ,SUMATERA,Subulussalam ,Rundeng,,BTJ-SUS,BTJ10000,BTJ22200,B,B,RING 2,SUM-UT
BTJ22204,BTJ,SUMATERA,Subulussalam ,Sultan Daulat,,BTJ-SUS,BTJ10000,BTJ22200,B,B,RING 2,SUM-UT
BTJ22205,BTJ,SUMATERA,Subulussalam ,Longkib,,BTJ-SUS,BTJ10000,BTJ22200,B,B,RING 2,SUM-UT
DTB10000,DTB,SUMATERA,Kab. Toba Samosir,Balige,CABANG UTAMA,DTB,DTB10000,DTB10000,A,A,RING 1,SUM-UT
DTB10100,DTB,SUMATERA,Toba Samosir,Habinsaran,,DTB,DTB10000,DTB10000,C,C,RING 1,SUM-UT
DTB10101,DTB,SUMATERA,Toba Samosir,Laguboti,,DTB,DTB10000,DTB10000,A,A,RING 1,SUM-UT
DTB10102,DTB,SUMATERA,Toba Samosir,Lumban Julu,,DTB,DTB10000,DTB10000,B,C,RING 1,SUM-UT
DTB10103,DTB,SUMATERA,Toba Samosir,Porsea,,DTB,DTB10000,DTB10000,B,B,RING 1,SUM-UT
DTB10104,DTB,SUMATERA,Toba Samosir,Silaen,,DTB,DTB10000,DTB10000,B,B,RING 1,SUM-UT
DTB10105,DTB,SUMATERA,Toba Samosir,Ajibata,,DTB,DTB10000,DTB10000,B,C,RING 1,SUM-UT
DTB10106,DTB,SUMATERA,Toba Samosir,Bor-Bor,,DTB,DTB10000,DTB10000,C,C,RING 1,SUM-UT
DTB10107,DTB,SUMATERA,Toba Samosir,Nassau,,DTB,DTB10000,DTB10000,C,C,RING 1,SUM-UT
DTB10108,DTB,SUMATERA,Toba Samosir,Pintu Pohan Meranti,,DTB,DTB10000,DTB10000,B,C,RING 1,SUM-UT
DTB10109,DTB,SUMATERA,Toba Samosir,Siantar Narumonda,,DTB,DTB10000,DTB10000,B,B,RING 1,SUM-UT
DTB10110,DTB,SUMATERA,Toba Samosir,Sigumpar,,DTB,DTB10000,DTB10000,B,B,RING 1,SUM-UT
DTB10111,DTB,SUMATERA,Toba Samosir,Tampahan,,DTB,DTB10000,DTB10000,B,B,RING 1,SUM-UT
DTB10112,DTB,SUMATERA,Toba Samosir,Uluan,,DTB,DTB10000,DTB10000,B,C,RING 1,SUM-UT
DTB10113,DTB,SUMATERA,Toba Samosir,Bonatua Lunasi,,DTB,DTB10000,DTB10000,B,B,RING 1,SUM-UT
DTB10114,DTB,SUMATERA,Toba Samosir,Parmaksian,,DTB,DTB10000,DTB10000,B,B,RING 1,SUM-UT
DTB20100,DTB,SUMATERA,Kab. Nias,Gunung Sitoli,CABANG,DTB-FLZ,DTB20100,DTB20100,B,B,RING 2,SUM-UT
DTB20101,DTB,SUMATERA,Nias,Bawolato,,DTB-FLZ,DTB20100,DTB20100,D,D,RING 2,SUM-UT
DTB20102,DTB,SUMATERA,Nias,Gido,,DTB-FLZ,DTB20100,DTB20100,D,D,RING 2,SUM-UT
DTB20103,DTB,SUMATERA,Nias,Hiliduho,,DTB-FLZ,DTB20100,DTB20100,D,D,RING 2,SUM-UT
DTB20104,DTB,SUMATERA,Nias,Idano Gawo,,DTB-FLZ,DTB20100,DTB20100,D,D,RING 2,SUM-UT
DTB20105,DTB,SUMATERA,Nias Barat,Mandrehe,,DTB-SIR,DTB20100,DTB20106,D,D,RING 2,SUM-UT
DTB20106,DTB,SUMATERA,Nias Barat,Sirombu,CABANG,DTB-SIR,DTB20100,DTB20106,D,D,RING 2,SUM-UT
DTB20107,DTB,SUMATERA,Nias Barat,Lolofitu Moi,,DTB-SIR,DTB20100,DTB20106,D,D,RING 2,SUM-UT
DTB20108,DTB,SUMATERA,Nias,Ulugawo,,DTB-FLZ,DTB20100,DTB20100,D,D,RING 2,SUM-UT
DTB20109,DTB,SUMATERA,Nias,Somolo-Molo (Samolo),,DTB-FLZ,DTB20100,DTB20100,D,D,RING 2,SUM-UT
DTB20110,DTB,SUMATERA,Nias,Ma'u,,DTB-FLZ,DTB20100,DTB20100,D,D,RING 2,SUM-UT
DTB20111,DTB,SUMATERA,Nias,Hili Serangkai (Hilisaranggu),,DTB-FLZ,DTB20100,DTB20100,D,D,RING 2,SUM-UT
DTB20112,DTB,SUMATERA,Nias,Botomuzoi,,DTB-FLZ,DTB20100,DTB20100,D,D,RING 2,SUM-UT
DTB20113,DTB,SUMATERA,Nias,Sogae Adu (Sogaeadu),,DTB-FLZ,DTB20100,DTB20100,D,D,RING 2,SUM-UT
DTB20114,DTB,SUMATERA,Gunungsitoli,Gunungsitoli Utara,,DTB-FLZ,DTB20100,DTB20100,B,B,RING 2,SUM-UT
DTB20115,DTB,SUMATERA,Gunungsitoli,Gunungsitoli Selatan,,DTB-FLZ,DTB20100,DTB20100,B,B,RING 2,SUM-UT
DTB20116,DTB,SUMATERA,Gunungsitoli,Gunungsitoli Idanoi,,DTB-FLZ,DTB20100,DTB20100,B,B,RING 2,SUM-UT
DTB20117,DTB,SUMATERA,Gunungsitoli,Gunungsitoli Barat,,DTB-FLZ,DTB20100,DTB20100,B,B,RING 2,SUM-UT
DTB20118,DTB,SUMATERA,Gunungsitoli,Gunungsitoli Alo'oa,,DTB-FLZ,DTB20100,DTB20100,B,B,RING 2,SUM-UT
DTB20119,DTB,SUMATERA,Nias Barat,Lahomi (Gahori),,DTB-SIR,DTB20100,DTB20106,C,D,RING 2,SUM-UT
DTB20120,DTB,SUMATERA,Nias Barat,Ulu Moro'o (Ulu Narwo),,DTB-SIR,DTB20100,DTB20106,C,D,RING 2,SUM-UT
DTB20121,DTB,SUMATERA,Nias Barat,Moro'o,,DTB-SIR,DTB20100,DTB20106,C,D,RING 2,SUM-UT
DTB20122,DTB,SUMATERA,Nias Barat,Mandrehe Utara,,DTB-SIR,DTB20100,DTB20106,C,D,RING 2,SUM-UT
DTB20123,DTB,SUMATERA,Nias Barat,Mandrehe Barat,,DTB-SIR,DTB20100,DTB20106,C,D,RING 2,SUM-UT
DTB20200,DTB,SUMATERA,Nias Selatan,Teluk Dalam,CABANG,DTB-TLD,DTB20100,DTB20200,B,B,RING 2,SUM-UT
DTB20201,DTB,SUMATERA,Nias Selatan,Amandraya,,DTB-TLD,DTB20100,DTB20200,D,D,RING 2,SUM-UT
DTB20202,DTB,SUMATERA,Nias Selatan,Gomo,,DTB-TLD,DTB20100,DTB20200,D,D,RING 2,SUM-UT
DTB20203,DTB,SUMATERA,Nias Selatan,Hibala,,DTB-TLD,DTB20100,DTB20200,D,D,RING 2,SUM-UT
DTB20204,DTB,SUMATERA,Nias Selatan,Lahusa,,DTB-TLD,DTB20100,DTB20200,D,D,RING 2,SUM-UT
DTB20205,DTB,SUMATERA,Nias Selatan,Lolowau,,DTB-TLD,DTB20100,DTB20200,D,D,RING 2,SUM-UT
DTB20206,DTB,SUMATERA,Nias Selatan,Lolomatua,,DTB-TLD,DTB20100,DTB20200,D,D,RING 2,SUM-UT
DTB20207,DTB,SUMATERA,Nias Selatan,Pulau-Pulau Batu,,DTB-TLD,DTB20100,DTB20200,D,D,RING 2,SUM-UT
DTB20208,DTB,SUMATERA,Nias Selatan,Aramo,,DTB-TLD,DTB20100,DTB20200,D,D,RING 2,SUM-UT
DTB20209,DTB,SUMATERA,Nias Selatan,Boronadu,,DTB-TLD,DTB20100,DTB20200,D,D,RING 2,SUM-UT
DTB20210,DTB,SUMATERA,Nias Selatan,Fanayama,,DTB-TLD,DTB20100,DTB20200,D,D,RING 2,SUM-UT
DTB20211,DTB,SUMATERA,Nias Selatan,Hilimegai,,DTB-TLD,DTB20100,DTB20200,D,D,RING 2,SUM-UT
DTB20212,DTB,SUMATERA,Nias Selatan,Hilisalawa'ahe (Hilisalawaahe),,DTB-TLD,DTB20100,DTB20200,D,D,RING 2,SUM-UT
DTB20213,DTB,SUMATERA,Nias Selatan,Huruna,,DTB-TLD,DTB20100,DTB20200,D,D,RING 2,SUM-UT
DTB20214,DTB,SUMATERA,Nias Selatan,Maniamolo,,DTB-TLD,DTB20100,DTB20200,D,D,RING 2,SUM-UT
DTB20215,DTB,SUMATERA,Nias Selatan,Mazino,,DTB-TLD,DTB20100,DTB20200,D,D,RING 2,SUM-UT
DTB20216,DTB,SUMATERA,Nias Selatan,Mazo,,DTB-TLD,DTB20100,DTB20200,D,D,RING 2,SUM-UT
DTB20217,DTB,SUMATERA,Nias Selatan,O'o'u (Oou),,DTB-TLD,DTB20100,DTB20200,D,D,RING 2,SUM-UT
DTB20218,DTB,SUMATERA,Nias Selatan,Onohazumba,,DTB-TLD,DTB20100,DTB20200,D,D,RING 2,SUM-UT
DTB20219,DTB,SUMATERA,Nias Selatan,Pulau-Pulau Batu Barat,,DTB-TLD,DTB20100,DTB20200,D,D,RING 2,SUM-UT
DTB20220,DTB,SUMATERA,Nias Selatan,Pulau-Pulau Batu Timur,,DTB-TLD,DTB20100,DTB20200,D,D,RING 2,SUM-UT
DTB20221,DTB,SUMATERA,Nias Selatan,Pulau-Pulau Batu Utara,,DTB-TLD,DTB20100,DTB20200,D,D,RING 2,SUM-UT
DTB20222,DTB,SUMATERA,Nias Selatan,Sidua'ori,,DTB-TLD,DTB20100,DTB20200,D,D,RING 2,SUM-UT
DTB20223,DTB,SUMATERA,Nias Selatan,Simuk,,DTB-TLD,DTB20100,DTB20200,D,D,RING 2,SUM-UT
DTB20224,DTB,SUMATERA,Nias Selatan,Somambawa,,DTB-TLD,DTB20100,DTB20200,D,D,RING 2,SUM-UT
DTB20225,DTB,SUMATERA,Nias Selatan,Susua,,DTB-TLD,DTB20100,DTB20200,D,D,RING 2,SUM-UT
DTB20226,DTB,SUMATERA,Nias Selatan,Tanah Masa,,DTB-TLD,DTB20100,DTB20200,D,D,RING 2,SUM-UT
DTB20227,DTB,SUMATERA,Nias Selatan,Toma,,DTB-TLD,DTB20100,DTB20200,D,D,RING 2,SUM-UT
DTB20228,DTB,SUMATERA,Nias Selatan,Ulunoyo,,DTB-TLD,DTB20100,DTB20200,D,D,RING 2,SUM-UT
DTB20229,DTB,SUMATERA,Nias Selatan,Ulususua,,DTB-TLD,DTB20100,DTB20200,D,D,RING 2,SUM-UT
DTB20230,DTB,SUMATERA,Nias Selatan,Umbunasi,,DTB-TLD,DTB20100,DTB20200,D,D,RING 2,SUM-UT
DTB20300,DTB,SUMATERA,Nias Utara,Lahewa,CABANG,DTB-LHW,DTB20100,DTB20300,B,B,RING 2,SUM-UT
DTB20301,DTB,SUMATERA,Nias Utara,Afulu,,DTB-LHW,DTB20100,DTB20300,C,D,RING 2,SUM-UT
DTB20302,DTB,SUMATERA,Nias Utara,Alasa,,DTB-LHW,DTB20100,DTB20300,D,D,RING 2,SUM-UT
DTB20303,DTB,SUMATERA,Nias Utara,Lotu,,DTB-LHW,DTB20100,DTB20300,D,C,RING 2,SUM-UT
DTB20304,DTB,SUMATERA,Nias Utara,Tugala Oyo,,DTB-LHW,DTB20100,DTB20300,C,D,RING 2,SUM-UT
DTB20305,DTB,SUMATERA,Nias Utara,Sitolu Ori,,DTB-LHW,DTB20100,DTB20300,C,D,RING 2,SUM-UT
DTB20306,DTB,SUMATERA,Nias Utara,Sawo,,DTB-LHW,DTB20100,DTB20300,C,D,RING 2,SUM-UT
DTB20307,DTB,SUMATERA,Nias Utara,Namohalu Esiwa,,DTB-LHW,DTB20100,DTB20300,C,D,RING 2,SUM-UT
DTB20308,DTB,SUMATERA,Nias Utara,Lahewa Timur,,DTB-LHW,DTB20100,DTB20300,C,D,RING 2,SUM-UT
DTB20309,DTB,SUMATERA,Nias Utara,Alasa Talumuzoi,,DTB-LHW,DTB20100,DTB20300,C,D,RING 2,SUM-UT
DTB20310,DTB,SUMATERA,Lahewa,Luahagudnre Manimolo,,DTB-TLD,DTB20100,DTB20200,B,B,RING 2,SUM-UT
DTB20311,DTB,SUMATERA,Nias Utara,Tuhemberua,,DTB-LHW,DTB20100,DTB20300,D,D,RING 2,SUM-UT
DTB20400,DTB,SUMATERA,Kab. Tapanuli Tengah,Sibolga,CABANG,DTB-SIB,DTB10000,DTB20400,B,B,RING 2,SUM-UT
DTB20401,DTB,SUMATERA,Tapanuli Tengah,Barus,,DTB-BRS,DTB10000,DTB20400,C,C,RING 2,SUM-UT
DTB20402,DTB,SUMATERA,Tapanuli Tengah,Kolang,,DTB-BRS,DTB10000,DTB20400,C,C,RING 2,SUM-UT
DTB20403,DTB,SUMATERA,Tapanuli Tengah,Manduamas,,DTB-BRS,DTB10000,DTB20400,C,C,RING 2,SUM-UT
DTB20404,DTB,SUMATERA,Tapanuli Tengah,Sorkam,,DTB-BRS,DTB10000,DTB20400,C,C,RING 2,SUM-UT
DTB20405,DTB,SUMATERA,Tapanuli Tengah,Andam Dewi,,DTB-BRS,DTB10000,DTB20400,C,C,RING 2,SUM-UT
DTB20406,DTB,SUMATERA,Tapanuli Tengah,Badiri,,DTB-PDN,DTB10000,DTB20400,C,C,RING 2,SUM-UT
DTB20407,DTB,SUMATERA,Tapanuli Tengah,Lumut,,DTB-PDN,DTB10000,DTB20400,C,C,RING 2,SUM-UT
DTB20408,DTB,SUMATERA,Tapanuli Tengah,Sibabangun,,DTB-PDN,DTB10000,DTB20400,C,C,RING 2,SUM-UT
DTB20409,DTB,SUMATERA,Tapanuli Tengah,Sirandorung,,DTB-BRS,DTB10000,DTB20400,C,C,RING 2,SUM-UT
DTB20410,DTB,SUMATERA,Tapanuli Tengah,Sitahuis,,DTB-PDN,DTB10000,DTB20400,C,C,RING 2,SUM-UT
DTB20411,DTB,SUMATERA,Tapanuli Tengah,Sorkam Barat,,DTB-BRS,DTB10000,DTB20400,C,C,RING 2,SUM-UT
DTB20412,DTB,SUMATERA,Tapanuli Tengah,Sosor Gadong,,DTB-BRS,DTB10000,DTB20400,C,C,RING 2,SUM-UT
DTB20413,DTB,SUMATERA,Tapanuli Tengah,Tapian Nauli,,DTB-PDN,DTB10000,DTB20400,C,C,RING 2,SUM-UT
DTB20414,DTB,SUMATERA,Tapanuli Tengah,Tukka,,DTB-PDN,DTB10000,DTB20400,C,C,RING 2,SUM-UT
DTB20415,DTB,SUMATERA,Sibolga,Sibolga Sambas,,DTB-SIB,DTB10000,DTB20400,B,B,RING 2,SUM-UT
DTB20416,DTB,SUMATERA,Sibolga,Sibolga Selatan,,DTB-SIB,DTB10000,DTB20400,B,B,RING 2,SUM-UT
DTB20417,DTB,SUMATERA,Sibolga,Sibolga Utara,,DTB-SIB,DTB10000,DTB20400,B,B,RING 2,SUM-UT
DTB20418,DTB,SUMATERA,Sibolga,Sibolga Kota,,DTB-SIB,DTB10000,DTB20400,B,B,RING 2,SUM-UT
DTB20419,DTB,SUMATERA,Tapanuli Tengah,Barus Utara,,DTB-BRS,DTB10000,DTB20400,C,C,RING 2,SUM-UT
DTB20420,DTB,SUMATERA,Tapanuli Tengah,Pandan,,DTB-PDN,DTB10000,DTB20400,C,B,RING 2,SUM-UT
DTB20421,DTB,SUMATERA,Tapanuli Tengah,Pasaribu Tobing,,DTB-BRS,DTB10000,DTB20400,C,C,RING 2,SUM-UT
DTB20422,DTB,SUMATERA,Tapanuli Tengah,Sarudik,,DTB-PDN,DTB10000,DTB20400,C,C,RING 2,SUM-UT
DTB20423,DTB,SUMATERA,Tapanuli Tengah,Pinangsori,,DTB-PDN,DTB10000,DTB20400,C,C,RING 2,SUM-UT
DTB20424,DTB,SUMATERA,Tapanuli Tengah,Suka Bangun,,DTB-PDN,DTB10000,DTB20400,C,C,RING 2,SUM-UT
DTB20500,DTB,SUMATERA,Kota Padang Sidempuan,Padang Sidempuan,CABANG,DTB-AEG,DTB10000,DTB20500,B,B,RING 2,SUM-UT
DTB20501,DTB,SUMATERA,Padang Sidempuan,Padang Sidempuan Angkola Julu,,DTB-AEG,DTB10000,DTB20500,B,C,RING 2,SUM-UT
DTB20502,DTB,SUMATERA,Padang Sidempuan,Padang Sidempuan Batunadua,,DTB-AEG,DTB10000,DTB20500,B,B,RING 2,SUM-UT
DTB20503,DTB,SUMATERA,Tapanuli Selatan,Marancar,,DTB-AEG,DTB10000,DTB20500,C,C,RING 2,SUM-UT
DTB20504,DTB,SUMATERA,Padang Sidempuan,Padang Sidempuan Hutaimbaru,,DTB-AEG,DTB10000,DTB20500,B,B,RING 2,SUM-UT
DTB20505,DTB,SUMATERA,Padang Sidempuan,Padang Sidempuan Selatan,,DTB-AEG,DTB10000,DTB20500,B,B,RING 2,SUM-UT
DTB20506,DTB,SUMATERA,Padang Sidempuan,Padang Sidempuan Tenggara,,DTB-AEG,DTB10000,DTB20500,B,B,RING 2,SUM-UT
DTB20507,DTB,SUMATERA,Padang Sidempuan,Padang Sidempuan Utara (Padangsidimpuan),,DTB-AEG,DTB10000,DTB20500,B,B,RING 2,SUM-UT
DTB20508,DTB,SUMATERA,Tapanuli Selatan,Batang Angkola,,DTB-AEG,DTB10000,DTB20500,C,C,RING 2,SUM-UT
DTB20509,DTB,SUMATERA,Tapanuli Selatan,Angkola Barat,,DTB-AEG,DTB10000,DTB20500,B,B,RING 2,SUM-UT
DTB20510,DTB,SUMATERA,Tapanuli Selatan,Angkola Timur,,DTB-AEG,DTB10000,DTB20500,B,B,RING 2,SUM-UT
DTB20511,DTB,SUMATERA,Tapanuli Selatan,Sayur Matinggi,,DTB-AEG,DTB10000,DTB20500,C,C,RING 2,SUM-UT
DTB20512,DTB,SUMATERA,Tapanuli Selatan,Angkola Selatan,,DTB-AEG,DTB10000,DTB20500,C,C,RING 2,SUM-UT
DTB20513,DTB,SUMATERA,Tapanuli Selatan,Angkola Sangkunur,,DTB-BTO,DTB10000,DTB21200,C,C,RING 2,SUM-UT
DTB20514,DTB,SUMATERA,Tapanuli Selatan,Tano Tombangan Angkola,,DTB-AEG,DTB10000,DTB20500,C,C,RING 2,SUM-UT
DTB20600,DTB,SUMATERA,Kab. Tapanuli Utara,Tarutung,CABANG,DTB-TRT,DTB10000,DTB20600,B,B,RING 2,SUM-UT
DTB20601,DTB,SUMATERA,Tapanuli Utara,Adian Koting,,DTB-TRT,DTB10000,DTB20600,C,C,RING 2,SUM-UT
DTB20602,DTB,SUMATERA,Tapanuli Utara,Garoga,,DTB-TRT,DTB10000,DTB20600,C,C,RING 2,SUM-UT
DTB20603,DTB,SUMATERA,Tapanuli Utara,Pagaran,,DTB-TRT,DTB10000,DTB20600,C,C,RING 2,SUM-UT
DTB20604,DTB,SUMATERA,Tapanuli Utara,Pahae Julu,,DTB-TRT,DTB10000,DTB20600,C,C,RING 2,SUM-UT
DTB20605,DTB,SUMATERA,Tapanuli Utara,Pahae Jae,,DTB-TRT,DTB10000,DTB20600,C,C,RING 2,SUM-UT
DTB20606,DTB,SUMATERA,Tapanuli Utara,Pangaribuan,,DTB-TRT,DTB10000,DTB20600,C,C,RING 2,SUM-UT
DTB20607,DTB,SUMATERA,Tapanuli Utara,Parmonangan,,DTB-TRT,DTB10000,DTB20600,C,C,RING 2,SUM-UT
DTB20608,DTB,SUMATERA,Tapanuli Utara,Siborong-Borong,,DTB-TRT,DTB10000,DTB20600,B,B,RING 2,SUM-UT
DTB20609,DTB,SUMATERA,Tapanuli Utara,Sipoholon,,DTB-TRT,DTB10000,DTB20600,C,C,RING 2,SUM-UT
DTB20610,DTB,SUMATERA,Tapanuli Utara,Sipahutar,,DTB-TRT,DTB10000,DTB20600,C,C,RING 2,SUM-UT
DTB20611,DTB,SUMATERA,Tapanuli Utara,Muara,,DTB-TRT,DTB10000,DTB20600,C,C,RING 2,SUM-UT
DTB20612,DTB,SUMATERA,Tapanuli Utara,Purbatua,,DTB-TRT,DTB10000,DTB20600,C,C,RING 2,SUM-UT
DTB20613,DTB,SUMATERA,Tapanuli Utara,Siatas Barita,,DTB-TRT,DTB10000,DTB20600,C,C,RING 2,SUM-UT
DTB20614,DTB,SUMATERA,Tapanuli Utara,Simangumban,,DTB-TRT,DTB10000,DTB20600,C,C,RING 2,SUM-UT
DTB20700,DTB,SUMATERA,Kab. Padang Lawas Utara,Gunung Tua,CABANG,DTB-GTA,DTB10000,DTB20700,B,B,RING 2,SUM-UT
DTB20701,DTB,SUMATERA,Padang Lawas Utara,Batang Onang,,DTB-GTA,DTB10000,DTB20700,C,C,RING 2,SUM-UT
DTB20702,DTB,SUMATERA,Padang Lawas Utara,Dolok,,DTB-GTA,DTB10000,DTB20700,C,C,RING 2,SUM-UT
DTB20703,DTB,SUMATERA,Padang Lawas Utara,Dolok Sigompulon,,DTB-GTA,DTB10000,DTB20700,C,C,RING 2,SUM-UT
DTB20704,DTB,SUMATERA,Padang Lawas Utara,Halongonan,,DTB-GTA,DTB10000,DTB20700,C,C,RING 2,SUM-UT
DTB20705,DTB,SUMATERA,Padang Lawas Utara,Padang Bolak,,DTB-GTA,DTB10000,DTB20700,C,C,RING 2,SUM-UT
DTB20706,DTB,SUMATERA,Padang Lawas Utara,Padang Bolak Julu,,DTB-GTA,DTB10000,DTB20700,C,C,RING 2,SUM-UT
DTB20707,DTB,SUMATERA,Padang Lawas Utara,Portibi,,DTB-GTA,DTB10000,DTB20700,C,C,RING 2,SUM-UT
DTB20708,DTB,SUMATERA,Padang Lawas Utara,Simangambat,,DTB-GTA,DTB10000,DTB20700,C,C,RING 2,SUM-UT
DTB20709,DTB,SUMATERA,Padang Lawas Utara,Hulu Sihapas,,DTB-GTA,DTB10000,DTB20700,C,C,RING 2,SUM-UT
DTB20710,DTB,SUMATERA,Batang Onang,Batang Onang,,DTB-GTA,DTB10000,DTB20700,C,C,RING 2,SUM-UT
DTB20711,DTB,SUMATERA,Dolok,Dolok,,DTB-GTA,DTB10000,DTB20700,C,C,RING 2,SUM-UT
DTB20712,DTB,SUMATERA,Dolok Sigompulon,Dolok Sigompulon,,DTB-GTA,DTB10000,DTB20700,C,C,RING 2,SUM-UT
DTB20713,DTB,SUMATERA,Halongonan,Halongonan,,DTB-GTA,DTB10000,DTB20700,C,C,RING 2,SUM-UT
DTB20714,DTB,SUMATERA,Padang Bolak,Padang Bolak,,DTB-GTA,DTB10000,DTB20700,C,C,RING 2,SUM-UT
DTB20715,DTB,SUMATERA,Padang Bolak Julu,Padang Bolak Julu,,DTB-GTA,DTB10000,DTB20700,C,C,RING 2,SUM-UT
DTB20716,DTB,SUMATERA,Portibi,Portibi,,DTB-GTA,DTB10000,DTB20700,C,C,RING 2,SUM-UT
DTB20717,DTB,SUMATERA,Tapanuli Selatan,Saipar Dolok Hole,,DTB-SPK,DTB10000,DTB21100,C,C,RING 2,SUM-UT
DTB20718,DTB,SUMATERA,Padang Lawas Utara,Halongonan Timur,,DTB-GTA,DTB10000,DTB20700,C,C,RING 2,SUM-UT
DTB20719,DTB,SUMATERA,Padang Lawas Utara,Padang Bolak Tenggara,,DTB-GTA,DTB10000,DTB20700,C,C,RING 2,SUM-UT
DTB20720,DTB,SUMATERA,Padang Lawas Utara,Ujung Batu,,DTB-GTA,DTB10000,DTB20700,C,C,RING 2,SUM-UT
DTB20800,DTB,SUMATERA,Kab. Humbang Hasudutan,Dolok Sanggul,CABANG,DTB-DLS,DTB10000,DTB20800,B,B,RING 2,SUM-UT
DTB20801,DTB,SUMATERA,Humbang Hasundutan,Bakti Raja,,DTB-DLS,DTB10000,DTB20800,C,C,RING 2,SUM-UT
DTB20802,DTB,SUMATERA,Humbang Hasundutan,Lintong Nihuta,,DTB-DLS,DTB10000,DTB20800,C,C,RING 2,SUM-UT
DTB20803,DTB,SUMATERA,Humbang Hasundutan,Onan Ganjang,,DTB-DLS,DTB10000,DTB20800,C,C,RING 2,SUM-UT
DTB20804,DTB,SUMATERA,Humbang Hasundutan,Pakkat,,DTB-DLS,DTB10000,DTB20800,C,C,RING 2,SUM-UT
DTB20805,DTB,SUMATERA,Humbang Hasundutan,Paranginan,,DTB-DLS,DTB10000,DTB20800,C,C,RING 2,SUM-UT
DTB20806,DTB,SUMATERA,Humbang Hasundutan,Parlilitan,,DTB-DLS,DTB10000,DTB20800,C,C,RING 2,SUM-UT
DTB20807,DTB,SUMATERA,Humbang Hasundutan,Pollung,,DTB-DLS,DTB10000,DTB20800,C,C,RING 2,SUM-UT
DTB20808,DTB,SUMATERA,Humbang Hasundutan,Sijama Polang,,DTB-DLS,DTB10000,DTB20800,C,C,RING 2,SUM-UT
DTB20809,DTB,SUMATERA,Humbang Hasundutan,Tara Bintang,,DTB-DLS,DTB10000,DTB20800,C,C,RING 2,SUM-UT
DTB20900,DTB,SUMATERA,Kab. Mandailing Natal,Panyabungan,CABANG,DTB-PYB,DTB10000,DTB20900,B,B,RING 2,SUM-UT
DTB20901,DTB,SUMATERA,Mandailing Natal,Batahan,,DTB-NTL,DTB10000,DTB20900,C,C,RING 2,SUM-UT
DTB20902,DTB,SUMATERA,Mandailing Natal,Batang Natal,,DTB-NTL,DTB10000,DTB20900,C,C,RING 2,SUM-UT
DTB20903,DTB,SUMATERA,Mandailing Natal,Bukit Malintang,,DTB-PYB,DTB10000,DTB20900,C,C,RING 2,SUM-UT
DTB20904,DTB,SUMATERA,Mandailing Natal,Kotanopan,,DTB-PYB,DTB10000,DTB20900,C,C,RING 2,SUM-UT
DTB20905,DTB,SUMATERA,Mandailing Natal,Lembah Sorik Marapi,,DTB-PYB,DTB10000,DTB20900,C,C,RING 2,SUM-UT
DTB20906,DTB,SUMATERA,Mandailing Natal,Lingga Bayu,,DTB-NTL,DTB10000,DTB20900,C,C,RING 2,SUM-UT
DTB20907,DTB,SUMATERA,Mandailing Natal,Muara Batang Gadis,,DTB-NTL,DTB10000,DTB20900,C,C,RING 2,SUM-UT
DTB20908,DTB,SUMATERA,Mandailing Natal,Muara Sipongi,,DTB-PYB,DTB10000,DTB20900,C,C,RING 2,SUM-UT
DTB20909,DTB,SUMATERA,Mandailing Natal,Natal,,DTB-NTL,DTB10000,DTB20900,C,C,RING 2,SUM-UT
DTB20910,DTB,SUMATERA,Mandailing Natal,Panyabungan Barat,,DTB-PYB,DTB10000,DTB20900,C,C,RING 2,SUM-UT
DTB20911,DTB,SUMATERA,Panyabungan Kota,Panyabungan Kota,,DTB-PYB,DTB10000,DTB20900,B,B,RING 2,SUM-UT
DTB20912,DTB,SUMATERA,Mandailing Natal,Panyabungan Selatan,,DTB-PYB,DTB10000,DTB20900,C,C,RING 2,SUM-UT
DTB20913,DTB,SUMATERA,Mandailing Natal,Panyabungan Timur,,DTB-PYB,DTB10000,DTB20900,C,C,RING 2,SUM-UT
DTB20914,DTB,SUMATERA,Mandailing Natal,Panyabungan Utara,,DTB-PYB,DTB10000,DTB20900,C,C,RING 2,SUM-UT
DTB20915,DTB,SUMATERA,Mandailing Natal,Siabu,,DTB-PYB,DTB10000,DTB20900,C,C,RING 2,SUM-UT
DTB20916,DTB,SUMATERA,Mandailing Natal,Tambangan,,DTB-PYB,DTB10000,DTB20900,C,C,RING 2,SUM-UT
DTB20917,DTB,SUMATERA,Mandailing Natal,Ulu Pungkut,,DTB-PYB,DTB10000,DTB20900,C,C,RING 2,SUM-UT
DTB20918,DTB,SUMATERA,Mandailing Natal,Sinunukan,,DTB-NTL,DTB10000,DTB20900,C,C,RING 2,SUM-UT
DTB20919,DTB,SUMATERA,Mandailing Natal,Ranto Baek,,DTB-NTL,DTB10000,DTB20900,C,C,RING 2,SUM-UT
DTB20920,DTB,SUMATERA,Mandailing Natal,Puncak Sorik Marapi,,DTB-PYB,DTB10000,DTB20900,C,C,RING 2,SUM-UT
DTB20921,DTB,SUMATERA,Mandailing Natal,Pakantan,,DTB-PYB,DTB10000,DTB20900,C,C,RING 2,SUM-UT
DTB20922,DTB,SUMATERA,Mandailing Natal,Naga Juang,,DTB-PYB,DTB10000,DTB20900,C,C,RING 2,SUM-UT
DTB20923,DTB,SUMATERA,Mandailing Natal,Huta Bargot,,DTB-PYB,DTB10000,DTB20900,C,C,RING 2,SUM-UT
DTB21000,DTB,SUMATERA,Sibuhuan,Sibuhuan,CABANG,DTB-SIU,DTB10000,DTB21000,B,B,RING 2,SUM-UT
DTB21001,DTB,SUMATERA,Padang Lawas,Barumun Tengah,,DTB-GTA,DTB10000,DTB20700,C,C,RING 2,SUM-UT
DTB21002,DTB,SUMATERA,Ulu Barumun,Ulu Barumun,,DTB-SIU,DTB10000,DTB21000,C,C,RING 2,SUM-UT
DTB21003,DTB,SUMATERA,Barumun,Barumun,,DTB-SIU,DTB10000,DTB21000,C,C,RING 2,SUM-UT
DTB21004,DTB,SUMATERA,Batang Lubu Sutam,Batang Lubu Sutam,,DTB-SIU,DTB10000,DTB21000,C,C,RING 2,SUM-UT
DTB21005,DTB,SUMATERA,Huristak,Huristak,,DTB-SIU,DTB10000,DTB21000,C,C,RING 2,SUM-UT
DTB21006,DTB,SUMATERA,Huta Raja Tinggi,Huta Raja Tinggi,,DTB-SIU,DTB10000,DTB21000,C,C,RING 2,SUM-UT
DTB21007,DTB,SUMATERA,Lubuk Barumun,Lubuk Barumun,,DTB-SIU,DTB10000,DTB21000,C,C,RING 2,SUM-UT
DTB21008,DTB,SUMATERA,Padang Lawas,Barumun,,DTB-SIU,DTB10000,DTB21000,C,C,RING 2,SUM-UT
DTB21009,DTB,SUMATERA,Padang Lawas,Batang Lubu Sutam,,DTB-SIU,DTB10000,DTB21000,C,C,RING 2,SUM-UT
DTB21010,DTB,SUMATERA,Padang Lawas,Saipar Dolok Hole,,DTB-SPK,DTB10000,DTB21100,C,C,RING 2,SUM-UT
DTB21011,DTB,SUMATERA,Padang Lawas,Huta Raja Tinggi,,DTB-SIU,DTB10000,DTB21000,C,C,RING 2,SUM-UT
DTB21012,DTB,SUMATERA,Padang Lawas,Lubuk Barumun,,DTB-SIU,DTB10000,DTB21000,C,C,RING 2,SUM-UT
DTB21013,DTB,SUMATERA,Padang Lawas,Sosa,,DTB-SIU,DTB10000,DTB21000,C,C,RING 2,SUM-UT
DTB21014,DTB,SUMATERA,Padang Lawas,Sosopan,,DTB-SIU,DTB10000,DTB21000,C,C,RING 2,SUM-UT
DTB21015,DTB,SUMATERA,Padang Lawas,Ulu Barumun,,DTB-SIU,DTB10000,DTB21000,C,C,RING 2,SUM-UT
DTB21016,DTB,SUMATERA,Padang Lawas,Aek Nabara Barumun,,DTB-SIU,DTB10000,DTB21000,C,C,RING 2,SUM-UT
DTB21017,DTB,SUMATERA,Padang Lawas,Barumun Selatan,,DTB-SIU,DTB10000,DTB21000,C,C,RING 2,SUM-UT
DTB21018,DTB,SUMATERA,Padang Lawas,Sihapas Barumun,,DTB-SIU,DTB10000,DTB21000,C,C,RING 2,SUM-UT
DTB21019,DTB,SUMATERA,Barumun Tengah,Barumun Tengah,,DTB-GTA,DTB10000,DTB20700,C,C,RING 2,SUM-UT
DTB21020,DTB,SUMATERA,Padang Lawas,Sosa Julu,,DTB-SIU,DTB10000,DTB21000,C,C,RING 2,SUM-UT
DTB21021,DTB,SUMATERA,Padang Lawas,Sosa Timur,,DTB-SIU,DTB10000,DTB21000,C,C,RING 2,SUM-UT
DTB21022,DTB,SUMATERA,Padang Lawas,Barumun Baru,,DTB-SIU,DTB10000,DTB21000,C,C,RING 2,SUM-UT
DTB21023,DTB,SUMATERA,Padang Lawas,Barumun Barat,,DTB-SIU,DTB10000,DTB21000,C,C,RING 2,SUM-UT
DTB21024,DTB,SUMATERA,Padang Lawas,Barumun Barat,,DTB-SIU,DTB10000,DTB21000,C,C,RING 2,SUM-UT
DTB21100,DTB,SUMATERA,Tapanuli Selatan,Sipirok,CABANG,DTB-SPK,DTB10000,DTB21100,B,B,RING 2,SUM-UT
DTB21101,DTB,SUMATERA,Tapanuli Selatan,Aek Bilah,,DTB-SPK,DTB10000,DTB21100,C,C,RING 2,SUM-UT
DTB21102,DTB,SUMATERA,Tapanuli Selatan,Arse,,DTB-SPK,DTB10000,DTB21100,C,C,RING 2,SUM-UT
DTB21200,DTB,SUMATERA,Kab. Tapanuli Selatan,Batang Toru,CABANG,DTB-BTO,DTB10000,DTB21200,B,B,RING 2,SUM-UT
DTB21201,DTB,SUMATERA,Tapanuli Selatan,Muara Batang Toru,,DTB-BTO,DTB10000,DTB21200,C,C,RING 2,SUM-UT
MES10000,MES,SUMATERA,Kota Medan,Medan,CABANG UTAMA,MES,MES10000,MES10000,A,A,RING 1,SUM-UT
MES10017,MES,SUMATERA,Medan,Medan Amplas,,MES-MUR,MES10000,MES10000,A,A,RING 1,SUM-UT
MES10018,MES,SUMATERA,Medan,Medan Area,,MES-MUR,MES10000,MES10000,A,A,RING 1,SUM-UT
MES10019,MES,SUMATERA,Medan,Medan Barat,,MES-RAT,MES10000,MES10000,A,A,RING 1,SUM-UT
MES10020,MES,SUMATERA,Medan,Medan Baru,,MES-RAT,MES10000,MES10000,A,A,RING 1,SUM-UT
MES10021,MES,SUMATERA,Medan,Medan Deli,,MES-RAT,MES10000,MES10000,A,A,RING 1,SUM-UT
MES10022,MES,SUMATERA,Medan,Medan Denai,,MES-MUR,MES10000,MES10000,A,A,RING 1,SUM-UT
MES10023,MES,SUMATERA,Medan,Medan Helvetia,,MES-RAT,MES10000,MES10000,A,A,RING 1,SUM-UT
MES10024,MES,SUMATERA,Medan,Medan Johor,,MES-MUR,MES10000,MES10000,A,A,RING 1,SUM-UT
MES10025,MES,SUMATERA,Medan,Medan Kota,,MES-MUR,MES10000,MES10000,A,A,RING 1,SUM-UT
MES10026,MES,SUMATERA,Medan,Medan Labuhan,,MES-RAT,MES10000,MES10000,A,A,RING 1,SUM-UT
MES10027,MES,SUMATERA,Medan,Medan Maimun,,MES-MUR,MES10000,MES10000,A,A,RING 1,SUM-UT
MES10028,MES,SUMATERA,Medan,Medan Marelan,,MES-RAT,MES10000,MES10000,A,A,RING 1,SUM-UT
MES10029,MES,SUMATERA,Medan,Medan Perjuangan,,MES-MUR,MES10000,MES10000,A,A,RING 1,SUM-UT
MES10030,MES,SUMATERA,Medan,Medan Petisah,,MES-RAT,MES10000,MES10000,A,A,RING 1,SUM-UT
MES10031,MES,SUMATERA,Medan,Medan Polonia,,MES-MUR,MES10000,MES10000,A,A,RING 1,SUM-UT
MES10032,MES,SUMATERA,Medan,Medan Selayang,,MES-RAT,MES10000,MES10000,A,A,RING 1,SUM-UT
MES10033,MES,SUMATERA,Medan,Medan Tembung,,MES-MUR,MES10000,MES10000,A,A,RING 1,SUM-UT
MES10034,MES,SUMATERA,Medan,Medan Timur,,MES-RAT,MES10000,MES10000,A,A,RING 1,SUM-UT
MES10035,MES,SUMATERA,Medan,Medan Tuntungan,,MES-MUR,MES10000,MES10000,A,A,RING 1,SUM-UT
MES10045,MES,SUMATERA,Medan,Medan Belawan Kota,,MES-RAT,MES10000,MES10000,A,A,RING 1,SUM-UT
MES10046,MES,SUMATERA,Medan,Medan Sunggal,,MES-RAT,MES10000,MES10000,A,A,RING 1,SUM-UT
MES10100,MES,SUMATERA,Kab. Asahan,Kisaran,CABANG,MES-KIS,MES10000,MES10100,B,B,RING 2,SUM-UT
MES10102,MES,SUMATERA,Asahan,Air Joman,,MES-KIS,MES10000,MES10100,C,C,RING 2,SUM-UT
MES10103,MES,SUMATERA,Asahan,Air Batu,,MES-TJK,MES10000,MES22500,C,C,RING 2,SUM-UT
MES10104,MES,SUMATERA,Asahan,Bandar Pasir Mandoge,,MES-KIS,MES10000,MES10100,C,C,RING 2,SUM-UT
MES10105,MES,SUMATERA,Asahan,Bandar Pulau,,MES-TJP,MES10000,MES10100,C,C,RING 2,SUM-UT
MES10106,MES,SUMATERA,Asahan,Buntu Pane,,MES-KIS,MES10000,MES10100,C,C,RING 2,SUM-UT
MES10110,MES,SUMATERA,Asahan,Meranti,,MES-KIM,MES10000,MES10100,C,C,RING 2,SUM-UT
MES10111,MES,SUMATERA,Asahan,Pulau Rakyat,,MES-TJP,MES10000,MES10100,C,C,RING 2,SUM-UT
MES10112,MES,SUMATERA,Asahan,Simpang Empat,,MES-TJK,MES10000,MES22500,C,C,RING 2,SUM-UT
MES10115,MES,SUMATERA,Asahan,Tanjung Balai,,MES-TJB,MES10000,MES22500,B,B,RING 2,SUM-UT
MES10117,MES,SUMATERA,Asahan,Aek Kuasan,,MES-TJP,MES10000,MES22500,C,C,RING 2,SUM-UT
MES10118,MES,SUMATERA,Asahan,Sei Kepayang,,MES-TJB,MES10000,MES22500,C,C,RING 2,SUM-UT
MES10126,MES,SUMATERA,Asahan,Kota Kisaran Barat,,MES-KIS,MES10000,MES10100,B,B,RING 2,SUM-UT
MES10127,MES,SUMATERA,Asahan,Kota Kisaran Timur,,MES-KIS,MES10000,MES10100,B,B,RING 2,SUM-UT
MES10128,MES,SUMATERA,Asahan,Teluk Dalam,,MES-TJK,MES10000,MES22500,C,C,RING 2,SUM-UT
MES10130,MES,SUMATERA,Asahan,Tinggi Raja,,MES-KIS,MES10000,MES10100,C,C,RING 2,SUM-UT
MES10131,MES,SUMATERA,Asahan,Silau Laut,,MES-KIS,MES10000,MES10100,C,C,RING 2,SUM-UT
MES10132,MES,SUMATERA,Asahan,Setia Janji,,MES-KIS,MES10000,MES10100,C,C,RING 2,SUM-UT
MES10133,MES,SUMATERA,Asahan,Sei Kepayang Timur,,MES-TJB,MES10000,MES22500,C,C,RING 2,SUM-UT
MES10134,MES,SUMATERA,Asahan,Sei Kepayang Barat,,MES-TJB,MES10000,MES22500,C,C,RING 2,SUM-UT
MES10135,MES,SUMATERA,Asahan,Sei Dadap,,MES-KIS,MES10000,MES10100,C,C,RING 2,SUM-UT
MES10136,MES,SUMATERA,Asahan,Rawang Panca Arga,,MES-KIS,MES10000,MES10100,C,C,RING 2,SUM-UT
MES10137,MES,SUMATERA,Asahan,Rahuning,,MES-TJP,MES10000,MES10100,C,C,RING 2,SUM-UT
MES10138,MES,SUMATERA,Asahan,Pulo Bandring,,MES-KIS,MES10000,MES10100,C,C,RING 2,SUM-UT
MES10139,MES,SUMATERA,Asahan,Aek Songsongan,,MES-TJP,MES10000,MES10100,C,C,RING 2,SUM-UT
MES10140,MES,SUMATERA,Asahan,Aek Ledong,,MES-ANP,MES20713,MES20713,C,C,RING 2,SUM-UT
MES10300,MES,SUMATERA,Kab. Dairi,Sidikalang,CABANG,MES-SDK,MES10000,MES10300,B,B,RING 2,SUM-UT
MES10302,MES,SUMATERA,Dairi,Parbuluan,,MES-SDP,MES10000,MES10300,C,C,RING 2,SUM-UT
MES10304,MES,SUMATERA,Dairi,Siempat Nempu,,MES-SDK,MES10000,MES10300,C,C,RING 2,SUM-UT
MES10305,MES,SUMATERA,Dairi,Siempat Nempu Hilir,,MES-SDK,MES10000,MES10300,C,C,RING 2,SUM-UT
MES10306,MES,SUMATERA,Dairi,Silima Pungga-Pungga,,MES-SDK,MES10000,MES10300,C,C,RING 2,SUM-UT
MES10307,MES,SUMATERA,Dairi,Sumbul,,MES-SDI,MES10000,MES10300,C,C,RING 2,SUM-UT
MES10308,MES,SUMATERA,Dairi,Tanah Pinem,,MES-SDK,MES10000,MES10300,C,C,RING 2,SUM-UT
MES10309,MES,SUMATERA,Dairi,Tiga Lingga,,MES-SDK,MES10000,MES10300,C,C,RING 2,SUM-UT
MES10310,MES,SUMATERA,Dairi,Pegagan Hilir,,MES-SDK,MES10000,MES10300,C,C,RING 2,SUM-UT
MES10311,MES,SUMATERA,Dairi,Siempat Nempu Hulu,,MES-SDK,MES10000,MES10300,C,C,RING 2,SUM-UT
MES10312,MES,SUMATERA,Dairi,Berampu (Brampu),,MES-SDK,MES10000,MES10300,C,C,RING 2,SUM-UT
MES10313,MES,SUMATERA,Dairi,Gunung Sitember,,MES-SDK,MES10000,MES10300,C,C,RING 2,SUM-UT
MES10314,MES,SUMATERA,Dairi,Lae Parira,,MES-SDK,MES10000,MES10300,C,C,RING 2,SUM-UT
MES10315,MES,SUMATERA,Dairi,Sitinjo,,MES-SDS,MES10000,MES10300,C,C,RING 2,SUM-UT
MES10316,MES,SUMATERA,Dairi,Silahi Sabungan,,MES-SDK,MES10000,MES10300,C,C,RING 2,SUM-UT
MES10600,MES,SUMATERA,Kab. Deli Serdang,Lubuk Pakam,CABANG,MES-LBP,MES10000,MES10600,B,B,RING 2,SUM-UT
MES10601,MES,SUMATERA,Deli Serdang,Deli Tua,,MES-MUR,MES10000,MES10000,C,C,RING 1,SUM-UT
MES10602,MES,SUMATERA,Deli Serdang,Hamparan Perak,,MES-HPP,MES10000,MES10600,C,C,RING 2,SUM-UT
MES10603,MES,SUMATERA,Deli Serdang,Kutalimbaru,,MES-MUR,MES10000,MES10000,C,C,RING 1,SUM-UT
MES10604,MES,SUMATERA,Deli Serdang,Labuhan Deli,,MES-HPP,MES10000,MES10600,C,C,RING 2,SUM-UT
MES10605,MES,SUMATERA,Deli Serdang,Batang Kuis,,MES-LBP,MES10000,MES10600,C,C,RING 2,SUM-UT
MES10606,MES,SUMATERA,Deli Serdang,Pancur Batu,CABANG,MES-MUR,MES10000,MES10000,C,C,RING 1,SUM-UT
MES10607,MES,SUMATERA,Deli Serdang,Percut Sei Tuan,,MES-MUR,MES10000,MES10000,C,C,RING 1,SUM-UT
MES10608,MES,SUMATERA,Deli Serdang,Patumbak,,MES-MUR,MES10000,MES10000,C,C,RING 1,SUM-UT
MES10609,MES,SUMATERA,Deli Serdang,Sibolangit,,MES-MUR,MES10000,MES10000,C,C,RING 1,SUM-UT
MES10610,MES,SUMATERA,Deli Serdang,Biru-Biru,,MES-MUR,MES10000,MES10000,C,C,RING 1,SUM-UT
MES10611,MES,SUMATERA,Deli Serdang,Sinembah Tanjung Muda Hilir,,MES-LBP,MES10000,MES10600,C,C,RING 2,SUM-UT
MES10612,MES,SUMATERA,Deli Serdang,Sunggal,,MES-HPP,MES10000,MES10600,C,C,RING 2,SUM-UT
MES10613,MES,SUMATERA,Deli Serdang,Tanjung Morawa,,MES-LBP,MES10000,MES10600,B,B,RING 2,SUM-UT
MES10614,MES,SUMATERA,Deli Serdang,Pantai Labu,,MES-LBP,MES10000,MES10600,C,C,RING 2,SUM-UT
MES10615,MES,SUMATERA,Deli Serdang,Bangun Purba,,MES-LBP,MES10000,MES10600,C,C,RING 2,SUM-UT
MES10616,MES,SUMATERA,Deli Serdang,Beringin,,MES-LBP,MES10000,MES10600,C,C,RING 2,SUM-UT
MES10617,MES,SUMATERA,Deli Serdang,Galang,,MES-LBP,MES10000,MES10600,C,C,RING 2,SUM-UT
MES10619,MES,SUMATERA,Deli Serdang,Gunung Meriah,,MES-LBP,MES10000,MES10600,C,C,RING 2,SUM-UT
MES10620,MES,SUMATERA,Deli Serdang,Namo Rambe,,MES-MUR,MES10000,MES10000,C,C,RING 2,SUM-UT
MES10621,MES,SUMATERA,Deli Serdang,Pagar Merbau,,MES-LBP,MES10000,MES10600,C,C,RING 2,SUM-UT
MES10622,MES,SUMATERA,Deli Serdang,Sinembah Tanjung Muda Hulu,,MES-LBP,MES10000,MES10600,C,C,RING 2,SUM-UT
MES20200,MES,SUMATERA,Binjai,Binjai Kota,CABANG,MES-BNJ,MES10000,MES20200,B,B,RING 2,SUM-UT
MES20201,MES,SUMATERA,Binjai ,Binjai ,,MES-BNJ,MES10000,MES20200,B,B,RING 2,SUM-UT
MES20207,MES,SUMATERA,Binjai,Binjai Barat,,MES-BNJ,MES10000,MES20200,B,B,RING 2,SUM-UT
MES20208,MES,SUMATERA,Binjai,Binjai Selatan,,MES-BNJ,MES10000,MES20200,B,B,RING 2,SUM-UT
MES20209,MES,SUMATERA,Binjai,Binjai Timur,,MES-BNJ,MES10000,MES20200,B,B,RING 2,SUM-UT
MES20210,MES,SUMATERA,Binjai,Binjai Utara,,MES-BNJ,MES10000,MES20200,B,B,RING 2,SUM-UT
MES20600,MES,SUMATERA,Pematang Raya,Pematang Raya,,MES-BDI,MES10000,MES20601,B,B,RING 2,SUM-UT
MES20601,MES,SUMATERA,Kab. Simalungun,Bandar,CABANG,MES-BDR,MES10000,MES20601,C,C,RING 2,SUM-UT
MES20602,MES,SUMATERA,Simalungun,Bosar Maligas,,MES-BDR,MES10000,MES20601,C,C,RING 2,SUM-UT
MES20603,MES,SUMATERA,Simalungun,Dolok Silau,,MES-BDI,MES10000,MES20601,C,C,RING 2,SUM-UT
MES20604,MES,SUMATERA,Simalungun,Dolok Pardamean,,MES-PMS,MES10000,MES22600,C,C,RING 2,SUM-UT
MES20605,MES,SUMATERA,Simalungun,Dolok Panribuan,,MES-PMS,MES10000,MES22600,C,C,RING 2,SUM-UT
MES20606,MES,SUMATERA,Simalungun,Dolok Batu Nanggar,,MES-BDH,MES10000,MES20601,C,C,RING 2,SUM-UT
MES20607,MES,SUMATERA,Simalungun,Girsang Sipangan Bolon,,MES-BDR,MES10000,MES20601,C,C,RING 2,SUM-UT
MES20608,MES,SUMATERA,Simalungun,Huta Bayu Raja,,MES-BDT,MES10000,MES20601,C,C,RING 2,SUM-UT
MES20609,MES,SUMATERA,Simalungun,Jorlang Hataran,,MES-PMS,MES10000,MES22600,C,C,RING 2,SUM-UT
MES20610,MES,SUMATERA,Simalungun,Panei,,MES-PMS,MES10000,MES22600,C,C,RING 2,SUM-UT
MES20611,MES,SUMATERA,Simalungun,Pematang Bandar,,MES-BDR,MES10000,MES20601,C,C,RING 2,SUM-UT
MES20612,MES,SUMATERA,Simalungun,Purba,,MES-BDI,MES10000,MES20601,C,C,RING 2,SUM-UT
MES20613,MES,SUMATERA,Simalungun,Raya,,MES-BDI,MES10000,MES20601,C,C,RING 2,SUM-UT
MES20614,MES,SUMATERA,Simalungun,Raya Kahean,,MES-BDI,MES10000,MES20601,C,C,RING 2,SUM-UT
MES20615,MES,SUMATERA,Simalungun,Siantar,,MES-PMS,MES10000,MES22600,C,C,RING 2,SUM-UT
MES20616,MES,SUMATERA,Simalungun,Sidamanik,,MES-BDI,MES10000,MES20601,C,C,RING 2,SUM-UT
MES20617,MES,SUMATERA,Simalungun,Silou Kahean,,MES-BDI,MES10000,MES20601,C,C,RING 2,SUM-UT
MES20618,MES,SUMATERA,Simalungun,Silimakuta,,MES-BDI,MES10000,MES20601,C,C,RING 2,SUM-UT
MES20619,MES,SUMATERA,Simalungun,Tanah Jawa,,MES-BDT,MES10000,MES20601,C,C,RING 2,SUM-UT
MES20620,MES,SUMATERA,Simalungun,Tapian Dolok,,MES-PMS,MES10000,MES22600,C,C,RING 2,SUM-UT
MES20621,MES,SUMATERA,Simalungun,Ujung Padang,,MES-SES,MES21508,MES21508,C,C,RING 2,SUM-UT
MES20622,MES,SUMATERA,Simalungun,Bandar Huluan,,MES-BDH,MES10000,MES20601,C,C,RING 2,SUM-UT
MES20623,MES,SUMATERA,Simalungun,Bandar Masilam,,MES-BDR,MES10000,MES20601,C,C,RING 2,SUM-UT
MES20624,MES,SUMATERA,Simalungun,Gunung Malela,,MES-PMS,MES10000,MES22600,C,C,RING 2,SUM-UT
MES20625,MES,SUMATERA,Simalungun,Gunung Maligas,,MES-PMS,MES10000,MES22600,C,C,RING 2,SUM-UT
MES20626,MES,SUMATERA,Simalungun,Haranggaol Horison,,MES-BDI,MES10000,MES20601,C,C,RING 2,SUM-UT
MES20627,MES,SUMATERA,Simalungun,Hatonduhan,,MES-BDT,MES10000,MES20601,C,C,RING 2,SUM-UT
MES20628,MES,SUMATERA,Simalungun,Jawa Maraja Bah Jambi,,MES-PMS,MES10000,MES22600,C,C,RING 2,SUM-UT
MES20629,MES,SUMATERA,Simalungun,Panombeian Panei,,MES-PMS,MES10000,MES22600,C,C,RING 2,SUM-UT
MES20630,MES,SUMATERA,Simalungun,Pematang Sidamanik,,MES-BDI,MES10000,MES20601,C,C,RING 2,SUM-UT
MES20631,MES,SUMATERA,Simalungun,Pematang Silima Huta,,MES-BDI,MES10000,MES20601,C,C,RING 2,SUM-UT
MES20700,MES,SUMATERA,Kab. Labuhan Batu,Rantau Prapat,CABANG,MES-RAP,MES20700,MES20700,B,B,RING 2,SUM-UT
MES20701,MES,SUMATERA,Labuhanbatu Utara,Aek Natas,,MES-ANP,MES20713,MES20713,C,C,RING 2,SUM-UT
MES20702,MES,SUMATERA,Labuhanbatu,Bilah Hilir,,MES-RAP,MES20700,MES20700,C,C,RING 2,SUM-UT
MES20703,MES,SUMATERA,Labuhanbatu Selatan,Kampung Rakyat,,MES-KPI,MES20704,MES20704,C,C,RING 2,SUM-UT
MES20704,MES,SUMATERA,Kab. Labuhan Batu Selatan,Kota Pinang,CABANG,MES-KPI,MES20704,MES20704,B,C,RING 2,SUM-UT
MES20705,MES,SUMATERA,Labuhanbatu Utara,Kualuh Hulu,,MES-ANP,MES20713,MES20713,B,C,RING 2,SUM-UT
MES20706,MES,SUMATERA,Labuhanbatu Utara,Kualuh Hilir,,MES-ANP,MES20713,MES20713,C,C,RING 2,SUM-UT
MES20707,MES,SUMATERA,Labuhanbatu Utara,Marbau,,MES-ANP,MES20713,MES20713,C,C,RING 2,SUM-UT
MES20708,MES,SUMATERA,Labuhanbatu Utara,Na IX-X,,MES-ANP,MES20713,MES20713,C,C,RING 2,SUM-UT
MES20709,MES,SUMATERA,Labuhanbatu,Panai Hilir,,MES-RAP,MES20700,MES20700,D,D,RING 2,SUM-UT
MES20710,MES,SUMATERA,Labuhanbatu,Panai Tengah,,MES-RAP,MES20700,MES20700,D,D,RING 2,SUM-UT
MES20713,MES,SUMATERA,Labuhan Batu,Aek Kuo,CABANG,MES-ANP,MES20713,MES20713,C,C,RING 2,SUM-UT
MES20714,MES,SUMATERA,Labuhanbatu,Bilah Barat,,MES-RAP,MES20700,MES20700,C,C,RING 2,SUM-UT
MES20715,MES,SUMATERA,Labuhanbatu,Bilah Hulu,,MES-RAS,MES20700,MES20700,C,C,RING 2,SUM-UT
MES20716,MES,SUMATERA,Labuhanbatu Utara,Kualuh Leidong,,MES-ANP,MES20713,MES20713,C,C,RING 2,SUM-UT
MES20717,MES,SUMATERA,Kualuh Selatan,Kualuh Selatan,,MES-ANP,MES20713,MES20713,C,C,RING 2,SUM-UT
MES20718,MES,SUMATERA,Labuhanbatu,Panai Hulu,,MES-RAP,MES20700,MES20700,D,D,RING 2,SUM-UT
MES20719,MES,SUMATERA,Labuhanbatu,Pangkatan,,MES-RAS,MES20700,MES20700,C,C,RING 2,SUM-UT
MES20720,MES,SUMATERA,Labuhanbatu,Rantau Selatan,,MES-RAP,MES20700,MES20700,C,C,RING 2,SUM-UT
MES20721,MES,SUMATERA,Labuhanbatu,Rantau Utara,,MES-RAP,MES20700,MES20700,C,C,RING 2,SUM-UT
MES20722,MES,SUMATERA,Labuhanbatu Selatan,Silangkitang,,MES-KPI,MES20704,MES20704,C,C,RING 2,SUM-UT
MES20723,MES,SUMATERA,Labuhanbatu Selatan,Sei/Sungai Kanan,,MES-KPI,MES20704,MES20704,C,C,RING 2,SUM-UT
MES20724,MES,SUMATERA,Labuhanbatu Selatan,Torgamba,,MES-KPI,MES20704,MES20704,C,C,RING 2,SUM-UT
MES20800,MES,SUMATERA,Kab. Karo,Kabanjahe,CABANG,MES-KBJ,MES10000,MES20800,B,B,RING 2,SUM-UT
MES20801,MES,SUMATERA,Karo,Barus Jahe,,MES-KBJ,MES10000,MES20800,C,C,RING 2,SUM-UT
MES20802,MES,SUMATERA,Karo,Brastagi (Berastagi),,MES-BTA,MES10000,MES20800,C,C,RING 2,SUM-UT
MES20803,MES,SUMATERA,Karo,Juhar,,MES-KBJ,MES10000,MES20800,C,C,RING 2,SUM-UT
MES20804,MES,SUMATERA,Karo,Kuta Buluh,,MES-KBJ,MES10000,MES20800,C,C,RING 2,SUM-UT
MES20805,MES,SUMATERA,Karo,Laubaleng,,MES-KBJ,MES10000,MES20800,C,C,RING 2,SUM-UT
MES20806,MES,SUMATERA,Karo,Mardinding,,MES-KBJ,MES10000,MES20800,C,C,RING 2,SUM-UT
MES20807,MES,SUMATERA,Karo,Merek,,MES-KBJ,MES10000,MES20800,C,C,RING 2,SUM-UT
MES20808,MES,SUMATERA,Karo,Munte,,MES-KBJ,MES10000,MES20800,C,C,RING 2,SUM-UT
MES20809,MES,SUMATERA,Karo,Payung,,MES-KBJ,MES10000,MES20800,C,C,RING 2,SUM-UT
MES20810,MES,SUMATERA,Karo,Simpang Empat,,MES-KBJ,MES10000,MES20800,C,C,RING 2,SUM-UT
MES20811,MES,SUMATERA,Karo,Tiga Binanga,,MES-KBJ,MES10000,MES20800,C,C,RING 2,SUM-UT
MES20812,MES,SUMATERA,Karo,Tiga Panah,,MES-KBJ,MES10000,MES20800,C,C,RING 2,SUM-UT
MES20814,MES,SUMATERA,Karo,Tiganderket,,MES-KBJ,MES10000,MES20800,C,C,RING 2,SUM-UT
MES20815,MES,SUMATERA,Karo,Nama Teran,,MES-KBJ,MES10000,MES20800,C,C,RING 2,SUM-UT
MES20816,MES,SUMATERA,Karo,Merdeka,,MES-BTA,MES10000,MES20800,C,C,RING 2,SUM-UT
MES20817,MES,SUMATERA,Karo,Dolat Rayat,,MES-KBJ,MES10000,MES20800,C,C,RING 2,SUM-UT
MES20900,MES,SUMATERA,Langkat,Stabat,CABANG,MES-STB,MES10000,MES20900,B,B,RING 2,SUM-UT
MES20901,MES,SUMATERA,Langkat,Babalan,,MES-STB,MES10000,MES20900,C,C,RING 2,SUM-UT
MES20902,MES,SUMATERA,Langkat,Besitang,,MES-STB,MES10000,MES20900,C,C,RING 2,SUM-UT
MES20903,MES,SUMATERA,Langkat,Gebang,,MES-STB,MES10000,MES20900,C,C,RING 2,SUM-UT
MES20904,MES,SUMATERA,Langkat,Hinai,,MES-STB,MES10000,MES20900,C,C,RING 2,SUM-UT
MES20905,MES,SUMATERA,Langkat,Padang Tualang,,MES-STB,MES10000,MES20900,C,C,RING 2,SUM-UT
MES20906,MES,SUMATERA,Langkat,Pangkalan Susu,,MES-STB,MES10000,MES20900,C,C,RING 2,SUM-UT
MES20907,MES,SUMATERA,Langkat,Secanggang,,MES-STB,MES10000,MES20900,C,C,RING 2,SUM-UT
MES20908,MES,SUMATERA,Langkat,Tanjungpura,,MES-STB,MES10000,MES20900,C,C,RING 2,SUM-UT
MES20909,MES,SUMATERA,Langkat,Batang Serangan,,MES-STB,MES10000,MES20900,C,C,RING 2,SUM-UT
MES20910,MES,SUMATERA,Langkat,Brandan Barat,,MES-STB,MES10000,MES20900,C,C,RING 2,SUM-UT
MES20911,MES,SUMATERA,Langkat,Salapian,,MES-BNJ,MES10000,MES20200,C,C,RING 2,SUM-UT
MES20912,MES,SUMATERA,Langkat,Sawit Seberang,,MES-STB,MES10000,MES20900,C,C,RING 2,SUM-UT
MES20913,MES,SUMATERA,Langkat,Sei Lepan,,MES-STP,MES10000,MES20900,C,C,RING 2,SUM-UT
MES20914,MES,SUMATERA,Langkat,Wampu,,MES-STB,MES10000,MES20900,C,C,RING 2,SUM-UT
MES20915,MES,SUMATERA,Kab. Langkat,Binjai,CABANG,MES-BJI,MES10000,MES20915,C,C,RING 2,SUM-UT
MES20916,MES,SUMATERA,Langkat,Bahorok,,MES-BNJ,MES10000,MES20200,C,C,RING 2,SUM-UT
MES20917,MES,SUMATERA,Langkat,Kuala,,MES-BNJ,MES10000,MES20200,C,C,RING 2,SUM-UT
MES20918,MES,SUMATERA,Langkat,Sei Binge (Bingai),,MES-BNJ,MES10000,MES20200,C,C,RING 2,SUM-UT
MES20919,MES,SUMATERA,Langkat,Selesai,,MES-BNJ,MES10000,MES20200,C,C,RING 2,SUM-UT
MES20920,MES,SUMATERA,Langkat,Kutambaru,,MES-BNJ,MES10000,MES20200,C,C,RING 2,SUM-UT
MES20921,MES,SUMATERA,Langkat,Pematang Jaya,,MES-STP,MES10000,MES20900,C,C,RING 2,SUM-UT
MES20922,MES,SUMATERA,Langkat,Sirapit (Serapit),,MES-BNJ,MES10000,MES20200,C,C,RING 2,SUM-UT
MES21100,MES,SUMATERA,Serdang Bedagai,Tebing Tinggi,CABANG,MES-TBT,MES10000,MES21100,B,B,RING 2,SUM-UT
MES21119,MES,SUMATERA,Tebing Tinggi,Padang Hilir,,MES-TBT,MES10000,MES21100,B,B,RING 2,SUM-UT
MES21120,MES,SUMATERA,Tebing Tinggi,Padang Hulu,,MES-TBT,MES10000,MES21100,B,B,RING 2,SUM-UT
MES21121,MES,SUMATERA,Tebing Tinggi,Rambutan,,MES-TBT,MES10000,MES21100,B,B,RING 2,SUM-UT
MES21122,MES,SUMATERA,Tebing Tinggi,Bajenis,,MES-TBT,MES10000,MES21100,B,B,RING 2,SUM-UT
MES21500,MES,SUMATERA,Batu Bara,Limapuluh,,MES-SES,MES21508,MES21508,B,B,RING 2,SUM-UT
MES21501,MES,SUMATERA,Batu Bara,Medang Deras,,MES-SES,MES21508,MES21508,C,C,RING 2,SUM-UT
MES21502,MES,SUMATERA,Batu Bara,Datuk Lima Puluh,,MES-SES,MES21508,MES21508,B,C,RING 2,SUM-UT
MES21503,MES,SUMATERA,Batu Bara,Air Putih,,MES-SES,MES21508,MES21508,C,C,RING 2,SUM-UT
MES21504,MES,SUMATERA,Batu Bara,Talawi,,MES-SES,MES21508,MES21508,C,C,RING 2,SUM-UT
MES21505,MES,SUMATERA,Batu Bara,Tanjung Tiram,,MES-SES,MES21508,MES21508,C,C,RING 2,SUM-UT
MES21506,MES,SUMATERA,Batu Bara,Sei Balai,,MES-SES,MES21508,MES21508,C,C,RING 2,SUM-UT
MES21507,MES,SUMATERA,Batu Bara,Pesisir Lima Puluh,,MES-SES,MES21508,MES21508,B,C,RING 2,SUM-UT
MES21508,MES,SUMATERA,Kab. Batubara,Sei Suka,CABANG,MES-SES,MES21508,MES21508,C,C,RING 2,SUM-UT
MES21509,MES,SUMATERA,Batu Bara,Nibung Hangus,,MES-SES,MES21508,MES21508,C,C,RING 2,SUM-UT
MES21510,MES,SUMATERA,Batu Bara,Datuk Tanah Datar,,MES-SES,MES21508,MES21508,C,C,RING 2,SUM-UT
MES21511,MES,SUMATERA,Batu Bara,Laut Tador,,MES-SES,MES21508,MES21508,C,C,RING 2,SUM-UT
MES21512,MES,SUMATERA,Batu Bara,Pagurawan,,MES-SES,MES21508,MES21508,C,C,RING 2,SUM-UT
MES22100,MES,SUMATERA,Pakpak Bharat,Salak,CABANG,MES-SAL,MES10000,MES22100,B,B,RING 2,SUM-UT
MES22101,MES,SUMATERA,Pakpak Bharat,Kerajaan,,MES-SLI,MES10000,MES22100,C,C,RING 2,SUM-UT
MES22102,MES,SUMATERA,Pakpak Bharat,Sitellu Tali Urang Jehe,,MES-SAL,MES10000,MES22100,C,C,RING 2,SUM-UT
MES22103,MES,SUMATERA,Pakpak Bharat,Sitellu Tali Urang Julu,,MES-SAL,MES10000,MES22100,C,C,RING 2,SUM-UT
MES22104,MES,SUMATERA,Pakpak Bharat,Pergetteng Getteng Sengkut,,MES-SAL,MES10000,MES22100,C,C,RING 2,SUM-UT
MES22105,MES,SUMATERA,Pakpak Bharat,Pagindar,,MES-SAL,MES10000,MES22100,C,C,RING 2,SUM-UT
MES22106,MES,SUMATERA,Pakpak Bharat,Siempat Rube,,MES-SAL,MES10000,MES22100,C,C,RING 2,SUM-UT
MES22107,MES,SUMATERA,Pakpak Bharat,Tinada,,MES-SAL,MES10000,MES22100,C,C,RING 2,SUM-UT
MES22200,MES,SUMATERA,Kab. Samosir,Pangururan,CABANG,MES-PRR,MES10000,MES22200,B,B,RING 2,SUM-UT
MES22201,MES,SUMATERA,Samosir,Harian,,MES-PRR,MES10000,MES22200,C,C,RING 2,SUM-UT
MES22202,MES,SUMATERA,Samosir,Nainggolan,,MES-PRR,MES10000,MES22200,C,C,RING 2,SUM-UT
MES22203,MES,SUMATERA,Samosir,Onan Runggu,,MES-PRR,MES10000,MES22200,C,C,RING 2,SUM-UT
MES22204,MES,SUMATERA,Samosir,Palipi,,MES-PRR,MES10000,MES22200,C,C,RING 2,SUM-UT
MES22205,MES,SUMATERA,Samosir,Ronggur Nihuta,,MES-PRR,MES10000,MES22200,C,C,RING 2,SUM-UT
MES22206,MES,SUMATERA,Samosir,Sianjur Mula Mula,,MES-PRR,MES10000,MES22200,C,C,RING 2,SUM-UT
MES22207,MES,SUMATERA,Samosir,Simanindo,,MES-PRR,MES10000,MES22200,C,C,RING 2,SUM-UT
MES22208,MES,SUMATERA,Samosir,Sitio-tio,,MES-PRR,MES10000,MES22200,C,C,RING 2,SUM-UT
MES22300,MES,SUMATERA,Kab. Serdang Bedagai,Sei Rampah,CABANG,MES-RMH,MES10000,MES22300,B,B,RING 2,SUM-UT
MES22301,MES,SUMATERA,Serdang Bedagai,Bandar Khalifah,,MES-TBT,MES10000,MES21100,C,C,RING 2,SUM-UT
MES22302,MES,SUMATERA,Serdang Bedagai,Dolok Masihul,,MES-RMH,MES10000,MES22300,C,C,RING 2,SUM-UT
MES22303,MES,SUMATERA,Serdang Bedagai,Dolok Merawan,,MES-TBT,MES10000,MES21100,C,C,RING 2,SUM-UT
MES22304,MES,SUMATERA,Serdang Bedagai,Kotarih,,MES-RMH,MES10000,MES22300,C,C,RING 2,SUM-UT
MES22305,MES,SUMATERA,Serdang Bedagai,Pantai Cermin,,MES-RMH,MES10000,MES22300,C,C,RING 2,SUM-UT
MES22306,MES,SUMATERA,Serdang Bedagai,Perbaungan,,MES-RMH,MES10000,MES22300,C,C,RING 2,SUM-UT
MES22307,MES,SUMATERA,Serdang Bedagai,Sipispis,,MES-TBT,MES10000,MES21100,C,C,RING 2,SUM-UT
MES22308,MES,SUMATERA,Serdang Bedagai,Tanjung Beringin,,MES-RMH,MES10000,MES22300,C,C,RING 2,SUM-UT
MES22309,MES,SUMATERA,Tebing Tinggi,Tebing Tinggi Kota,,MES-TBT,MES10000,MES21100,C,C,RING 2,SUM-UT
MES22310,MES,SUMATERA,Serdang Bedagai,Teluk Mengkudu,,MES-RMH,MES10000,MES22300,C,C,RING 2,SUM-UT
MES22311,MES,SUMATERA,Serdang Bedagai,Tebing Syahbandar,,MES-TBT,MES10000,MES21100,C,C,RING 2,SUM-UT
MES22312,MES,SUMATERA,Serdang Bedagai,Silinda,,MES-LBP,MES10000,MES10600,C,C,RING 2,SUM-UT
MES22313,MES,SUMATERA,Serdang Bedagai,Serba Jadi,,MES-RMH,MES10000,MES22300,C,C,RING 2,SUM-UT
MES22314,MES,SUMATERA,Serdang Bedagai,Sei Bamban,,MES-RMH,MES10000,MES22300,B,B,RING 2,SUM-UT
MES22315,MES,SUMATERA,Serdang Bedagai,Pegajahan,,MES-RMH,MES10000,MES22300,C,C,RING 2,SUM-UT
MES22316,MES,SUMATERA,Serdang Bedagai,Bintang Bayu,,MES-RMH,MES10000,MES22300,C,C,RING 2,SUM-UT
MES22500,MES,SUMATERA,Kota Tanjung Balai,Tanjung Balai,CABANG,MES-TJB,MES10000,MES22500,C,C,RING 2,SUM-UT
MES22501,MES,SUMATERA,Tanjung Balai,Datuk Bandar,,MES-TJB,MES10000,MES22500,C,C,RING 2,SUM-UT
MES22502,MES,SUMATERA,Tanjung Balai,Sei Tualang Raso,,MES-TJB,MES10000,MES22500,C,C,RING 2,SUM-UT
MES22503,MES,SUMATERA,Tanjung Balai,Tanjung Balai Selatan,,MES-TJB,MES10000,MES22500,C,C,RING 2,SUM-UT
MES22504,MES,SUMATERA,Tanjung Balai,Tanjung Balai Utara,,MES-TJB,MES10000,MES22500,C,C,RING 2,SUM-UT
MES22505,MES,SUMATERA,Tanjung Balai,Teluk Nibung,,MES-TJB,MES10000,MES22500,C,C,RING 2,SUM-UT
MES22506,MES,SUMATERA,Tanjung Balai,Datuk Bandar Timur,,MES-TJB,MES10000,MES22500,C,C,RING 2,SUM-UT
MES22600,MES,SUMATERA,Kota Pematangsiantar,Pematang Siantar,CABANG,MES-PMS,MES10000,MES22600,B,B,RING 2,SUM-UT
MES22601,MES,SUMATERA,Pematang Siantar,Siantar Barat,,MES-PMS,MES10000,MES22600,B,B,RING 2,SUM-UT
MES22602,MES,SUMATERA,Pematang Siantar,Siantar Marihat,,MES-PMS,MES10000,MES22600,B,B,RING 2,SUM-UT
MES22603,MES,SUMATERA,Pematang Siantar,Siantar Martoba,,MES-PMS,MES10000,MES22600,B,B,RING 2,SUM-UT
MES22604,MES,SUMATERA,Pematang Siantar,Siantar Selatan,,MES-PMS,MES10000,MES22600,B,B,RING 2,SUM-UT
MES22605,MES,SUMATERA,Pematang Siantar,Siantar Timur,,MES-PMS,MES10000,MES22600,B,B,RING 2,SUM-UT
MES22606,MES,SUMATERA,Pematang Siantar,Siantar Utara,,MES-PMS,MES10000,MES22600,B,B,RING 2,SUM-UT
MES22607,MES,SUMATERA,Pematang Siantar,Siantar Marimbun,,MES-PMS,MES10000,MES22600,B,B,RING 2,SUM-UT
MES22608,MES,SUMATERA,Pematang Siantar,Siantar Sitalasari,,MES-PMS,MES10000,MES22600,B,B,RING 2,SUM-UT
MES23100,MES,SUMATERA,Labuhanbatu Utara,Kualuh Selatan,,MES-ANP,MES20713,MES20713,C,C,RING 2,SUM-UT
PDG10000,PDG,SUMATERA,Kota Padang,Padang,CABANG UTAMA,PDG,PDG10000,PDG10000,A,A,RING 1,SUM-UT
PDG10008,PDG,SUMATERA,Padang,Bungus Teluk Kabung,,PDG,PDG10000,PDG10000,A,A,RING 1,SUM-UT
PDG10009,PDG,SUMATERA,Padang,Koto Tangah,,PDG,PDG10000,PDG10000,A,A,RING 1,SUM-UT
PDG10010,PDG,SUMATERA,Padang,Kuranji,,PDG,PDG10000,PDG10000,A,A,RING 1,SUM-UT
PDG10011,PDG,SUMATERA,Padang,Lubuk Begalung,,PDG,PDG10000,PDG10000,A,A,RING 1,SUM-UT
PDG10012,PDG,SUMATERA,Padang,Lubuk Kilangan,,PDG,PDG10000,PDG10000,A,A,RING 1,SUM-UT
PDG10013,PDG,SUMATERA,Padang,Nanggalo,,PDG,PDG10000,PDG10000,A,A,RING 1,SUM-UT
PDG10014,PDG,SUMATERA,Padang,Padang Barat,,PDG,PDG10000,PDG10000,A,A,RING 1,SUM-UT
PDG10015,PDG,SUMATERA,Padang,Padang Selatan,,PDG,PDG10000,PDG10000,A,A,RING 1,SUM-UT
PDG10016,PDG,SUMATERA,Padang,Padang Timur,,PDG,PDG10000,PDG10000,A,A,RING 1,SUM-UT
PDG10017,PDG,SUMATERA,Padang,Padang Utara,,PDG,PDG10000,PDG10000,A,A,RING 1,SUM-UT
PDG10018,PDG,SUMATERA,Padang,Pauh,,PDG,PDG10000,PDG10000,A,A,RING 1,SUM-UT
PDG20100,PDG,SUMATERA,Kab. Tanah Datar,Batu Sangkar,CABANG,PDG-BTS,PDG10000,PDG20100,B,B,RING 2,SUM-UT
PDG20101,PDG,SUMATERA,Tanah Datar,Batipuh,,PDG-PDP,PDG10000,PDG21100,C,C,RING 2,SUM-UT
PDG20103,PDG,SUMATERA,Tanah Datar,Lintau Buo,,PDG-BTS,PDG10000,PDG20100,C,C,RING 2,SUM-UT
PDG20106,PDG,SUMATERA,Tanah Datar,Pariangan,,PDG-BTS,PDG10000,PDG20100,C,C,RING 2,SUM-UT
PDG20107,PDG,SUMATERA,Tanah Datar,Rambatan,,PDG-BTS,PDG10000,PDG20100,C,C,RING 2,SUM-UT
PDG20108,PDG,SUMATERA,Tanah Datar,Salimpaung,,PDG-BTS,PDG10000,PDG20100,C,C,RING 2,SUM-UT
PDG20110,PDG,SUMATERA,Tanah Datar,Sungai Tarab,,PDG-BTS,PDG10000,PDG20100,C,C,RING 2,SUM-UT
PDG20111,PDG,SUMATERA,Tanah Datar,Sungayang,,PDG-BTS,PDG10000,PDG20100,C,C,RING 2,SUM-UT
PDG20112,PDG,SUMATERA,Tanah Datar,Tanjung Emas,,PDG-BTS,PDG10000,PDG20100,C,C,RING 2,SUM-UT
PDG20114,PDG,SUMATERA,Tanah Datar,Batipuh Selatan,,PDG-PDP,PDG10000,PDG21100,C,C,RING 2,SUM-UT
PDG20115,PDG,SUMATERA,Tanah Datar,Lima Kaum,,PDG-BTS,PDG10000,PDG20100,C,C,RING 2,SUM-UT
PDG20116,PDG,SUMATERA,Tanah Datar,Lintau Buo Utara,,PDG-BTS,PDG10000,PDG20100,C,C,RING 2,SUM-UT
PDG20117,PDG,SUMATERA,Tanah Datar,Padang Ganting,,PDG-BTS,PDG10000,PDG20100,C,C,RING 2,SUM-UT
PDG20118,PDG,SUMATERA,Tanah Datar,Sepuluh Koto (X Koto),,PDG-PDP,PDG10000,PDG21100,C,C,RING 2,SUM-UT
PDG20119,PDG,SUMATERA,Tanah Datar,Tanjung Baru,,PDG-BTS,PDG10000,PDG20100,C,C,RING 2,SUM-UT
PDG20200,PDG,SUMATERA,Kota Bukit Tinggi,Bukit Tinggi,CABANG,PDG-BKT,PDG10000,PDG20200,B,B,RING 2,SUM-UT
PDG20211,PDG,SUMATERA,Bukittinggi,Aur Birugo Tigo Baleh,,PDG-BKT,PDG10000,PDG20200,B,B,RING 2,SUM-UT
PDG20212,PDG,SUMATERA,Bukittinggi,Mandiangin Koto Selayan,,PDG-BKT,PDG10000,PDG20200,B,B,RING 2,SUM-UT
PDG20213,PDG,SUMATERA,Bukittinggi,Guguk Panjang (Guguak Panjang),,PDG-BKT,PDG10000,PDG20200,B,B,RING 2,SUM-UT
PDG20300,PDG,SUMATERA,Kab. Pasaman,Lubuk Sikaping,CABANG,PDG-LBS,PDG10000,PDG20300,B,B,RING 2,SUM-UT
PDG20301,PDG,SUMATERA,Pasaman,Bonjol,,PDG-LBS,PDG10000,PDG20300,C,C,RING 2,SUM-UT
PDG20305,PDG,SUMATERA,Pasaman,Panti,,PDG-LBS,PDG10000,PDG20300,C,C,RING 2,SUM-UT
PDG20308,PDG,SUMATERA,Pasaman,Rao,,PDG-LBS,PDG10000,PDG20300,C,C,RING 2,SUM-UT
PDG20314,PDG,SUMATERA,Pasaman,Tigo Nagari (III Nagari),,PDG-LBS,PDG10000,PDG20300,C,C,RING 2,SUM-UT
PDG20315,PDG,SUMATERA,Pasaman,Mapat Tunggul Selatan,,PDG-LBS,PDG10000,PDG20300,C,C,RING 2,SUM-UT
PDG20316,PDG,SUMATERA,Pasaman,Duo Koto (II Koto),,PDG-LBS,PDG10000,PDG20300,C,C,RING 2,SUM-UT
PDG20325,PDG,SUMATERA,Pasaman,Mapat Tunggul,,PDG-LBS,PDG10000,PDG20300,C,C,RING 2,SUM-UT
PDG20326,PDG,SUMATERA,Pasaman,Simpang Alahan Mati,,PDG-LBS,PDG10000,PDG20300,C,C,RING 2,SUM-UT
PDG20327,PDG,SUMATERA,Pasaman,Rao Utara,,PDG-LBS,PDG10000,PDG20300,C,C,RING 2,SUM-UT
PDG20328,PDG,SUMATERA,Pasaman,Rao Selatan,,PDG-LBS,PDG10000,PDG20300,C,C,RING 2,SUM-UT
PDG20329,PDG,SUMATERA,Pasaman,Padang Gelugur,,PDG-LBS,PDG10000,PDG20300,C,C,RING 2,SUM-UT
PDG20500,PDG,SUMATERA,Kab. Pesisir Selatan,Painan,CABANG,PDG-PNN,PDG10000,PDG20500,B,B,RING 2,SUM-UT
PDG20501,PDG,SUMATERA,Pesisir Selatan,Batang Kapas,,PDG-PNN,PDG10000,PDG20500,C,C,RING 2,SUM-UT
PDG20503,PDG,SUMATERA,Pesisir Selatan,Bayang,,PDG-PNN,PDG10000,PDG20500,C,C,RING 2,SUM-UT
PDG20505,PDG,SUMATERA,Pesisir Selatan,Koto XI Tarusan,,PDG-PNN,PDG10000,PDG20500,C,C,RING 2,SUM-UT
PDG20506,PDG,SUMATERA,Pesisir Selatan,Lengayang,,PDG-PNN,PDG10000,PDG20500,C,C,RING 2,SUM-UT
PDG20510,PDG,SUMATERA,Pesisir Selatan,Pancung Soal,,PDG-PNN,PDG10000,PDG20500,C,C,RING 2,SUM-UT
PDG20511,PDG,SUMATERA,Pesisir Selatan,Ranah Pesisir,,PDG-PNN,PDG10000,PDG20500,C,C,RING 2,SUM-UT
PDG20513,PDG,SUMATERA,Pesisir Selatan,Basa Ampek Balai Tapan,,PDG-PNN,PDG10000,PDG20500,C,C,RING 2,SUM-UT
PDG20514,PDG,SUMATERA,Pesisir Selatan,IV Nagari Bayang Utara,,PDG-PNN,PDG10000,PDG20500,C,C,RING 2,SUM-UT
PDG20515,PDG,SUMATERA,Pesisir Selatan,Linggo Sari Baganti,,PDG-PNN,PDG10000,PDG20500,C,C,RING 2,SUM-UT
PDG20516,PDG,SUMATERA,Pesisir Selatan,Silaut,,PDG-PNN,PDG10000,PDG20500,C,C,RING 2,SUM-UT
PDG20517,PDG,SUMATERA,Pesisir Selatan,Sutera,,PDG-PNN,PDG10000,PDG20500,C,C,RING 2,SUM-UT
PDG20518,PDG,SUMATERA,Pesisir Selatan,IV Jurai,,PDG-PNN,PDG10000,PDG20500,C,C,RING 2,SUM-UT
PDG20519,PDG,SUMATERA,Pesisir Selatan,Airpura,,PDG-PNN,PDG10000,PDG20500,C,C,RING 2,SUM-UT
PDG20520,PDG,SUMATERA,Pesisir Selatan,Lunang,,PDG-PNN,PDG10000,PDG20500,C,C,RING 2,SUM-UT
PDG20521,PDG,SUMATERA,Pesisir Selatan,Ranah Ampek Hulu Tapan,,PDG-PNN,PDG10000,PDG20500,C,C,RING 2,SUM-UT
PDG20600,PDG,SUMATERA,Kab. Padang Pariaman,Pariaman,CABANG,PDG-PMN,PDG10000,PDG20600,B,B,RING 2,SUM-UT
PDG20601,PDG,SUMATERA,Padang Pariaman,Batang Anai,,PDG-PMN,PDG10000,PDG20600,C,C,RING 2,SUM-UT
PDG20602,PDG,SUMATERA,Padang Pariaman,2 X 11 Enam Lingkung,,PDG-PMN,PDG10000,PDG20600,C,C,RING 2,SUM-UT
PDG20604,PDG,SUMATERA,Padang Pariaman,V Koto Kampung Dalam,,PDG-PMN,PDG10000,PDG20600,C,C,RING 2,SUM-UT
PDG20606,PDG,SUMATERA,Padang Pariaman,Lubuk Alung,,PDG-PMN,PDG10000,PDG20600,B,B,RING 2,SUM-UT
PDG20608,PDG,SUMATERA,Padang Pariaman,Nan Sabaris,,PDG-PMN,PDG10000,PDG20600,C,C,RING 2,SUM-UT
PDG20610,PDG,SUMATERA,Padang Pariaman,Sungai Limau,,PDG-PMN,PDG10000,PDG20600,C,C,RING 2,SUM-UT
PDG20612,PDG,SUMATERA,Padang Pariaman,Sungai Geringging/Garingging,,PDG-PMN,PDG10000,PDG20600,C,C,RING 2,SUM-UT
PDG20614,PDG,SUMATERA,Padang Pariaman,VII Koto Sungai Sarik,,PDG-PMN,PDG10000,PDG20600,C,C,RING 2,SUM-UT
PDG20616,PDG,SUMATERA,Padang Pariaman,Batang Gasan,,PDG-PMN,PDG10000,PDG20600,C,C,RING 2,SUM-UT
PDG20619,PDG,SUMATERA,Padang Pariaman,Padang Sago,,PDG-PMN,PDG10000,PDG20600,C,C,RING 2,SUM-UT
PDG20620,PDG,SUMATERA,Padang Pariaman,Patamuan,,PDG-PMN,PDG10000,PDG20600,C,C,RING 2,SUM-UT
PDG20621,PDG,SUMATERA,Padang Pariaman,Sintuk/Sintuak Toboh Gadang,,PDG-PMN,PDG10000,PDG20600,C,C,RING 2,SUM-UT
PDG20624,PDG,SUMATERA,Padang Pariaman,Ulakan Tapakih/Tapakis,,PDG-PMN,PDG10000,PDG20600,C,C,RING 2,SUM-UT
PDG20625,PDG,SUMATERA,Pariaman,Pariaman Selatan,,PDG-PMN,PDG10000,PDG20600,B,B,RING 2,SUM-UT
PDG20626,PDG,SUMATERA,Pariaman,Pariaman Tengah,,PDG-PMN,PDG10000,PDG20600,B,B,RING 2,SUM-UT
PDG20627,PDG,SUMATERA,Pariaman,Pariaman Utara,,PDG-PMN,PDG10000,PDG20600,B,B,RING 2,SUM-UT
PDG20628,PDG,SUMATERA,Padang Pariaman,IV Koto Aur Malintang,,PDG-PMN,PDG10000,PDG20600,C,C,RING 2,SUM-UT
PDG20629,PDG,SUMATERA,Padang Pariaman,V Koto Timur,,PDG-PMN,PDG10000,PDG20600,C,C,RING 2,SUM-UT
PDG20630,PDG,SUMATERA,Padang Pariaman,Enam Lingkung,,PDG-PMN,PDG10000,PDG20600,C,C,RING 2,SUM-UT
PDG20631,PDG,SUMATERA,Pariaman,Pariaman Timur,,PDG-PMN,PDG10000,PDG20600,B,B,RING 2,SUM-UT
PDG20632,PDG,SUMATERA,Padang Pariaman,2 X 11 Kayu Tanam,,PDG-PMN,PDG10000,PDG20600,C,C,RING 2,SUM-UT
PDG20700,PDG,SUMATERA,Kota Payakumbuh,Payakumbuh,CABANG,PDG-PYK,PDG10000,PDG20700,B,B,RING 2,SUM-UT
PDG20721,PDG,SUMATERA,Payakumbuh,Payakumbuh Barat,,PDG-PYK,PDG10000,PDG20700,B,B,RING 2,SUM-UT
PDG20722,PDG,SUMATERA,Payakumbuh,Payakumbuh Timur,,PDG-PYK,PDG10000,PDG20700,B,B,RING 2,SUM-UT
PDG20723,PDG,SUMATERA,Payakumbuh,Payakumbuh Utara,,PDG-PYK,PDG10000,PDG20700,B,B,RING 2,SUM-UT
PDG20724,PDG,SUMATERA,Payakumbuh,Payakumbuh Selatan,,PDG-PYK,PDG10000,PDG20700,B,B,RING 2,SUM-UT
PDG20725,PDG,SUMATERA,Payakumbuh,Lamposi Tigo Nagari,,PDG-PYK,PDG10000,PDG20700,C,C,RING 2,SUM-UT
PDG20800,PDG,SUMATERA,Kota Sawahlunto,Sawahlunto,CABANG,PDG-SWL,PDG10000,PDG20800,B,B,RING 2,SUM-UT
PDG20803,PDG,SUMATERA,Sawah Lunto,Barangin,,PDG-SWL,PDG10000,PDG20800,C,C,RING 2,SUM-UT
PDG20804,PDG,SUMATERA,Sawah Lunto,Lembah Segar,,PDG-SWL,PDG10000,PDG20800,C,C,RING 2,SUM-UT
PDG20805,PDG,SUMATERA,Sawah Lunto,Silungkang,,PDG-SWL,PDG10000,PDG20800,C,C,RING 2,SUM-UT
PDG20806,PDG,SUMATERA,Sawah Lunto,Talawi,,PDG-SWL,PDG10000,PDG20800,C,C,RING 2,SUM-UT
PDG20900,PDG,SUMATERA,Kota Solok,Solok,CABANG,PDG-SLK,PDG10000,PDG20900,B,B,RING 2,SUM-UT
PDG20939,PDG,SUMATERA,Solok,Lubuk Sikarah,,PDG-SLK,PDG10000,PDG20900,B,B,RING 2,SUM-UT
PDG20940,PDG,SUMATERA,Solok,Tanjung Harapan,,PDG-SLK,PDG10000,PDG20900,B,B,RING 2,SUM-UT
PDG21100,PDG,SUMATERA,Kota Padang Panjang,Padang Panjang,CABANG,PDG-PDP,PDG10000,PDG21100,B,B,RING 2,SUM-UT
PDG21102,PDG,SUMATERA,Padang Panjang,Padang Panjang Barat,,PDG-PDP,PDG10000,PDG21100,C,C,RING 2,SUM-UT
PDG21103,PDG,SUMATERA,Padang Panjang,Padang Panjang Timur,,PDG-PDP,PDG10000,PDG21100,C,C,RING 2,SUM-UT
PDG21200,PDG,SUMATERA,Kab. Dharmasraya,Pulau Punjung,CABANG,PDG-PLP,PDG10000,PDG21200,B,B,RING 2,SUM-UT
PDG21201,PDG,SUMATERA,Dharmasraya,Koto Baru,,PDG-PLP,PDG10000,PDG21200,C,C,RING 2,SUM-UT
PDG21203,PDG,SUMATERA,Dharmasraya,Sitiung,,PDG-PLP,PDG10000,PDG21200,C,C,RING 2,SUM-UT
PDG21204,PDG,SUMATERA,Dharmasraya,Sungai Rumbai,,PDG-PLP,PDG10000,PDG21200,C,C,RING 2,SUM-UT
PDG21205,PDG,SUMATERA,Dharmasraya,Tiumang,,PDG-PLP,PDG10000,PDG21200,C,C,RING 2,SUM-UT
PDG21206,PDG,SUMATERA,Dharmasraya,Timpeh,,PDG-PLP,PDG10000,PDG21200,C,C,RING 2,SUM-UT
PDG21207,PDG,SUMATERA,Dharmasraya,Padang Laweh,,PDG-PLP,PDG10000,PDG21200,C,C,RING 2,SUM-UT
PDG21208,PDG,SUMATERA,Dharmasraya,Koto Salak,,PDG-PLP,PDG10000,PDG21200,C,C,RING 2,SUM-UT
PDG21209,PDG,SUMATERA,Dharmasraya,Koto Besar,,PDG-PLP,PDG10000,PDG21200,C,C,RING 2,SUM-UT
PDG21210,PDG,SUMATERA,Dharmasraya,Asam Jujuhan,,PDG-PLP,PDG10000,PDG21200,C,C,RING 2,SUM-UT
PDG21211,PDG,SUMATERA,Dharmasraya,Sembilan Koto,,PDG-PLP,PDG10000,PDG21200,C,C,RING 2,SUM-UT
PDG21300,PDG,SUMATERA,Sarilamak,Sarilamak,,PDG-PYK,PDG10000,PDG20700,B,B,RING 2,SUM-UT
PDG21301,PDG,SUMATERA,Lima Puluh Kota,Akabiluru,,PDG-PYK,PDG10000,PDG20700,C,C,RING 2,SUM-UT
PDG21302,PDG,SUMATERA,Lima Puluh Kota,Bukik Barisan,,PDG-PYK,PDG10000,PDG20700,C,C,RING 2,SUM-UT
PDG21303,PDG,SUMATERA,Lima Puluh Kota,Guguak (Gugu),,PDG-PYK,PDG10000,PDG20700,C,C,RING 2,SUM-UT
PDG21304,PDG,SUMATERA,Lima Puluh Kota,Gunuang Omeh (Gunung Mas),,PDG-PYK,PDG10000,PDG20700,C,C,RING 2,SUM-UT
PDG21305,PDG,SUMATERA,Lima Puluh Kota,Harau,,PDG-PYK,PDG10000,PDG20700,C,C,RING 2,SUM-UT
PDG21306,PDG,SUMATERA,Lima Puluh Kota,Kapur IX/Sembilan,,PDG-PYK,PDG10000,PDG20700,C,C,RING 2,SUM-UT
PDG21307,PDG,SUMATERA,Lima Puluh Kota,Lareh Sago Halaban,,PDG-PYK,PDG10000,PDG20700,C,C,RING 2,SUM-UT
PDG21309,PDG,SUMATERA,Lima Puluh Kota,Mungka,,PDG-PYK,PDG10000,PDG20700,C,C,RING 2,SUM-UT
PDG21310,PDG,SUMATERA,Lima Puluh Kota,Pangkalan Koto Baru,,PDG-PYK,PDG10000,PDG20700,C,C,RING 2,SUM-UT
PDG21311,PDG,SUMATERA,Payakumbuh,Payakumbuh,,PDG-PYK,PDG10000,PDG20700,B,B,RING 2,SUM-UT
PDG21312,PDG,SUMATERA,Lima Puluh Kota,Situjuah Limo/Lima Nagari,,PDG-PYK,PDG10000,PDG20700,C,C,RING 2,SUM-UT
PDG21313,PDG,SUMATERA,Lima Puluh Kota,Suliki,,PDG-PYK,PDG10000,PDG20700,C,C,RING 2,SUM-UT
PDG21315,PDG,SUMATERA,Lima Puluh Kota,Luak (Luhak),,PDG-PYK,PDG10000,PDG20700,C,C,RING 2,SUM-UT
PDG21400,PDG,SUMATERA,Kab. Kepulauan Mentawai,Tuapejat,CABANG,PDG-TAJ,PDG10000,PDG21400,C,C,RING 2,SUM-UT
PDG21401,PDG,SUMATERA,Kepulauan Mentawai,Pagai Selatan,,PDG-TAJ,PDG10000,PDG21400,C,C,RING 2,SUM-UT
PDG21402,PDG,SUMATERA,Kepulauan Mentawai,Pagai Utara,,PDG-TAJ,PDG10000,PDG21400,C,C,RING 2,SUM-UT
PDG21403,PDG,SUMATERA,Kepulauan Mentawai,Siberut Selatan,CABANG,PDG-SBR,PDG10000,PDG21403,C,C,RING 2,SUM-UT
PDG21404,PDG,SUMATERA,Kepulauan Mentawai,Siberut Utara,,PDG-SBR,PDG10000,PDG21403,C,C,RING 2,SUM-UT
PDG21405,PDG,SUMATERA,Sipora,Sipora,,PDG-TAJ,PDG10000,PDG21400,C,C,RING 2,SUM-UT
PDG21406,PDG,SUMATERA,Kepulauan Mentawai,Sipora Utara,,PDG-TAJ,PDG10000,PDG21400,C,C,RING 2,SUM-UT
PDG21407,PDG,SUMATERA,Kepulauan Mentawai,Sipora Selatan,,PDG-TAJ,PDG10000,PDG21400,C,C,RING 2,SUM-UT
PDG21408,PDG,SUMATERA,Kepulauan Mentawai,Sikakap,,PDG-TAJ,PDG10000,PDG21400,C,C,RING 2,SUM-UT
PDG21409,PDG,SUMATERA,Kepulauan Mentawai,Siberut Tengah,,PDG-SBR,PDG10000,PDG21403,C,C,RING 2,SUM-UT
PDG21410,PDG,SUMATERA,Kepulauan Mentawai,Siberut Barat Daya,,PDG-SBR,PDG10000,PDG21403,C,C,RING 2,SUM-UT
PDG21411,PDG,SUMATERA,Kepulauan Mentawai,Siberut Barat,,PDG-SBR,PDG10000,PDG21403,C,C,RING 2,SUM-UT
PDG21500,PDG,SUMATERA,Kab. Pasaman Barat,Simpang Empat,CABANG,PDG-SPP,PDG10000,PDG21500,B,B,RING 2,SUM-UT
PDG21501,PDG,SUMATERA,Pasaman Barat,Gunung Tuleh,,PDG-LML,PDG10000,PDG21503,C,C,RING 2,SUM-UT
PDG21502,PDG,SUMATERA,Pasaman Barat,Kinali,,PDG-SPP,PDG10000,PDG21500,C,C,RING 2,SUM-UT
PDG21503,PDG,SUMATERA,Pasaman Barat,Lembah Melintang,CABANG,PDG-LML,PDG10000,PDG21503,C,C,RING 2,SUM-UT
PDG21504,PDG,SUMATERA,Pasaman Barat,Luhak Nan Duo,,PDG-SPP,PDG10000,PDG21500,C,C,RING 2,SUM-UT
PDG21505,PDG,SUMATERA,Pasaman Barat,Pasaman,,PDG-SPP,PDG10000,PDG21500,C,C,RING 2,SUM-UT
PDG21506,PDG,SUMATERA,Ranah Balingka,Ranah Balingka,,PDG-LML,PDG10000,PDG21503,C,C,RING 2,SUM-UT
PDG21507,PDG,SUMATERA,Pasaman Barat,Ranah Batahan,,PDG-LML,PDG10000,PDG21503,C,C,RING 2,SUM-UT
PDG21508,PDG,SUMATERA,Ranah Pesisir,Ranah Pesisir,,PDG-SPP,PDG10000,PDG21500,C,C,RING 2,SUM-UT
PDG21509,PDG,SUMATERA,Pasaman Barat,Sungai Aur,,PDG-LML,PDG10000,PDG21503,C,C,RING 2,SUM-UT
PDG21510,PDG,SUMATERA,Pasaman Barat,Sei Beremas,,PDG-LML,PDG10000,PDG21503,C,C,RING 2,SUM-UT
PDG21511,PDG,SUMATERA,Pasaman Barat,Talamau,,PDG-SPP,PDG10000,PDG21500,C,C,RING 2,SUM-UT
PDG21512,PDG,SUMATERA,Pasaman Barat,Sasak Ranah Pasisir/Pesisie,,PDG-SPP,PDG10000,PDG21500,C,C,RING 2,SUM-UT
PDG21513,PDG,SUMATERA,Pasaman Barat,Koto Balingka,,PDG-LML,PDG10000,PDG21503,C,C,RING 2,SUM-UT
PDG21700,PDG,SUMATERA,Arosuka,Arosuka,,PDG-SLK,PDG10000,PDG20900,B,B,RING 2,SUM-UT
PDG21701,PDG,SUMATERA,Solok,IX Koto Sungai Lasi,,PDG-SLK,PDG10000,PDG20900,C,C,RING 2,SUM-UT
PDG21702,PDG,SUMATERA,Solok,X Koto Diatas,,PDG-SLK,PDG10000,PDG20900,C,C,RING 2,SUM-UT
PDG21703,PDG,SUMATERA,Solok,X Koto Singkarak,,PDG-SLK,PDG10000,PDG20900,C,C,RING 2,SUM-UT
PDG21704,PDG,SUMATERA,Solok,Bukit Sundi,,PDG-SLK,PDG10000,PDG20900,C,C,RING 2,SUM-UT
PDG21705,PDG,SUMATERA,Solok,Danau Kembar,,PDG-LBG,PDG10000,PDG21710,C,C,RING 2,SUM-UT
PDG21706,PDG,SUMATERA,Solok,Gunung Talang,,PDG-SLK,PDG10000,PDG20900,C,C,RING 2,SUM-UT
PDG21707,PDG,SUMATERA,Solok,Hiliran Gumanti,,PDG-LBG,PDG10000,PDG21710,C,C,RING 2,SUM-UT
PDG21708,PDG,SUMATERA,Solok,Junjung Sirih,,PDG-SLK,PDG10000,PDG20900,C,C,RING 2,SUM-UT
PDG21709,PDG,SUMATERA,Solok,Kubung,,PDG-SLK,PDG10000,PDG20900,C,C,RING 2,SUM-UT
PDG21710,PDG,SUMATERA,Solok,Lembah Gumanti,CABANG,PDG-LBG,PDG10000,PDG21710,C,C,RING 2,SUM-UT
PDG21711,PDG,SUMATERA,Solok,Lembang Jaya,,PDG-SLK,PDG10000,PDG20900,C,C,RING 2,SUM-UT
PDG21712,PDG,SUMATERA,Solok,Pantai Cermin,,PDG-PRO,PDG10000,PDG21800,C,C,RING 2,SUM-UT
PDG21713,PDG,SUMATERA,Solok,Payung Sekaki,,PDG-SLK,PDG10000,PDG20900,C,C,RING 2,SUM-UT
PDG21714,PDG,SUMATERA,Solok,Tigo Lurah,,PDG-SLK,PDG10000,PDG20900,C,C,RING 2,SUM-UT
PDG21800,PDG,SUMATERA,Kab. Solok Selatan,Padang Aro,CABANG,PDG-PRO,PDG10000,PDG21800,B,B,RING 2,SUM-UT
PDG21801,PDG,SUMATERA,Solok Selatan,Koto Parik Gadang Diateh,,PDG-PRO,PDG10000,PDG21800,C,C,RING 2,SUM-UT
PDG21802,PDG,SUMATERA,Solok Selatan,Sangir,,PDG-PRO,PDG10000,PDG21800,C,C,RING 2,SUM-UT
PDG21803,PDG,SUMATERA,Solok Selatan,Sangir Batang Hari,,PDG-PRO,PDG10000,PDG21800,C,C,RING 2,SUM-UT
PDG21804,PDG,SUMATERA,Solok Selatan,Sangir Jujuan,,PDG-PRO,PDG10000,PDG21800,C,C,RING 2,SUM-UT
PDG21805,PDG,SUMATERA,Solok Selatan,Sungai Pagu,,PDG-PRO,PDG10000,PDG21800,C,C,RING 2,SUM-UT
PDG21806,PDG,SUMATERA,Solok Selatan,Sangir Balai Janggo,,PDG-PRO,PDG10000,PDG21800,C,C,RING 2,SUM-UT
PDG21807,PDG,SUMATERA,Solok Selatan,Pauh Duo,,PDG-PRO,PDG10000,PDG21800,C,C,RING 2,SUM-UT
PDG21900,PDG,SUMATERA,Kab. Sijunjung,Muaro Sijunjung,CABANG,PDG-MUA,PDG10000,PDG21900,B,B,RING 2,SUM-UT
PDG21901,PDG,SUMATERA,Sijunjung,Koto VII,,PDG-MUA,PDG10000,PDG21900,C,C,RING 2,SUM-UT
PDG21903,PDG,SUMATERA,Sijunjung,IV Nagari,,PDG-MUA,PDG10000,PDG21900,C,C,RING 2,SUM-UT
PDG21904,PDG,SUMATERA,Sijunjung,Kamang Baru,,PDG-MUA,PDG10000,PDG21900,C,C,RING 2,SUM-UT
PDG21905,PDG,SUMATERA,Sijunjung,Kupitan,,PDG-MUA,PDG10000,PDG21900,C,C,RING 2,SUM-UT
PDG21906,PDG,SUMATERA,Sijunjung,Lubuak Tarok,,PDG-MUA,PDG10000,PDG21900,C,C,RING 2,SUM-UT
PDG21907,PDG,SUMATERA,Sijunjung,Sumpur Kudus,,PDG-MUA,PDG10000,PDG21900,C,C,RING 2,SUM-UT
PDG21908,PDG,SUMATERA,Sijunjung,Tanjung Gadang,,PDG-MUA,PDG10000,PDG21900,C,C,RING 2,SUM-UT
PDG21909,PDG,SUMATERA,Sijunjung,Sijunjung,,PDG-MUA,PDG10000,PDG21900,C,C,RING 2,SUM-UT
PDG22200,PDG,SUMATERA,Kab. Agam,Lubuk Basung,CABANG,PDG-LBB,PDG10000,PDG22200,B,B,RING 2,SUM-UT
PDG22201,PDG,SUMATERA,Agam,Palupuh,,PDG-BKT,PDG10000,PDG20200,C,C,RING 2,SUM-UT
PDG22203,PDG,SUMATERA,Agam,Tanjung Mutiara,,PDG-LBB,PDG10000,PDG22200,C,C,RING 2,SUM-UT
PDG22204,PDG,SUMATERA,Agam,Tanjung Raya,,PDG-LBB,PDG10000,PDG22200,C,C,RING 2,SUM-UT
PDG22205,PDG,SUMATERA,Agam,IV Angkat Candung (Ampek Angkek),,PDG-BKT,PDG10000,PDG20200,C,C,RING 2,SUM-UT
PDG22206,PDG,SUMATERA,Agam,Banuhampu,,PDG-BKT,PDG10000,PDG20200,C,C,RING 2,SUM-UT
PDG22207,PDG,SUMATERA,Agam,Baso,,PDG-BKT,PDG10000,PDG20200,C,C,RING 2,SUM-UT
PDG22208,PDG,SUMATERA,Agam,IV Koto (Ampek Koto),,PDG-BKT,PDG10000,PDG20200,C,C,RING 2,SUM-UT
PDG22209,PDG,SUMATERA,Agam,Candung,,PDG-BKT,PDG10000,PDG20200,C,C,RING 2,SUM-UT
PDG22210,PDG,SUMATERA,Agam,Matur,,PDG-BKT,PDG10000,PDG20200,C,C,RING 2,SUM-UT
PDG22211,PDG,SUMATERA,Agam,Palembayan,,PDG-LBB,PDG10000,PDG22200,C,C,RING 2,SUM-UT
PDG22212,PDG,SUMATERA,Agam,Tilatang Kamang,,PDG-BKT,PDG10000,PDG20200,C,C,RING 2,SUM-UT
PDG22213,PDG,SUMATERA,Agam,Ampek Nagari (IV Nagari ),,PDG-LBB,PDG10000,PDG22200,C,C,RING 2,SUM-UT
PDG22214,PDG,SUMATERA,Agam,Kamang Magek,,PDG-BKT,PDG10000,PDG20200,C,C,RING 2,SUM-UT
PDG22215,PDG,SUMATERA,Agam,Sungai Pua (Puar),,PDG-BKT,PDG10000,PDG20200,C,C,RING 2,SUM-UT
PDG22216,PDG,SUMATERA,Agam,Malalak,,PDG-BKT,PDG10000,PDG20200,C,C,RING 2,SUM-UT
PKU10000,PKU,SUMATERA,Kota Pekanbaru,Pekanbaru,CABANG UTAMA,PKU,PKU10000,PKU10000,A,A,RING 1,SUM-UT
PKU10009,PKU,SUMATERA,Pekanbaru,Payung Sekaki,,PKU,PKU10000,PKU10000,A,A,RING 1,SUM-UT
PKU10010,PKU,SUMATERA,Pekanbaru,Lima Puluh,,PKU,PKU10000,PKU10000,A,A,RING 1,SUM-UT
PKU10011,PKU,SUMATERA,Pekanbaru,Marpoyan Damai,,PKU,PKU10000,PKU10000,A,A,RING 1,SUM-UT
PKU10012,PKU,SUMATERA,Pekanbaru,Sail,,PKU,PKU10000,PKU10000,A,A,RING 1,SUM-UT
PKU10013,PKU,SUMATERA,Pekanbaru,Senapelan,,PKU,PKU10000,PKU10000,A,A,RING 1,SUM-UT
PKU10014,PKU,SUMATERA,Pekanbaru,Sukajadi,,PKU,PKU10000,PKU10000,A,A,RING 1,SUM-UT
PKU10016,PKU,SUMATERA,Pekanbaru,Bukit Raya,,PKU,PKU10000,PKU10000,A,A,RING 1,SUM-UT
PKU10017,PKU,SUMATERA,Pekanbaru,Tampan,,PKU,PKU10000,PKU10000,A,A,RING 1,SUM-UT
PKU10018,PKU,SUMATERA,Pekanbaru,Rumbai Pesisir,,PKU,PKU10000,PKU10000,A,A,RING 1,SUM-UT
PKU10019,PKU,SUMATERA,Pekanbaru,Tenayan Raya,,PKU,PKU10000,PKU10000,A,A,RING 1,SUM-UT
PKU10020,PKU,SUMATERA,Pekanbaru,Rumbai,,PKU,PKU10000,PKU10000,B,B,RING 1,SUM-UT
PKU10100,PKU,SUMATERA,Kota Dumai,Dumai,CABANG,PKU-DUM,PKU10100,PKU10100,B,B,RING 2,SUM-UT
PKU10101,PKU,SUMATERA,Dumai,Bukit Kapur,,PKU-DUM,PKU10100,PKU10100,C,C,RING 2,SUM-UT
PKU10108,PKU,SUMATERA,Dumai,Dumai Barat,,PKU-DUM,PKU10100,PKU10100,B,B,RING 2,SUM-UT
PKU10109,PKU,SUMATERA,Dumai,Dumai Timur,,PKU-DUM,PKU10100,PKU10100,B,B,RING 2,SUM-UT
PKU10110,PKU,SUMATERA,Dumai,Medang Kampai,,PKU-DUM,PKU10100,PKU10100,C,C,RING 2,SUM-UT
PKU10111,PKU,SUMATERA,Dumai,Sungai Sembilan,,PKU-DUM,PKU10100,PKU10100,C,C,RING 2,SUM-UT
PKU10112,PKU,SUMATERA,Dumai,Dumai Kota,,PKU-DUM,PKU10100,PKU10100,C,C,RING 2,SUM-UT
PKU10113,PKU,SUMATERA,Dumai,Dumai Selatan,,PKU-DUM,PKU10100,PKU10100,C,C,RING 2,SUM-UT
PKU20100,PKU,SUMATERA,Kampar,Bangkinang,CABANG,PKU-BKN,PKU10000,PKU20100,B,B,RING 2,SUM-UT
PKU20101,PKU,SUMATERA,Kampar,Kampar,CABANG,PKU-KPR,PKU10000,PKU20101,C,C,RING 2,SUM-UT
PKU20106,PKU,SUMATERA,Kampar,Siak Hulu,,PKU-BKN,PKU10000,PKU20100,C,C,RING 2,SUM-UT
PKU20111,PKU,SUMATERA,Kampar,Kampar Kiri,,PKU-BKN,PKU10000,PKU20100,C,C,RING 2,SUM-UT
PKU20112,PKU,SUMATERA,Kampar,Kuok,CABANG,PKU-KUO,PKU10000,PKU20112,C,C,RING 2,SUM-UT
PKU20113,PKU,SUMATERA,Kampar,Bangkinang Seberang,CABANG,PKU-BNS,PKU10000,PKU20113,C,C,RING 2,SUM-UT
PKU20114,PKU,SUMATERA,Kampar,Gunung Sahilan,CABANG,PKU-GSH,PKU10000,PKU20114,C,C,RING 2,SUM-UT
PKU20115,PKU,SUMATERA,Kampar,Kampar Kiri Hilir,,PKU-BKN,PKU10000,PKU20100,C,C,RING 2,SUM-UT
PKU20116,PKU,SUMATERA,Kampar,Kampar Kiri Hulu,,PKU-BKN,PKU10000,PKU20100,C,C,RING 2,SUM-UT
PKU20117,PKU,SUMATERA,Kampar,Kampar Timur,,PKU-BKN,PKU10000,PKU20100,C,C,RING 2,SUM-UT
PKU20118,PKU,SUMATERA,Kampar,Kampar Utara,,PKU-BKN,PKU10000,PKU20100,C,C,RING 2,SUM-UT
PKU20119,PKU,SUMATERA,Kampar,Perhentian Raja,CABANG,PKU-PRJ,PKU10000,PKU20119,C,C,RING 2,SUM-UT
PKU20120,PKU,SUMATERA,Kampar,Rumbio Jaya,,PKU-BKN,PKU10000,PKU20100,C,C,RING 2,SUM-UT
PKU20121,PKU,SUMATERA,Kampar,Salo,,PKU-BKN,PKU10000,PKU20100,C,C,RING 2,SUM-UT
PKU20122,PKU,SUMATERA,Kampar,Tambang,,PKU-BKN,PKU10000,PKU20100,C,C,RING 2,SUM-UT
PKU20123,PKU,SUMATERA,Kab. Kampar,Tapung,CABANG,PKU-TPU,PKU10000,PKU20123,B,B,RING 2,SUM-UT
PKU20124,PKU,SUMATERA,Kampar,Tapung Hilir,CABANG,PKU-TPH,PKU10000,PKU20124,C,C,RING 2,SUM-UT
PKU20125,PKU,SUMATERA,Kampar,Tapung Hulu,,PKU-TPU,PKU10000,PKU20124,C,C,RING 2,SUM-UT
PKU20135,PKU,SUMATERA,Kampar,XIII Koto Kampar,,PKU-BKN,PKU10000,PKU20100,D,D,RING 2,SUM-UT
PKU20136,PKU,SUMATERA,Kampar,Kampar Kiri Tengah,,PKU-BKN,PKU10000,PKU20100,C,C,RING 2,SUM-UT
PKU20137,PKU,SUMATERA,Kampar,Koto Kampar Hulu,,PKU-BKN,PKU10000,PKU20100,C,C,RING 2,SUM-UT
PKU20200,PKU,SUMATERA,Kab. Bengkalis,Bengkalis,CABANG,PKU-BLS,PKU10000,PKU20200,B,B,RING 2,SUM-UT
PKU20201,PKU,SUMATERA,Bengkalis,Bukit Batu,,PKU-BLS,PKU10000,PKU20200,C,C,RING 2,SUM-UT
PKU20208,PKU,SUMATERA,Bengkalis,Mandau,,PKU-DRI,PKU20217,PKU20217,C,C,RING 2,SUM-UT
PKU20209,PKU,SUMATERA,Bengkalis,Rupat,,PKU-DUM,PKU10100,PKU10100,D,D,RING 2,SUM-UT
PKU20210,PKU,SUMATERA,Bengkalis,Bantan,,PKU-BLS,PKU10000,PKU20200,C,C,RING 2,SUM-UT
PKU20211,PKU,SUMATERA,Bengkalis,Pinggir,,PKU-DRI,PKU20217,PKU20217,C,C,RING 2,SUM-UT
PKU20214,PKU,SUMATERA,Bengkalis,Rupat Utara,,PKU-DUM,PKU10100,PKU10100,D,D,RING 2,SUM-UT
PKU20215,PKU,SUMATERA,Bengkalis,Siak Kecil,,PKU-BLS,PKU10000,PKU20200,C,C,RING 2,SUM-UT
PKU20217,PKU,SUMATERA,Bengkalis,Duri Mandau,CABANG,PKU-DRI,PKU20217,PKU20217,B,B,RING 2,SUM-UT
PKU20300,PKU,SUMATERA,Kab. Indragiri Hulu,Rengat,CABANG,PKU-RGT,PKU10000,PKU20300,B,B,RING 2,SUM-UT
PKU20305,PKU,SUMATERA,Indragiri Hulu,Pasir Penyu,CABANG,PKU-PYU,PKU10000,PKU20305,C,C,RING 2,SUM-UT
PKU20306,PKU,SUMATERA,Indragiri Hulu,Peranap,,PKU-PYU,PKU10000,PKU20305,C,C,RING 2,SUM-UT
PKU20307,PKU,SUMATERA,Indragiri Hulu,Seberida,CABANG,PKU-SBR,PKU10000,PKU20307,C,C,RING 2,SUM-UT
PKU20310,PKU,SUMATERA,Indragiri Hulu,Lirik,,PKU-PYU,PKU10000,PKU20305,C,C,RING 2,SUM-UT
PKU20311,PKU,SUMATERA,Indragiri Hulu,Batang Cenaku,,PKU-SBR,PKU10000,PKU20307,C,C,RING 2,SUM-UT
PKU20312,PKU,SUMATERA,Indragiri Hulu,Batang Gansal,,PKU-SBR,PKU10000,PKU20307,C,C,RING 2,SUM-UT
PKU20313,PKU,SUMATERA,Indragiri Hulu,Kelayang,,PKU-PYU,PKU10000,PKU20305,C,C,RING 2,SUM-UT
PKU20314,PKU,SUMATERA,Indragiri Hulu,Rengat Barat,,PKU-RGT,PKU10000,PKU20300,C,C,RING 2,SUM-UT
PKU20315,PKU,SUMATERA,Indragiri Hulu,Batang Peranap,,PKU-PYU,PKU10000,PKU20305,C,C,RING 2,SUM-UT
PKU20316,PKU,SUMATERA,Indragiri Hulu,Sungai Lala,,PKU-PYU,PKU10000,PKU20305,C,C,RING 2,SUM-UT
PKU20317,PKU,SUMATERA,Indragiri Hulu,Rakit Kulim,,PKU-PYU,PKU10000,PKU20305,C,C,RING 2,SUM-UT
PKU20318,PKU,SUMATERA,Indragiri Hulu,Lubuk Batu Jaya,,PKU-PYU,PKU10000,PKU20305,C,C,RING 2,SUM-UT
PKU20319,PKU,SUMATERA,Indragiri Hulu,Kuala Cenaku,,PKU-RGT,PKU10000,PKU20300,C,C,RING 2,SUM-UT
PKU20400,PKU,SUMATERA,Kab. Indragiri Hilir,Tembilahan,CABANG,PKU-TBH,PKU10000,PKU20400,B,B,RING 2,SUM-UT
PKU20401,PKU,SUMATERA,Indragiri Hilir,Batang Tuaka,,PKU-TBH,PKU10000,PKU20400,D,D,RING 2,SUM-UT
PKU20402,PKU,SUMATERA,Indragiri Hilir,Enok,,PKU-TBH,PKU10000,PKU20400,D,D,RING 2,SUM-UT
PKU20403,PKU,SUMATERA,Indragiri Hilir,Gaung Anak Serka,,PKU-TBH,PKU10000,PKU20400,D,D,RING 2,SUM-UT
PKU20404,PKU,SUMATERA,Indragiri Hilir,Kateman,,PKU-TBH,PKU10000,PKU20400,D,D,RING 2,SUM-UT
PKU20405,PKU,SUMATERA,Indragiri Hilir,Keritang,,PKU-KMG,PKU10000,PKU20412,D,D,RING 2,SUM-UT
PKU20406,PKU,SUMATERA,Indragiri Hilir,Kuala Indragiri,,PKU-TBH,PKU10000,PKU20400,D,D,RING 2,SUM-UT
PKU20407,PKU,SUMATERA,Indragiri Hilir,Mandah,,PKU-TBH,PKU10000,PKU20400,D,D,RING 2,SUM-UT
PKU20408,PKU,SUMATERA,Indragiri Hilir,Reteh,,PKU-KMG,PKU10000,PKU20412,D,D,RING 2,SUM-UT
PKU20409,PKU,SUMATERA,Indragiri Hilir,Tanah Merah,,PKU-TBH,PKU10000,PKU20400,D,D,RING 2,SUM-UT
PKU20410,PKU,SUMATERA,Indragiri Hilir,Tempuling,,PKU-TBH,PKU10000,PKU20400,D,D,RING 2,SUM-UT
PKU20411,PKU,SUMATERA,Indragiri Hilir,Gaung,,PKU-TBH,PKU10000,PKU20400,D,D,RING 2,SUM-UT
PKU20412,PKU,SUMATERA,Indragiri Hilir,Kemuning,CABANG,PKU-KMG,PKU10000,PKU20412,D,D,RING 2,SUM-UT
PKU20413,PKU,SUMATERA,Indragiri Hilir,Pelangiran,,PKU-TBH,PKU10000,PKU20400,D,D,RING 2,SUM-UT
PKU20414,PKU,SUMATERA,Indragiri Hilir,Pulau Burung,CABANG,PKU-PBU,PKU10000,PKU20414,C,C,RING 2,SUM-UT
PKU20415,PKU,SUMATERA,Indragiri Hilir,Teluk Belengkong,,PKU-TBH,PKU10000,PKU20400,C,C,RING 2,SUM-UT
PKU20416,PKU,SUMATERA,Indragiri Hilir,Tembilahan Hulu,,PKU-TBH,PKU10000,PKU20400,B,B,RING 2,SUM-UT
PKU20417,PKU,SUMATERA,Indragiri Hilir,Sungai Batang,,PKU-KMG,PKU10000,PKU20412,C,C,RING 2,SUM-UT
PKU20418,PKU,SUMATERA,Indragiri Hilir,Kempas,,PKU-TBH,PKU10000,PKU20400,C,C,RING 2,SUM-UT
PKU20419,PKU,SUMATERA,Indragiri Hilir,Concong,,PKU-TBH,PKU10000,PKU20400,C,C,RING 2,SUM-UT
PKU20500,PKU,SUMATERA,Rokan Hilir,Bagan Siapi-api,CABANG,PKU-BAG,PKU10000,PKU20500,B,B,RING 2,SUM-UT
PKU20502,PKU,SUMATERA,Rokan Hilir,Kubu,,PKU-BAG,PKU10000,PKU20500,D,D,RING 2,SUM-UT
PKU20503,PKU,SUMATERA,Rokan Hilir,Rimba Melintang,,PKU-TPT,PKU10000,PKU20506,D,D,RING 2,SUM-UT
PKU20506,PKU,SUMATERA,Kab. Rokan Hilir,Tanah Putih,CABANG,PKU-TPT,PKU10000,PKU20506,C,C,RING 2,SUM-UT
PKU20507,PKU,SUMATERA,Rokan Hilir,Bagan Sinembah,CABANG,PKU-BNB,PKU20507,PKU20507,C,C,RING 2,SUM-UT
PKU20508,PKU,SUMATERA,Rokan Hilir,Bangko,,PKU-BAG,PKU10000,PKU20500,C,C,RING 2,SUM-UT
PKU20509,PKU,SUMATERA,Rokan Hilir,Bangko Pusaka (Pusako),CABANG,PKU-BSO,PKU10000,PKU20509,C,C,RING 2,SUM-UT
PKU20510,PKU,SUMATERA,Rokan Hilir,Batu Hampar,,PKU-BAG,PKU10000,PKU20500,C,C,RING 2,SUM-UT
PKU20511,PKU,SUMATERA,Rokan Hilir,Pasir Limau Kapas,,PKU-BAG,PKU10000,PKU20500,D,D,RING 2,SUM-UT
PKU20512,PKU,SUMATERA,Rokan Hilir,Pujud,,PKU-TPT,PKU10000,PKU20506,D,D,RING 2,SUM-UT
PKU20513,PKU,SUMATERA,Rokan Hilir,Rantau Kopar,,PKU-BAG,PKU10000,PKU20500,D,D,RING 2,SUM-UT
PKU20514,PKU,SUMATERA,Rokan Hilir,Simpang Kanan,,PKU-BNB,PKU20507,PKU20507,D,D,RING 2,SUM-UT
PKU20515,PKU,SUMATERA,Rokan Hilir,Sinaboi (Senaboi),,PKU-BAG,PKU10000,PKU20500,D,D,RING 2,SUM-UT
PKU20516,PKU,SUMATERA,Rokan Hilir,Tanah Putih Tanjung Melawan,,PKU-TPT,PKU10000,PKU20506,C,C,RING 2,SUM-UT
PKU20517,PKU,SUMATERA,Rokan Hilir,Kubu Babussalam,,PKU-BAG,PKU10000,PKU20500,C,C,RING 2,SUM-UT
PKU20518,PKU,SUMATERA,Rokan Hilir,Pekaitan,,PKU-BAG,PKU10000,PKU20500,C,C,RING 2,SUM-UT
PKU20900,PKU,SUMATERA,Kab. Kuantan Sengingi,Teluk Kuantan,CABANG,PKU-TKT,PKU10000,PKU20900,B,B,RING 2,SUM-UT
PKU20901,PKU,SUMATERA,Kuantan Singingi,Kuantan Hilir,,PKU-TKT,PKU10000,PKU20900,C,C,RING 2,SUM-UT
PKU20902,PKU,SUMATERA,Kuantan Singingi,Kuantan Mudik,,PKU-TKT,PKU10000,PKU20900,C,C,RING 2,SUM-UT
PKU20903,PKU,SUMATERA,Kuantan Singingi,Benai,,PKU-TKT,PKU10000,PKU20900,C,C,RING 2,SUM-UT
PKU20904,PKU,SUMATERA,Kuantan Singingi,Cerenti,,PKU-TKT,PKU10000,PKU20900,C,C,RING 2,SUM-UT
PKU20905,PKU,SUMATERA,Kuantan Singingi,Gunung Toar,,PKU-TKT,PKU10000,PKU20900,C,C,RING 2,SUM-UT
PKU20906,PKU,SUMATERA,Kuantan Singingi,Hulu Kuantan,,PKU-TKT,PKU10000,PKU20900,C,C,RING 2,SUM-UT
PKU20907,PKU,SUMATERA,Kuantan Singingi,Inuman,,PKU-TKT,PKU10000,PKU20900,C,C,RING 2,SUM-UT
PKU20908,PKU,SUMATERA,Kuantan Singingi,Kuantan Tengah,,PKU-TKT,PKU10000,PKU20900,C,C,RING 2,SUM-UT
PKU20909,PKU,SUMATERA,Kuantan Singingi,Logas Tanah Darat,,PKU-TKT,PKU10000,PKU20900,C,C,RING 2,SUM-UT
PKU20910,PKU,SUMATERA,Kuantan Singingi,Pangean,,PKU-TKT,PKU10000,PKU20900,C,C,RING 2,SUM-UT
PKU20911,PKU,SUMATERA,Kuantan Singingi,Singingi,,PKU-TKT,PKU10000,PKU20900,C,C,RING 2,SUM-UT
PKU20912,PKU,SUMATERA,Kuantan Singingi,Singingi Hilir,,PKU-TKT,PKU10000,PKU20900,C,C,RING 2,SUM-UT
PKU20913,PKU,SUMATERA,Kuantan Singingi,Kuantan Hilir Seberang,,PKU-TKT,PKU10000,PKU20900,C,C,RING 2,SUM-UT
PKU20914,PKU,SUMATERA,Kuantan Singingi,Pucuk Rantau,,PKU-TKT,PKU10000,PKU20900,C,C,RING 2,SUM-UT
PKU20915,PKU,SUMATERA,Kuantan Singingi,Sentajo Raya,,PKU-TKT,PKU10000,PKU20900,C,C,RING 2,SUM-UT
PKU21000,PKU,SUMATERA,Kab. Palalawan,Pangkalan Kerinci,CABANG,PKU-PKR,PKU10000,PKU21000,B,B,RING 2,SUM-UT
PKU21001,PKU,SUMATERA,Pelalawan,Bunut,,PKU-SRK,PKU10000,PKU21011,C,C,RING 2,SUM-UT
PKU21002,PKU,SUMATERA,Pelalawan,Kerumutan,,PKU-PKR,PKU10000,PKU21000,C,C,RING 2,SUM-UT
PKU21003,PKU,SUMATERA,Pelalawan,Kuala Kampar,,PKU-PKR,PKU10000,PKU21000,C,C,RING 2,SUM-UT
PKU21004,PKU,SUMATERA,Pelalawan,Langgam,,PKU-BSK,PKU10000,PKU21012,D,D,RING 2,SUM-UT
PKU21005,PKU,SUMATERA,Pelalawan,Pangkalan Kuras,,PKU-SRK,PKU10000,PKU21011,C,C,RING 2,SUM-UT
PKU21006,PKU,SUMATERA,Pelalawan,Pangkalan Lesung,,PKU-PKR,PKU10000,PKU21000,C,C,RING 2,SUM-UT
PKU21007,PKU,SUMATERA,Pelalawan,Pelalawan,,PKU-PKR,PKU10000,PKU21000,C,C,RING 2,SUM-UT
PKU21008,PKU,SUMATERA,Pelalawan,Teluk Meranti,,PKU-BSK,PKU10000,PKU21012,C,C,RING 2,SUM-UT
PKU21009,PKU,SUMATERA,Palalawan,Ukui,CABANG,PKU-UKU,PKU10000,PKU21009,C,C,RING 2,SUM-UT
PKU21011,PKU,SUMATERA,Palalawan,Sorek,CABANG,PKU-SRK,PKU10000,PKU21011,C,C,RING 2,SUM-UT
PKU21012,PKU,SUMATERA,Pelalawan,Bandar Sei Kijang,CABANG,PKU-BSK,PKU10000,PKU21012,B,B,RING 2,SUM-UT
PKU21013,PKU,SUMATERA,Pelalawan,Bandar Petalangan,,PKU-SRK,PKU10000,PKU21011,C,C,RING 2,SUM-UT
PKU21100,PKU,SUMATERA,Rokan Hulu,Pasir Pangaraian,CABANG,PKU-PPN,PKU10000,PKU21100,B,B,RING 2,SUM-UT
PKU21101,PKU,SUMATERA,Rokan Hulu,Bangun Purba,,PKU-PPN,PKU10000,PKU21100,C,C,RING 2,SUM-UT
PKU21102,PKU,SUMATERA,Rokan Hulu,Kabun,,PKU-PPN,PKU10000,PKU21100,C,C,RING 2,SUM-UT
PKU21103,PKU,SUMATERA,Rokan Hulu,Kepenuhan,,PKU-PPN,PKU10000,PKU21100,C,C,RING 2,SUM-UT
PKU21104,PKU,SUMATERA,Rokan Hulu,Kunto Darussalam,CABANG,PKU-KUD,PKU10000,PKU21104,D,D,RING 2,SUM-UT
PKU21105,PKU,SUMATERA,Rokan Hulu,Rambah,,PKU-PPN,PKU10000,PKU21100,C,C,RING 2,SUM-UT
PKU21106,PKU,SUMATERA,Rokan Hulu,Rambah Hilir,,PKU-PPN,PKU10000,PKU21100,C,C,RING 2,SUM-UT
PKU21107,PKU,SUMATERA,Rokan Hulu,Rambah Samo,,PKU-PPN,PKU10000,PKU21100,C,C,RING 2,SUM-UT
PKU21108,PKU,SUMATERA,Rokan Hulu,Rokan IV Koto,,PKU-PEN,PKU10000,PKU21115,C,C,RING 2,SUM-UT
PKU21109,PKU,SUMATERA,Rokan Hulu,Tandun,CABANG,PKU-TDN,PKU10000,PKU21109,C,C,RING 2,SUM-UT
PKU21110,PKU,SUMATERA,Tembusai,Tembusai,,PKU-PPN,PKU10000,PKU21100,C,C,RING 2,SUM-UT
PKU21111,PKU,SUMATERA,Tembusai Utara,Tembusai Utara,,PKU-PPN,PKU10000,PKU21100,C,C,RING 2,SUM-UT
PKU21112,PKU,SUMATERA,Kab. Rokan Hulu,Ujung Batu,CABANG,PKU-UBT,PKU10000,PKU21112,C,C,RING 2,SUM-UT
PKU21113,PKU,SUMATERA,Rokan Hulu,Tambusai Utara,CABANG,PKU-TBU,PKU10000,PKU21113,C,C,RING 2,SUM-UT
PKU21114,PKU,SUMATERA,Rokan Hulu,Tambusai,,PKU-PPN,PKU10000,PKU21113,C,C,RING 2,SUM-UT
PKU21115,PKU,SUMATERA,Rokan Hulu,Pendalian IV Koto,CABANG,PKU-PEN,PKU10000,PKU21115,C,C,RING 2,SUM-UT
PKU21116,PKU,SUMATERA,Rokan Hulu,Pagaran Tapah Darussalam,,PKU-UBT,PKU10000,PKU21109,C,C,RING 2,SUM-UT
PKU21117,PKU,SUMATERA,Rokan Hulu,Kepenuhan Hulu,,PKU-PPN,PKU10000,PKU21113,C,C,RING 2,SUM-UT
PKU21118,PKU,SUMATERA,Rokan Hulu,Bonai Darussalam,,PKU-PPN,PKU10000,PKU21113,C,C,RING 2,SUM-UT
PKU21200,PKU,SUMATERA,Siak Indrapura,Siak Indrapura,,PKU-SAK,PKU10000,PKU21209,C,C,RING 2,SUM-UT
PKU21202,PKU,SUMATERA,Siak,Bunga Raya,,PKU-SAK,PKU10000,PKU21209,C,C,RING 2,SUM-UT
PKU21203,PKU,SUMATERA,Siak,Dayun,,PKU-SAK,PKU10000,PKU21209,C,C,RING 2,SUM-UT
PKU21204,PKU,SUMATERA,Siak,Kandis,CABANG,PKU-KAD,PKU10000,PKU21204,C,C,RING 2,SUM-UT
PKU21205,PKU,SUMATERA,Siak,Kerinci Kanan,,PKU-SAK,PKU10000,PKU21209,C,C,RING 2,SUM-UT
PKU21206,PKU,SUMATERA,Siak,Koto Gasib,CABANG,PKU-KGS,PKU10000,PKU21206,C,C,RING 2,SUM-UT
PKU21207,PKU,SUMATERA,Siak,Lubuk Dalam,,PKU-SAK,PKU10000,PKU21209,C,C,RING 2,SUM-UT
PKU21208,PKU,SUMATERA,Siak,Minas,CABANG,PKU-MNS,PKU10000,PKU21208,B,B,RING 2,SUM-UT
PKU21209,PKU,SUMATERA,Kab. Siak,Siak,CABANG,PKU-SAK,PKU10000,PKU21209,C,C,RING 2,SUM-UT
PKU21210,PKU,SUMATERA,Siak,Sungai Apit,,PKU-SAK,PKU10000,PKU21209,C,C,RING 2,SUM-UT
PKU21211,PKU,SUMATERA,Siak,Sungai Mandau,,PKU-TLG,PKU10000,PKU21212,C,C,RING 2,SUM-UT
PKU21212,PKU,SUMATERA,Siak,Tualang,CABANG,PKU-TLG,PKU10000,PKU21212,C,C,RING 2,SUM-UT
PKU21213,PKU,SUMATERA,Siak,Sabak Auh,,PKU-SAK,PKU10000,PKU21209,C,C,RING 2,SUM-UT
PKU21214,PKU,SUMATERA,Siak,Pusako,,PKU-SAK,PKU10000,PKU21209,C,C,RING 2,SUM-UT
PKU21215,PKU,SUMATERA,Siak,Mempura,,PKU-SAK,PKU10000,PKU21209,C,C,RING 2,SUM-UT
PKU21300,PKU,SUMATERA,Meranti,Meranti,,PKU-SLP,PKU10000,PKU21301,B,B,RING 2,SUM-UT
PKU21301,PKU,SUMATERA,Kab. Meranti,Selat Panjang,CABANG,PKU-SLP,PKU10000,PKU21301,C,C,RING 2,SUM-UT
PKU21302,PKU,SUMATERA,Kepulauan Meranti,Merbau,,PKU-SLP,PKU10000,PKU21301,D,D,RING 2,SUM-UT
PKU21303,PKU,SUMATERA,Kepulauan Meranti,Rangsang,,PKU-SLP,PKU10000,PKU21301,D,D,RING 2,SUM-UT
PKU21304,PKU,SUMATERA,Kepulauan Meranti,Rangsang Barat,,PKU-SLP,PKU10000,PKU21301,D,D,RING 2,SUM-UT
PKU21305,PKU,SUMATERA,Kepulauan Meranti,Tebing Tinggi,,PKU-SLP,PKU10000,PKU21301,C,C,RING 2,SUM-UT
PKU21306,PKU,SUMATERA,Kepulauan Meranti,Tebing Tinggi Barat,,PKU-SLP,PKU10000,PKU21301,C,C,RING 2,SUM-UT
PKU21307,PKU,SUMATERA,Kepulauan Meranti,Pulaumerbau,,PKU-SLP,PKU10000,PKU21301,C,C,RING 2,SUM-UT
PKU21308,PKU,SUMATERA,Kepulauan Meranti,Rangsang Pesisir,,PKU-SLP,PKU10000,PKU21301,C,C,RING 2,SUM-UT
PKU21309,PKU,SUMATERA,Kepulauan Meranti,Tasik Putri Puyu,,PKU-SLP,PKU10000,PKU21301,C,C,RING 2,SUM-UT
PKU21310,PKU,SUMATERA,Kepulauan Meranti,Tebing Tinggi Timur,,PKU-SLP,PKU10000,PKU21301,C,C,RING 2,SUM-UT
TNJ10000,TNJ,SUMATERA,Kota Tanjung Pinang ,Tanjung Pinang,CABANG UTAMA,TNJ,TNJ10000,TNJ10000,A,A,RING 1,SUM-UT
TNJ10016,TNJ,SUMATERA,Tanjung Pinang ,Bukit Bestari,,TNJ,TNJ10000,TNJ10000,A,A,RING 1,SUM-UT
TNJ10017,TNJ,SUMATERA,Tanjung Pinang ,Tanjung Pinang Barat,,TNJ,TNJ10000,TNJ10000,A,A,RING 1,SUM-UT
TNJ10018,TNJ,SUMATERA,Tanjung Pinang ,Tanjung Pinang Kota,,TNJ,TNJ10000,TNJ10000,A,A,RING 1,SUM-UT
TNJ10019,TNJ,SUMATERA,Tanjung Pinang ,Tanjung Pinang Timur,,TNJ,TNJ10000,TNJ10000,A,A,RING 1,SUM-UT
TNJ10020,TNJ,SUMATERA,Kalukuang Masalima,Senggarang,,TNJ,TNJ10000,TNJ10000,C,C,RING 2,SUM-UT
TNJ10021,TNJ,SUMATERA,Dompak,Dompak,,TNJ,TNJ10000,TNJ10000,C,C,RING 2,SUM-UT
TNJ10023,TNJ,SUMATERA,Pulau Penyengat,Pulau Penyengat,,TNJ,TNJ10000,TNJ10000,C,C,RING 2,SUM-UT
TNJ10100,TNJ,SUMATERA,Bandar Sri Bintan,Bandar Sri Bintan,,TNJ,TNJ10000,TNJ10000,C,C,RING 2,SUM-UT
TNJ10101,TNJ,SUMATERA,Bintan ,Bintan Timur,,TNJ-BNU,TNJ10000,TNJ10102,C,C,RING 2,SUM-UT
TNJ10102,TNJ,SUMATERA,Bintan ,Bintan Utara,CABANG,TNJ-BNU,TNJ10000,TNJ10102,B,B,RING 2,SUM-UT
TNJ10103,TNJ,SUMATERA,Bintan ,Gunung Kijang,,TNJ-BNU,TNJ10000,TNJ10102,C,C,RING 2,SUM-UT
TNJ10104,TNJ,SUMATERA,Bintan ,Tambelan,,TNJ-BNU,TNJ10000,TNJ10102,C,C,RING 2,SUM-UT
TNJ10105,TNJ,SUMATERA,Bintan ,Teluk Bintan,,TNJ-BNU,TNJ10000,TNJ10102,C,C,RING 2,SUM-UT
TNJ10106,TNJ,SUMATERA,Bintan ,Teluk Sebong,,TNJ-BNU,TNJ10000,TNJ10102,C,C,RING 2,SUM-UT
TNJ10107,TNJ,SUMATERA,Lagoi,Lagoi,,TNJ,TNJ10000,TNJ10000,C,C,RING 2,SUM-UT
TNJ10108,TNJ,SUMATERA,Bintan ,Toapaya,,TNJ-BNU,TNJ10000,TNJ10102,C,C,RING 2,SUM-UT
TNJ10109,TNJ,SUMATERA,Bintan ,Seri/Sri Kuala Lobam,,TNJ-BNU,TNJ10000,TNJ10102,C,C,RING 2,SUM-UT
TNJ10110,TNJ,SUMATERA,Bintan ,Mantang,,TNJ-BNU,TNJ10000,TNJ10102,C,C,RING 2,SUM-UT
TNJ10111,TNJ,SUMATERA,Bintan ,Bintan Pesisir,,TNJ-BNU,TNJ10000,TNJ10102,C,C,RING 2,SUM-UT
BKS10000,BKS,SUMATERA,Kota Bengkulu,Bengkulu,CABANG UTAMA,BKS,BKS10000,BKS10000,A,A,RING 1,SUM-SEL
BKS10020,BKS,SUMATERA,Bengkulu,Gading Cempaka,,BKS,BKS10000,BKS10000,A,A,RING 1,SUM-SEL
BKS10021,BKS,SUMATERA,Bengkulu,Kampung Melayu,,BKS,BKS10000,BKS10000,A,A,RING 1,SUM-SEL
BKS10022,BKS,SUMATERA,Bengkulu,Muara Bangka Hulu,,BKS,BKS10000,BKS10000,A,A,RING 1,SUM-SEL
BKS10023,BKS,SUMATERA,Bengkulu,Ratu Agung,,BKS,BKS10000,BKS10000,A,A,RING 1,SUM-SEL
BKS10024,BKS,SUMATERA,Bengkulu,Ratu Samban,,BKS,BKS10000,BKS10000,A,A,RING 1,SUM-SEL
BKS10025,BKS,SUMATERA,Bengkulu,Selebar,,BKS,BKS10000,BKS10000,A,A,RING 1,SUM-SEL
BKS10026,BKS,SUMATERA,Bengkulu,Sungai Serut,,BKS,BKS10000,BKS10000,A,A,RING 1,SUM-SEL
BKS10027,BKS,SUMATERA,Bengkulu,Teluk Segara,,BKS,BKS10000,BKS10000,A,A,RING 1,SUM-SEL
BKS10028,BKS,SUMATERA,Bengkulu,Singaran Pati,,BKS,BKS10000,BKS10000,A,A,RING 1,SUM-SEL
BKS20100,BKS,SUMATERA,Kab. Bengkulu Utara,Arga Makmur,CABANG,BKS-AGR,BKS10000,BKS20100,B,B,RING 2,SUM-SEL
BKS20101,BKS,SUMATERA,Bengkulu Utara,Batik Nau,,BKS-AGR,BKS10000,BKS20100,C,C,RING 2,SUM-SEL
BKS20102,BKS,SUMATERA,Bengkulu Utara,Giri Mulia,,BKS-AGR,BKS10000,BKS20100,C,C,RING 2,SUM-SEL
BKS20103,BKS,SUMATERA,Bengkulu Utara,Lais,,BKS-AGR,BKS10000,BKS20100,C,C,RING 2,SUM-SEL
BKS20104,BKS,SUMATERA,Bengkulu Utara,Padang Jaya,,BKS-AGR,BKS10000,BKS20100,C,C,RING 2,SUM-SEL
BKS20105,BKS,SUMATERA,Bengkulu Utara,Air Besi,,BKS-AGR,BKS10000,BKS20100,C,C,RING 2,SUM-SEL
BKS20106,BKS,SUMATERA,Bengkulu Utara,Air Napal,,BKS-AGR,BKS10000,BKS20100,C,C,RING 2,SUM-SEL
BKS20107,BKS,SUMATERA,Bengkulu Utara,Enggano,,BKS-AGR,BKS10000,BKS20100,D,D,RING 2,SUM-SEL
BKS20108,BKS,SUMATERA,Bengkulu Tengah,Karang Tinggi,,BKS-AGR,BKS10000,BKS20100,C,C,RING 2,SUM-SEL
BKS20109,BKS,SUMATERA,Bengkulu Utara,Kerkap,,BKS-AGR,BKS10000,BKS20100,C,C,RING 2,SUM-SEL
BKS20110,BKS,SUMATERA,Bengkulu Utara,Ketahun,CABANG,BKS-KTH,BKS10000,BKS20110,C,C,RING 2,SUM-SEL
BKS20111,BKS,SUMATERA,Bengkulu Tengah,Pagar Jati,,BKS-KTH,BKS10000,BKS20110,C,C,RING 2,SUM-SEL
BKS20112,BKS,SUMATERA,Bengkulu Tengah,Pematang Tiga,,BKS-KTH,BKS10000,BKS20110,C,C,RING 2,SUM-SEL
BKS20113,BKS,SUMATERA,Bengkulu Tengah,Pondok Kelapa,,BKS-KTH,BKS10000,BKS20110,C,C,RING 2,SUM-SEL
BKS20114,BKS,SUMATERA,Bengkulu Tengah,Taba Penanjung,,BKS-KTH,BKS10000,BKS20110,C,C,RING 2,SUM-SEL
BKS20115,BKS,SUMATERA,Bengkulu Utara,Napal Putih,,BKS-KTH,BKS10000,BKS20110,D,D,RING 2,SUM-SEL
BKS20116,BKS,SUMATERA,Bengkulu Utara,Putri Hijau,CABANG,BKS-PHU,BKS10000,BKS20116,C,C,RING 2,SUM-SEL
BKS20117,BKS,SUMATERA,Bengkulu Utara,Air Padang,,BKS-PHU,BKS10000,BKS20116,C,C,RING 2,SUM-SEL
BKS20118,BKS,SUMATERA,Bengkulu Tengah,Talang Empat,,BKS-PHU,BKS10000,BKS20116,C,C,RING 2,SUM-SEL
BKS20119,BKS,SUMATERA,Bengkulu Tengah,Bang Haji,,BKS-PHU,BKS10000,BKS20116,C,C,RING 2,SUM-SEL
BKS20120,BKS,SUMATERA,Bengkulu Tengah,Merigi Kelindang,,BKS-PHU,BKS10000,BKS20116,C,C,RING 2,SUM-SEL
BKS20121,BKS,SUMATERA,Bengkulu Tengah,Merigi Sakti,,BKS-PHU,BKS10000,BKS20116,C,C,RING 2,SUM-SEL
BKS20122,BKS,SUMATERA,Bengkulu Tengah,Pondok Kubang,,BKS-PHU,BKS10000,BKS20116,C,C,RING 2,SUM-SEL
BKS20123,BKS,SUMATERA,Bengkulu Utara,Arma Jaya,,BKS-PHU,BKS10000,BKS20116,C,C,RING 2,SUM-SEL
BKS20124,BKS,SUMATERA,Bengkulu Utara,Hulu Palik,,BKS-PHU,BKS10000,BKS20116,C,C,RING 2,SUM-SEL
BKS20125,BKS,SUMATERA,Bengkulu Utara,Tanjung Agung Palik,,BKS-PHU,BKS10000,BKS20116,C,C,RING 2,SUM-SEL
BKS20126,BKS,SUMATERA,Bengkulu Utara,Ulok Kupai,,BKS-PHU,BKS10000,BKS20116,C,C,RING 2,SUM-SEL
BKS20200,BKS,SUMATERA,Kab. Rejang Lebong,Curup,CABANG,BKS-CRP,BKS10000,BKS20200,B,B,RING 2,SUM-SEL
BKS20205,BKS,SUMATERA,Rejang Lebong,Kota Padang,,BKS-CRP,BKS10000,BKS20200,C,C,RING 2,SUM-SEL
BKS20208,BKS,SUMATERA,Rejang Lebong,Padang Ulak Tanding,,BKS-CRP,BKS10000,BKS20200,C,C,RING 2,SUM-SEL
BKS20220,BKS,SUMATERA,Rejang Lebong,Bermani Ulu,,BKS-CRP,BKS10000,BKS20200,C,C,RING 2,SUM-SEL
BKS20221,BKS,SUMATERA,Rejang Lebong,Selupu Rejang,,BKS-CRP,BKS10000,BKS20200,C,C,RING 2,SUM-SEL
BKS20222,BKS,SUMATERA,Rejang Lebong,Sindang Kelingi,,BKS-CRP,BKS10000,BKS20200,C,C,RING 2,SUM-SEL
BKS20223,BKS,SUMATERA,Rejang Lebong,Bermani Ulu Raya,,BKS-CRP,BKS10000,BKS20200,C,C,RING 2,SUM-SEL
BKS20224,BKS,SUMATERA,Rejang Lebong,Binduriang,,BKS-CRP,BKS10000,BKS20200,C,C,RING 2,SUM-SEL
BKS20225,BKS,SUMATERA,Rejang Lebong,Curup Selatan,,BKS-CRP,BKS10000,BKS20200,B,B,RING 2,SUM-SEL
BKS20226,BKS,SUMATERA,Rejang Lebong,Curup Tengah,,BKS-CRP,BKS10000,BKS20200,B,B,RING 2,SUM-SEL
BKS20227,BKS,SUMATERA,Rejang Lebong,Curup Timur,,BKS-CRP,BKS10000,BKS20200,B,B,RING 2,SUM-SEL
BKS20228,BKS,SUMATERA,Rejang Lebong,Curup Utara,,BKS-CRP,BKS10000,BKS20200,B,B,RING 2,SUM-SEL
BKS20229,BKS,SUMATERA,Rejang Lebong,Sindang Beliti Ilir,,BKS-CRP,BKS10000,BKS20200,C,C,RING 2,SUM-SEL
BKS20230,BKS,SUMATERA,Rejang Lebong,Sindang Beliti Ulu,,BKS-CRP,BKS10000,BKS20200,C,C,RING 2,SUM-SEL
BKS20231,BKS,SUMATERA,Rejang Lebong,Sindang Daratan,,BKS-CRP,BKS10000,BKS20200,C,C,RING 2,SUM-SEL
BKS20300,BKS,SUMATERA,Kab. Bengkulu Selatan,Kota Manna,CABANG,BKS-KMA,BKS10000,BKS20300,B,B,RING 2,SUM-SEL
BKS20308,BKS,SUMATERA,Bengkulu Selatan,Kedurang,,BKS-KMA,BKS10000,BKS20300,C,C,RING 2,SUM-SEL
BKS20313,BKS,SUMATERA,Bengkulu Selatan,Pino,,BKS-KMA,BKS10000,BKS20300,C,C,RING 2,SUM-SEL
BKS20333,BKS,SUMATERA,Bengkulu Selatan,Manna,,BKS-KMA,BKS10000,BKS20300,C,C,RING 2,SUM-SEL
BKS20334,BKS,SUMATERA,Bengkulu Selatan,Pinoraya,,BKS-KMA,BKS10000,BKS20300,C,C,RING 2,SUM-SEL
BKS20335,BKS,SUMATERA,Bengkulu Selatan,Seginim,,BKS-KMA,BKS10000,BKS20300,C,C,RING 2,SUM-SEL
BKS20336,BKS,SUMATERA,Bengkulu Selatan,Air Nipis,,BKS-KMA,BKS10000,BKS20300,C,C,RING 2,SUM-SEL
BKS20337,BKS,SUMATERA,Bengkulu Selatan,Bunga Mas,,BKS-KMA,BKS10000,BKS20300,C,C,RING 2,SUM-SEL
BKS20338,BKS,SUMATERA,Bengkulu Selatan,Kedurang Ilir,,BKS-KMA,BKS10000,BKS20300,C,C,RING 2,SUM-SEL
BKS20339,BKS,SUMATERA,Bengkulu Selatan,Pasar Manna,,BKS-KMA,BKS10000,BKS20300,B,B,RING 2,SUM-SEL
BKS20340,BKS,SUMATERA,Bengkulu Selatan,Ulu Manna,,BKS-KMA,BKS10000,BKS20300,C,C,RING 2,SUM-SEL
BKS21100,BKS,SUMATERA,Kab. Kaur,Kaur,CABANG,BKS-KUR,BKS10000,BKS21100,B,B,RING 2,SUM-SEL
BKS21101,BKS,SUMATERA,Kaur,Kaur Selatan,,BKS-KUR,BKS10000,BKS21100,C,C,RING 2,SUM-SEL
BKS21102,BKS,SUMATERA,Kaur,Kaur Tengah,,BKS-KUR,BKS10000,BKS21100,C,C,RING 2,SUM-SEL
BKS21103,BKS,SUMATERA,Kaur,Kaur Utara,,BKS-KUR,BKS10000,BKS21100,C,C,RING 2,SUM-SEL
BKS21104,BKS,SUMATERA,Kaur,Kinal,,BKS-KUR,BKS10000,BKS21100,C,C,RING 2,SUM-SEL
BKS21105,BKS,SUMATERA,Kaur,Nasal,,BKS-KUR,BKS10000,BKS21100,C,C,RING 2,SUM-SEL
BKS21106,BKS,SUMATERA,Kaur,Tanjung Kemuning,,BKS-KUR,BKS10000,BKS21100,C,C,RING 2,SUM-SEL
BKS21107,BKS,SUMATERA,Kaur,Maje,,BKS-KUR,BKS10000,BKS21100,C,C,RING 2,SUM-SEL
BKS21108,BKS,SUMATERA,Kaur,Kelam Tengah,,BKS-KUR,BKS10000,BKS21100,C,C,RING 2,SUM-SEL
BKS21109,BKS,SUMATERA,Kaur,Luas,,BKS-KUR,BKS10000,BKS21100,C,C,RING 2,SUM-SEL
BKS21110,BKS,SUMATERA,Kaur,Lungkang Kule,,BKS-KUR,BKS10000,BKS21100,C,C,RING 2,SUM-SEL
BKS21111,BKS,SUMATERA,Kaur,Padang Guci Hilir,,BKS-KUR,BKS10000,BKS21100,C,C,RING 2,SUM-SEL
BKS21112,BKS,SUMATERA,Kaur,Padang Guci Hulu,,BKS-KUR,BKS10000,BKS21100,C,C,RING 2,SUM-SEL
BKS21113,BKS,SUMATERA,Kaur,Semidang Gumai (Gumay),,BKS-KUR,BKS10000,BKS21100,C,C,RING 2,SUM-SEL
BKS21114,BKS,SUMATERA,Kaur,Tetap (Muara Tetap),,BKS-KUR,BKS10000,BKS21100,B,B,RING 2,SUM-SEL
BKS21115,BKS,SUMATERA,Kaur,Muara Sahung,,BKS-KUR,BKS10000,BKS21100,C,C,RING 2,SUM-SEL
BKS21200,BKS,SUMATERA,Kab. Kepahiang,Kepahiang,CABANG,BKS-KHG,BKS10000,BKS21200,B,B,RING 2,SUM-SEL
BKS21201,BKS,SUMATERA,Kepahiang,Bermani Ilir,,BKS-KHG,BKS10000,BKS21200,C,C,RING 2,SUM-SEL
BKS21202,BKS,SUMATERA,Kepahiang,Tebat Karai,,BKS-KHG,BKS10000,BKS21200,C,C,RING 2,SUM-SEL
BKS21203,BKS,SUMATERA,Kepahiang,Ujan Mas,,BKS-KHG,BKS10000,BKS21200,C,C,RING 2,SUM-SEL
BKS21204,BKS,SUMATERA,Kepahiang,Kebawetan,,BKS-KHG,BKS10000,BKS21200,C,C,RING 2,SUM-SEL
BKS21205,BKS,SUMATERA,Kepahiang,Merigi,,BKS-KHG,BKS10000,BKS21200,C,C,RING 2,SUM-SEL
BKS21206,BKS,SUMATERA,Kepahiang,Muara Kemumu,,BKS-KHG,BKS10000,BKS21200,C,C,RING 2,SUM-SEL
BKS21207,BKS,SUMATERA,Kepahiang,Seberang Musi,,BKS-KHG,BKS10000,BKS21200,C,C,RING 2,SUM-SEL
BKS21300,BKS,SUMATERA,Kab. Lebong,Lebong,CABANG,BKS-LEB,BKS10000,BKS21300,B,B,RING 2,SUM-SEL
BKS21301,BKS,SUMATERA,Lebong,Lebong Atas,,BKS-LEB,BKS10000,BKS21300,C,C,RING 2,SUM-SEL
BKS21302,BKS,SUMATERA,Lebong,Lebong Selatan,,BKS-LEB,BKS10000,BKS21300,C,C,RING 2,SUM-SEL
BKS21303,BKS,SUMATERA,Lebong,Lebong Tengah,,BKS-LEB,BKS10000,BKS21300,C,C,RING 2,SUM-SEL
BKS21304,BKS,SUMATERA,Lebong,Lebong Utara,,BKS-LEB,BKS10000,BKS21300,C,C,RING 2,SUM-SEL
BKS21305,BKS,SUMATERA,Lebong,Rimbo Pengadang,,BKS-LEB,BKS10000,BKS21300,C,C,RING 2,SUM-SEL
BKS21306,BKS,SUMATERA,Lebong,Amen,,BKS-LEB,BKS10000,BKS21300,C,C,RING 2,SUM-SEL
BKS21307,BKS,SUMATERA,Lebong,Bingin Kuning,,BKS-LEB,BKS10000,BKS21300,C,C,RING 2,SUM-SEL
BKS21308,BKS,SUMATERA,Lebong,Lebong Sakti,,BKS-LEB,BKS10000,BKS21300,C,C,RING 2,SUM-SEL
BKS21309,BKS,SUMATERA,Lebong,Pelabai,,BKS-LEB,BKS10000,BKS21300,C,C,RING 2,SUM-SEL
BKS21310,BKS,SUMATERA,Lebong,Pinang Belapis,,BKS-LEB,BKS10000,BKS21300,C,C,RING 2,SUM-SEL
BKS21311,BKS,SUMATERA,Lebong,Topos,,BKS-LEB,BKS10000,BKS21300,C,C,RING 2,SUM-SEL
BKS21312,BKS,SUMATERA,Lebong,Uram Jaya,,BKS-LEB,BKS10000,BKS21300,C,C,RING 2,SUM-SEL
BKS21400,BKS,SUMATERA,Kab. Muko-Muko,Muko-muko,CABANG,BKS-MKO,BKS10000,BKS21400,B,B,RING 2,SUM-SEL
BKS21401,BKS,SUMATERA,Muko Muko,Lubuk Pinang,,BKS-MKO,BKS10000,BKS21400,C,C,RING 2,SUM-SEL
BKS21402,BKS,SUMATERA,Muko-Muko Selatan,Muko-Muko Selatan,,BKS-MKO,BKS10000,BKS21400,C,C,RING 2,SUM-SEL
BKS21403,BKS,SUMATERA,Muko Muko,Kota Mukomuko (Mukomuko Utara),,BKS-MKO,BKS10000,BKS21400,C,C,RING 2,SUM-SEL
BKS21404,BKS,SUMATERA,Muko Muko,Pondok Suguh,,BKS-MKO,BKS10000,BKS21400,C,C,RING 2,SUM-SEL
BKS21405,BKS,SUMATERA,Muko Muko,Teras Terunjam,,BKS-MKO,BKS10000,BKS21400,C,C,RING 2,SUM-SEL
BKS21406,BKS,SUMATERA,Muko Muko,Air Dikit,,BKS-MKO,BKS10000,BKS21400,C,C,RING 2,SUM-SEL
BKS21407,BKS,SUMATERA,Muko Muko,Air Majunto,,BKS-MKO,BKS10000,BKS21400,C,C,RING 2,SUM-SEL
BKS21408,BKS,SUMATERA,Muko Muko,Air Rami,,BKS-MKO,BKS10000,BKS21400,C,C,RING 2,SUM-SEL
BKS21409,BKS,SUMATERA,Muko Muko,Malin Deman,,BKS-MKO,BKS10000,BKS21400,C,C,RING 2,SUM-SEL
BKS21411,BKS,SUMATERA,Muko Muko,Penarik,,BKS-MKO,BKS10000,BKS21400,C,C,RING 2,SUM-SEL
BKS21412,BKS,SUMATERA,Muko Muko,Selagan Raya,,BKS-MKO,BKS10000,BKS21400,C,C,RING 2,SUM-SEL
BKS21413,BKS,SUMATERA,Muko Muko,Sungai Rumbai,,BKS-MKO,BKS10000,BKS21400,C,C,RING 2,SUM-SEL
BKS21414,BKS,SUMATERA,Muko Muko,Teramang Jaya,,BKS-MKO,BKS10000,BKS21400,C,C,RING 2,SUM-SEL
BKS21415,BKS,SUMATERA,Muko Muko,V Koto,,BKS-MKO,BKS10000,BKS21400,C,C,RING 2,SUM-SEL
BKS21416,BKS,SUMATERA,Muko Muko,XIV Koto,,BKS-MKO,BKS10000,BKS21400,C,C,RING 2,SUM-SEL
BKS21417,BKS,SUMATERA,Muko Muko,Ipuh (Muko-Muko Selatan),,BKS-MKO,BKS10000,BKS21400,C,C,RING 2,SUM-SEL
BKS23000,BKS,SUMATERA,Kab. Seluma,Tais,CABANG,BKS-TIS,BKS10000,BKS23000,C,C,RING 2,SUM-SEL
BKS23001,BKS,SUMATERA,Seluma,Air Periukan,,BKS-TIS,BKS10000,BKS23000,C,C,RING 2,SUM-SEL
BKS23002,BKS,SUMATERA,Seluma,Ilir Talo,,BKS-TIS,BKS10000,BKS23000,C,C,RING 2,SUM-SEL
BKS23003,BKS,SUMATERA,Seluma,Lubuk Sandi,,BKS-TIS,BKS10000,BKS23000,C,C,RING 2,SUM-SEL
BKS23004,BKS,SUMATERA,Seluma,Seluma,,BKS-TIS,BKS10000,BKS23000,C,C,RING 2,SUM-SEL
BKS23005,BKS,SUMATERA,Seluma,Seluma Barat,,BKS-TIS,BKS10000,BKS23000,C,C,RING 2,SUM-SEL
BKS23006,BKS,SUMATERA,Seluma,Seluma Selatan,,BKS-TIS,BKS10000,BKS23000,C,C,RING 2,SUM-SEL
BKS23007,BKS,SUMATERA,Seluma,Seluma Timur,,BKS-TIS,BKS10000,BKS23000,C,C,RING 2,SUM-SEL
BKS23008,BKS,SUMATERA,Seluma,Seluma Utara,,BKS-TIS,BKS10000,BKS23000,C,C,RING 2,SUM-SEL
BKS23009,BKS,SUMATERA,Seluma,Semidang Alas,,BKS-TIS,BKS10000,BKS23000,C,C,RING 2,SUM-SEL
BKS23010,BKS,SUMATERA,Seluma,Semidang Alas Maras,,BKS-TIS,BKS10000,BKS23000,C,C,RING 2,SUM-SEL
BKS23011,BKS,SUMATERA,Seluma,Sukaraja,,BKS-TIS,BKS10000,BKS23000,C,C,RING 2,SUM-SEL
BKS23012,BKS,SUMATERA,Seluma,Talo,,BKS-TIS,BKS10000,BKS23000,C,C,RING 2,SUM-SEL
BKS23013,BKS,SUMATERA,Seluma,Ulu Talo,,BKS-TIS,BKS10000,BKS23000,C,C,RING 2,SUM-SEL
BKS23014,BKS,SUMATERA,Seluma,Talo Kecil,,BKS-TIS,BKS10000,BKS23000,C,C,RING 2,SUM-SEL
DJB10000,DJB,SUMATERA,Kota Jambi,Jambi,CABANG UTAMA,DJB,DJB10000,DJB10000,A,A,RING 1,SUM-SEL
DJB10007,DJB,SUMATERA,Jambi,Danau Sipin,,DJB,DJB10000,DJB10000,A,A,RING 1,SUM-SEL
DJB10008,DJB,SUMATERA,Jambi,Alam Barajo,,DJB,DJB10000,DJB10000,A,A,RING 1,SUM-SEL
DJB10009,DJB,SUMATERA,Jambi,Paal Merah,,DJB,DJB10000,DJB10000,A,A,RING 1,SUM-SEL
DJB10010,DJB,SUMATERA,Jambi,Danau Teluk,,DJB,DJB10000,DJB10000,A,B,RING 2,SUM-SEL
DJB10011,DJB,SUMATERA,Jambi,Jambi Selatan,,DJB,DJB10000,DJB10000,A,A,RING 1,SUM-SEL
DJB10012,DJB,SUMATERA,Jambi,Jambi Timur,,DJB,DJB10000,DJB10000,A,A,RING 1,SUM-SEL
DJB10013,DJB,SUMATERA,Jambi,Jelutung,,DJB,DJB10000,DJB10000,A,A,RING 1,SUM-SEL
DJB10014,DJB,SUMATERA,Jambi,Kota Baru,,DJB,DJB10000,DJB10000,A,A,RING 1,SUM-SEL
DJB10015,DJB,SUMATERA,Jambi,Pasar Jambi,,DJB,DJB10000,DJB10000,A,A,RING 1,SUM-SEL
DJB10016,DJB,SUMATERA,Jambi,Pelayangan,,DJB,DJB10000,DJB10000,A,B,RING 2,SUM-SEL
DJB10017,DJB,SUMATERA,Jambi,Telanaipura,,DJB,DJB10000,DJB10000,A,A,RING 1,SUM-SEL
DJB10100,DJB,SUMATERA,Kab. Tanjung Jabung Barat,Kualatungkal,CABANG,DJB-KTL,DJB10000,DJB10100,B,B,RING 2,SUM-SEL
DJB10101,DJB,SUMATERA,Tanjung Jabung Barat,Betara,,DJB-KTL,DJB10000,DJB10100,C,C,RING 2,SUM-SEL
DJB10104,DJB,SUMATERA,Tanjung Jabung Barat,Merlung,,DJB-TNU,DJB10000,DJB10100,C,C,RING 2,SUM-SEL
DJB10107,DJB,SUMATERA,Tanjung Jabung Barat,Pengabuan,,DJB-KTL,DJB10000,DJB10100,C,C,RING 2,SUM-SEL
DJB10110,DJB,SUMATERA,Tanjung Jabung Barat,Tungkal Ulu,,DJB-TNU,DJB10000,DJB10100,C,C,RING 2,SUM-SEL
DJB10112,DJB,SUMATERA,Tanjung Jabung Barat,Tungkal Ilir,,DJB-KTL,DJB10000,DJB10100,C,C,RING 2,SUM-SEL
DJB10113,DJB,SUMATERA,Tanjung Jabung Barat,Batang Asam,,DJB-TNU,DJB10000,DJB10100,C,C,RING 2,SUM-SEL
DJB10114,DJB,SUMATERA,Tanjung Jabung Barat,Bram Itam,,DJB-KTL,DJB10000,DJB10100,C,C,RING 2,SUM-SEL
DJB10115,DJB,SUMATERA,Tanjung Jabung Barat,Kuala Betara,,DJB-KTL,DJB10000,DJB10100,C,C,RING 2,SUM-SEL
DJB10116,DJB,SUMATERA,Tanjung Jabung Barat,Muara Papalik,,DJB-TNU,DJB10000,DJB10100,C,C,RING 2,SUM-SEL
DJB10117,DJB,SUMATERA,Tanjung Jabung Barat,Renah Mendaluh,,DJB-TNU,DJB10000,DJB10100,C,C,RING 2,SUM-SEL
DJB10118,DJB,SUMATERA,Tanjung Jabung Barat,Seberang Kota,,DJB-KTL,DJB10000,DJB10100,C,D,RING 2,SUM-SEL
DJB10119,DJB,SUMATERA,Tanjung Jabung Barat,Senyerang,,DJB-KTL,DJB10000,DJB10100,C,C,RING 2,SUM-SEL
DJB10120,DJB,SUMATERA,Tanjung Jabung Barat,Tebing Tinggi,,DJB-TTI,DJB10000,DJB10100,C,C,RING 2,SUM-SEL
DJB20100,DJB,SUMATERA,Kab. Merangin,Bangko,CABANG,DJB-BKO,DJB10000,DJB20100,B,B,RING 2,SUM-SEL
DJB20102,DJB,SUMATERA,Merangin,Jangkat,,DJB-BKO,DJB10000,DJB20100,D,D,RING 2,SUM-SEL
DJB20104,DJB,SUMATERA,Merangin,Muara Siau,,DJB-BKO,DJB10000,DJB20100,C,C,RING 2,SUM-SEL
DJB20107,DJB,SUMATERA,Merangin,Sungai Manau,,DJB-SMA,DJB10000,DJB20100,D,D,RING 2,SUM-SEL
DJB20108,DJB,SUMATERA,Merangin,Tabir,,DJB-BKO,DJB10000,DJB20100,C,C,RING 2,SUM-SEL
DJB20109,DJB,SUMATERA,Merangin,Pamenang,,DJB-BKO,DJB10000,DJB20100,C,D,RING 2,SUM-SEL
DJB20110,DJB,SUMATERA,Merangin,Tabir Ulu,,DJB-BKO,DJB10000,DJB20100,C,C,RING 2,SUM-SEL
DJB20111,DJB,SUMATERA,Merangin,Bangko Barat,,DJB-BKO,DJB10000,DJB20100,C,C,RING 2,SUM-SEL
DJB20112,DJB,SUMATERA,Merangin,Batang Masumai,,DJB-BKO,DJB10000,DJB20100,C,C,RING 2,SUM-SEL
DJB20113,DJB,SUMATERA,Merangin,Lembah Masurai,,DJB-BKO,DJB10000,DJB20100,C,D,RING 2,SUM-SEL
DJB20114,DJB,SUMATERA,Merangin,Margo Tabir,,DJB-BKO,DJB10000,DJB20100,C,C,RING 2,SUM-SEL
DJB20115,DJB,SUMATERA,Merangin,Nalo Tantan,,DJB-BKO,DJB10000,DJB20100,C,C,RING 2,SUM-SEL
DJB20116,DJB,SUMATERA,Merangin,Pamenang Barat,,DJB-BKO,DJB10000,DJB20100,C,C,RING 2,SUM-SEL
DJB20117,DJB,SUMATERA,Merangin,Pamenang Selatan,,DJB-BKO,DJB10000,DJB20100,C,C,RING 2,SUM-SEL
DJB20118,DJB,SUMATERA,Merangin,Pangkalan Jambu,,DJB-SMA,DJB10000,DJB20100,C,D,RING 2,SUM-SEL
DJB20119,DJB,SUMATERA,Merangin,Renah Pembarap,,DJB-SMA,DJB10000,DJB20100,C,C,RING 2,SUM-SEL
DJB20120,DJB,SUMATERA,Merangin,Renah Pemenang,,DJB-BKO,DJB10000,DJB20100,C,C,RING 2,SUM-SEL
DJB20121,DJB,SUMATERA,Merangin,Sungai Tenang,,DJB-BKO,DJB10000,DJB20100,C,D,RING 2,SUM-SEL
DJB20122,DJB,SUMATERA,Merangin,Tabir Ilir,,DJB-BKO,DJB10000,DJB20100,C,C,RING 2,SUM-SEL
DJB20123,DJB,SUMATERA,Merangin,Tabir Lintas,,DJB-BKO,DJB10000,DJB20100,C,C,RING 2,SUM-SEL
DJB20124,DJB,SUMATERA,Merangin,Tabir Selatan,,DJB-BKO,DJB10000,DJB20100,C,C,RING 2,SUM-SEL
DJB20125,DJB,SUMATERA,Merangin,Tabir Timur,,DJB-BKO,DJB10000,DJB20100,C,C,RING 2,SUM-SEL
DJB20127,DJB,SUMATERA,Merangin,Tiang Pumpung,,DJB-BKO,DJB10000,DJB20100,C,C,RING 2,SUM-SEL
DJB20128,DJB,SUMATERA,Merangin,Tabir Barat,,DJB-BKO,DJB10000,DJB20100,C,C,RING 2,SUM-SEL
DJB20200,DJB,SUMATERA,Kab. Batang Hari,Muara Bulian,CABANG,DJB-MBN,DJB10000,DJB20200,B,B,RING 2,SUM-SEL
DJB20201,DJB,SUMATERA,Batang Hari,Batin XXIV,,DJB-MBN,DJB10000,DJB20200,C,D,RING 2,SUM-SEL
DJB20202,DJB,SUMATERA,Batang Hari,Maro Sebo Ulu,,DJB-MBN,DJB10000,DJB20200,C,C,RING 2,SUM-SEL
DJB20203,DJB,SUMATERA,Batang Hari,Mersam,,DJB-MBN,DJB10000,DJB20200,C,C,RING 2,SUM-SEL
DJB20204,DJB,SUMATERA,Batang Hari,Muara Tembesi,CABANG,DJB-MTI,DJB10000,DJB20204,C,C,RING 2,SUM-SEL
DJB20205,DJB,SUMATERA,Batang Hari,Pemayung,,DJB-MTI,DJB10000,DJB20204,C,C,RING 2,SUM-SEL
DJB20206,DJB,SUMATERA,Batang Hari,Bajubang,,DJB-MTI,DJB10000,DJB20204,C,D,RING 2,SUM-SEL
DJB20207,DJB,SUMATERA,Batang Hari,Maro Sebo Ilir,,DJB-MTI,DJB10000,DJB20204,C,C,RING 2,SUM-SEL
DJB20300,DJB,SUMATERA,Kab. Bungo,Muara Bungo,CABANG,DJB-MAB,DJB10000,DJB20300,B,B,RING 2,SUM-SEL
DJB20301,DJB,SUMATERA,Bungo,Jujuhan,,DJB-MAB,DJB10000,DJB20300,D,D,RING 2,SUM-SEL
DJB20302,DJB,SUMATERA,Bungo,Pelepat,,DJB-MAB,DJB10000,DJB20300,C,D,RING 2,SUM-SEL
DJB20303,DJB,SUMATERA,Bungo,Rantau Pandan,,DJB-MAB,DJB10000,DJB20300,C,C,RING 2,SUM-SEL
DJB20306,DJB,SUMATERA,Bungo,Tanah Sepenggal,,DJB-MAB,DJB10000,DJB20300,C,C,RING 2,SUM-SEL
DJB20307,DJB,SUMATERA,Bungo,Tanah Tumbuh,,DJB-MAB,DJB10000,DJB20300,C,C,RING 2,SUM-SEL
DJB20314,DJB,SUMATERA,Bungo,Bathin II Babeko,,DJB-MAB,DJB10000,DJB20300,C,C,RING 2,SUM-SEL
DJB20315,DJB,SUMATERA,Bungo,Limbur Lubuk Mengkuang,,DJB-MAB,DJB10000,DJB20300,C,C,RING 2,SUM-SEL
DJB20316,DJB,SUMATERA,Bungo,Muko-Muko Batin VII,,DJB-MAB,DJB10000,DJB20300,C,C,RING 2,SUM-SEL
DJB20317,DJB,SUMATERA,Bungo,Pelepat Ilir,,DJB-MAB,DJB10000,DJB20300,C,D,RING 2,SUM-SEL
DJB20318,DJB,SUMATERA,Bungo,Jujuhan Ilir,,DJB-MAB,DJB10000,DJB20300,C,D,RING 2,SUM-SEL
DJB20319,DJB,SUMATERA,Bungo,Bathin II Pelayang,,DJB-MAB,DJB10000,DJB20300,C,C,RING 2,SUM-SEL
DJB20320,DJB,SUMATERA,Bungo,Bathin III,,DJB-MAB,DJB10000,DJB20300,C,C,RING 2,SUM-SEL
DJB20321,DJB,SUMATERA,Bungo,Bathin III Ulu,,DJB-MAB,DJB10000,DJB20300,C,C,RING 2,SUM-SEL
DJB20322,DJB,SUMATERA,Bungo,Bungo Dani,,DJB-MAB,DJB10000,DJB20300,C,C,RING 2,SUM-SEL
DJB20323,DJB,SUMATERA,Bungo,Pasar Muara Bungo,,DJB-MAB,DJB10000,DJB20300,C,C,RING 2,SUM-SEL
DJB20324,DJB,SUMATERA,Bungo,Rimbo Tengah,,DJB-MAB,DJB10000,DJB20300,C,D,RING 2,SUM-SEL
DJB20325,DJB,SUMATERA,Bungo,Tanah Sepenggal Lintas,,DJB-MAB,DJB10000,DJB20300,C,D,RING 2,SUM-SEL
DJB20400,DJB,SUMATERA,Kab. Kerinci,Sungai Penuh,CABANG,DJB-SPN,DJB10000,DJB20400,B,B,RING 2,SUM-SEL
DJB20401,DJB,SUMATERA,Kerinci,Air Hangat,,DJB-SPN,DJB10000,DJB20400,C,C,RING 2,SUM-SEL
DJB20402,DJB,SUMATERA,Kerinci,Batang Merangin,,DJB-SPN,DJB10000,DJB20400,C,D,RING 2,SUM-SEL
DJB20403,DJB,SUMATERA,Kab. Kerinci,Danau Kerinci,CABANG,DJB-DKR,DJB10000,DJB20403,C,C,RING 2,SUM-SEL
DJB20404,DJB,SUMATERA,Kerinci,Gunung Kerinci,,DJB-DKR,DJB10000,DJB20403,C,D,RING 2,SUM-SEL
DJB20405,DJB,SUMATERA,Kerinci,Gunung Raya,,DJB-DKR,DJB10000,DJB20403,D,D,RING 2,SUM-SEL
DJB20406,DJB,SUMATERA,Sungaipenuh,Hamparan Rawang,,DJB-DKR,DJB10000,DJB20403,C,D,RING 2,SUM-SEL
DJB20407,DJB,SUMATERA,Kerinci,Kayu Aro,,DJB-DKR,DJB10000,DJB20403,D,D,RING 2,SUM-SEL
DJB20408,DJB,SUMATERA,Kerinci,Keliling Danau,,DJB-DKR,DJB10000,DJB20403,C,C,RING 2,SUM-SEL
DJB20409,DJB,SUMATERA,Kerinci,Sitinjau Laut,,DJB-DKR,DJB10000,DJB20403,C,D,RING 2,SUM-SEL
DJB20411,DJB,SUMATERA,Kerinci,Air Hangat Timur,,DJB-DKR,DJB10000,DJB20403,C,C,RING 2,SUM-SEL
DJB20412,DJB,SUMATERA,Kerinci,Depati Tujuh,,DJB-DKR,DJB10000,DJB20403,C,D,RING 2,SUM-SEL
DJB20413,DJB,SUMATERA,Kerinci,Gunung Tujuh,,DJB-DKR,DJB10000,DJB20403,C,D,RING 2,SUM-SEL
DJB20414,DJB,SUMATERA,Kerinci,Siulak,,DJB-DKR,DJB10000,DJB20403,C,C,RING 2,SUM-SEL
DJB20415,DJB,SUMATERA,Sungaipenuh,Kumun Debai,,DJB-DKR,DJB10000,DJB20403,C,C,RING 2,SUM-SEL
DJB20416,DJB,SUMATERA,Sungaipenuh,Pesisir Bukit,,DJB-DKR,DJB10000,DJB20403,C,D,RING 2,SUM-SEL
DJB20417,DJB,SUMATERA,Sungaipenuh,Tanah Kampung,,DJB-DKR,DJB10000,DJB20403,C,D,RING 2,SUM-SEL
DJB20418,DJB,SUMATERA,Sungaipenuh,Koto Baru,,DJB-DKR,DJB10000,DJB20403,C,D,RING 2,SUM-SEL
DJB20419,DJB,SUMATERA,Sungaipenuh,Pondok Tinggi,,DJB-DKR,DJB10000,DJB20403,C,C,RING 2,SUM-SEL
DJB20420,DJB,SUMATERA,Sungaipenuh,Sungai Bungkal,,DJB-DKR,DJB10000,DJB20403,C,C,RING 2,SUM-SEL
DJB20421,DJB,SUMATERA,Kerinci,Kayu Aro Barat,,DJB-DKR,DJB10000,DJB20403,C,D,RING 2,SUM-SEL
DJB20422,DJB,SUMATERA,Kerinci,Siulak Mukai,,DJB-DKR,DJB10000,DJB20403,C,C,RING 2,SUM-SEL
DJB20423,DJB,SUMATERA,Kerinci,Air Hangat Barat,,DJB-DKR,DJB10000,DJB20403,C,C,RING 2,SUM-SEL
DJB20424,DJB,SUMATERA,Kerinci,Bukitkerman,,DJB-DKR,DJB10000,DJB20403,C,D,RING 2,SUM-SEL
DJB20600,DJB,SUMATERA,Sengeti,Sengeti,,DJB-STI,DJB10000,DJB20607,B,B,RING 2,SUM-SEL
DJB20601,DJB,SUMATERA,Muaro Jambi,Jambi Luar Kota,,DJB-SBH,DJB10000,DJB20607,C,C,RING 2,SUM-SEL
DJB20602,DJB,SUMATERA,Muaro Jambi,Kumpeh,,DJB-KPH,DJB10000,DJB20607,C,C,RING 2,SUM-SEL
DJB20603,DJB,SUMATERA,Muaro Jambi,Kumpeh Ulu,,DJB-KPH,DJB10000,DJB20607,C,C,RING 2,SUM-SEL
DJB20604,DJB,SUMATERA,Muaro Jambi,Maro Sebo,,DJB-STI,DJB10000,DJB20607,C,D,RING 2,SUM-SEL
DJB20605,DJB,SUMATERA,Muaro Jambi,Mestong,,DJB-MST,DJB10000,DJB20607,C,C,RING 2,SUM-SEL
DJB20606,DJB,SUMATERA,Muaro Jambi,Sekernan,,DJB-MST,DJB10000,DJB20607,C,C,RING 2,SUM-SEL
DJB20607,DJB,SUMATERA,Kab. Muaro Jambi,Sungai Bahar,CABANG,DJB-SBH,DJB10000,DJB20607,C,C,RING 2,SUM-SEL
DJB20608,DJB,SUMATERA,Muaro Jambi,Sungai Gelam,,DJB-SBH,DJB10000,DJB20607,C,C,RING 2,SUM-SEL
DJB20609,DJB,SUMATERA,Muaro Jambi,Bahar Selatan,,DJB-SBH,DJB10000,DJB20607,C,C,RING 2,SUM-SEL
DJB20610,DJB,SUMATERA,Muaro Jambi,Bahar Utara,,DJB-SBH,DJB10000,DJB20607,C,C,RING 2,SUM-SEL
DJB20611,DJB,SUMATERA,Muaro Jambi,Taman Rajo,,DJB-KPH,DJB10000,DJB20607,C,C,RING 2,SUM-SEL
DJB20700,DJB,SUMATERA,Kab. Sarolangun,Sarolangun,CABANG,DJB-SRL,DJB10000,DJB20700,B,B,RING 2,SUM-SEL
DJB20701,DJB,SUMATERA,Sarolangun,Batang Asai,,DJB-SKU,DJB10000,DJB20700,D,D,RING 2,SUM-SEL
DJB20702,DJB,SUMATERA,Sarolangun,Limun,,DJB-SKU,DJB10000,DJB20700,C,D,RING 2,SUM-SEL
DJB20703,DJB,SUMATERA,Sarolangun,Mandiangin,,DJB-PAU,DJB10000,DJB20700,C,D,RING 2,SUM-SEL
DJB20704,DJB,SUMATERA,Sarolangun,Pauh,,DJB-PAU,DJB10000,DJB20700,C,D,RING 2,SUM-SEL
DJB20705,DJB,SUMATERA,Sarolangun,Pelawan,,DJB-SKU,DJB10000,DJB20700,C,C,RING 2,SUM-SEL
DJB20706,DJB,SUMATERA,Sarolangun,Air Hitam,,DJB-PAU,DJB10000,DJB20700,C,D,RING 2,SUM-SEL
DJB20707,DJB,SUMATERA,Sarolangun,Bathin VIII (Batin VIII),,DJB-PAU,DJB10000,DJB20700,C,D,RING 2,SUM-SEL
DJB20708,DJB,SUMATERA,Sarolangun,Cermin Nan Gadang,,DJB-SKU,DJB10000,DJB20700,C,C,RING 2,SUM-SEL
DJB20709,DJB,SUMATERA,Sarolangun,Singkut,,DJB-SKU,DJB10000,DJB20700,C,C,RING 2,SUM-SEL
DJB20800,DJB,SUMATERA,Kab. Tanjung Jabung Timur,Muara sabak,CABANG,DJB-MSB,DJB10000,DJB20800,B,B,RING 2,SUM-SEL
DJB20801,DJB,SUMATERA,Tanjung Jabung Timur,Dendang,,DJB-MSB,DJB10000,DJB20800,C,C,RING 2,SUM-SEL
DJB20802,DJB,SUMATERA,Tanjung Jabung Timur,Mendahara,,DJB-MSB,DJB10000,DJB20800,C,D,RING 2,SUM-SEL
DJB20803,DJB,SUMATERA,Tanjung Jabung Timur,Nipah Panjang,,DJB-RRS,DJB10000,DJB20800,C,C,RING 2,SUM-SEL
DJB20804,DJB,SUMATERA,Tanjung Jabung Timur,Rantau Rasau,,DJB-RRS,DJB10000,DJB20800,D,D,RING 2,SUM-SEL
DJB20805,DJB,SUMATERA,Tanjung Jabung Timur,Sadu,,DJB-RRS,DJB10000,DJB20800,C,D,RING 2,SUM-SEL
DJB20806,DJB,SUMATERA,Tanjung Jabung Timur,Berbak,,DJB-RRS,DJB10000,DJB20800,C,C,RING 2,SUM-SEL
DJB20807,DJB,SUMATERA,Tanjung Jabung Timur,Geragai,,DJB-MSB,DJB10000,DJB20800,C,C,RING 2,SUM-SEL
DJB20808,DJB,SUMATERA,Tanjung Jabung Timur,Kuala Jambi,,DJB-MSB,DJB10000,DJB20800,C,D,RING 2,SUM-SEL
DJB20809,DJB,SUMATERA,Tanjung Jabung Timur,Mendahara Ulu,,DJB-MSB,DJB10000,DJB20800,C,C,RING 2,SUM-SEL
DJB20810,DJB,SUMATERA,Tanjung Jabung Timur,Muara Sabak Barat,,DJB-MSB,DJB10000,DJB20800,C,C,RING 2,SUM-SEL
DJB20811,DJB,SUMATERA,Tanjung Jabung Timur,Muara Sabak Timur,,DJB-MSB,DJB10000,DJB20800,C,C,RING 2,SUM-SEL
DJB20900,DJB,SUMATERA,Kab. Tebo,Muara Tebo,CABANG,DJB-MRO,DJB10000,DJB20900,B,B,RING 2,SUM-SEL
DJB20901,DJB,SUMATERA,Tebo,Rimbo Bujang,CABANG,DJB-RBG,DJB10000,DJB20901,C,C,RING 2,SUM-SEL
DJB20902,DJB,SUMATERA,Tebo,Rimbo Ilir,,DJB-RBG,DJB10000,DJB20901,C,C,RING 2,SUM-SEL
DJB20903,DJB,SUMATERA,Tebo,Rimbo Ulu,,DJB-RBG,DJB10000,DJB20901,C,C,RING 2,SUM-SEL
DJB20904,DJB,SUMATERA,Tebo,Sumay,,DJB-MRO,DJB10000,DJB20900,C,D,RING 2,SUM-SEL
DJB20905,DJB,SUMATERA,Tebo,Tebo Ilir,,DJB-TEI,DJB10000,DJB20900,C,C,RING 2,SUM-SEL
DJB20906,DJB,SUMATERA,Tebo,Tebo Tengah,,DJB-MRO,DJB10000,DJB20900,C,C,RING 2,SUM-SEL
DJB20907,DJB,SUMATERA,Tebo,Tebo Ulu,,DJB-RBG,DJB10000,DJB20901,C,C,RING 2,SUM-SEL
DJB20908,DJB,SUMATERA,Tebo,Tengah Ilir,,DJB-TEI,DJB10000,DJB20900,C,C,RING 2,SUM-SEL
DJB20909,DJB,SUMATERA,Tebo,VII Koto,,DJB-RBG,DJB10000,DJB20901,C,D,RING 2,SUM-SEL
DJB20911,DJB,SUMATERA,Tebo,Serai Serumpun,,DJB-RBG,DJB10000,DJB20901,C,D,RING 2,SUM-SEL
DJB20912,DJB,SUMATERA,Tebo,VII Koto Ilir,,DJB-RBG,DJB10000,DJB20901,C,C,RING 2,SUM-SEL
PGK10000,PGK,SUMATERA,Kota Pangkal Pinang,Kota Pangkal Pinang,CABANG UTAMA,PGK,PGK10000,PGK10000,A,A,RING 1,SUM-SEL
PGK10014,PGK,SUMATERA,Pangkal Pinang,Rangkui,,PGK,PGK10000,PGK10000,A,A,RING 1,SUM-SEL
PGK10015,PGK,SUMATERA,Pangkal Pinang,Bukit Intan,,PGK,PGK10000,PGK10000,A,A,RING 1,SUM-SEL
PGK10016,PGK,SUMATERA,Pangkal Pinang,Pangkal Balam,,PGK,PGK10000,PGK10000,A,A,RING 1,SUM-SEL
PGK10017,PGK,SUMATERA,Pangkal Pinang,Gerunggang,,PGK,PGK10000,PGK10000,A,A,RING 1,SUM-SEL
PGK10018,PGK,SUMATERA,Pangkal Pinang,Taman Sari,,PGK,PGK10000,PGK10000,A,A,RING 1,SUM-SEL
PGK10019,PGK,SUMATERA,Pangkal Pinang,Girimaya,,PGK,PGK10000,PGK10000,A,A,RING 1,SUM-SEL
PGK10020,PGK,SUMATERA,Pangkal Pinang,Gabek,,PGK,PGK10000,PGK10000,A,A,RING 1,SUM-SEL
PGK10200,PGK,SUMATERA,Bangka,Sungai liat,CABANG,PGK-SLI,PGK10000,PGK10200,B,B,RING 2,SUM-SEL
PGK10201,PGK,SUMATERA,Kab. Bangka,Belinyu,CABANG,PGK-BYU,PGK10000,PGK10201,B,B,RING 2,SUM-SEL
PGK10202,PGK,SUMATERA,Bangka,Riau Silip,,PGK-BYU,PGK10000,PGK10201,B,B,RING 2,SUM-SEL
PGK10203,PGK,SUMATERA,Bangka,Bakam,,PGK-SLI,PGK10000,PGK10200,C,C,RING 2,SUM-SEL
PGK10204,PGK,SUMATERA,Bangka,Pemali,,PGK-SLI,PGK10000,PGK10200,B,B,RING 2,SUM-SEL
PGK10205,PGK,SUMATERA,Bangka,Mendo Barat,,PGK-SLI,PGK10000,PGK10200,C,C,RING 2,SUM-SEL
PGK10206,PGK,SUMATERA,Bangka,Merawang,CABANG,PGK-MWG,PGK10000,PGK10206,B,B,RING 2,SUM-SEL
PGK10207,PGK,SUMATERA,Bangka,Puding Besar,,PGK-SLI,PGK10000,PGK10200,C,C,RING 2,SUM-SEL
PGK10300,PGK,SUMATERA,Bangka Barat,Kelapa,CABANG,PGK-KLP,PGK10000,PGK10300,B,B,RING 2,SUM-SEL
PGK10301,PGK,SUMATERA,Bangka Barat,Mentok,CABANG,PGK-MTK,PGK10000,PGK10301,B,B,RING 2,SUM-SEL
PGK10302,PGK,SUMATERA,Bangka Barat,Tempilang,CABANG,PGK-TPG,PGK10000,PGK10302,B,B,RING 2,SUM-SEL
PGK10303,PGK,SUMATERA,Bangka Barat,Simpang Teritip,,PGK-MTK,PGK10000,PGK10301,B,B,RING 2,SUM-SEL
PGK10304,PGK,SUMATERA,Bangka Barat,Jebus,CABANG,PGK-JBS,PGK10000,PGK10304,B,B,RING 2,SUM-SEL
PGK10305,PGK,SUMATERA,Bangka Barat,Parittiga,CABANG,PGK-PTA,PGK10000,PGK10305,B,B,RING 2,SUM-SEL
PGK10400,PGK,SUMATERA,Kab. Bangka Tengah,Koba,CABANG,PGK-KBA,PGK10000,PGK10400,B,B,RING 2,SUM-SEL
PGK10401,PGK,SUMATERA,Bangka Tengah,Sungai Selan,CABANG,PGK-SSL,PGK10000,PGK10401,C,C,RING 2,SUM-SEL
PGK10402,PGK,SUMATERA,Bangka Tengah,Simpang Katis,CABANG,PGK-SKT,PGK10000,PGK10402,C,C,RING 2,SUM-SEL
PGK10403,PGK,SUMATERA,Bangka Tengah,Pangkalan Baru,,PGK-KBA,PGK10000,PGK10400,C,C,RING 2,SUM-SEL
PGK10404,PGK,SUMATERA,Bangka Tengah,Namang,,PGK-KBA,PGK10000,PGK10400,C,C,RING 2,SUM-SEL
PGK10405,PGK,SUMATERA,Bangka Tengah,Lubuk Besar,CABANG,PGK-LBS,PGK10000,PGK10405,C,C,RING 2,SUM-SEL
PGK10500,PGK,SUMATERA,Kab. Bangka Selatan,Toboali,CABANG,PGK-TBL,PGK10000,PGK10500,B,B,RING 2,SUM-SEL
PGK10501,PGK,SUMATERA,Bangka Selatan,Lepar Pongok,,PGK-TBL,PGK10000,PGK10500,C,C,RING 2,SUM-SEL
PGK10502,PGK,SUMATERA,Bangka Selatan,Payung,CABANG,PGK-PYG,PGK10000,PGK10502,C,C,RING 2,SUM-SEL
PGK10503,PGK,SUMATERA,Bangka Selatan,Air Gegas,,PGK-TBL,PGK10000,PGK10500,C,C,RING 2,SUM-SEL
PGK10504,PGK,SUMATERA,Bangka Selatan,Simpang Rimba,CABANG,PGK-SRB,PGK10000,PGK10504,C,C,RING 2,SUM-SEL
PGK10505,PGK,SUMATERA,Bangka Selatan,Pulau Besar,CABANG,PGK-PBS,PGK10000,PGK10505,C,C,RING 2,SUM-SEL
PGK10506,PGK,SUMATERA,Bangka Selatan,Kepulauan Pongok,,PGK-TBL,PGK10000,PGK10500,C,C,RING 2,SUM-SEL
PGK10507,PGK,SUMATERA,Bangka Selatan,Tukak Sadai,,PGK-TBL,PGK10000,PGK10500,C,C,RING 2,SUM-SEL
PLM10000,PLM,SUMATERA,Kota Palembang,Palembang,CABANG UTAMA,PLM,PLM10000,PLM10000,A,A,RING 1,SUM-SEL
PLM10001,PLM,SUMATERA,Palembang,Plaju,,PLM,PLM10000,PLM10000,A,A,RING 1,SUM-SEL
PLM10003,PLM,SUMATERA,Palembang,Alang-Alang Lebar,,PLM,PLM10000,PLM10000,A,A,RING 1,SUM-SEL
PLM10004,PLM,SUMATERA,Palembang,Bukit Kecil,,PLM,PLM10000,PLM10000,A,A,RING 1,SUM-SEL
PLM10005,PLM,SUMATERA,Palembang,Gandus,,PLM,PLM10000,PLM10000,A,A,RING 1,SUM-SEL
PLM10006,PLM,SUMATERA,Palembang,Ilir Barat I,,PLM,PLM10000,PLM10000,A,A,RING 1,SUM-SEL
PLM10007,PLM,SUMATERA,Palembang,Ilir Barat II,,PLM,PLM10000,PLM10000,A,A,RING 1,SUM-SEL
PLM10008,PLM,SUMATERA,Palembang,Ilir Timur I,,PLM,PLM10000,PLM10000,A,A,RING 1,SUM-SEL
PLM10009,PLM,SUMATERA,Palembang,Ilir Timur II,,PLM,PLM10000,PLM10000,A,A,RING 1,SUM-SEL
PLM10010,PLM,SUMATERA,Palembang,Kalidoni,,PLM,PLM10000,PLM10000,A,A,RING 1,SUM-SEL
PLM10011,PLM,SUMATERA,Palembang,Kemuning,,PLM,PLM10000,PLM10000,A,A,RING 1,SUM-SEL
PLM10012,PLM,SUMATERA,Palembang,Kertapati,,PLM,PLM10000,PLM10000,A,A,RING 1,SUM-SEL
PLM10013,PLM,SUMATERA,Palembang,Sako,,PLM,PLM10000,PLM10000,A,A,RING 1,SUM-SEL
PLM10014,PLM,SUMATERA,Palembang,Seberang Ulu I,,PLM,PLM10000,PLM10000,A,A,RING 1,SUM-SEL
PLM10015,PLM,SUMATERA,Palembang,Seberang Ulu II,,PLM,PLM10000,PLM10000,A,A,RING 1,SUM-SEL
PLM10016,PLM,SUMATERA,Palembang,Sematang Borang,,PLM,PLM10000,PLM10000,A,A,RING 1,SUM-SEL
PLM10017,PLM,SUMATERA,Palembang,Sukarami,,PLM,PLM10000,PLM10000,A,A,RING 1,SUM-SEL
PLM10300,PLM,SUMATERA,Kab. Musi Rawas,Muara Beliti Baru,CABANG,PLM-MBB,PLM10000,PLM10300,B,C,RING 2,SUM-SEL
PLM10301,PLM,SUMATERA,Musi Rawas,Suku Tengah Lakitan Ulu Terawas,,PLM-MBB,PLM10000,PLM10300,C,C,RING 2,SUM-SEL
PLM10302,PLM,SUMATERA,Musi Rawas,BTS Ulu,,PLM-MBB,PLM10000,PLM10300,C,C,RING 2,SUM-SEL
PLM10303,PLM,SUMATERA,Musi Rawas,Jaya Loka,,PLM-MBB,PLM10000,PLM10300,C,C,RING 2,SUM-SEL
PLM10304,PLM,SUMATERA,Musi Rawas Utara,Karang Dapo,,PLM-MBB,PLM10000,PLM10300,C,C,RING 2,SUM-SEL
PLM10305,PLM,SUMATERA,Musi Rawas Utara,Karang Jaya,,PLM-MBB,PLM10000,PLM10300,C,C,RING 2,SUM-SEL
PLM10306,PLM,SUMATERA,Musi Rawas,Megang Sakti,,PLM-MBB,PLM10000,PLM10300,C,C,RING 2,SUM-SEL
PLM10307,PLM,SUMATERA,Musi Rawas,Muara Beliti,,PLM-MBB,PLM10000,PLM10300,C,C,RING 2,SUM-SEL
PLM10308,PLM,SUMATERA,Musi Rawas,Muara Kelingi,,PLM-MBB,PLM10000,PLM10300,C,C,RING 2,SUM-SEL
PLM10309,PLM,SUMATERA,Musi Rawas,Muara Lakitan,,PLM-MBB,PLM10000,PLM10300,C,C,RING 2,SUM-SEL
PLM10310,PLM,SUMATERA,Muara Rupit,Muara Rupit,,PLM-MBB,PLM10000,PLM10300,C,C,RING 2,SUM-SEL
PLM10311,PLM,SUMATERA,Musi Rawas Utara,Nibung,,PLM-MBB,PLM10000,PLM10300,C,C,RING 2,SUM-SEL
PLM10312,PLM,SUMATERA,Musi Rawas,Purwodadi,,PLM-MBB,PLM10000,PLM10300,C,C,RING 2,SUM-SEL
PLM10313,PLM,SUMATERA,Musi Rawas Utara,Rawas Ulu,,PLM-MBB,PLM10000,PLM10300,C,C,RING 2,SUM-SEL
PLM10314,PLM,SUMATERA,Musi Rawas,Selangit,,PLM-MBB,PLM10000,PLM10300,C,C,RING 2,SUM-SEL
PLM10315,PLM,SUMATERA,Kab. Musi Rawas,Tugumulyo,,PLM-MBB,PLM10000,PLM10300,C,C,RING 2,SUM-SEL
PLM10316,PLM,SUMATERA,Musi Rawas,Ulu Rawas,,PLM-MBB,PLM10000,PLM10300,C,C,RING 2,SUM-SEL
PLM10317,PLM,SUMATERA,Musi Rawas,Rawas Ilir,,PLM-MBB,PLM10000,PLM10300,C,C,RING 2,SUM-SEL
PLM10318,PLM,SUMATERA,Musi Rawas Utara,Sumber Harta,,PLM-MBB,PLM10000,PLM10300,C,C,RING 2,SUM-SEL
PLM10319,PLM,SUMATERA,Musi Rawas,Sukakarya,,PLM-MBB,PLM10000,PLM10300,C,C,RING 2,SUM-SEL
PLM10322,PLM,SUMATERA,Musi Rawas,Rupit,,PLM-MBB,PLM10000,PLM10300,C,C,RING 2,SUM-SEL
PLM10325,PLM,SUMATERA,Musi Rawas,Tuah Negeri,,PLM-MBB,PLM10000,PLM10300,C,C,RING 2,SUM-SEL
PLM10326,PLM,SUMATERA,Musi Rawas,Tiang Pumpung Kepungut,,PLM-MBB,PLM10000,PLM10300,C,C,RING 2,SUM-SEL
PLM20100,PLM,SUMATERA,Kab. Ogan Komering Ulu,Baturaja,CABANG,PLM-BRJ,PLM10000,PLM20100,B,B,RING 2,SUM-SEL
PLM20108,PLM,SUMATERA,Ogan Komering Ulu,Peninjauan,,PLM-BRJ,PLM10000,PLM20100,C,C,RING 2,SUM-SEL
PLM20109,PLM,SUMATERA,Ogan Komering Ulu,Pengandonan,,PLM-BRJ,PLM10000,PLM20100,C,C,RING 2,SUM-SEL
PLM20112,PLM,SUMATERA,Ogan Komering Ulu,Sosoh Buay Rayap,,PLM-BRJ,PLM10000,PLM20100,C,C,RING 2,SUM-SEL
PLM20113,PLM,SUMATERA,Ogan Komering Ulu,Baturaja Barat,,PLM-BRJ,PLM10000,PLM20100,B,B,RING 2,SUM-SEL
PLM20114,PLM,SUMATERA,Ogan Komering Ulu,Baturaja Timur,,PLM-BRJ,PLM10000,PLM20100,B,B,RING 2,SUM-SEL
PLM20115,PLM,SUMATERA,Ogan Komering Ulu,Lengkiti,,PLM-BRJ,PLM10000,PLM20100,C,C,RING 2,SUM-SEL
PLM20116,PLM,SUMATERA,Ogan Komering Ulu,Lubuk Batang,,PLM-BRJ,PLM10000,PLM20100,C,C,RING 2,SUM-SEL
PLM20119,PLM,SUMATERA,Ogan Komering Ulu,Semidang Aji,,PLM-BRJ,PLM10000,PLM20100,C,C,RING 2,SUM-SEL
PLM20120,PLM,SUMATERA,Ogan Komering Ulu,Ulu Ogan,,PLM-BRJ,PLM10000,PLM20100,C,C,RING 2,SUM-SEL
PLM20121,PLM,SUMATERA,Ogan Komering Ulu,Sinar Peninjauan,,PLM-BRJ,PLM10000,PLM20100,C,C,RING 2,SUM-SEL
PLM20122,PLM,SUMATERA,Ogan Komering Ulu,Lubuk Raja,,PLM-BRJ,PLM10000,PLM20100,C,C,RING 2,SUM-SEL
PLM20123,PLM,SUMATERA,Ogan Komering Ulu,Muara Jaya,,PLM-BRJ,PLM10000,PLM20100,C,C,RING 2,SUM-SEL
PLM20200,PLM,SUMATERA,Kab. Ogan Komering Ilir,Kota Kayu Agung,CABANG,PLM-KYA,PLM10000,PLM20200,B,B,RING 2,SUM-SEL
PLM20202,PLM,SUMATERA,Ogan Ilir,Mesuji,,PLM-KYA,PLM10000,PLM20200,C,C,RING 2,SUM-SEL
PLM20204,PLM,SUMATERA,Ogan Komering Ilir,Pampangan,,PLM-KYA,PLM10000,PLM20200,C,C,RING 2,SUM-SEL
PLM20205,PLM,SUMATERA,Ogan Komering Ilir,Pedamaran,,PLM-KYA,PLM10000,PLM20200,C,C,RING 2,SUM-SEL
PLM20207,PLM,SUMATERA,Ogan Komering Ilir,Sirah Pulau Padang,,PLM-KYA,PLM10000,PLM20200,C,C,RING 2,SUM-SEL
PLM20208,PLM,SUMATERA,Ogan Komering Ilir,Tanjung Lubuk,,PLM-KYA,PLM10000,PLM20200,C,C,RING 2,SUM-SEL
PLM20211,PLM,SUMATERA,Ogan Komering Ilir,Tulung Selapan,,PLM-KYA,PLM10000,PLM20200,C,C,RING 2,SUM-SEL
PLM20214,PLM,SUMATERA,Ogan Komering Ilir,Air Sugihan,,PLM-KYA,PLM10000,PLM20200,C,C,RING 2,SUM-SEL
PLM20215,PLM,SUMATERA,Ogan Komering Ilir,Cengal,,PLM-KYA,PLM10000,PLM20200,C,C,RING 2,SUM-SEL
PLM20216,PLM,SUMATERA,Ogan Komering Ilir,Jejawi,,PLM-KYA,PLM10000,PLM20200,C,C,RING 2,SUM-SEL
PLM20217,PLM,SUMATERA,Ogan Ilir,Lempuing,,PLM-KYA,PLM10000,PLM20200,C,C,RING 2,SUM-SEL
PLM20221,PLM,SUMATERA,Pematang Panggang,Pematang Panggang,,PLM-KYA,PLM10000,PLM20200,C,C,RING 2,SUM-SEL
PLM20222,PLM,SUMATERA,Ogan Komering Ilir,Pangkalan Lampam,,PLM-KYA,PLM10000,PLM20200,C,C,RING 2,SUM-SEL
PLM20223,PLM,SUMATERA,Ogan Komering Ilir,Sungai Menang,,PLM-KYA,PLM10000,PLM20200,C,C,RING 2,SUM-SEL
PLM20224,PLM,SUMATERA,Ogan Komering Ilir,Teluk Gelam,,PLM-KYA,PLM10000,PLM20200,C,C,RING 2,SUM-SEL
PLM20225,PLM,SUMATERA,Ogan Komering Ilir,Mesuji Raya,,PLM-KYA,PLM10000,PLM20200,C,C,RING 2,SUM-SEL
PLM20226,PLM,SUMATERA,Ogan Komering Ilir,Mesuji Makmur,,PLM-KYA,PLM10000,PLM20200,C,C,RING 2,SUM-SEL
PLM20227,PLM,SUMATERA,Ogan Komering Ilir,Pedamaran Timur,,PLM-KYA,PLM10000,PLM20200,C,C,RING 2,SUM-SEL
PLM20228,PLM,SUMATERA,Ogan Komering Ilir,Lempuing Jaya,,PLM-KYA,PLM10000,PLM20200,C,C,RING 2,SUM-SEL
PLM20300,PLM,SUMATERA,Ogan Komering Ilir,Lahat,CABANG,PLM-LHT,PLM10000,PLM20300,B,B,RING 2,SUM-SEL
PLM20303,PLM,SUMATERA,Merapi,Merapi,,PLM-LHT,PLM10000,PLM20300,C,C,RING 2,SUM-SEL
PLM20304,PLM,SUMATERA,Lahat,Pulau Pinang,,PLM-LHT,PLM10000,PLM20300,C,C,RING 2,SUM-SEL
PLM20314,PLM,SUMATERA,Musi Banyuasin,Tanjung Sakti,,PLM-LHT,PLM10000,PLM20300,C,C,RING 2,SUM-SEL
PLM20316,PLM,SUMATERA,Lahat,Jarai,,PLM-PGA,PLM10000,PLM20600,C,C,RING 2,SUM-SEL
PLM20317,PLM,SUMATERA,Empat Lawang,Kikim Barat,,PLM-LHT,PLM10000,PLM20300,C,C,RING 2,SUM-SEL
PLM20318,PLM,SUMATERA,Lahat,Kikim Selatan,,PLM-LHT,PLM10000,PLM20300,C,C,RING 2,SUM-SEL
PLM20319,PLM,SUMATERA,Lahat,Kikim Tengah,,PLM-LHT,PLM10000,PLM20300,C,C,RING 2,SUM-SEL
PLM20320,PLM,SUMATERA,Tanjung Sakti,Kikim Timur,,PLM-LHT,PLM10000,PLM20300,C,C,RING 2,SUM-SEL
PLM20321,PLM,SUMATERA,Lahat,Kota Agung,,PLM-LHT,PLM10000,PLM20300,C,C,RING 2,SUM-SEL
PLM20323,PLM,SUMATERA,Lahat,Mulak Ulu,,PLM-LHT,PLM10000,PLM20300,C,C,RING 2,SUM-SEL
PLM20324,PLM,SUMATERA,Lahat,Pajar Bulan,,PLM-PGA,PLM10000,PLM20600,C,C,RING 2,SUM-SEL
PLM20325,PLM,SUMATERA,Lahat,Merapi Timur,,PLM-LHT,PLM10000,PLM20300,C,C,RING 2,SUM-SEL
PLM20326,PLM,SUMATERA,Lahat,Merapi Barat,,PLM-LHT,PLM10000,PLM20300,C,C,RING 2,SUM-SEL
PLM20327,PLM,SUMATERA,Lahat,Tanjung Sakti Pumu,,PLM-LHT,PLM10000,PLM20300,C,C,RING 2,SUM-SEL
PLM20328,PLM,SUMATERA,Lahat,Tanjung Sakti Pumi,,PLM-LHT,PLM10000,PLM20300,C,C,RING 2,SUM-SEL
PLM20329,PLM,SUMATERA,Lahat,Gumay Talang,,PLM-LHT,PLM10000,PLM20300,C,C,RING 2,SUM-SEL
PLM20330,PLM,SUMATERA,Lahat,Pagar Gunung,,PLM-LHT,PLM10000,PLM20300,C,C,RING 2,SUM-SEL
PLM20331,PLM,SUMATERA,Lahat,Pseksu,,PLM-LHT,PLM10000,PLM20300,C,C,RING 2,SUM-SEL
PLM20332,PLM,SUMATERA,Lahat,Gumay Ulu,,PLM-LHT,PLM10000,PLM20300,C,C,RING 2,SUM-SEL
PLM20333,PLM,SUMATERA,Lahat,Merapi Selatan,,PLM-LHT,PLM10000,PLM20300,C,C,RING 2,SUM-SEL
PLM20334,PLM,SUMATERA,Lahat,Muarapayang,,PLM-PGA,PLM10000,PLM20600,C,C,RING 2,SUM-SEL
PLM20335,PLM,SUMATERA,Lahat,Sukamerindu,,PLM-PGA,PLM10000,PLM20600,C,C,RING 2,SUM-SEL
PLM20336,PLM,SUMATERA,Lahat,Tanjung Tebat,,PLM-LHT,PLM10000,PLM20300,C,C,RING 2,SUM-SEL
PLM20500,PLM,SUMATERA,Lahat,Muara Enim,CABANG,PLM-MUE,PLM10000,PLM20500,B,B,RING 2,SUM-SEL
PLM20501,PLM,SUMATERA,Lahat,Gunung Megang,,PLM-MUE,PLM10000,PLM20500,C,C,RING 2,SUM-SEL
PLM20503,PLM,SUMATERA,Muara Enim,Tanjung Agung,,PLM-LWK,PLM10000,PLM20508,C,C,RING 2,SUM-SEL
PLM20504,PLM,SUMATERA,Lahat,Gelumbang,,PLM-MUE,PLM10000,PLM20500,C,C,RING 2,SUM-SEL
PLM20505,PLM,SUMATERA,Muara Enim,Rembang Dangku,,PLM-MUE,PLM10000,PLM20500,C,C,RING 2,SUM-SEL
PLM20506,PLM,SUMATERA,Muara Enim,Rambang,,PLM-PBM,PLM10000,PLM20700,C,C,RING 2,SUM-SEL
PLM20507,PLM,SUMATERA,Lahat,Benakat,,PLM-MUE,PLM10000,PLM20500,C,C,RING 2,SUM-SEL
PLM20508,PLM,SUMATERA,Muara Enim,Lawang Kidul,CABANG,PLM-LWK,PLM10000,PLM20508,B,B,RING 2,SUM-SEL
PLM20509,PLM,SUMATERA,Lahat,Lembak,,PLM-MUE,PLM10000,PLM20500,C,C,RING 2,SUM-SEL
PLM20510,PLM,SUMATERA,Muara Enim,Lubai,,PLM-MUE,PLM10000,PLM20500,C,C,RING 2,SUM-SEL
PLM20511,PLM,SUMATERA,Penukal Abab Lematang Ilir,Penukal,,PLM-TLU,PLM10000,PLM20517,C,C,RING 2,SUM-SEL
PLM20512,PLM,SUMATERA,Muara Enim,Penukal Utara,,PLM-TLU,PLM10000,PLM20517,C,C,RING 2,SUM-SEL
PLM20513,PLM,SUMATERA,Muara Enim,Semende Darat Laut,,PLM-LWK,PLM10000,PLM20508,C,C,RING 2,SUM-SEL
PLM20514,PLM,SUMATERA,Muara Enim,Semende Darat Tengah,,PLM-LWK,PLM10000,PLM20508,C,C,RING 2,SUM-SEL
PLM20515,PLM,SUMATERA,Muara Enim,Semende Darat Ulu,,PLM-LWK,PLM10000,PLM20508,C,C,RING 2,SUM-SEL
PLM20516,PLM,SUMATERA,Lahat,Sungai Rotan,,PLM-MUE,PLM10000,PLM20500,C,C,RING 2,SUM-SEL
PLM20517,PLM,SUMATERA,Muara Enim,Talang Ubi,CABANG,PLM-TLU,PLM10000,PLM20517,C,C,RING 2,SUM-SEL
PLM20518,PLM,SUMATERA,Penukal Abab Lematang Ilir,Tanah Abang,,PLM-MUE,PLM10000,PLM20500,C,C,RING 2,SUM-SEL
PLM20519,PLM,SUMATERA,Muara Enim,Ujan Mas,,PLM-MUE,PLM10000,PLM20500,C,C,RING 2,SUM-SEL
PLM20520,PLM,SUMATERA,Penukal Abab Lematang Ilir,Abab,,PLM-TLU,PLM10000,PLM20517,C,C,RING 2,SUM-SEL
PLM20521,PLM,SUMATERA,Muara Enim,Muara Belida,,PLM-MUE,PLM10000,PLM20500,C,C,RING 2,SUM-SEL
PLM20522,PLM,SUMATERA,Muara Enim,Kelekar,,PLM-MUE,PLM10000,PLM20500,C,C,RING 2,SUM-SEL
PLM20523,PLM,SUMATERA,Muara Enim,Belida Darat,,PLM-MUE,PLM10000,PLM20500,C,C,RING 2,SUM-SEL
PLM20524,PLM,SUMATERA,Muara Enim,Belimbing,,PLM-MUE,PLM10000,PLM20500,C,C,RING 2,SUM-SEL
PLM20525,PLM,SUMATERA,Muara Enim,Lubai Ulu,,PLM-MUE,PLM10000,PLM20500,C,C,RING 2,SUM-SEL
PLM20600,PLM,SUMATERA,Kota Pagar Alam,Pagar Alam,CABANG,PLM-PGA,PLM10000,PLM20600,B,C,RING 2,SUM-SEL
PLM20606,PLM,SUMATERA,Pagar Alam,Pagar Alam Utara,,PLM-PGA,PLM10000,PLM20600,B,C,RING 2,SUM-SEL
PLM20607,PLM,SUMATERA,Pagar Alam,Pagar Alam Selatan,,PLM-PGA,PLM10000,PLM20600,B,C,RING 2,SUM-SEL
PLM20608,PLM,SUMATERA,Pagar Alam,Dempo Selatan,,PLM-PGA,PLM10000,PLM20600,C,C,RING 2,SUM-SEL
PLM20609,PLM,SUMATERA,Pagar Alam,Dempo Tengah,,PLM-PGA,PLM10000,PLM20600,C,C,RING 2,SUM-SEL
PLM20610,PLM,SUMATERA,Pagar Alam,Dempo Utara,,PLM-PGA,PLM10000,PLM20600,C,C,RING 2,SUM-SEL
PLM20700,PLM,SUMATERA,Kota Prabumulih,Prabumulih,CABANG,PLM-PBM,PLM10000,PLM20700,B,B,RING 2,SUM-SEL
PLM20704,PLM,SUMATERA,Prabumulih,Cambai,,PLM-PBM,PLM10000,PLM20700,B,B,RING 2,SUM-SEL
PLM20705,PLM,SUMATERA,Prabumulih,Prabumulih Barat,,PLM-PBM,PLM10000,PLM20700,B,B,RING 2,SUM-SEL
PLM20707,PLM,SUMATERA,Prabumulih,Rambang Kapak Tengah,,PLM-PBM,PLM10000,PLM20700,B,C,RING 2,SUM-SEL
PLM20708,PLM,SUMATERA,Prabumulih,Prabumulih Timur,,PLM-PBM,PLM10000,PLM20700,B,B,RING 2,SUM-SEL
PLM20709,PLM,SUMATERA,Prabumulih,Prabumulih Selatan,,PLM-PBM,PLM10000,PLM20700,B,B,RING 2,SUM-SEL
PLM20710,PLM,SUMATERA,Prabumulih,Prabumulih Utara,,PLM-PBM,PLM10000,PLM20700,B,B,RING 2,SUM-SEL
PLM20800,PLM,SUMATERA,Prabumulih,Sekayu,CABANG,PLM-SKY,PLM10000,PLM20800,B,C,RING 2,SUM-SEL
PLM20801,PLM,SUMATERA,Musi Banyuasin,Babat Toman,,PLM-SKY,PLM10000,PLM20800,C,C,RING 2,SUM-SEL
PLM20805,PLM,SUMATERA,Musi Banyuasin,Bayung Lencir,,PLM-SLN,PLM10000,PLM20806,C,C,RING 2,SUM-SEL
PLM20806,PLM,SUMATERA,Musi Banyuasin,Sungai Lilin,CABANG,PLM-SLN,PLM10000,PLM20806,B,B,RING 2,SUM-SEL
PLM20816,PLM,SUMATERA,Musi Banyuasin,Batanghari Leko,,PLM-SKY,PLM10000,PLM20800,C,C,RING 2,SUM-SEL
PLM20817,PLM,SUMATERA,Musi Banyuasin,Keluang,,PLM-SLN,PLM10000,PLM20806,C,C,RING 2,SUM-SEL
PLM20818,PLM,SUMATERA,Musi Banyuasin,Lais,,PLM-PBI,PLM10000,PLM21000,C,C,RING 2,SUM-SEL
PLM20819,PLM,SUMATERA,Musi Banyuasin,Sanga Desa,,PLM-SKY,PLM10000,PLM20800,C,C,RING 2,SUM-SEL
PLM20820,PLM,SUMATERA,Musi Banyuasin,Sungai Keruh,,PLM-SKY,PLM10000,PLM20800,C,C,RING 2,SUM-SEL
PLM20821,PLM,SUMATERA,Musi Banyuasin,Plakat Tinggi (Pelakat Tinggi),,PLM-SKY,PLM10000,PLM20800,C,C,RING 2,SUM-SEL
PLM20822,PLM,SUMATERA,Musi Banyuasin,Lalan (Sungai Lalan),,PLM-SLN,PLM10000,PLM20806,C,C,RING 2,SUM-SEL
PLM20823,PLM,SUMATERA,Musi Banyuasin,Babat Supat,,PLM-SLN,PLM10000,PLM20806,C,C,RING 2,SUM-SEL
PLM20824,PLM,SUMATERA,Musi Banyuasin,Lawang Wetan,,PLM-SKY,PLM10000,PLM20800,C,C,RING 2,SUM-SEL
PLM20825,PLM,SUMATERA,Musi Banyuasin,Tungkal Jaya,,PLM-SLN,PLM10000,PLM20806,C,C,RING 2,SUM-SEL
PLM21000,PLM,SUMATERA,Kab. Banyuasin,Pangkalan Balai,CABANG,PLM-PBI,PLM10000,PLM21000,B,B,RING 2,SUM-SEL
PLM21001,PLM,SUMATERA,Banyuasin,Banyuasin I,CABANG,PLM-BYA,PLM10000,PLM21001,C,C,RING 2,SUM-SEL
PLM21002,PLM,SUMATERA,Banyuasin,Banyuasin II,,PLM-BYA,PLM10000,PLM21001,C,C,RING 2,SUM-SEL
PLM21003,PLM,SUMATERA,Banyuasin,Banyuasin III,,PLM-PBI,PLM10000,PLM21000,C,C,RING 2,SUM-SEL
PLM21005,PLM,SUMATERA,Banyuasin,Betung,,PLM-PBI,PLM10000,PLM21000,C,C,RING 2,SUM-SEL
PLM21006,PLM,SUMATERA,Banyuasin,Makarti Jaya,,PLM-BYA,PLM10000,PLM21001,C,C,RING 2,SUM-SEL
PLM21007,PLM,SUMATERA,Banyuasin,Muara Telang,,PLM-BYA,PLM10000,PLM21001,C,C,RING 2,SUM-SEL
PLM21008,PLM,SUMATERA,Banyuasin,Pulau Rimau,,PLM-PBI,PLM10000,PLM21000,C,C,RING 2,SUM-SEL
PLM21009,PLM,SUMATERA,Banyuasin,Rambutan,,PLM-BYA,PLM10000,PLM21001,C,C,RING 2,SUM-SEL
PLM21010,PLM,SUMATERA,Banyuasin,Rantau Bayur,,PLM-PBI,PLM10000,PLM21000,C,C,RING 2,SUM-SEL
PLM21011,PLM,SUMATERA,Banyuasin,Talang Kelapa,CABANG,PLM-TLK,PLM10000,PLM21011,C,C,RING 2,SUM-SEL
PLM21012,PLM,SUMATERA,Banyuasin,Muara Padang,,PLM-BYA,PLM10000,PLM21001,C,C,RING 2,SUM-SEL
PLM21013,PLM,SUMATERA,Banyuasin,Air Salek,,PLM-BYA,PLM10000,PLM21001,C,C,RING 2,SUM-SEL
PLM21014,PLM,SUMATERA,Banyuasin,Muara Sugihan,,PLM-BYA,PLM10000,PLM21001,C,C,RING 2,SUM-SEL
PLM21015,PLM,SUMATERA,Banyuasin,Tanjung Lago,,PLM-BYA,PLM10000,PLM21001,C,C,RING 2,SUM-SEL
PLM21016,PLM,SUMATERA,Musi Banyuasin,Tungkal Ilir,,PLM-SLN,PLM10000,PLM20806,C,C,RING 2,SUM-SEL
PLM21017,PLM,SUMATERA,Banyuasin,Air Kumbang,,PLM-BYA,PLM10000,PLM21001,C,C,RING 2,SUM-SEL
PLM21018,PLM,SUMATERA,Banyuasin,Sembawa,,PLM-PBI,PLM10000,PLM21000,C,C,RING 2,SUM-SEL
PLM21019,PLM,SUMATERA,Banyuasin,Suak Tapeh,,PLM-PBI,PLM10000,PLM21000,C,C,RING 2,SUM-SEL
PLM21020,PLM,SUMATERA,Banyuasin,Sumber Marga Telang,,PLM-BYA,PLM10000,PLM21001,C,C,RING 2,SUM-SEL
PLM21100,PLM,SUMATERA,Lahat,Tebing Tinggi,CABANG,PLM-TBI,PLM10000,PLM21100,B,C,RING 2,SUM-SEL
PLM21101,PLM,SUMATERA,Lahat,Lintang Kanan,,PLM-TBI,PLM10000,PLM21100,C,C,RING 2,SUM-SEL
PLM21102,PLM,SUMATERA,Empat Lawang,Muara Pinang,,PLM-TBI,PLM10000,PLM21100,C,C,RING 2,SUM-SEL
PLM21103,PLM,SUMATERA,Empat Lawang,Pasemah Air Keruh,,PLM-TBI,PLM10000,PLM21100,C,C,RING 2,SUM-SEL
PLM21104,PLM,SUMATERA,Empat Lawang,Pendopo,,PLM-TBI,PLM10000,PLM21100,C,C,RING 2,SUM-SEL
PLM21105,PLM,SUMATERA,Empat Lawang,Talang Padang,,PLM-TBI,PLM10000,PLM21100,C,C,RING 2,SUM-SEL
PLM21106,PLM,SUMATERA,Empat Lawang,Ulu Musi,,PLM-TBI,PLM10000,PLM21100,C,C,RING 2,SUM-SEL
PLM21107,PLM,SUMATERA,Empat Lawang,Pendopo Barat,,PLM-TBI,PLM10000,PLM21100,C,C,RING 2,SUM-SEL
PLM21108,PLM,SUMATERA,Empat Lawang,Saling,,PLM-TBI,PLM10000,PLM21100,C,C,RING 2,SUM-SEL
PLM21109,PLM,SUMATERA,Empat Lawang,Sikap Dalam,,PLM-TBI,PLM10000,PLM21100,C,C,RING 2,SUM-SEL
PLM21300,PLM,SUMATERA,Empat Lawang,Indralaya,CABANG,PLM-IDL,PLM10000,PLM21300,B,B,RING 2,SUM-SEL
PLM21301,PLM,SUMATERA,Ogan Ilir,Muara Kuang,,PLM-IDL,PLM10000,PLM21300,C,C,RING 2,SUM-SEL
PLM21302,PLM,SUMATERA,Ogan Ilir,Pemulutan,,PLM-IDL,PLM10000,PLM21300,C,C,RING 2,SUM-SEL
PLM21303,PLM,SUMATERA,Ogan Ilir,Rantau Alai,,PLM-IDL,PLM10000,PLM21300,C,C,RING 2,SUM-SEL
PLM21304,PLM,SUMATERA,Ogan Ilir,Tanjung Batu,,PLM-IDL,PLM10000,PLM21300,C,C,RING 2,SUM-SEL
PLM21305,PLM,SUMATERA,Ogan Ilir,Tanjung Raja,,PLM-IDL,PLM10000,PLM21300,C,C,RING 2,SUM-SEL
PLM21306,PLM,SUMATERA,Ogan Ilir,Indralaya Utara,,PLM-IDL,PLM10000,PLM21300,B,B,RING 2,SUM-SEL
PLM21307,PLM,SUMATERA,Ogan Ilir,Indralaya Selatan,,PLM-IDL,PLM10000,PLM21300,B,C,RING 2,SUM-SEL
PLM21308,PLM,SUMATERA,Ogan Ilir,Pemulutan Selatan,,PLM-IDL,PLM10000,PLM21300,C,C,RING 2,SUM-SEL
PLM21309,PLM,SUMATERA,Ogan Ilir,Pemulutan Barat,,PLM-IDL,PLM10000,PLM21300,C,C,RING 2,SUM-SEL
PLM21310,PLM,SUMATERA,Ogan Ilir,Kandis,,PLM-IDL,PLM10000,PLM21300,C,C,RING 2,SUM-SEL
PLM21311,PLM,SUMATERA,Ogan Ilir,Lubuk Keliat,,PLM-IDL,PLM10000,PLM21300,C,C,RING 2,SUM-SEL
PLM21312,PLM,SUMATERA,Ogan Ilir,Rambang Kuang,,PLM-IDL,PLM10000,PLM21300,C,C,RING 2,SUM-SEL
PLM21313,PLM,SUMATERA,Ogan Ilir,Sungai Pinang,,PLM-IDL,PLM10000,PLM21300,C,C,RING 2,SUM-SEL
PLM21314,PLM,SUMATERA,Ogan Ilir,Rantau Panjang,,PLM-IDL,PLM10000,PLM21300,C,C,RING 2,SUM-SEL
PLM21315,PLM,SUMATERA,Ogan Ilir,Payaraman,,PLM-IDL,PLM10000,PLM21300,C,C,RING 2,SUM-SEL
PLM21400,PLM,SUMATERA,Ogan Komering Ulu Timur,Martapura,CABANG,PLM-MTR,PLM10000,PLM21400,B,C,RING 2,SUM-SEL
PLM21401,PLM,SUMATERA,Kab. Ogan Komering Ulu Timur,Belitang,CABANG,PLM-BLT,PLM10000,PLM21401,C,C,RING 2,SUM-SEL
PLM21402,PLM,SUMATERA,Ogan Komering Ulu Timur,Belitang II,,PLM-BLT,PLM10000,PLM21401,C,C,RING 2,SUM-SEL
PLM21403,PLM,SUMATERA,Ogan Komering Ulu Timur,Belitang III,,PLM-BLT,PLM10000,PLM21401,C,C,RING 2,SUM-SEL
PLM21404,PLM,SUMATERA,Ogan Komering Ulu Timur,Buay Madang,,PLM-MTR,PLM10000,PLM21400,C,C,RING 2,SUM-SEL
PLM21405,PLM,SUMATERA,Ogan Komering Ulu Timur,Buay Pemuka Peliung,,PLM-MTR,PLM10000,PLM21400,C,C,RING 2,SUM-SEL
PLM21406,PLM,SUMATERA,Ogan Komering Ulu Timur,Cempaka,,PLM-BLT,PLM10000,PLM21401,C,C,RING 2,SUM-SEL
PLM21407,PLM,SUMATERA,Ogan Komering Ulu Timur,Madang Suku I,,PLM-BLT,PLM10000,PLM21401,C,C,RING 2,SUM-SEL
PLM21408,PLM,SUMATERA,Ogan Komering Ulu Timur,Madang Suku II,,PLM-BLT,PLM10000,PLM21401,C,C,RING 2,SUM-SEL
PLM21409,PLM,SUMATERA,Ogan Komering Ulu Timur,Semendawai Suku III,,PLM-BLT,PLM10000,PLM21401,C,C,RING 2,SUM-SEL
PLM21411,PLM,SUMATERA,Ogan Komering Ulu Timur,Madang Suku III,,PLM-BRJ,PLM10000,PLM20100,C,C,RING 2,SUM-SEL
PLM21412,PLM,SUMATERA,Ogan Komering Ulu Timur,Bunga Mayang,,PLM-MTR,PLM10000,PLM21400,C,C,RING 2,SUM-SEL
PLM21413,PLM,SUMATERA,Ogan Komering Ulu Timur,Jayapura,,PLM-MTR,PLM10000,PLM21400,C,C,RING 2,SUM-SEL
PLM21414,PLM,SUMATERA,Ogan Komering Ulu Timur,Buay Pemuka Bangsa Raja,,PLM-MTR,PLM10000,PLM21400,C,C,RING 2,SUM-SEL
PLM21416,PLM,SUMATERA,Ogan Komering Ulu Timur,Belitang Mulya,,PLM-BLT,PLM10000,PLM21401,C,C,RING 2,SUM-SEL
PLM21417,PLM,SUMATERA,Ogan Komering Ulu Timur,Belitang Madang Raya,,PLM-BLT,PLM10000,PLM21401,C,C,RING 2,SUM-SEL
PLM21418,PLM,SUMATERA,Ogan Komering Ulu Timur,Belitang Jaya,,PLM-BLT,PLM10000,PLM21401,C,C,RING 2,SUM-SEL
PLM21419,PLM,SUMATERA,Ogan Komering Ulu Timur,Buay Madang Timur,,PLM-BLT,PLM10000,PLM21401,C,C,RING 2,SUM-SEL
PLM21421,PLM,SUMATERA,Ogan Komering Ulu Timur,Semendawai Timur,,PLM-BLT,PLM10000,PLM21401,C,C,RING 2,SUM-SEL
PLM21422,PLM,SUMATERA,Ogan Komering Ulu Timur,Semendawai Barat,,PLM-BLT,PLM10000,PLM21401,C,C,RING 2,SUM-SEL
PLM21500,PLM,SUMATERA,Kab. Ogan Komering Ulu Selatan,Muaradua,CABANG,PLM-MRD,PLM10000,PLM21500,B,C,RING 2,SUM-SEL
PLM21501,PLM,SUMATERA,Ogan Komering Ulu Selatan,Banding Agung,,PLM-MRD,PLM10000,PLM21500,C,C,RING 2,SUM-SEL
PLM21502,PLM,SUMATERA,Ogan Komering Ulu Selatan,Buay Pemaca,,PLM-MRD,PLM10000,PLM21500,C,C,RING 2,SUM-SEL
PLM21503,PLM,SUMATERA,Ogan Komering Ulu Selatan,Buay Runjung,,PLM-MRD,PLM10000,PLM21500,C,C,RING 2,SUM-SEL
PLM21504,PLM,SUMATERA,Ogan Komering Ulu Selatan,Buay Sandang Aji,,PLM-MRD,PLM10000,PLM21500,C,C,RING 2,SUM-SEL
PLM21505,PLM,SUMATERA,Ogan Komering Ulu Selatan,Kisam Tinggi,,PLM-MRD,PLM10000,PLM21500,C,C,RING 2,SUM-SEL
PLM21506,PLM,SUMATERA,Ogan Komering Ulu Selatan,Mekakau Ilir,,PLM-MRD,PLM10000,PLM21500,C,C,RING 2,SUM-SEL
PLM21507,PLM,SUMATERA,Ogan Komering Ulu Selatan,Muaradua Kisam,,PLM-MRD,PLM10000,PLM21500,C,C,RING 2,SUM-SEL
PLM21508,PLM,SUMATERA,Ogan Komering Ulu Selatan,Pulau Beringin,,PLM-MRD,PLM10000,PLM21500,C,C,RING 2,SUM-SEL
PLM21509,PLM,SUMATERA,Ogan Komering Ulu Selatan,Simpang,,PLM-MRD,PLM10000,PLM21500,C,C,RING 2,SUM-SEL
PLM21510,PLM,SUMATERA,Ogan Komering Ulu Selatan,Sungai Are,,PLM-MRD,PLM10000,PLM21500,C,C,RING 2,SUM-SEL
PLM21511,PLM,SUMATERA,Ogan Komering Ulu Selatan,Buana Pemaca,,PLM-MRD,PLM10000,PLM21500,C,C,RING 2,SUM-SEL
PLM21512,PLM,SUMATERA,Ogan Komering Ulu Selatan,Warkuk Ranau Selatan,,PLM-MRD,PLM10000,PLM21500,C,C,RING 2,SUM-SEL
PLM21513,PLM,SUMATERA,Ogan Komering Ulu Selatan,Kisam Ilir,,PLM-MRD,PLM10000,PLM21500,C,C,RING 2,SUM-SEL
PLM21514,PLM,SUMATERA,Ogan Komering Ulu Selatan,Runjung Agung,,PLM-MRD,PLM10000,PLM21500,C,C,RING 2,SUM-SEL
PLM21515,PLM,SUMATERA,Ogan Komering Ulu Selatan,Tiga Dihaji,,PLM-MRD,PLM10000,PLM21500,C,C,RING 2,SUM-SEL
PLM21516,PLM,SUMATERA,Ogan Komering Ulu Selatan,Buay Rawan,,PLM-MRD,PLM10000,PLM21500,C,C,RING 2,SUM-SEL
PLM21517,PLM,SUMATERA,Ogan Komering Ulu Selatan,Buay Pematang Ribu Ranau Tengah,,PLM-MRD,PLM10000,PLM21500,C,C,RING 2,SUM-SEL
PLM21518,PLM,SUMATERA,Ogan Komering Ulu Selatan,Sindang Danau,,PLM-MRD,PLM10000,PLM21500,C,C,RING 2,SUM-SEL
PLM21600,PLM,SUMATERA,Kota Lubuk Linggau,Lubuk Linggau,CABANG,PLM-LLG,PLM10000,PLM21600,B,C,RING 2,SUM-SEL
PLM21601,PLM,SUMATERA,Lubuk Linggau,Lubuk Linggau Barat Satu (I),,PLM-LLG,PLM10000,PLM21600,B,C,RING 2,SUM-SEL
PLM21602,PLM,SUMATERA,Lubuk Linggau,Lubuk Linggau Barat Dua (II),,PLM-LLG,PLM10000,PLM21600,B,C,RING 2,SUM-SEL
PLM21603,PLM,SUMATERA,Lubuk Linggau,Lubuk Linggau Selatan Satu (I),,PLM-LLG,PLM10000,PLM21600,B,C,RING 2,SUM-SEL
PLM21604,PLM,SUMATERA,Lubuk Linggau,Lubuk Linggau Selatan Dua (II),,PLM-LLG,PLM10000,PLM21600,B,C,RING 2,SUM-SEL
PLM21605,PLM,SUMATERA,Lubuk Linggau,Lubuk Linggau Timur Satu (I),,PLM-LLG,PLM10000,PLM21600,B,C,RING 2,SUM-SEL
PLM21606,PLM,SUMATERA,Lubuk Linggau,Lubuk Linggau Timur Dua (II),,PLM-LLG,PLM10000,PLM21600,B,C,RING 2,SUM-SEL
PLM21607,PLM,SUMATERA,Lubuk Linggau,Lubuk Linggau Utara Satu (I),,PLM-LLG,PLM10000,PLM21600,B,C,RING 2,SUM-SEL
PLM21608,PLM,SUMATERA,Lubuk Linggau,Lubuk Linggau Utara Dua (II),,PLM-LLG,PLM10000,PLM21600,B,C,RING 2,SUM-SEL
TJQ10000,TJQ,SUMATERA,Kab. Belitung,Tanjung Pandan,CABANG UTAMA,TJQ,TJQ10000,TJQ10000,A,A,RING 1,SUM-SEL
TJQ10005,TJQ,SUMATERA,Belitung,Membalong,,TJQ,TJQ10000,TJQ10000,C,C,RING 2,SUM-SEL
TJQ10006,TJQ,SUMATERA,Belitung,Selat Nasik,,TJQ,TJQ10000,TJQ10000,C,C,RING 2,SUM-SEL
TJQ10008,TJQ,SUMATERA,Belitung,Badau,,TJQ,TJQ10000,TJQ10000,C,C,RING 2,SUM-SEL
TJQ10009,TJQ,SUMATERA,Belitung,Sijuk,,TJQ,TJQ10000,TJQ10000,C,C,RING 2,SUM-SEL
TJQ10100,TJQ,SUMATERA,Kab. Belitung Timur,Manggar,CABANG,TJQ-MGR,TJQ10000,TJQ10100,B,B,RING 2,SUM-SEL
TJQ10101,TJQ,SUMATERA,Belitung Timur,Dendang,,TJQ-MGR,TJQ10000,TJQ10100,C,C,RING 2,SUM-SEL
TJQ10102,TJQ,SUMATERA,Belitung Timur,Gantung,CABANG,TJQ-GTU,TJQ10000,TJQ10102,C,C,RING 2,SUM-SEL
TJQ10103,TJQ,SUMATERA,Belitung Timur,Kelapa Kampit,CABANG,TJQ-KKT,TJQ10000,TJQ10103,C,C,RING 2,SUM-SEL
TJQ10104,TJQ,SUMATERA,Belitung Timur,Damar,,TJQ,TJQ10000,TJQ10000,C,C,RING 2,SUM-SEL
TJQ10105,TJQ,SUMATERA,Belitung Timur,Simpang Pesak,,TJQ,TJQ10000,TJQ10000,C,C,RING 2,SUM-SEL
TJQ10106,TJQ,SUMATERA,Belitung Timur,Simpang Renggiang,,TJQ,TJQ10000,TJQ10000,C,C,RING 2,SUM-SEL
TKG10000,TKG,SUMATERA,Kota Bandar Lampung,Bandar Lampung,CABANG UTAMA,TKG,TKG10000,TKG10000,A,A,RING 1,SUM-SEL
TKG10032,TKG,SUMATERA,Bandar Lampung ,Kedaton,,TKG,TKG10000,TKG10000,A,A,RING 1,SUM-SEL
TKG10033,TKG,SUMATERA,Bandar Lampung ,Kemiling,,TKG,TKG10000,TKG10000,A,A,RING 1,SUM-SEL
TKG10034,TKG,SUMATERA,Bandar Lampung ,Panjang,,TKG,TKG10000,TKG10000,A,A,RING 1,SUM-SEL
TKG10035,TKG,SUMATERA,Bandar Lampung ,Rajabasa,,TKG,TKG10000,TKG10000,A,A,RING 1,SUM-SEL
TKG10036,TKG,SUMATERA,Bandar Lampung ,Sukabumi,,TKG,TKG10000,TKG10000,A,A,RING 1,SUM-SEL
TKG10037,TKG,SUMATERA,Bandar Lampung ,Sukarame,,TKG,TKG10000,TKG10000,A,A,RING 1,SUM-SEL
TKG10038,TKG,SUMATERA,Bandar Lampung ,Tanjung Karang Barat,,TKG,TKG10000,TKG10000,A,A,RING 1,SUM-SEL
TKG10039,TKG,SUMATERA,Bandar Lampung ,Tanjung Karang Pusat,,TKG,TKG10000,TKG10000,A,A,RING 1,SUM-SEL
TKG10040,TKG,SUMATERA,Bandar Lampung ,Tanjung Karang Timur,,TKG,TKG10000,TKG10000,A,A,RING 1,SUM-SEL
TKG10041,TKG,SUMATERA,Bandar Lampung ,Tanjung Senang,,TKG,TKG10000,TKG10000,A,A,RING 1,SUM-SEL
TKG10042,TKG,SUMATERA,Bandar Lampung ,Telukbetung Barat,,TKG,TKG10000,TKG10000,A,A,RING 1,SUM-SEL
TKG10043,TKG,SUMATERA,Bandar Lampung ,Telukbetung Selatan,,TKG,TKG10000,TKG10000,A,A,RING 1,SUM-SEL
TKG10044,TKG,SUMATERA,Bandar Lampung ,Telukbetung Utara,,TKG,TKG10000,TKG10000,A,A,RING 1,SUM-SEL
TKG10045,TKG,SUMATERA,Bandar Lampung ,Bumi Waras,,TKG,TKG10000,TKG10000,A,A,RING 1,SUM-SEL
TKG10046,TKG,SUMATERA,Bandar Lampung ,Enggal,,TKG,TKG10000,TKG10000,A,A,RING 1,SUM-SEL
TKG10047,TKG,SUMATERA,Bandar Lampung ,Kedamaian,,TKG,TKG10000,TKG10000,A,A,RING 1,SUM-SEL
TKG10048,TKG,SUMATERA,Bandar Lampung ,Langkapura,,TKG,TKG10000,TKG10000,A,A,RING 1,SUM-SEL
TKG10049,TKG,SUMATERA,Bandar Lampung ,Telukbetung Timur,,TKG,TKG10000,TKG10000,A,A,RING 1,SUM-SEL
TKG10050,TKG,SUMATERA,Bandar Lampung ,Way Halim,,TKG,TKG10000,TKG10000,A,A,RING 1,SUM-SEL
TKG10051,TKG,SUMATERA,Bandar Lampung ,Labuhan Ratu,,TKG,TKG10000,TKG10000,A,A,RING 1,SUM-SEL
TKG20100,TKG,SUMATERA,Kab. Lampung Selatan,Kalianda,CABANG,TKG-KLA,TKG10000,TKG20100,B,B,RING 2,SUM-SEL
TKG20101,TKG,SUMATERA,Lampung Selatan ,Palas,,TKG-KLA,TKG10000,TKG20100,C,C,RING 2,SUM-SEL
TKG20102,TKG,SUMATERA,Lampung Selatan ,Penengahan,,TKG-KLA,TKG10000,TKG20100,C,C,RING 2,SUM-SEL
TKG20103,TKG,SUMATERA,Lampung Selatan ,Natar,,TKG-KLA,TKG10000,TKG20100,A,B,RING 2,SUM-SEL
TKG20104,TKG,SUMATERA,Lampung Selatan,Tanjung Bintang,CABANG,TKG-TBG,TKG10000,TKG20104,C,C,RING 2,SUM-SEL
TKG20105,TKG,SUMATERA,Lampung Selatan ,Candipuro,,TKG-KTI,TKG10000,TKG20107,C,C,RING 2,SUM-SEL
TKG20106,TKG,SUMATERA,Lampung Selatan ,Jati Agung,CABANG,TKG-JAG,TKG10000,TKG20106,C,C,RING 2,SUM-SEL
TKG20107,TKG,SUMATERA,Lampung Selatan,Katibung,CABANG,TKG-KTI,TKG10000,TKG20107,C,C,RING 2,SUM-SEL
TKG20108,TKG,SUMATERA,Lampung Selatan ,Ketapang,,TKG-KLA,TKG10000,TKG20100,C,C,RING 2,SUM-SEL
TKG20109,TKG,SUMATERA,Lampung Selatan ,Merbau Mataram,,TKG-TBG,TKG10000,TKG20104,C,C,RING 2,SUM-SEL
TKG20111,TKG,SUMATERA,Lampung Selatan ,Rajabasa,,TKG-KLA,TKG10000,TKG20100,C,C,RING 2,SUM-SEL
TKG20112,TKG,SUMATERA,Lampung Selatan ,Sidomulyo,,TKG-KTI,TKG10000,TKG20107,C,C,RING 2,SUM-SEL
TKG20113,TKG,SUMATERA,Lampung Selatan ,Sragi,,TKG-KLA,TKG10000,TKG20100,C,C,RING 2,SUM-SEL
TKG20115,TKG,SUMATERA,Lampung Selatan ,Bakauheni,,TKG-KLA,TKG10000,TKG20100,C,C,RING 2,SUM-SEL
TKG20116,TKG,SUMATERA,Lampung Selatan ,Tanjung Sari,,TKG-TBG,TKG10000,TKG20104,C,C,RING 2,SUM-SEL
TKG20117,TKG,SUMATERA,Lampung Selatan ,Way Panji,,TKG-KLA,TKG10000,TKG20100,C,C,RING 2,SUM-SEL
TKG20118,TKG,SUMATERA,Lampung Selatan ,Way Sulan,,TKG-KTI,TKG10000,TKG20107,C,C,RING 2,SUM-SEL
TKG20200,TKG,SUMATERA,Kab. Lampung Utara,Kotabumi,CABANG,TKG-KTB,TKG10000,TKG20200,C,C,RING 2,SUM-SEL
TKG20201,TKG,SUMATERA,Lampung Utara ,Abung Barat,,TKG-KTB,TKG10000,TKG20200,C,C,RING 2,SUM-SEL
TKG20202,TKG,SUMATERA,Lampung Utara ,Abung Selatan,,TKG-KTB,TKG10000,TKG20200,C,C,RING 2,SUM-SEL
TKG20203,TKG,SUMATERA,Lampung Utara ,Abung Timur,,TKG-KTB,TKG10000,TKG20200,C,C,RING 2,SUM-SEL
TKG20210,TKG,SUMATERA,Lampung Utara ,Bukit Kemuning,,TKG-KTB,TKG10000,TKG20200,C,C,RING 2,SUM-SEL
TKG20219,TKG,SUMATERA,Lampung Utara ,Sungkai Selatan,,TKG-KTB,TKG10000,TKG20200,C,C,RING 2,SUM-SEL
TKG20220,TKG,SUMATERA,Lampung Utara ,Sungkai Utara,,TKG-KTB,TKG10000,TKG20200,C,C,RING 2,SUM-SEL
TKG20221,TKG,SUMATERA,Lampung Utara ,Tanjung Raja,,TKG-KTB,TKG10000,TKG20200,C,C,RING 2,SUM-SEL
TKG20224,TKG,SUMATERA,Lampung Utara ,Abung Semuli,,TKG-KTB,TKG10000,TKG20200,C,C,RING 2,SUM-SEL
TKG20225,TKG,SUMATERA,Lampung Utara ,Abung Surakarta,,TKG-KTB,TKG10000,TKG20200,C,C,RING 2,SUM-SEL
TKG20226,TKG,SUMATERA,Lampung Utara ,Abung Tengah,,TKG-KTB,TKG10000,TKG20200,C,C,RING 2,SUM-SEL
TKG20228,TKG,SUMATERA,Lampung Utara ,Abung Tinggi,,TKG-KTB,TKG10000,TKG20200,C,C,RING 2,SUM-SEL
TKG20229,TKG,SUMATERA,Lampung Utara ,Bunga Mayang,,TKG-KTB,TKG10000,TKG20200,C,C,RING 2,SUM-SEL
TKG20230,TKG,SUMATERA,Lampung Utara ,Kotabumi Selatan,,TKG-KTB,TKG10000,TKG20200,C,C,RING 2,SUM-SEL
TKG20231,TKG,SUMATERA,Lampung Utara ,Kotabumi Utara,,TKG-KTB,TKG10000,TKG20200,C,C,RING 2,SUM-SEL
TKG20232,TKG,SUMATERA,Lampung Utara ,Muara Sungkai,,TKG-KTB,TKG10000,TKG20200,C,C,RING 2,SUM-SEL
TKG20300,TKG,SUMATERA,Kota Metro,Metro,CABANG,TKG-MET,TKG10000,TKG20300,B,B,RING 2,SUM-SEL
TKG20333,TKG,SUMATERA,Lampung Utara ,Sungkai Tengah,,TKG-KTB,TKG10000,TKG20200,C,C,RING 2,SUM-SEL
TKG20334,TKG,SUMATERA,Lampung Utara ,Sungkai Jaya,,TKG-KTB,TKG10000,TKG20200,C,C,RING 2,SUM-SEL
TKG20335,TKG,SUMATERA,Lampung Utara ,Sungkai Barat,,TKG-KTB,TKG10000,TKG20200,C,C,RING 2,SUM-SEL
TKG20336,TKG,SUMATERA,Lampung Utara ,Hulu Sungkai,,TKG-KTB,TKG10000,TKG20200,C,C,RING 2,SUM-SEL
TKG20337,TKG,SUMATERA,Lampung Utara ,Blambangan Pagar,,TKG-KTB,TKG10000,TKG20200,C,C,RING 2,SUM-SEL
TKG20338,TKG,SUMATERA,Lampung Utara ,Abung Pekurun,,TKG-KTB,TKG10000,TKG20200,C,C,RING 2,SUM-SEL
TKG20339,TKG,SUMATERA,Lampung Utara ,Abung Kunang,,TKG-KTB,TKG10000,TKG20200,C,C,RING 2,SUM-SEL
TKG20355,TKG,SUMATERA,Metro ,Metro Barat,,TKG-MET,TKG10000,TKG20300,B,B,RING 2,SUM-SEL
TKG20356,TKG,SUMATERA,Metro ,Metro Pusat,,TKG-MET,TKG10000,TKG20300,B,B,RING 2,SUM-SEL
TKG20357,TKG,SUMATERA,Metro ,Metro Selatan,,TKG-MET,TKG10000,TKG20300,B,B,RING 2,SUM-SEL
TKG20358,TKG,SUMATERA,Metro ,Metro Timur,,TKG-MET,TKG10000,TKG20300,B,B,RING 2,SUM-SEL
TKG20359,TKG,SUMATERA,Metro ,Metro Utara,,TKG-MET,TKG10000,TKG20300,B,B,RING 2,SUM-SEL
TKG20400,TKG,SUMATERA,Kab. Lampung Barat,Liwa,CABANG,TKG-LIW,TKG10000,TKG20400,C,C,RING 2,SUM-SEL
TKG20401,TKG,SUMATERA,Lampung Barat ,Balik Bukit,,TKG-LIW,TKG10000,TKG20400,C,C,RING 2,SUM-SEL
TKG20402,TKG,SUMATERA,Lampung Barat ,Belalau,,TKG-LIW,TKG10000,TKG20400,C,C,RING 2,SUM-SEL
TKG20403,TKG,SUMATERA,Pesisir Barat ,Pesisir Utara,,TKG-KRU,TKG10000,TKG20404,C,C,RING 2,SUM-SEL
TKG20404,TKG,SUMATERA,Kab. Lampung Barat,Pesisir Tengah / Krui,CABANG,TKG-KRU,TKG10000,TKG20404,C,C,RING 2,SUM-SEL
TKG20405,TKG,SUMATERA,Pesisir Barat ,Pesisir Selatan,,TKG-KRU,TKG10000,TKG20404,C,C,RING 2,SUM-SEL
TKG20406,TKG,SUMATERA,Lampung Barat ,Sumber Jaya,,TKG-LIW,TKG10000,TKG20400,C,C,RING 2,SUM-SEL
TKG20407,TKG,SUMATERA,Lampung Barat ,Batu Brak,,TKG-LIW,TKG10000,TKG20400,C,C,RING 2,SUM-SEL
TKG20408,TKG,SUMATERA,Pesisir Barat ,Bengkunat,,TKG-KRU,TKG10000,TKG20404,C,C,RING 2,SUM-SEL
TKG20409,TKG,SUMATERA,Pesisir Barat ,Karya Penggawa,,TKG-KRU,TKG10000,TKG20404,C,C,RING 2,SUM-SEL
TKG20410,TKG,SUMATERA,Pesisir Barat ,Lemong,,TKG-KRU,TKG10000,TKG20404,C,C,RING 2,SUM-SEL
TKG20411,TKG,SUMATERA,Lampung Barat ,Sekincau,,TKG-LIW,TKG10000,TKG20400,C,C,RING 2,SUM-SEL
TKG20412,TKG,SUMATERA,Lampung Barat ,Sukau,,TKG-LIW,TKG10000,TKG20400,C,C,RING 2,SUM-SEL
TKG20413,TKG,SUMATERA,Lampung Barat ,Suoh,,TKG-LIW,TKG10000,TKG20400,D,D,RING 2,SUM-SEL
TKG20414,TKG,SUMATERA,Lampung Barat ,Way Tenong,,TKG-LIW,TKG10000,TKG20400,C,C,RING 2,SUM-SEL
TKG20415,TKG,SUMATERA,Pesisir Barat ,Ngambur,,TKG-KRU,TKG10000,TKG20404,C,C,RING 2,SUM-SEL
TKG20416,TKG,SUMATERA,Lampung Barat ,Gedung Surian,,TKG-LIW,TKG10000,TKG20400,C,C,RING 2,SUM-SEL
TKG20417,TKG,SUMATERA,Pesisir Barat ,Bengkunat Belimbing,,TKG-KRU,TKG10000,TKG20404,C,C,RING 2,SUM-SEL
TKG20418,TKG,SUMATERA,Pesisir Barat ,Krui Selatan,,TKG-KRU,TKG10000,TKG20404,C,C,RING 2,SUM-SEL
TKG20419,TKG,SUMATERA,Pesisir Barat ,Pulau Pisang,,TKG-KRU,TKG10000,TKG20404,C,D,RING 2,SUM-SEL
TKG20420,TKG,SUMATERA,Pesisir Barat ,Way Krui,,TKG-KRU,TKG10000,TKG20404,C,C,RING 2,SUM-SEL
TKG20421,TKG,SUMATERA,Lampung Barat ,Air Hitam,,TKG-LIW,TKG10000,TKG20400,C,C,RING 2,SUM-SEL
TKG20422,TKG,SUMATERA,Lampung Barat ,Bandar Negeri Suoh,,TKG-LIW,TKG10000,TKG20400,C,C,RING 2,SUM-SEL
TKG20423,TKG,SUMATERA,Lampung Barat ,Batu Ketulis,,TKG-LIW,TKG10000,TKG20400,C,C,RING 2,SUM-SEL
TKG20424,TKG,SUMATERA,Lampung Barat ,Kebun Tebu,,TKG-LIW,TKG10000,TKG20400,C,C,RING 2,SUM-SEL
TKG20425,TKG,SUMATERA,Lampung Barat ,Lumbok Seminung,,TKG-LIW,TKG10000,TKG20400,C,C,RING 2,SUM-SEL
TKG20426,TKG,SUMATERA,Lampung Barat ,Pagar Dewa,,TKG-LIW,TKG10000,TKG20400,C,C,RING 2,SUM-SEL
TKG20900,TKG,SUMATERA,Lampung Tengah ,Gunung Sugih,,TKG-TBS,TKG10000,TKG20906,B,B,RING 2,SUM-SEL
TKG20901,TKG,SUMATERA,Lampung Tengah ,Padang Ratu,,TKG-TBS,TKG10000,TKG20906,C,C,RING 2,SUM-SEL
TKG20902,TKG,SUMATERA,Lampung Tengah ,Seputih Mataram,,TKG-TBS,TKG10000,TKG20906,C,C,RING 2,SUM-SEL
TKG20903,TKG,SUMATERA,Lampung Tengah ,Seputih Banyak,,TKG-TBS,TKG10000,TKG20906,C,C,RING 2,SUM-SEL
TKG20904,TKG,SUMATERA,Lampung Tengah ,Seputih Surabaya,,TKG-TBS,TKG10000,TKG20906,C,C,RING 2,SUM-SEL
TKG20905,TKG,SUMATERA,Lampung Tengah ,Seputih Raman,,TKG-TBS,TKG10000,TKG20906,C,C,RING 2,SUM-SEL
TKG20906,TKG,SUMATERA,Kab. Lampung Tengah,Terbanggi Besar / Bandar Jaya,CABANG,TKG-TBS,TKG10000,TKG20906,C,C,RING 2,SUM-SEL
TKG20907,TKG,SUMATERA,Lampung Tengah ,Anak Tuha,,TKG-TBS,TKG10000,TKG20906,C,C,RING 2,SUM-SEL
TKG20908,TKG,SUMATERA,Lampung Tengah ,Bandar Mataram,,TKG-TBS,TKG10000,TKG20906,C,C,RING 2,SUM-SEL
TKG20909,TKG,SUMATERA,Lampung Tengah ,Bandar Surabaya,,TKG-TBS,TKG10000,TKG20906,C,C,RING 2,SUM-SEL
TKG20910,TKG,SUMATERA,Lampung Tengah ,Bangun Rejo,,TKG-TBS,TKG10000,TKG20906,C,C,RING 2,SUM-SEL
TKG20911,TKG,SUMATERA,Lampung Tengah ,Bekri,,TKG-TBS,TKG10000,TKG20906,C,C,RING 2,SUM-SEL
TKG20912,TKG,SUMATERA,Lampung Tengah ,Bumi Nabung,,TKG-TBS,TKG10000,TKG20906,C,C,RING 2,SUM-SEL
TKG20913,TKG,SUMATERA,Lampung Tengah ,Bumi Ratu Nuban,,TKG-TBS,TKG10000,TKG20906,C,C,RING 2,SUM-SEL
TKG20914,TKG,SUMATERA,Lampung Tengah ,Kalirejo,,TKG-TBS,TKG10000,TKG20906,C,C,RING 2,SUM-SEL
TKG20915,TKG,SUMATERA,Lampung Tengah ,Kota Gajah,,TKG-TBS,TKG10000,TKG20906,C,C,RING 2,SUM-SEL
TKG20916,TKG,SUMATERA,Lampung Tengah ,Pubian,,TKG-TBS,TKG10000,TKG20906,C,C,RING 2,SUM-SEL
TKG20917,TKG,SUMATERA,Lampung Tengah ,Punggur,,TKG-TBS,TKG10000,TKG20906,C,C,RING 2,SUM-SEL
TKG20918,TKG,SUMATERA,Lampung Tengah ,Rumbia,,TKG-TBS,TKG10000,TKG20906,C,C,RING 2,SUM-SEL
TKG20919,TKG,SUMATERA,Lampung Tengah ,Selagai Lingga,,TKG-TBS,TKG10000,TKG20906,D,D,RING 2,SUM-SEL
TKG20920,TKG,SUMATERA,Lampung Tengah ,Sendang Agung,,TKG-TBS,TKG10000,TKG20906,C,C,RING 2,SUM-SEL
TKG20921,TKG,SUMATERA,Lampung Tengah ,Seputih Agung,,TKG-TBS,TKG10000,TKG20906,C,C,RING 2,SUM-SEL
TKG20922,TKG,SUMATERA,Lampung Tengah ,Terusan Nunyai,,TKG-TBS,TKG10000,TKG20906,C,C,RING 2,SUM-SEL
TKG20923,TKG,SUMATERA,Lampung Tengah ,Trimurjo,,TKG-TBS,TKG10000,TKG20906,C,C,RING 2,SUM-SEL
TKG20924,TKG,SUMATERA,Lampung Tengah ,Way Pangubuan,,TKG-TBS,TKG10000,TKG20906,C,C,RING 2,SUM-SEL
TKG20925,TKG,SUMATERA,Lampung Tengah ,Way Seputih,,TKG-TBS,TKG10000,TKG20906,C,C,RING 2,SUM-SEL
TKG20927,TKG,SUMATERA,Bandar Jaya,Bandar Jaya,,TKG-TBS,TKG10000,TKG20906,C,C,RING 2,SUM-SEL
TKG20928,TKG,SUMATERA,Lampung Tengah ,Putra Rumbia,,TKG-TBS,TKG10000,TKG20906,C,C,RING 2,SUM-SEL
TKG20929,TKG,SUMATERA,Lampung Tengah ,Anak Ratu Aji,,TKG-TBS,TKG10000,TKG20906,C,C,RING 2,SUM-SEL
TKG21000,TKG,SUMATERA,Lampung Timur ,Sukadana,,TKG-WJA,TKG10000,TKG21008,C,C,RING 2,SUM-SEL
TKG21001,TKG,SUMATERA,Lampung Timur ,Batanghari,,TKG-WJA,TKG10000,TKG21008,C,C,RING 2,SUM-SEL
TKG21002,TKG,SUMATERA,Lampung Timur ,Jabung,,TKG-WJA,TKG10000,TKG21008,C,C,RING 2,SUM-SEL
TKG21003,TKG,SUMATERA,Lampung Timur ,Labuhan Maringgai,,TKG-WJA,TKG10000,TKG21008,C,C,RING 2,SUM-SEL
TKG21004,TKG,SUMATERA,Lampung Timur ,Pekalongan,,TKG-WJA,TKG10000,TKG21008,C,C,RING 2,SUM-SEL
TKG21005,TKG,SUMATERA,Lampung Timur ,Purbolinggo,,TKG-WJA,TKG10000,TKG21008,C,C,RING 2,SUM-SEL
TKG21006,TKG,SUMATERA,Lampung Timur ,Raman Utara,,TKG-WJA,TKG10000,TKG21008,C,C,RING 2,SUM-SEL
TKG21007,TKG,SUMATERA,Lampung Timur ,Sekampung,,TKG-WJA,TKG10000,TKG21008,C,C,RING 2,SUM-SEL
TKG21008,TKG,SUMATERA,Kab. Lampung Timur,Way Jepara,CABANG,TKG-WJA,TKG10000,TKG21008,B,B,RING 2,SUM-SEL
TKG21009,TKG,SUMATERA,Lampung Timur ,Bandar Sribawono,,TKG-WJA,TKG10000,TKG21008,C,C,RING 2,SUM-SEL
TKG21010,TKG,SUMATERA,Lampung Timur ,Batanghari Nuban,,TKG-WJA,TKG10000,TKG21008,C,C,RING 2,SUM-SEL
TKG21011,TKG,SUMATERA,Lampung Timur ,Braja Slebah,,TKG-WJA,TKG10000,TKG21008,C,C,RING 2,SUM-SEL
TKG21012,TKG,SUMATERA,Lampung Timur ,Bumi Agung,,TKG-WJA,TKG10000,TKG21008,C,C,RING 2,SUM-SEL
TKG21013,TKG,SUMATERA,Lampung Timur ,Gunung Pelindung,,TKG-WJA,TKG10000,TKG21008,C,C,RING 2,SUM-SEL
TKG21014,TKG,SUMATERA,Lampung Timur ,Labuhan Ratu,,TKG-WJA,TKG10000,TKG21008,C,C,RING 2,SUM-SEL
TKG21015,TKG,SUMATERA,Lampung Timur ,Margatiga,,TKG-WJA,TKG10000,TKG21008,C,C,RING 2,SUM-SEL
TKG21016,TKG,SUMATERA,Lampung Timur ,Mataram Baru,,TKG-WJA,TKG10000,TKG21008,C,C,RING 2,SUM-SEL
TKG21017,TKG,SUMATERA,Lampung Timur ,Melinting,,TKG-WJA,TKG10000,TKG21008,C,C,RING 2,SUM-SEL
TKG21018,TKG,SUMATERA,Lampung Timur ,Metro Kibang,,TKG-WJA,TKG10000,TKG21008,C,C,RING 2,SUM-SEL
TKG21019,TKG,SUMATERA,Lampung Timur ,Pasir Sakti,,TKG-WJA,TKG10000,TKG21008,C,C,RING 2,SUM-SEL
TKG21020,TKG,SUMATERA,Lampung Timur ,Sekampung Udik,,TKG-WJA,TKG10000,TKG21008,C,C,RING 2,SUM-SEL
TKG21021,TKG,SUMATERA,Lampung Timur ,Waway Karya,,TKG-WJA,TKG10000,TKG21008,C,C,RING 2,SUM-SEL
TKG21022,TKG,SUMATERA,Lampung Timur ,Way Bungur (Purbolinggo Utara),,TKG-WJA,TKG10000,TKG21008,C,C,RING 2,SUM-SEL
TKG21023,TKG,SUMATERA,Lampung Timur ,Marga Sekampung,,TKG-WJA,TKG10000,TKG21008,C,C,RING 2,SUM-SEL
TKG21100,TKG,SUMATERA,Way Kanan ,Blambangan Umpu,,TKG-BDU,TKG10000,TKG21102,C,C,RING 2,SUM-SEL
TKG21101,TKG,SUMATERA,Way Kanan ,Bahuga,,TKG-BDU,TKG10000,TKG21102,C,C,RING 2,SUM-SEL
TKG21102,TKG,SUMATERA,Kab. Way Kanan,Baradatu,CABANG,TKG-BDU,TKG10000,TKG21102,B,B,RING 2,SUM-SEL
TKG21103,TKG,SUMATERA,Way Kanan ,Kasui,,TKG-BDU,TKG10000,TKG21102,C,C,RING 2,SUM-SEL
TKG21104,TKG,SUMATERA,Way Kanan ,Banjit,,TKG-BDU,TKG10000,TKG21102,C,C,RING 2,SUM-SEL
TKG21106,TKG,SUMATERA,Way Kanan ,Gunung Labuhan,,TKG-BDU,TKG10000,TKG21102,C,C,RING 2,SUM-SEL
TKG21107,TKG,SUMATERA,Way Kanan ,Negara Batin,,TKG-BDU,TKG10000,TKG21102,C,C,RING 2,SUM-SEL
TKG21108,TKG,SUMATERA,Way Kanan ,Negeri Agung,,TKG-BDU,TKG10000,TKG21102,D,D,RING 2,SUM-SEL
TKG21109,TKG,SUMATERA,Way Kanan ,Negeri Besar,,TKG-BDU,TKG10000,TKG21102,D,D,RING 2,SUM-SEL
TKG21110,TKG,SUMATERA,Way Kanan ,Pakuan Ratu,,TKG-BDU,TKG10000,TKG21102,C,C,RING 2,SUM-SEL
TKG21111,TKG,SUMATERA,Way Kanan ,Rebang Tangkas,,TKG-BDU,TKG10000,TKG21102,C,C,RING 2,SUM-SEL
TKG21112,TKG,SUMATERA,Way Kanan ,Way Tuba,,TKG-BDU,TKG10000,TKG21102,C,C,RING 2,SUM-SEL
TKG21113,TKG,SUMATERA,Way Kanan ,Buay Bahuga,,TKG-BDU,TKG10000,TKG21102,C,C,RING 2,SUM-SEL
TKG21114,TKG,SUMATERA,Way Kanan ,Bumi Agung,,TKG-BDU,TKG10000,TKG21102,C,C,RING 2,SUM-SEL
TKG21200,TKG,SUMATERA,Tulang Bawang ,Menggala,,TKG-BJA,TKG10000,TKG21204,C,C,RING 2,SUM-SEL
TKG21201,TKG,SUMATERA,Kab. Tulang Bawang,Mesuji,CABANG,TKG-MSJ,TKG10000,TKG21201,C,C,RING 2,SUM-SEL
TKG21202,TKG,SUMATERA,Tulang Bawang Barat ,Tulang Bawang Tengah,,TKG-TMJ,TKG10000,TKG21214,C,C,RING 2,SUM-SEL
TKG21203,TKG,SUMATERA,Tulang Bawang Barat ,Tulang Bawang Udik,,TKG-TMJ,TKG10000,TKG21214,C,C,RING 2,SUM-SEL
TKG21204,TKG,SUMATERA,Kab. Tulang Bawang,Banjar Agung,CABANG,TKG-BJA,TKG10000,TKG21204,B,B,RING 2,SUM-SEL
TKG21205,TKG,SUMATERA,Tulang Bawang ,Gedung Aji,,TKG-BJA,TKG10000,TKG21204,C,C,RING 2,SUM-SEL
TKG21206,TKG,SUMATERA,Tulang Bawang ,Gedung Meneng,,TKG-BJA,TKG10000,TKG21204,C,C,RING 2,SUM-SEL
TKG21207,TKG,SUMATERA,Gunung Terang,Gunung Terang,,TKG-BJA,TKG10000,TKG21204,C,C,RING 2,SUM-SEL
TKG21208,TKG,SUMATERA,Lambu Kibang,Lambu Kibang,,TKG-BJA,TKG10000,TKG21204,C,C,RING 2,SUM-SEL
TKG21209,TKG,SUMATERA,Tulang Bawang ,Penawar Tama,,TKG-BJA,TKG10000,TKG21204,C,C,RING 2,SUM-SEL
TKG21210,TKG,SUMATERA,Tulang Bawang ,Rawajitu Selatan,,TKG-BJA,TKG10000,TKG21204,D,D,RING 2,SUM-SEL
TKG21211,TKG,SUMATERA,Mesuji ,Rawa Jitu Utara,,TKG-BJA,TKG10000,TKG21204,D,D,RING 2,SUM-SEL
TKG21212,TKG,SUMATERA,Mesuji ,Simpang Pematang,,TKG-MSJ,TKG10000,TKG21201,C,C,RING 2,SUM-SEL
TKG21213,TKG,SUMATERA,Mesuji ,Tanjung Raya,,TKG-MSJ,TKG10000,TKG21201,C,C,RING 2,SUM-SEL
TKG21214,TKG,SUMATERA,Kab. Tulang Bawang,Tumi Jajar,CABANG,TKG-TMJ,TKG10000,TKG21214,C,C,RING 2,SUM-SEL
TKG21215,TKG,SUMATERA,Mesuji ,Way Serdang,,TKG-MSJ,TKG10000,TKG21201,C,C,RING 2,SUM-SEL
TKG21216,TKG,SUMATERA,Tulang Bawang ,Rawajitu Timur,,TKG-BJA,TKG10000,TKG21204,C,C,RING 2,SUM-SEL
TKG21217,TKG,SUMATERA,Tulang Bawang ,Rawa Pitu,,TKG-BJA,TKG10000,TKG21204,C,C,RING 2,SUM-SEL
TKG21218,TKG,SUMATERA,Tulang Bawang ,Penawar Aji,,TKG-BJA,TKG10000,TKG21204,C,C,RING 2,SUM-SEL
TKG21219,TKG,SUMATERA,Tulang Bawang ,Meraksa Aji,,TKG-BJA,TKG10000,TKG21204,C,C,RING 2,SUM-SEL
TKG21220,TKG,SUMATERA,Tulang Bawang ,Gedung Aji Baru,,TKG-BJA,TKG10000,TKG21204,C,C,RING 2,SUM-SEL
TKG21221,TKG,SUMATERA,Tulang Bawang ,Dente Teladas,,TKG-BJA,TKG10000,TKG21204,C,C,RING 2,SUM-SEL
TKG21222,TKG,SUMATERA,Tulang Bawang ,Banjar Margo,,TKG-BJA,TKG10000,TKG21204,C,C,RING 2,SUM-SEL
TKG21223,TKG,SUMATERA,Tulang Bawang ,Banjar Baru,,TKG-BJA,TKG10000,TKG21204,C,C,RING 2,SUM-SEL
TKG21224,TKG,SUMATERA,Tulang Bawang ,Menggala Timur,,TKG-BJA,TKG10000,TKG21204,C,C,RING 2,SUM-SEL
TKG21300,TKG,SUMATERA,Tanggamus,Kota Agung,CABANG,TKG-KOA,TKG10000,TKG21300,C,C,RING 2,SUM-SEL
TKG21301,TKG,SUMATERA,Pringsewu ,Gading Rejo,,TKG-PRW,TKG10000,TKG21303,C,C,RING 2,SUM-SEL
TKG21302,TKG,SUMATERA,Pringsewu ,Pagelaran,,TKG-PRW,TKG10000,TKG21303,C,C,RING 2,SUM-SEL
TKG21303,TKG,SUMATERA,Kab. Tanggamus,Pringsewu,CABANG,TKG-PRW,TKG10000,TKG21303,B,B,RING 2,SUM-SEL
TKG21304,TKG,SUMATERA,Tanggamus ,Pulau Panggung,,TKG-KOA,TKG10000,TKG21300,C,C,RING 2,SUM-SEL
TKG21305,TKG,SUMATERA,Sukoharjo,Sukoharjo,,TKG-PRW,TKG10000,TKG21303,C,C,RING 2,SUM-SEL
TKG21306,TKG,SUMATERA,Tanggamus ,Talang Padang,,TKG-KOA,TKG10000,TKG21300,C,C,RING 2,SUM-SEL
TKG21307,TKG,SUMATERA,Tanggamus ,Wonosobo,,TKG-KOA,TKG10000,TKG21300,C,C,RING 2,SUM-SEL
TKG21308,TKG,SUMATERA,Pringsewu ,Adi Luwih,,TKG-PRW,TKG10000,TKG21303,C,C,RING 2,SUM-SEL
TKG21309,TKG,SUMATERA,Tanggamus ,Cukuh Balak,,TKG-PRW,TKG10000,TKG21303,C,C,RING 2,SUM-SEL
TKG21310,TKG,SUMATERA,Tanggamus ,Kelumbayan,,TKG-PRW,TKG10000,TKG21303,C,C,RING 2,SUM-SEL
TKG21311,TKG,SUMATERA,Pringsewu ,Pardasuka,,TKG-PRW,TKG10000,TKG21303,C,C,RING 2,SUM-SEL
TKG21312,TKG,SUMATERA,Tanggamus ,Pematang Sawa,,TKG-KOA,TKG10000,TKG21300,C,C,RING 2,SUM-SEL
TKG21313,TKG,SUMATERA,Tanggamus ,Pugung,,TKG-KOA,TKG10000,TKG21300,C,C,RING 2,SUM-SEL
TKG21314,TKG,SUMATERA,Tanggamus ,Semaka,,TKG-KOA,TKG10000,TKG21300,C,C,RING 2,SUM-SEL
TKG21315,TKG,SUMATERA,Tanggamus ,Sumberejo,,TKG-KOA,TKG10000,TKG21300,C,C,RING 2,SUM-SEL
TKG21316,TKG,SUMATERA,Tanggamus ,Ulubelu,,TKG-KOA,TKG10000,TKG21300,C,C,RING 2,SUM-SEL
TKG21317,TKG,SUMATERA,Tanggamus ,Limau,,TKG-PRW,TKG10000,TKG21303,C,C,RING 2,SUM-SEL
TKG21318,TKG,SUMATERA,Tanggamus ,Kota Agung Timur,,TKG-KOA,TKG10000,TKG21300,C,C,RING 2,SUM-SEL
TKG21319,TKG,SUMATERA,Tanggamus ,Kota Agung (Kota Agung Pusat),,TKG-KOA,TKG10000,TKG21300,C,C,RING 2,SUM-SEL
TKG21320,TKG,SUMATERA,Tanggamus ,Kota Agung Barat,,TKG-KOA,TKG10000,TKG21300,C,C,RING 2,SUM-SEL
TKG21321,TKG,SUMATERA,Tanggamus ,Kelumbayan Barat,,TKG-PRW,TKG10000,TKG21303,C,C,RING 2,SUM-SEL
TKG21322,TKG,SUMATERA,Tanggamus ,Gunung Alip,,TKG-KOA,TKG10000,TKG21300,C,C,RING 2,SUM-SEL
TKG21323,TKG,SUMATERA,Tanggamus ,Gisting,,TKG-KOA,TKG10000,TKG21300,C,C,RING 2,SUM-SEL
TKG21324,TKG,SUMATERA,Tanggamus ,Bulok,,TKG-PRW,TKG10000,TKG21303,B,C,RING 2,SUM-SEL
TKG21325,TKG,SUMATERA,Tanggamus ,Bandar Negeri Semuong,,TKG-KOA,TKG10000,TKG21300,B,C,RING 2,SUM-SEL
TKG21326,TKG,SUMATERA,Tanggamus ,Air Naningan,,TKG-KOA,TKG10000,TKG21300,B,C,RING 2,SUM-SEL
TKG21400,TKG,SUMATERA,Kab. Pesawaran,Gedong Tataan,CABANG,TKG-GDT,TKG10000,TKG21400,C,C,RING 2,SUM-SEL
TKG21401,TKG,SUMATERA,Pesawaran ,Kedondong,,TKG-GDT,TKG10000,TKG21400,C,C,RING 2,SUM-SEL
TKG21402,TKG,SUMATERA,Pesawaran ,Padang Cermin,,TKG-GDT,TKG10000,TKG21400,C,C,RING 2,SUM-SEL
TKG21403,TKG,SUMATERA,Pesawaran ,Negeri Katon,,TKG-GDT,TKG10000,TKG21400,C,C,RING 2,SUM-SEL
TKG21404,TKG,SUMATERA,Pesawaran ,Punduh Pidada,,TKG-GDT,TKG10000,TKG21400,C,C,RING 2,SUM-SEL
TKG21405,TKG,SUMATERA,Pesawaran ,Tegineneng,,TKG-GDT,TKG10000,TKG21400,C,C,RING 2,SUM-SEL
TKG21406,TKG,SUMATERA,Pesawaran ,Way Lima,,TKG-GDT,TKG10000,TKG21400,C,C,RING 2,SUM-SEL
TKG21407,TKG,SUMATERA,Pesawaran ,Marga Punduh,,TKG-GDT,TKG10000,TKG21400,C,C,RING 2,SUM-SEL
TKG21408,TKG,SUMATERA,Pesawaran ,Way Khilau,,TKG-GDT,TKG10000,TKG21400,C,C,RING 2,SUM-SEL
TKG21500,TKG,SUMATERA,Mesuji ,Panca Jaya,,TKG-MSJ,TKG10000,TKG21201,C,C,RING 2,SUM-SEL
TKG21501,TKG,SUMATERA,Mesuji ,Mesuji Timur,,TKG-MSJ,TKG10000,TKG21201,C,C,RING 2,SUM-SEL
TKG21600,TKG,SUMATERA,Pringsewu ,Sukoharjo,,TKG-PRW,TKG10000,TKG21303,B,C,RING 2,SUM-SEL
TKG21601,TKG,SUMATERA,Pringsewu ,Banyumas,,TKG-PRW,TKG10000,TKG21303,C,C,RING 2,SUM-SEL
TKG21602,TKG,SUMATERA,Pringsewu ,Ambarawa,,TKG-PRW,TKG10000,TKG21303,C,C,RING 2,SUM-SEL
TKG21603,TKG,SUMATERA,Pringsewu ,Pagelaran Utara,,TKG-PRW,TKG10000,TKG21303,C,C,RING 2,SUM-SEL
TKG21700,TKG,SUMATERA,Tulang Bawang Barat ,Lambu Kibang,,TKG-BJA,TKG10000,TKG21204,C,C,RING 2,SUM-SEL
TKG21701,TKG,SUMATERA,Tulang Bawang Barat ,Gunung Terang,,TKG-BJA,TKG10000,TKG21204,C,C,RING 2,SUM-SEL
TKG21702,TKG,SUMATERA,Tulang Bawang Barat ,Way Kenanga,,TKG-BJA,TKG10000,TKG21204,C,C,RING 2,SUM-SEL
TKG21703,TKG,SUMATERA,Tulang Bawang Barat ,Pagar Dewa,,TKG-BJA,TKG10000,TKG21204,C,C,RING 2,SUM-SEL
TKG21704,TKG,SUMATERA,Tulang Bawang Barat ,Gunung Agung,,TKG-BJA,TKG10000,TKG21204,C,C,RING 2,SUM-SEL
LBJ10506,LBJ,JTBNN,Ende ,Ende Selatan,,,LBJ10000,LBJ10500,C,B,RING 2,
LBJ10507,LBJ,JTBNN,Ende ,Ende Tengah,,,LBJ10000,LBJ10500,C,B,RING 2,
LBJ10508,LBJ,JTBNN,Ende ,Ende Timur,,,LBJ10000,LBJ10500,C,B,RING 2,
LBJ10509,LBJ,JTBNN,Ende ,Ende Utara,,,LBJ10000,LBJ10500,C,B,RING 2,
LBJ10000,LBJ,JTBNN,Labuan Bajo,Labuan Bajo,,,LBJ10000,LBJ10000,B,B,RING 2,
LBJ10312,LBJ,JTBNN,Manggarai Barat ,Welak,,,LBJ10000,LBJ10000,D,D,RING 2,
LBJ10303,LBJ,JTBNN,Manggarai Barat ,Boleng,,,LBJ10000,LBJ10000,C,C,RING 2,
LBJ10304,LBJ,JTBNN,Manggarai Barat ,Lembor Selatan,,,LBJ10000,LBJ10000,C,C,RING 2,
LBJ10301,LBJ,JTBNN,Manggarai Barat ,Mbeliling,,,LBJ10000,LBJ10000,B,C,RING 2,
LBJ10313,LBJ,JTBNN,Manggarai Barat ,Ndoso,,,LBJ10000,LBJ10000,D,D,RING 2,
LBJ10001,LBJ,JTBNN,Manggarai Barat ,Komodo,,,LBJ10000,LBJ10000,B,B,RING 2,
LBJ10005,LBJ,JTBNN,Manggarai Barat ,Kuwus,,,LBJ10000,LBJ10000,D,D,RING 2,
LBJ10002,LBJ,JTBNN,Manggarai Barat ,Lembor,,,LBJ10000,LBJ10000,C,C,RING 2,
LBJ10003,LBJ,JTBNN,Manggarai Barat ,Macang Pacar,,,LBJ10000,LBJ10000,C,C,RING 2,
LBJ10004,LBJ,JTBNN,Manggarai Barat ,Sano Nggoang,,,LBJ10000,LBJ10000,C,C,RING 2,
LBJ10100,LBJ,JTBNN,Manggarai Timur ,Borong,,,LBJ10000,LBJ10100,B,B,RING 2,
LBJ10101,LBJ,JTBNN,Manggarai Timur ,Elar,,,LBJ10000,LBJ10100,D,D,RING 2,
LBJ10102,LBJ,JTBNN,Manggarai Timur ,Lamba Leda,,,LBJ10000,LBJ10100,D,D,RING 2,
LBJ10103,LBJ,JTBNN,Manggarai Timur ,Poco Ranaka,,,LBJ10000,LBJ10100,D,D,RING 2,
LBJ10104,LBJ,JTBNN,Manggarai Timur ,Kota Komba,,,LBJ10000,LBJ10100,D,D,RING 2,
LBJ10105,LBJ,JTBNN,Manggarai Timur ,Sambi Rampas,,,LBJ10000,LBJ10100,D,D,RING 2,
LBJ10106,LBJ,JTBNN,Manggarai Timur ,Elar Selatan,,,LBJ10000,LBJ10100,D,D,RING 2,
LBJ10107,LBJ,JTBNN,Manggarai Timur ,Poco Ranaka Timur,,,LBJ10000,LBJ10100,D,D,RING 2,
LBJ10108,LBJ,JTBNN,Manggarai Timur ,Rana Mese,,,LBJ10000,LBJ10100,D,D,RING 2,
LBJ10200,LBJ,JTBNN,Manggarai ,Ruteng,,,LBJ10000,LBJ10200,B,B,RING 2,
LBJ10201,LBJ,JTBNN,Manggarai ,Cibal,,,LBJ10000,LBJ10200,D,D,RING 2,
LBJ10202,LBJ,JTBNN,Manggarai ,Reok,,,LBJ10000,LBJ10200,C,C,RING 2,
LBJ10203,LBJ,JTBNN,Manggarai ,Satar Mese,,,LBJ10000,LBJ10200,D,D,RING 2,
LBJ10204,LBJ,JTBNN,Manggarai ,Wae Rii,,,LBJ10000,LBJ10200,D,D,RING 2,
LBJ10205,LBJ,JTBNN,Manggarai ,Satar Mese Barat,,,LBJ10000,LBJ10200,D,D,RING 2,
LBJ10206,LBJ,JTBNN,Manggarai ,Rahong Utara,,,LBJ10000,LBJ10200,D,D,RING 2,
LBJ10207,LBJ,JTBNN,Manggarai ,Lelak,,,LBJ10000,LBJ10200,D,D,RING 2,
LBJ10208,LBJ,JTBNN,Manggarai ,Langke Rembong,,,LBJ10000,LBJ10200,B,B,RING 2,
LBJ10209,LBJ,JTBNN,Manggarai ,Cibal Barat,,,LBJ10000,LBJ10200,D,D,RING 2,
LBJ10210,LBJ,JTBNN,Manggarai ,Reok Barat,,,LBJ10000,LBJ10200,D,D,RING 2,
LBJ10300,LBJ,JTBNN,Ngada ,Bajawa,,,LBJ10000,LBJ10300,B,B,RING 2,
LBJ10305,LBJ,JTBNN,Ngada ,Aimere,,,LBJ10000,LBJ10300,C,C,RING 2,
LBJ10314,LBJ,JTBNN,Ngada ,Riung,,,LBJ10000,LBJ10300,D,D,RING 2,
LBJ10306,LBJ,JTBNN,Ngada ,Jerebuu,,,LBJ10000,LBJ10300,C,C,RING 2,
LBJ10315,LBJ,JTBNN,Ngada ,Riung Barat,,,LBJ10000,LBJ10300,D,D,RING 2,
LBJ10302,LBJ,JTBNN,Ngada ,Soa,,,LBJ10000,LBJ10300,B,C,RING 2,
LBJ10307,LBJ,JTBNN,Ngada ,Golewa,,,LBJ10000,LBJ10300,C,C,RING 2,
LBJ10316,LBJ,JTBNN,Ngada ,Wolomeze (Riung Selatan),,,LBJ10000,LBJ10300,D,D,RING 2,
LBJ10308,LBJ,JTBNN,Ngada ,Bajawa Utara,,,LBJ10000,LBJ10300,C,D,RING 2,
LBJ10309,LBJ,JTBNN,Ngada ,Golewa Barat,,,LBJ10000,LBJ10300,C,C,RING 2,
LBJ10310,LBJ,JTBNN,Ngada ,Golewa Selatan,,,LBJ10000,LBJ10300,C,D,RING 2,
LBJ10311,LBJ,JTBNN,Ngada ,Inerie,,,LBJ10000,LBJ10300,C,C,RING 2,
LBJ10400,LBJ,JTBNN,Mbay,Mbay,,,LBJ10000,LBJ10400,B,B,RING 2,
LBJ10401,LBJ,JTBNN,Nagekeo ,Aesesa,,,LBJ10000,LBJ10400,B,B,RING 2,
LBJ10402,LBJ,JTBNN,Nagekeo ,Boawae,,,LBJ10000,LBJ10400,C,C,RING 2,
LBJ10403,LBJ,JTBNN,Nagekeo ,Mauponggo,,,LBJ10000,LBJ10400,D,D,RING 2,
LBJ10404,LBJ,JTBNN,Nagekeo ,Nangaroro,,,LBJ10000,LBJ10400,D,D,RING 2,
LBJ10405,LBJ,JTBNN,Nagekeo ,Keo Tengah,,,LBJ10000,LBJ10400,D,D,RING 2,
LBJ10406,LBJ,JTBNN,Nagekeo ,Wolowae,,,LBJ10000,LBJ10400,D,D,RING 2,
LBJ10407,LBJ,JTBNN,Nagekeo ,Aesesa Selatan,,,LBJ10000,LBJ10400,C,C,RING 2,
LBJ10500,LBJ,JTBNN,Ende ,Ende,,,LBJ10000,LBJ10500,B,B,RING 2,
LBJ10501,LBJ,JTBNN,Ende ,Detusoko,,,LBJ10000,LBJ10500,C,C,RING 2,
LBJ10502,LBJ,JTBNN,Ende ,Nangapanda,,,LBJ10000,LBJ10500,C,C,RING 2,
LBJ10503,LBJ,JTBNN,Ende ,Ndona,,,LBJ10000,LBJ10500,C,C,RING 2,
LBJ10504,LBJ,JTBNN,Ende ,Wolowaru,,,LBJ10000,LBJ10500,C,C,RING 2,
LBJ10505,LBJ,JTBNN,Ende ,Detukeli,,,LBJ10000,LBJ10500,C,C,RING 2,
LBJ10510,LBJ,JTBNN,Ende ,Kelimutu,,,LBJ10000,LBJ10500,C,C,RING 2,
LBJ10511,LBJ,JTBNN,Ende ,Kota Baru,,,LBJ10000,LBJ10500,D,D,RING 2,
LBJ10512,LBJ,JTBNN,Ende ,Lio Timur,,,LBJ10000,LBJ10500,D,D,RING 2,
LBJ10513,LBJ,JTBNN,Ende ,Maukaro,,,LBJ10000,LBJ10500,D,D,RING 2,
LBJ10514,LBJ,JTBNN,Ende ,Ndona Timur,,,LBJ10000,LBJ10500,C,C,RING 2,
LBJ10515,LBJ,JTBNN,Ende ,Pulau Ende,,,LBJ10000,LBJ10500,D,D,RING 2,
LBJ10516,LBJ,JTBNN,Ende ,Wewaria,,,LBJ10000,LBJ10500,D,D,RING 2,
LBJ10517,LBJ,JTBNN,Ende ,Wolojita,,,LBJ10000,LBJ10500,D,D,RING 2,
LBJ10518,LBJ,JTBNN,Ende ,Maurole,,,LBJ10000,LBJ10500,C,C,RING 2,
LBJ10519,LBJ,JTBNN,Ende ,Ndori,,,LBJ10000,LBJ10500,C,C,RING 2,
LBJ10520,LBJ,JTBNN,Ende ,Lepembusu Kelisoke,,,LBJ10000,LBJ10500,D,D,RING 2,
LBJ10600,LBJ,JTBNN,Maumere,Maumere,,,LBJ10000,LBJ10600,B,B,RING 2,
LBJ10601,LBJ,JTBNN,Sikka ,Bola,,,LBJ10000,LBJ10600,B,B,RING 2,
LBJ10602,LBJ,JTBNN,Sikka ,Kewapante,,,LBJ10000,LBJ10600,B,B,RING 2,
LBJ10603,LBJ,JTBNN,Sikka ,Lela,,,LBJ10000,LBJ10600,C,C,RING 2,
LBJ10604,LBJ,JTBNN,Sikka ,Nita,,,LBJ10000,LBJ10600,B,B,RING 2,
LBJ10605,LBJ,JTBNN,Sikka ,Paga,,,LBJ10000,LBJ10600,C,C,RING 2,
LBJ10606,LBJ,JTBNN,Sikka ,Talibura,,,LBJ10000,LBJ10600,C,C,RING 2,
LBJ10607,LBJ,JTBNN,Sikka ,Alok,,,LBJ10000,LBJ10600,B,B,RING 2,
LBJ10608,LBJ,JTBNN,Sikka ,Mego,,,LBJ10000,LBJ10600,C,B,RING 2,
LBJ10609,LBJ,JTBNN,Sikka ,Palue,,,LBJ10000,LBJ10600,D,D,RING 2,
LBJ10610,LBJ,JTBNN,Sikka ,Waigete,,,LBJ10000,LBJ10600,B,B,RING 2,
LBJ10611,LBJ,JTBNN,Sikka ,Waiblama,,,LBJ10000,LBJ10600,C,C,RING 2,
LBJ10612,LBJ,JTBNN,Sikka ,Tana Wawo,,,LBJ10000,LBJ10600,C,C,RING 2,
LBJ10613,LBJ,JTBNN,Sikka ,Nelle (Maumerei),,,LBJ10000,LBJ10600,B,B,RING 2,
LBJ10614,LBJ,JTBNN,Sikka ,Mapitara,,,LBJ10000,LBJ10600,C,C,RING 2,
LBJ10615,LBJ,JTBNN,Sikka ,Magepanda,,,LBJ10000,LBJ10600,B,B,RING 2,
LBJ10616,LBJ,JTBNN,Sikka ,Koting,,,LBJ10000,LBJ10600,B,B,RING 2,
LBJ10617,LBJ,JTBNN,Sikka ,Kangae,,,LBJ10000,LBJ10600,B,B,RING 2,
LBJ10618,LBJ,JTBNN,Sikka ,Hewokloang,,,LBJ10000,LBJ10600,B,B,RING 2,
LBJ10619,LBJ,JTBNN,Sikka ,Doreng,,,LBJ10000,LBJ10600,B,B,RING 2,
LBJ10620,LBJ,JTBNN,Sikka ,Alok Timur,,,LBJ10000,LBJ10600,C,C,RING 2,
LBJ10621,LBJ,JTBNN,Sikka ,Alok Barat,,,LBJ10000,LBJ10600,C,C,RING 2,
LBJ10700,LBJ,JTBNN,Flores Timur ,Larantuka,,,LBJ10000,LBJ10700,B,B,RING 2,
LBJ10701,LBJ,JTBNN,Flores Timur ,Adonara Barat,,,LBJ10000,LBJ10700,C,C,RING 2,
LBJ10702,LBJ,JTBNN,Flores Timur ,Adonara Timur,,,LBJ10000,LBJ10700,C,C,RING 2,
LBJ10703,LBJ,JTBNN,Flores Timur ,Solor Barat,,,LBJ10000,LBJ10700,C,C,RING 2,
LBJ10704,LBJ,JTBNN,Flores Timur ,Solor Timur,,,LBJ10000,LBJ10700,C,C,RING 2,
LBJ10705,LBJ,JTBNN,Flores Timur ,Tanjung Bunga,,,LBJ10000,LBJ10700,C,C,RING 2,
LBJ10706,LBJ,JTBNN,Flores Timur ,Wulanggitang,,,LBJ10000,LBJ10700,C,C,RING 2,
LBJ10707,LBJ,JTBNN,Flores Timur ,Ile Boleng,,,LBJ10000,LBJ10700,C,C,RING 2,
LBJ10708,LBJ,JTBNN,Flores Timur ,Ile Mandiri,,,LBJ10000,LBJ10700,C,C,RING 2,
LBJ10709,LBJ,JTBNN,Flores Timur ,Kelubagolit,,,LBJ10000,LBJ10700,C,C,RING 2,
LBJ10710,LBJ,JTBNN,Flores Timur ,Titehena,,,LBJ10000,LBJ10700,C,C,RING 2,
LBJ10711,LBJ,JTBNN,Flores Timur ,Witihama,,,LBJ10000,LBJ10700,C,C,RING 2,
LBJ10712,LBJ,JTBNN,Flores Timur ,Wotan Ulumando,,,LBJ10000,LBJ10700,C,C,RING 2,
LBJ10713,LBJ,JTBNN,Flores Timur ,Lewolema,,,LBJ10000,LBJ10700,C,C,RING 2,
LBJ10714,LBJ,JTBNN,Flores Timur ,Ile Bura,,,LBJ10000,LBJ10700,C,C,RING 2,
LBJ10715,LBJ,JTBNN,Flores Timur ,Demon Pagong,,,LBJ10000,LBJ10700,C,C,RING 2,
LBJ10716,LBJ,JTBNN,Flores Timur ,Adonara Tengah,,,LBJ10000,LBJ10700,C,C,RING 2,
LBJ10717,LBJ,JTBNN,Flores Timur ,Adonara,,,LBJ10000,LBJ10700,C,C,RING 2,
LBJ10718,LBJ,JTBNN,Flores Timur ,Solor Selatan,,,LBJ10000,LBJ10700,C,C,RING 2,
LBJ10800,LBJ,JTBNN,Lembata,Lembata,,,LBJ10000,LBJ10800,B,B,RING 2,
LBJ10317,LBJ,JTBNN,Lembata ,Ile Ape Timur,,,LBJ10000,LBJ10800,D,D,RING 2,
LBJ10801,LBJ,JTBNN,Lembata ,Buyasuri,,,LBJ10000,LBJ10800,D,D,RING 2,
LBJ10802,LBJ,JTBNN,Lembata ,Omesuri,,,LBJ10000,LBJ10800,D,D,RING 2,
LBJ10803,LBJ,JTBNN,Lembata ,Lebatukan,,,LBJ10000,LBJ10800,D,D,RING 2,
LBJ10804,LBJ,JTBNN,Lembata ,Ile Ape,,,LBJ10000,LBJ10800,D,B,RING 2,
LBJ10805,LBJ,JTBNN,Lembata ,Nubatukan,,,LBJ10000,LBJ10800,B,D,RING 2,
LBJ10806,LBJ,JTBNN,Lembata ,Atadei,,,LBJ10000,LBJ10800,D,D,RING 2,
LBJ10807,LBJ,JTBNN,Lembata ,Naga Wutung,,,LBJ10000,LBJ10800,D,D,RING 2,
LBJ10808,LBJ,JTBNN,Lembata ,Wulandoni,,,LBJ10000,LBJ10800,D,D,RING 2,
SDA10000,SDA,JTBNN,SIDOARJO,SIDOARJO,,,,,,,RING 1,
SDA10001,SDA,JTBNN,SIDOARJO,BUDURAN,,,,,,,RING 1,
SDA10002,SDA,JTBNN,SIDOARJO,CANDI,,,,,,,RING 1,
SDA10003,SDA,JTBNN,SIDOARJO,JABON,,,,,,,RING 1,
SDA10004,SDA,JTBNN,SIDOARJO,KREMBUNG,,,,,,,RING 1,
SDA10005,SDA,JTBNN,SIDOARJO,PORONG,,,,,,,RING 1,
SDA10006,SDA,JTBNN,SIDOARJO,SUKODONO,,,,,,,RING 1,
SDA10007,SDA,JTBNN,SIDOARJO,TANGGULANGIN,,,,,,,RING 1,
SDA10008,SDA,JTBNN,SIDOARJO,TULANGAN,,,,,,,RING 1,
SDA10009,SDA,JTBNN,SIDOARJO,WONOAYU,,,,,,,RING 1,
SDA10010,SDA,JTBNN,SIDOARJO,KRIAN,,,,,,,RING 1,
SDA10011,SDA,JTBNN,SIDOARJO,TAMAN,,,,,,,RING 1,
SDA10012,SDA,JTBNN,SIDOARJO,BALONGBENDO,,,,,,,RING 1,
SDA10013,SDA,JTBNN,SIDOARJO,TARIK,,,,,,,RING 1,
SDA10014,SDA,JTBNN,SIDOARJO,PRAMBON,,,,,,,RING 1,
KDR10100,KDR,JTBNN,TULUNGAGUNG,TULUNGAGUNG,,,,,B,B,RING 2,
KDR10101,KDR,JTBNN,TULUNGAGUNG,BANDUNG,,,,,C,C,RING 2,
KDR10102,KDR,JTBNN,TULUNGAGUNG,BESUKI,,,,,C,C,RING 2,
KDR10103,KDR,JTBNN,TULUNGAGUNG,CAMPURDARAT,,,,,C,C,RING 2,
KDR10104,KDR,JTBNN,TULUNGAGUNG,GONDANG,,,,,C,C,RING 2,
KDR10105,KDR,JTBNN,TULUNGAGUNG,KALIDAWIR,,,,,C,C,RING 2,
KDR10106,KDR,JTBNN,TULUNGAGUNG,KARANGREJO,,,,,C,C,RING 2,
KDR10107,KDR,JTBNN,TULUNGAGUNG,NGANTRU,,,,,C,C,RING 2,
KDR10108,KDR,JTBNN,TULUNGAGUNG,NGUNUT,,,,,C,C,RING 2,
KDR10109,KDR,JTBNN,TULUNGAGUNG,PAGERWOJO,,,,,C,C,RING 2,
KDR10110,KDR,JTBNN,TULUNGAGUNG,PAKEL,,,,,C,C,RING 2,
KDR10111,KDR,JTBNN,TULUNGAGUNG,PUCANGLABAN,,,,,C,C,RING 2,
KDR10112,KDR,JTBNN,TULUNGAGUNG,REJOTANGAN,,,,,C,C,RING 2,
KDR10113,KDR,JTBNN,TULUNGAGUNG,SENDANG,,,,,C,C,RING 2,
KDR10114,KDR,JTBNN,TULUNGAGUNG,SUMBERGEMPOL,,,,,C,C,RING 2,
KDR10115,KDR,JTBNN,TULUNGAGUNG,TANGGUNGGUNUNG,,,,,C,C,RING 2,
KDR10116,KDR,JTBNN,TULUNGAGUNG,BOYOLANGU,,,,,C,C,RING 2,
KDR10117,KDR,JTBNN,TULUNGAGUNG,KAUMAN,,,,,C,C,RING 2,
KDR10118,KDR,JTBNN,TULUNGAGUNG,KEDUNGWARU,,,,,B,B,RING 2,
KDR10200,KDR,JTBNN,TRENGGALEK,TRENGGALEK,,,,,B,B,RING 2,
KDR10201,KDR,JTBNN,TRENGGALEK,BENDUNGAN,,,,,C,C,RING 2,
KDR10202,KDR,JTBNN,TRENGGALEK,DONGKO,,,,,C,C,RING 2,
KDR10203,KDR,JTBNN,TRENGGALEK,DURENAN,,,,,C,C,RING 2,
KDR10204,KDR,JTBNN,TRENGGALEK,GANDUSARI,,,,,C,C,RING 2,
KDR10205,KDR,JTBNN,TRENGGALEK,KAMPAK,,,,,C,C,RING 2,
KDR10206,KDR,JTBNN,TRENGGALEK,KARANGAN,,,,,C,C,RING 2,
KDR10207,KDR,JTBNN,TRENGGALEK,MUNJUNGAN,,,,,C,C,RING 2,
KDR10208,KDR,JTBNN,TRENGGALEK,PANGGUL,,,,,C,C,RING 2,
KDR10209,KDR,JTBNN,TRENGGALEK,POGALAN,,,,,C,C,RING 2,
KDR10210,KDR,JTBNN,TRENGGALEK,PULE,,,,,C,C,RING 2,
KDR10211,KDR,JTBNN,TRENGGALEK,TUGU,,,,,C,C,RING 2,
KDR10212,KDR,JTBNN,TRENGGALEK,WATULIMO,,,,,C,C,RING 2,
KDR10213,KDR,JTBNN,TRENGGALEK,SURUH,,,,,C,C,RING 2,
