Coding,Provinsi,Kota / Kabupaten,Kecamatan,Kelurahan,Kode POS,Status Cabang,ZONA,CABANG,WILAYAH GROUPING,Gate Inbound,Wilayah Delivery,Jadwal Delivery
KOE21200,Nusa Tenggara Timur (NTT),Manggarai Barat ,Labuan Bajo,Labuan Bajo,0,KANTOR PERWAKILAN,A,LABUAN BAJO,FLORES,Gate LBJ,Cabang Labuan Bajo,
KOE20900,Nusa Tenggara Timur (NTT),Ngada ,Bajawa,Bajawa,86413,KANTOR PERWAKILAN,B,BAJAWA,FLORES,Gate LBJ,Cabang Bajawa,Setiap Hari
KOE20900,Nusa Tenggara Timur (NTT),Ngada ,Bajawa,Beiwali,86413,KANTOR PERWAKILAN,B,BAJAWA,FLORES,Gate LBJ,Cabang Bajawa,Setiap Hari
KOE20900,Nusa Tenggara Timur (NTT),Ngada ,Bajawa,Beja,86413,KANTOR PERWAKILAN,B,BAJAWA,FLORES,Gate LBJ,Cabang Bajawa,Setiap Hari
KOE20900,Nusa Tenggara Timur (NTT),Ngada ,Bajawa,Bela,86413,KANTOR PERWAKILAN,B,BAJAWA,FLORES,Gate LBJ,Agen Mauponggo,Setiap hari
KOE20900,Nusa Tenggara Timur (NTT),Ngada ,Bajawa,Bomari,86413,KANTOR PERWAKILAN,B,BAJAWA,FLORES,Gate LBJ,Cabang Bajawa,Setiap Hari
KOE20900,Nusa Tenggara Timur (NTT),Ngada ,Bajawa,Borani,86413,KANTOR PERWAKILAN,B,BAJAWA,FLORES,Gate LBJ,Cabang Bajawa,Setiap Hari
KOE20900,Nusa Tenggara Timur (NTT),Ngada ,Bajawa,Bowali,86413,KANTOR PERWAKILAN,B,BAJAWA,FLORES,Gate LBJ,Cabang Bajawa,Setiap Hari
KOE20900,Nusa Tenggara Timur (NTT),Ngada ,Bajawa,Faobata,86419,KANTOR PERWAKILAN,B,BAJAWA,FLORES,Gate LBJ,Cabang Bajawa,Setiap Hari
KOE20900,Nusa Tenggara Timur (NTT),Ngada ,Bajawa,Jawameze,86416,KANTOR PERWAKILAN,B,BAJAWA,FLORES,Gate LBJ,Cabang Bajawa,Setiap Hari
KOE20900,Nusa Tenggara Timur (NTT),Ngada ,Bajawa,Kisanata,86411,KANTOR PERWAKILAN,B,BAJAWA,FLORES,Gate LBJ,Cabang Bajawa,Setiap Hari
KOE20900,Nusa Tenggara Timur (NTT),Ngada ,Bajawa,Langagedha,86418,KANTOR PERWAKILAN,B,BAJAWA,FLORES,Gate LBJ,Cabang Bajawa,Setiap Hari
KOE20900,Nusa Tenggara Timur (NTT),Ngada ,Bajawa,Lebijaga,86418,KANTOR PERWAKILAN,B,BAJAWA,FLORES,Gate LBJ,Cabang Bajawa,Setiap Hari
KOE20900,Nusa Tenggara Timur (NTT),Ngada ,Bajawa,Naru (Natu),86413,KANTOR PERWAKILAN,B,BAJAWA,FLORES,Gate LBJ,Cabang Bajawa,Setiap Hari
KOE20900,Nusa Tenggara Timur (NTT),Ngada ,Bajawa,Ngedukelu,86415,KANTOR PERWAKILAN,B,BAJAWA,FLORES,Gate LBJ,Cabang Bajawa,Setiap Hari
KOE20900,Nusa Tenggara Timur (NTT),Ngada ,Bajawa,Ngoranale,86413,KANTOR PERWAKILAN,B,BAJAWA,FLORES,Gate LBJ,Cabang Bajawa,Setiap Hari
KOE20900,Nusa Tenggara Timur (NTT),Ngada ,Bajawa,Pape,86413,KANTOR PERWAKILAN,B,BAJAWA,FLORES,Gate LBJ,Cabang Bajawa,Setiap Hari
KOE20900,Nusa Tenggara Timur (NTT),Ngada ,Bajawa,Susu,86417,KANTOR PERWAKILAN,B,BAJAWA,FLORES,Gate LBJ,Cabang Bajawa,Setiap Hari
KOE20900,Nusa Tenggara Timur (NTT),Ngada ,Bajawa,Tanalodu,86412,KANTOR PERWAKILAN,B,BAJAWA,FLORES,Gate LBJ,Cabang Bajawa,Setiap Hari
KOE20900,Nusa Tenggara Timur (NTT),Ngada ,Bajawa,Trikora,86414,KANTOR PERWAKILAN,B,BAJAWA,FLORES,Gate LBJ,Cabang Bajawa,Setiap Hari
KOE20900,Nusa Tenggara Timur (NTT),Ngada ,Bajawa,Ubedolumolo,86413,KANTOR PERWAKILAN,B,BAJAWA,FLORES,Gate LBJ,Cabang Bajawa,Setiap Hari
KOE20900,Nusa Tenggara Timur (NTT),Ngada ,Bajawa,Ubedolumolo Satu,86413,KANTOR PERWAKILAN,B,BAJAWA,FLORES,Gate LBJ,Cabang Bajawa,Setiap Hari
KOE20900,Nusa Tenggara Timur (NTT),Ngada ,Bajawa,Wawowae,86413,KANTOR PERWAKILAN,B,BAJAWA,FLORES,Gate LBJ,Cabang Bajawa,Setiap Hari
KOE20914,Nusa Tenggara Timur (NTT),Ngada ,Soa,Bogoboa,86419,KANTOR PERWAKILAN,B,BAJAWA,FLORES,Gate LBJ,Agen Soa,Setiap Hari
KOE20914,Nusa Tenggara Timur (NTT),Ngada ,Soa,Libunio,86419,KANTOR PERWAKILAN,B,BAJAWA,FLORES,Gate LBJ,Agen Soa,Setiap Hari
KOE20914,Nusa Tenggara Timur (NTT),Ngada ,Soa,Loa,86419,KANTOR PERWAKILAN,B,BAJAWA,FLORES,Gate LBJ,Agen Soa,Setiap Hari
KOE20914,Nusa Tenggara Timur (NTT),Ngada ,Soa,Masu,86419,KANTOR PERWAKILAN,B,BAJAWA,FLORES,Gate LBJ,Agen Soa,Setiap Hari
KOE20914,Nusa Tenggara Timur (NTT),Ngada ,Soa,Masu Kedhi,86419,KANTOR PERWAKILAN,B,BAJAWA,FLORES,Gate LBJ,Agen Soa,Setiap Hari
KOE20914,Nusa Tenggara Timur (NTT),Ngada ,Soa,Meli Waru,86419,KANTOR PERWAKILAN,B,BAJAWA,FLORES,Gate LBJ,Agen Soa,Setiap Hari
KOE20914,Nusa Tenggara Timur (NTT),Ngada ,Soa,Mengeruda,86419,KANTOR PERWAKILAN,B,BAJAWA,FLORES,Gate LBJ,Agen Soa,Setiap Hari
KOE20914,Nusa Tenggara Timur (NTT),Ngada ,Soa,Ngabheo,86419,KANTOR PERWAKILAN,B,BAJAWA,FLORES,Gate LBJ,Agen Soa,Setiap Hari
KOE20914,Nusa Tenggara Timur (NTT),Ngada ,Soa,Piga,86419,KANTOR PERWAKILAN,B,BAJAWA,FLORES,Gate LBJ,Agen Soa,Setiap Hari
KOE20914,Nusa Tenggara Timur (NTT),Ngada ,Soa,Piga I,86419,KANTOR PERWAKILAN,B,BAJAWA,FLORES,Gate LBJ,Agen Soa,Setiap Hari
KOE20914,Nusa Tenggara Timur (NTT),Ngada ,Soa,Seso,86419,KANTOR PERWAKILAN,B,BAJAWA,FLORES,Gate LBJ,Agen Soa,Setiap Hari
KOE20914,Nusa Tenggara Timur (NTT),Ngada ,Soa,Tarawaja,86419,KANTOR PERWAKILAN,B,BAJAWA,FLORES,Gate LBJ,Agen Soa,Setiap Hari
KOE20914,Nusa Tenggara Timur (NTT),Ngada ,Soa,Tarawali,86419,KANTOR PERWAKILAN,B,BAJAWA,FLORES,Gate LBJ,Agen Soa,Setiap Hari
KOE20914,Nusa Tenggara Timur (NTT),Ngada ,Soa,Waepana,86419,KANTOR PERWAKILAN,B,BAJAWA,FLORES,Gate LBJ,Agen Soa,Setiap Hari
KOE21300,Nusa Tenggara Timur (NTT),Manggarai Timur ,Borong,Bea Ngencung,86571,MITRA,B,BORONG,FLORES,Gate LBJ,Cabang Borong,"SENIN, RABU, JUMAT "
KOE21300,Nusa Tenggara Timur (NTT),Manggarai Timur ,Borong,Benteng Raja,86571,MITRA,B,BORONG,FLORES,Gate LBJ,Cabang Borong,SETIAP HARI 
KOE21300,Nusa Tenggara Timur (NTT),Manggarai Timur ,Borong,Benteng Riwu,86571,MITRA,B,BORONG,FLORES,Gate LBJ,Cabang Borong,SETIAP HARI 
KOE21300,Nusa Tenggara Timur (NTT),Manggarai Timur ,Borong,Golo Kantar,86571,MITRA,B,BORONG,FLORES,Gate LBJ,Cabang Borong,SETIAP HARI 
KOE21300,Nusa Tenggara Timur (NTT),Manggarai Timur ,Borong,Golo Lalong,86571,MITRA,B,BORONG,FLORES,Gate LBJ,Cabang Borong,SETIAP HARI 
KOE21300,Nusa Tenggara Timur (NTT),Manggarai Timur ,Borong,Golo Loni,86571,MITRA,B,BORONG,FLORES,Gate LBJ,Cabang Borong,"SENIN, RABU, JUMAT "
KOE21300,Nusa Tenggara Timur (NTT),Manggarai Timur ,Borong,Golo Meleng,86571,MITRA,B,BORONG,FLORES,Gate LBJ,Cabang Borong,"SENIN, RABU, JUMAT "
KOE21300,Nusa Tenggara Timur (NTT),Manggarai Timur ,Borong,Golo Ros,86571,MITRA,B,BORONG,FLORES,Gate LBJ,Cabang Borong,"SENIN, RABU, JUMAT "
KOE21300,Nusa Tenggara Timur (NTT),Manggarai Timur ,Borong,Golo Rutuk,86571,MITRA,B,BORONG,FLORES,Gate LBJ,Cabang Borong,"SENIN, RABU, JUMAT "
KOE21300,Nusa Tenggara Timur (NTT),Manggarai Timur ,Borong,Gurung Liwut,86571,MITRA,B,BORONG,FLORES,Gate LBJ,Cabang Borong,SETIAP HARI 
KOE21300,Nusa Tenggara Timur (NTT),Manggarai Timur ,Borong,Kota Ndora,86571,MITRA,B,BORONG,FLORES,Gate LBJ,Cabang Borong,SETIAP HARI 
KOE21300,Nusa Tenggara Timur (NTT),Manggarai Timur ,Borong,Nanga Labang,86571,MITRA,B,BORONG,FLORES,Gate LBJ,Cabang Borong,SETIAP HARI 
KOE21300,Nusa Tenggara Timur (NTT),Manggarai Timur ,Borong,Ngampang Mas,86571,MITRA,B,BORONG,FLORES,Gate LBJ,Cabang Borong,SETIAP HARI 
KOE21300,Nusa Tenggara Timur (NTT),Manggarai Timur ,Borong,Poco Rii,86571,MITRA,B,BORONG,FLORES,Gate LBJ,Cabang Borong,SETIAP HARI 
KOE21300,Nusa Tenggara Timur (NTT),Manggarai Timur ,Borong,Rana Loba,86571,MITRA,B,BORONG,FLORES,Gate LBJ,Cabang Borong,SETIAP HARI 
KOE21300,Nusa Tenggara Timur (NTT),Manggarai Timur ,Borong,Rana Masak,86571,MITRA,B,BORONG,FLORES,Gate LBJ,Cabang Borong,SETIAP HARI 
KOE21300,Nusa Tenggara Timur (NTT),Manggarai Timur ,Borong,Rondo Woing,86571,MITRA,B,BORONG,FLORES,Gate LBJ,Cabang Borong,"SENIN, RABU, JUMAT "
KOE21300,Nusa Tenggara Timur (NTT),Manggarai Timur ,Borong,Sano Lokom/Lokon,86571,MITRA,B,BORONG,FLORES,Gate LBJ,Cabang Borong,"SENIN, RABU, JUMAT "
KOE20800,Nusa Tenggara Timur (NTT),Ende ,Ende,Embu Ngena,86319,KANTOR PERWAKILAN,B,ENDE,FLORES,Gate LBJ,Cabang Ende,SETIAP HARI
KOE20800,Nusa Tenggara Timur (NTT),Ende ,Ende,Emburia,86319,KANTOR PERWAKILAN,B,ENDE,FLORES,Gate LBJ,Cabang Ende,SETIAP HARI
KOE20800,Nusa Tenggara Timur (NTT),Ende ,Ende,Embutheru,86319,KANTOR PERWAKILAN,B,ENDE,FLORES,Gate LBJ,Cabang Ende,SETIAP HARI
KOE20800,Nusa Tenggara Timur (NTT),Ende ,Ende,Ja Moke Asa,86319,KANTOR PERWAKILAN,B,ENDE,FLORES,Gate LBJ,Cabang Ende,SETIAP HARI
KOE20800,Nusa Tenggara Timur (NTT),Ende ,Ende,Jejaraja,86319,KANTOR PERWAKILAN,B,ENDE,FLORES,Gate LBJ,Cabang Ende,SETIAP HARI
KOE20800,Nusa Tenggara Timur (NTT),Ende ,Ende,Mbotutenda,86319,KANTOR PERWAKILAN,B,ENDE,FLORES,Gate LBJ,Cabang Ende,SETIAP HARI
KOE20800,Nusa Tenggara Timur (NTT),Ende ,Ende,Nakuramba,86319,KANTOR PERWAKILAN,B,ENDE,FLORES,Gate LBJ,Cabang Ende,SETIAP HARI
KOE20800,Nusa Tenggara Timur (NTT),Ende ,Ende,Ndetundora I,86319,KANTOR PERWAKILAN,B,ENDE,FLORES,Gate LBJ,Cabang Ende,SETIAP HARI
KOE20800,Nusa Tenggara Timur (NTT),Ende ,Ende,Ndetundora II,86319,KANTOR PERWAKILAN,B,ENDE,FLORES,Gate LBJ,Cabang Ende,SETIAP HARI
KOE20800,Nusa Tenggara Timur (NTT),Ende ,Ende,Ndetundora III,86319,KANTOR PERWAKILAN,B,ENDE,FLORES,Gate LBJ,Cabang Ende,SETIAP HARI
KOE20800,Nusa Tenggara Timur (NTT),Ende ,Ende,Nemboramba,86319,KANTOR PERWAKILAN,B,ENDE,FLORES,Gate LBJ,Cabang Ende,SETIAP HARI
KOE20800,Nusa Tenggara Timur (NTT),Ende ,Ende,Nuaja,86319,KANTOR PERWAKILAN,B,ENDE,FLORES,Gate LBJ,Cabang Ende,SETIAP HARI
KOE20800,Nusa Tenggara Timur (NTT),Ende ,Ende,Peozakaramba,86319,KANTOR PERWAKILAN,B,ENDE,FLORES,Gate LBJ,Cabang Ende,SETIAP HARI
KOE20800,Nusa Tenggara Timur (NTT),Ende ,Ende,Raburia,86319,KANTOR PERWAKILAN,B,ENDE,FLORES,Gate LBJ,Cabang Ende,SETIAP HARI
KOE20800,Nusa Tenggara Timur (NTT),Ende ,Ende,Randorama,86319,KANTOR PERWAKILAN,B,ENDE,FLORES,Gate LBJ,Cabang Ende,SETIAP HARI
KOE20800,Nusa Tenggara Timur (NTT),Ende ,Ende,Randotonda,86319,KANTOR PERWAKILAN,B,ENDE,FLORES,Gate LBJ,Cabang Ende,SETIAP HARI
KOE20800,Nusa Tenggara Timur (NTT),Ende ,Ende,Ranoramba,86319,KANTOR PERWAKILAN,B,ENDE,FLORES,Gate LBJ,Cabang Ende,SETIAP HARI
KOE20800,Nusa Tenggara Timur (NTT),Ende ,Ende,Riaraja,86319,KANTOR PERWAKILAN,B,ENDE,FLORES,Gate LBJ,Cabang Ende,SETIAP HARI
KOE20800,Nusa Tenggara Timur (NTT),Ende ,Ende,Ruku Ramba,86319,KANTOR PERWAKILAN,B,ENDE,FLORES,Gate LBJ,Cabang Ende,SETIAP HARI
KOE20800,Nusa Tenggara Timur (NTT),Ende ,Ende,Tendambonggi,86319,KANTOR PERWAKILAN,B,ENDE,FLORES,Gate LBJ,Cabang Ende,SETIAP HARI
KOE20800,Nusa Tenggara Timur (NTT),Ende ,Ende,Tinabani,86319,KANTOR PERWAKILAN,B,ENDE,FLORES,Gate LBJ,Cabang Ende,SETIAP HARI
KOE20800,Nusa Tenggara Timur (NTT),Ende ,Ende,Tomberabu 1,86319,KANTOR PERWAKILAN,B,ENDE,FLORES,Gate LBJ,Cabang Ende,SETIAP HARI
KOE20800,Nusa Tenggara Timur (NTT),Ende ,Ende,Tomberabu II,86319,KANTOR PERWAKILAN,B,ENDE,FLORES,Gate LBJ,Cabang Ende,SETIAP HARI
KOE20800,Nusa Tenggara Timur (NTT),Ende ,Ende,Tonggopajoa,86319,KANTOR PERWAKILAN,B,ENDE,FLORES,Gate LBJ,Cabang Ende,SETIAP HARI
KOE20800,Nusa Tenggara Timur (NTT),Ende ,Ende,Uzuramba,86319,KANTOR PERWAKILAN,B,ENDE,FLORES,Gate LBJ,Cabang Ende,SETIAP HARI
KOE20800,Nusa Tenggara Timur (NTT),Ende ,Ende,Uzuramba Barat,86319,KANTOR PERWAKILAN,B,ENDE,FLORES,Gate LBJ,Cabang Ende,SETIAP HARI
KOE20800,Nusa Tenggara Timur (NTT),Ende ,Ende,Wajakea Jaya,86319,KANTOR PERWAKILAN,B,ENDE,FLORES,Gate LBJ,Cabang Ende,SETIAP HARI
KOE20800,Nusa Tenggara Timur (NTT),Ende ,Ende,Wawonato,86319,KANTOR PERWAKILAN,B,ENDE,FLORES,Gate LBJ,Cabang Ende,SETIAP HARI
KOE20800,Nusa Tenggara Timur (NTT),Ende ,Ende,Wologai,86319,KANTOR PERWAKILAN,B,ENDE,FLORES,Gate LBJ,Cabang Ende,SETIAP HARI
KOE20800,Nusa Tenggara Timur (NTT),Ende ,Ende,Wologai Dua,86319,KANTOR PERWAKILAN,B,ENDE,FLORES,Gate LBJ,Cabang Ende,SETIAP HARI
KOE20800,Nusa Tenggara Timur (NTT),Ende ,Ende,Wolokaro,86319,KANTOR PERWAKILAN,B,ENDE,FLORES,Gate LBJ,Cabang Ende,SETIAP HARI
KOE20800,Nusa Tenggara Timur (NTT),Ende ,Ende,Worhopapa,86319,KANTOR PERWAKILAN,B,ENDE,FLORES,Gate LBJ,Cabang Ende,SETIAP HARI
KOE21201,Nusa Tenggara Timur (NTT),Manggarai Barat ,Komodo,Batu Cermin,86754,KANTOR PERWAKILAN,B,LABUAN BAJO,FLORES,Gate LBJ,Cabang Labuan Bajo,
KOE21201,Nusa Tenggara Timur (NTT),Manggarai Barat ,Komodo,Compang Longgo,86754,KANTOR PERWAKILAN,B,LABUAN BAJO,FLORES,Gate LBJ,Agen Poros Selatan,
KOE21201,Nusa Tenggara Timur (NTT),Manggarai Barat ,Komodo,Golo Bilas,86754,KANTOR PERWAKILAN,B,LABUAN BAJO,FLORES,Gate LBJ,Cabang Labuan Bajo,
KOE21201,Nusa Tenggara Timur (NTT),Manggarai Barat ,Komodo,Golo Mori,86754,KANTOR PERWAKILAN,B,LABUAN BAJO,FLORES,Gate LBJ,Agen Poros Selatan,
KOE21201,Nusa Tenggara Timur (NTT),Manggarai Barat ,Komodo,Golo Pongkor,86754,KANTOR PERWAKILAN,B,LABUAN BAJO,FLORES,Gate LBJ,Agen Poros Selatan,
KOE21201,Nusa Tenggara Timur (NTT),Manggarai Barat ,Komodo,Gorontalo,86754,KANTOR PERWAKILAN,B,LABUAN BAJO,FLORES,Gate LBJ,Cabang Labuan Bajo,
KOE21201,Nusa Tenggara Timur (NTT),Manggarai Barat ,Komodo,Komodo,86754,KANTOR PERWAKILAN,B,LABUAN BAJO,FLORES,Gate LBJ,Agen Komodo,
KOE21201,Nusa Tenggara Timur (NTT),Manggarai Barat ,Komodo,Labuan Bajo,86754,KANTOR PERWAKILAN,B,LABUAN BAJO,FLORES,Gate LBJ,Cabang Labuan Bajo,
KOE21201,Nusa Tenggara Timur (NTT),Manggarai Barat ,Komodo,Macang Tanggar,86754,KANTOR PERWAKILAN,B,LABUAN BAJO,FLORES,Gate LBJ,Agen Poros Selatan,
KOE21201,Nusa Tenggara Timur (NTT),Manggarai Barat ,Komodo,Nggorang,86754,KANTOR PERWAKILAN,B,LABUAN BAJO,FLORES,Gate LBJ,Cabang Labuan Bajo,
KOE21201,Nusa Tenggara Timur (NTT),Manggarai Barat ,Komodo,Pantar,86754,KANTOR PERWAKILAN,B,LABUAN BAJO,FLORES,Gate LBJ,Agen Poros Selatan,
KOE21201,Nusa Tenggara Timur (NTT),Manggarai Barat ,Komodo,Papa Garang,86754,KANTOR PERWAKILAN,B,LABUAN BAJO,FLORES,Gate LBJ,Agen Papagarang,
KOE21201,Nusa Tenggara Timur (NTT),Manggarai Barat ,Komodo,Pasir Panjang,86754,KANTOR PERWAKILAN,B,LABUAN BAJO,FLORES,Gate LBJ,Agen Rincah,
KOE21201,Nusa Tenggara Timur (NTT),Manggarai Barat ,Komodo,Pasir Putih,86754,KANTOR PERWAKILAN,B,LABUAN BAJO,FLORES,Gate LBJ,Agen Messah,
KOE21201,Nusa Tenggara Timur (NTT),Manggarai Barat ,Komodo,Seraya Marannu,86754,KANTOR PERWAKILAN,B,LABUAN BAJO,FLORES,Gate LBJ,Agen Seraya,
KOE21201,Nusa Tenggara Timur (NTT),Manggarai Barat ,Komodo,Tiwu Nampar,86754,KANTOR PERWAKILAN,B,LABUAN BAJO,FLORES,Gate LBJ,Agen Poros Selatan,
KOE21201,Nusa Tenggara Timur (NTT),Manggarai Barat ,Komodo,Wae Kelambu,86754,KANTOR PERWAKILAN,B,LABUAN BAJO,FLORES,Gate LBJ,Cabang Labuan Bajo,
KOE21201,Nusa Tenggara Timur (NTT),Manggarai Barat ,Komodo,Warloka,86754,KANTOR PERWAKILAN,B,LABUAN BAJO,FLORES,Gate LBJ,Agen Poros Selatan,
KOE21201,Nusa Tenggara Timur (NTT),Manggarai Barat ,Komodo,Watu Nggelek,86754,KANTOR PERWAKILAN,B,LABUAN BAJO,FLORES,Gate LBJ,Cabang Labuan Bajo,
KOE21203,Nusa Tenggara Timur (NTT),Manggarai Barat ,Lembor,Daleng,86753,KANTOR PERWAKILAN,B,LABUAN BAJO,FLORES,Gate LBJ,Agen Lembor,
KOE21203,Nusa Tenggara Timur (NTT),Manggarai Barat ,Lembor,Golo Ndeweng,86753,KANTOR PERWAKILAN,B,LABUAN BAJO,FLORES,Gate LBJ,Agen Lembor,
KOE21203,Nusa Tenggara Timur (NTT),Manggarai Barat ,Lembor,LIang Sola,86753,KANTOR PERWAKILAN,B,LABUAN BAJO,FLORES,Gate LBJ,Agen Lembor,
KOE21203,Nusa Tenggara Timur (NTT),Manggarai Barat ,Lembor,Ngancar,86753,KANTOR PERWAKILAN,B,LABUAN BAJO,FLORES,Gate LBJ,Agen Lembor,
KOE21203,Nusa Tenggara Timur (NTT),Manggarai Barat ,Lembor,Poco Dedeng,86753,KANTOR PERWAKILAN,B,LABUAN BAJO,FLORES,Gate LBJ,Agen Lembor,
KOE21203,Nusa Tenggara Timur (NTT),Manggarai Barat ,Lembor,Poco Rutang,86753,KANTOR PERWAKILAN,B,LABUAN BAJO,FLORES,Gate LBJ,Agen Lembor,
KOE21203,Nusa Tenggara Timur (NTT),Manggarai Barat ,Lembor,Pondo,86753,KANTOR PERWAKILAN,B,LABUAN BAJO,FLORES,Gate LBJ,Agen Lembor,
KOE21203,Nusa Tenggara Timur (NTT),Manggarai Barat ,Lembor,Pong Majok,86753,KANTOR PERWAKILAN,B,LABUAN BAJO,FLORES,Gate LBJ,Agen Lembor,
KOE21203,Nusa Tenggara Timur (NTT),Manggarai Barat ,Lembor,Ponto Ara,86753,KANTOR PERWAKILAN,B,LABUAN BAJO,FLORES,Gate LBJ,Agen Lembor,
KOE21203,Nusa Tenggara Timur (NTT),Manggarai Barat ,Lembor,Siru,86753,KANTOR PERWAKILAN,B,LABUAN BAJO,FLORES,Gate LBJ,Agen Lembor,
KOE21203,Nusa Tenggara Timur (NTT),Manggarai Barat ,Lembor,Tangge,86753,KANTOR PERWAKILAN,B,LABUAN BAJO,FLORES,Gate LBJ,Agen Lembor,
KOE21203,Nusa Tenggara Timur (NTT),Manggarai Barat ,Lembor,Wae Bangka,86753,KANTOR PERWAKILAN,B,LABUAN BAJO,FLORES,Gate LBJ,Agen Lembor,
KOE21203,Nusa Tenggara Timur (NTT),Manggarai Barat ,Lembor,Wae Kanta,86753,KANTOR PERWAKILAN,B,LABUAN BAJO,FLORES,Gate LBJ,Agen Lembor,
KOE21203,Nusa Tenggara Timur (NTT),Manggarai Barat ,Lembor,Wae Mowol,86753,KANTOR PERWAKILAN,B,LABUAN BAJO,FLORES,Gate LBJ,Agen Lembor,
KOE21203,Nusa Tenggara Timur (NTT),Manggarai Barat ,Lembor,Wae Wako,86753,KANTOR PERWAKILAN,B,LABUAN BAJO,FLORES,Gate LBJ,Agen Lembor,
KOE21209,Nusa Tenggara Timur (NTT),Manggarai Barat ,Mbeliling,Compang Liang Ndara,86757,KANTOR PERWAKILAN,B,LABUAN BAJO,FLORES,Gate LBJ,Agen Mbeliling,
KOE21209,Nusa Tenggara Timur (NTT),Manggarai Barat ,Mbeliling,Cunca Lolos,86757,KANTOR PERWAKILAN,B,LABUAN BAJO,FLORES,Gate LBJ,Agen Mbeliling,
KOE21209,Nusa Tenggara Timur (NTT),Manggarai Barat ,Mbeliling,Cunca Wulang,86757,KANTOR PERWAKILAN,B,LABUAN BAJO,FLORES,Gate LBJ,Agen Mbeliling,
KOE21209,Nusa Tenggara Timur (NTT),Manggarai Barat ,Mbeliling,Golo Damu,86757,KANTOR PERWAKILAN,B,LABUAN BAJO,FLORES,Gate LBJ,Agen Mbeliling,
KOE21209,Nusa Tenggara Timur (NTT),Manggarai Barat ,Mbeliling,Golo Desat,86757,KANTOR PERWAKILAN,B,LABUAN BAJO,FLORES,Gate LBJ,Agen Mbeliling,
KOE21209,Nusa Tenggara Timur (NTT),Manggarai Barat ,Mbeliling,Golo Ndoal,86757,KANTOR PERWAKILAN,B,LABUAN BAJO,FLORES,Gate LBJ,Agen Mbeliling,
KOE21209,Nusa Tenggara Timur (NTT),Manggarai Barat ,Mbeliling,Golo Sembea,86757,KANTOR PERWAKILAN,B,LABUAN BAJO,FLORES,Gate LBJ,Agen Mbeliling,
KOE21209,Nusa Tenggara Timur (NTT),Manggarai Barat ,Mbeliling,Golo Tantong,86757,KANTOR PERWAKILAN,B,LABUAN BAJO,FLORES,Gate LBJ,Agen Mbeliling,
KOE21209,Nusa Tenggara Timur (NTT),Manggarai Barat ,Mbeliling,Kempo,86757,KANTOR PERWAKILAN,B,LABUAN BAJO,FLORES,Gate LBJ,Agen Mbeliling,
KOE21209,Nusa Tenggara Timur (NTT),Manggarai Barat ,Mbeliling,Liang Ndara,86757,KANTOR PERWAKILAN,B,LABUAN BAJO,FLORES,Gate LBJ,Agen Mbeliling,
KOE21209,Nusa Tenggara Timur (NTT),Manggarai Barat ,Mbeliling,Tandong Belang,86757,KANTOR PERWAKILAN,B,LABUAN BAJO,FLORES,Gate LBJ,Agen Mbeliling,
KOE21209,Nusa Tenggara Timur (NTT),Manggarai Barat ,Mbeliling,Tiwi Riwung,86757,KANTOR PERWAKILAN,B,LABUAN BAJO,FLORES,Gate LBJ,Agen Mbeliling,
KOE21209,Nusa Tenggara Timur (NTT),Manggarai Barat ,Mbeliling,Wae Jare,86757,KANTOR PERWAKILAN,B,LABUAN BAJO,FLORES,Gate LBJ,Agen Mbeliling,
KOE21209,Nusa Tenggara Timur (NTT),Manggarai Barat ,Mbeliling,Watu Galang,86757,KANTOR PERWAKILAN,B,LABUAN BAJO,FLORES,Gate LBJ,Agen Mbeliling,
KOE21209,Nusa Tenggara Timur (NTT),Manggarai Barat ,Mbeliling,Watu Wangka,86757,KANTOR PERWAKILAN,B,LABUAN BAJO,FLORES,Gate LBJ,Agen Mbeliling,
KOE20400,Nusa Tenggara Timur (NTT),Flores Timur ,Larantuka,Amagarapati,86219,KANTOR PERWAKILAN,B,LARANTUKA,FLORES,Gate KOE,Cabang Larantuka,
KOE20400,Nusa Tenggara Timur (NTT),Flores Timur ,Larantuka,Balela,86214,KANTOR PERWAKILAN,B,LARANTUKA,FLORES,Gate KOE,Cabang Larantuka,
KOE20400,Nusa Tenggara Timur (NTT),Flores Timur ,Larantuka,Ekasapta,86217,KANTOR PERWAKILAN,B,LARANTUKA,FLORES,Gate KOE,Cabang Larantuka,
KOE20400,Nusa Tenggara Timur (NTT),Flores Timur ,Larantuka,Lamawalang,86219,KANTOR PERWAKILAN,B,LARANTUKA,FLORES,Gate KOE,Cabang Larantuka,
KOE20400,Nusa Tenggara Timur (NTT),Flores Timur ,Larantuka,Larantuka,86213,KANTOR PERWAKILAN,B,LARANTUKA,FLORES,Gate KOE,Cabang Larantuka,
KOE20400,Nusa Tenggara Timur (NTT),Flores Timur ,Larantuka,Lewolere,86212,KANTOR PERWAKILAN,B,LARANTUKA,FLORES,Gate KOE,Cabang Larantuka,
KOE20400,Nusa Tenggara Timur (NTT),Flores Timur ,Larantuka,Lohayong,86215,KANTOR PERWAKILAN,B,LARANTUKA,FLORES,Gate KOE,Cabang Larantuka,
KOE20400,Nusa Tenggara Timur (NTT),Flores Timur ,Larantuka,Lokea,86215,KANTOR PERWAKILAN,B,LARANTUKA,FLORES,Gate KOE,Cabang Larantuka,
KOE20400,Nusa Tenggara Timur (NTT),Flores Timur ,Larantuka,Mokantarak,86219,KANTOR PERWAKILAN,B,LARANTUKA,FLORES,Gate KOE,Cabang Larantuka,
KOE20400,Nusa Tenggara Timur (NTT),Flores Timur ,Larantuka,Pantai Besar,86213,KANTOR PERWAKILAN,B,LARANTUKA,FLORES,Gate KOE,Cabang Larantuka,
KOE20400,Nusa Tenggara Timur (NTT),Flores Timur ,Larantuka,Pohon Bao,86219,KANTOR PERWAKILAN,B,LARANTUKA,FLORES,Gate KOE,Cabang Larantuka,
KOE20400,Nusa Tenggara Timur (NTT),Flores Timur ,Larantuka,Pohon Sirih,86214,KANTOR PERWAKILAN,B,LARANTUKA,FLORES,Gate KOE,Cabang Larantuka,
KOE20400,Nusa Tenggara Timur (NTT),Flores Timur ,Larantuka,Postoh,86216,KANTOR PERWAKILAN,B,LARANTUKA,FLORES,Gate KOE,Cabang Larantuka,
KOE20400,Nusa Tenggara Timur (NTT),Flores Timur ,Larantuka,Puken Tobi Wangi Bao,86219,KANTOR PERWAKILAN,B,LARANTUKA,FLORES,Gate KOE,Cabang Larantuka,
KOE20400,Nusa Tenggara Timur (NTT),Flores Timur ,Larantuka,Sarotari,86219,KANTOR PERWAKILAN,B,LARANTUKA,FLORES,Gate KOE,Cabang Larantuka,
KOE20400,Nusa Tenggara Timur (NTT),Flores Timur ,Larantuka,Sarotari Tengah,86219,KANTOR PERWAKILAN,B,LARANTUKA,FLORES,Gate KOE,Cabang Larantuka,
KOE20400,Nusa Tenggara Timur (NTT),Flores Timur ,Larantuka,Sarotari Timur,86219,KANTOR PERWAKILAN,B,LARANTUKA,FLORES,Gate KOE,Cabang Larantuka,
KOE20400,Nusa Tenggara Timur (NTT),Flores Timur ,Larantuka,Waibalun,86212,KANTOR PERWAKILAN,B,LARANTUKA,FLORES,Gate KOE,Cabang Larantuka,
KOE20400,Nusa Tenggara Timur (NTT),Flores Timur ,Larantuka,Waihali,86219,KANTOR PERWAKILAN,B,LARANTUKA,FLORES,Gate KOE,Cabang Larantuka,
KOE20400,Nusa Tenggara Timur (NTT),Flores Timur ,Larantuka,Weri,86219,KANTOR PERWAKILAN,B,LARANTUKA,FLORES,Gate KOE,Cabang Larantuka,
KOE21800,Nusa Tenggara Timur (NTT),Lembata,Lembata,Lembata,0,MITRA,B,LEMBATA,FLORES,Gate KOE,Cabang Lembata,
KOE21805,Nusa Tenggara Timur (NTT),Lembata ,Nubatukan,Bakalerek,86682,MITRA,B,LEMBATA,FLORES,Gate KOE,Cabang Lembata,
KOE21805,Nusa Tenggara Timur (NTT),Lembata ,Nubatukan,Baolangu,86682,MITRA,B,LEMBATA,FLORES,Gate KOE,Cabang Lembata,
KOE21805,Nusa Tenggara Timur (NTT),Lembata ,Nubatukan,Belobatang,86682,MITRA,B,LEMBATA,FLORES,Gate KOE,Cabang Lembata,
KOE21805,Nusa Tenggara Timur (NTT),Lembata ,Nubatukan,Bour,86682,MITRA,B,LEMBATA,FLORES,Gate KOE,Cabang Lembata,
KOE21805,Nusa Tenggara Timur (NTT),Lembata ,Nubatukan,Lewoleba,86611,MITRA,B,LEMBATA,FLORES,Gate KOE,Cabang Lembata,
KOE21805,Nusa Tenggara Timur (NTT),Lembata ,Nubatukan,Lewoleba Barat,86613,MITRA,B,LEMBATA,FLORES,Gate KOE,Cabang Lembata,
KOE21805,Nusa Tenggara Timur (NTT),Lembata ,Nubatukan,Lewoleba Selatan,86682,MITRA,B,LEMBATA,FLORES,Gate KOE,Cabang Lembata,
KOE21805,Nusa Tenggara Timur (NTT),Lembata ,Nubatukan,Lewoleba Tengah,86615,MITRA,B,LEMBATA,FLORES,Gate KOE,Cabang Lembata,
KOE21805,Nusa Tenggara Timur (NTT),Lembata ,Nubatukan,Lewoleba Timur,86616,MITRA,B,LEMBATA,FLORES,Gate KOE,Cabang Lembata,
KOE21805,Nusa Tenggara Timur (NTT),Lembata ,Nubatukan,Lewoleba Utara,86612,MITRA,B,LEMBATA,FLORES,Gate KOE,Cabang Lembata,
KOE21805,Nusa Tenggara Timur (NTT),Lembata ,Nubatukan,Lite Ulu Mado,86616,MITRA,B,LEMBATA,FLORES,Gate KOE,Cabang Lembata,
KOE21805,Nusa Tenggara Timur (NTT),Lembata ,Nubatukan,Nubamado,86682,MITRA,B,LEMBATA,FLORES,Gate KOE,Cabang Lembata,
KOE21805,Nusa Tenggara Timur (NTT),Lembata ,Nubatukan,Pada,86682,MITRA,B,LEMBATA,FLORES,Gate KOE,Cabang Lembata,
KOE21805,Nusa Tenggara Timur (NTT),Lembata ,Nubatukan,Paubokol,86682,MITRA,B,LEMBATA,FLORES,Gate KOE,Cabang Lembata,
KOE21805,Nusa Tenggara Timur (NTT),Lembata ,Nubatukan,Selandoro,86682,MITRA,B,LEMBATA,FLORES,Gate KOE,Cabang Lembata,
KOE21805,Nusa Tenggara Timur (NTT),Lembata ,Nubatukan,Udak Melomata,86682,MITRA,B,LEMBATA,FLORES,Gate KOE,Cabang Lembata,
KOE21805,Nusa Tenggara Timur (NTT),Lembata ,Nubatukan,Waijarang,86682,MITRA,B,LEMBATA,FLORES,Gate KOE,Cabang Lembata,
KOE21805,Nusa Tenggara Timur (NTT),Lembata ,Nubatukan,Watokobu,86682,MITRA,B,LEMBATA,FLORES,Gate KOE,Cabang Lembata,
KOE20500,Nusa Tenggara Timur (NTT),Sikka,Maumere,Maumere,0,KANTOR PERWAKILAN,B,MAUMERE,FLORES,Gate KOE,Cabang Maumere,Setiap Hari
KOE20507,Nusa Tenggara Timur (NTT),Sikka ,Alok,Gunung Sari,86116,KANTOR PERWAKILAN,B,MAUMERE,FLORES,Gate KOE,Cabang Maumere,"senin, rabu,sabtu"
KOE20507,Nusa Tenggara Timur (NTT),Sikka ,Alok,Kabor,86112,KANTOR PERWAKILAN,B,MAUMERE,FLORES,Gate KOE,Cabang Maumere,Setiap Hari
KOE20507,Nusa Tenggara Timur (NTT),Sikka ,Alok,Kota Uneng,86113,KANTOR PERWAKILAN,B,MAUMERE,FLORES,Gate KOE,Cabang Maumere,Setiap Hari
KOE20507,Nusa Tenggara Timur (NTT),Sikka ,Alok,Madawat,86112,KANTOR PERWAKILAN,B,MAUMERE,FLORES,Gate KOE,Cabang Maumere,Setiap Hari
KOE20507,Nusa Tenggara Timur (NTT),Sikka ,Alok,Nangalimang,86118,KANTOR PERWAKILAN,B,MAUMERE,FLORES,Gate KOE,Cabang Maumere,Setiap Hari
KOE20507,Nusa Tenggara Timur (NTT),Sikka ,Alok,Pemana,86116,KANTOR PERWAKILAN,B,MAUMERE,FLORES,Gate KOE,Cabang Maumere,"senin, rabu,sabtu"
KOE20507,Nusa Tenggara Timur (NTT),Sikka ,Alok,Samparong,86116,KANTOR PERWAKILAN,B,MAUMERE,FLORES,Gate KOE,Cabang Maumere,"senin, rabu,sabtu"
KOE20501,Nusa Tenggara Timur (NTT),Sikka ,Bola,Bola,86171,KANTOR PERWAKILAN,B,MAUMERE,FLORES,Gate KOE,Cabang Maumere,"selasa, rabu,kamis,sabtu"
KOE20501,Nusa Tenggara Timur (NTT),Sikka ,Bola,Hokor,86171,KANTOR PERWAKILAN,B,MAUMERE,FLORES,Gate KOE,Cabang Maumere,"selasa, rabu,kamis,sabtu"
KOE20501,Nusa Tenggara Timur (NTT),Sikka ,Bola,Ipir,86171,KANTOR PERWAKILAN,B,MAUMERE,FLORES,Gate KOE,Cabang Maumere,"selasa, rabu,kamis,sabtu"
KOE20501,Nusa Tenggara Timur (NTT),Sikka ,Bola,Umauta,86171,KANTOR PERWAKILAN,B,MAUMERE,FLORES,Gate KOE,Cabang Maumere,"selasa, rabu,kamis,sabtu"
KOE20501,Nusa Tenggara Timur (NTT),Sikka ,Bola,Wolokoli,86171,KANTOR PERWAKILAN,B,MAUMERE,FLORES,Gate KOE,Agen Wolowaru,"selasa, rabu,kamis,sabtu"
KOE20501,Nusa Tenggara Timur (NTT),Sikka ,Bola,Wolonwalu,86171,KANTOR PERWAKILAN,B,MAUMERE,FLORES,Gate KOE,Cabang Maumere,"selasa, rabu,kamis,sabtu"
KOE20519,Nusa Tenggara Timur (NTT),Sikka ,Doreng,Kloangpopot,86171,KANTOR PERWAKILAN,B,MAUMERE,FLORES,Gate KOE,Cabang Maumere,"selasa,kamis,sabtu"
KOE20519,Nusa Tenggara Timur (NTT),Sikka ,Doreng,Nenbura,86171,KANTOR PERWAKILAN,B,MAUMERE,FLORES,Gate KOE,Cabang Maumere,"selasa,kamis,sabtu"
KOE20519,Nusa Tenggara Timur (NTT),Sikka ,Doreng,Waihawa,86171,KANTOR PERWAKILAN,B,MAUMERE,FLORES,Gate KOE,Cabang Maumere,"selasa,kamis,sabtu"
KOE20519,Nusa Tenggara Timur (NTT),Sikka ,Doreng,Watumerak,86171,KANTOR PERWAKILAN,B,MAUMERE,FLORES,Gate KOE,Cabang Maumere,"selasa,kamis,sabtu"
KOE20519,Nusa Tenggara Timur (NTT),Sikka ,Doreng,Wogalirit,86171,KANTOR PERWAKILAN,B,MAUMERE,FLORES,Gate KOE,Cabang Maumere,"selasa,kamis,sabtu"
KOE20519,Nusa Tenggara Timur (NTT),Sikka ,Doreng,Wolomotong,86171,KANTOR PERWAKILAN,B,MAUMERE,FLORES,Gate KOE,Cabang Maumere,"selasa,kamis,sabtu"
KOE20519,Nusa Tenggara Timur (NTT),Sikka ,Doreng,Wolonterang,86171,KANTOR PERWAKILAN,B,MAUMERE,FLORES,Gate KOE,Cabang Maumere,"selasa,kamis,sabtu"
KOE20518,Nusa Tenggara Timur (NTT),Sikka ,Hewokloang,Baomekot,86181,KANTOR PERWAKILAN,B,MAUMERE,FLORES,Gate KOE,Cabang Maumere,Setiap Hari
KOE20518,Nusa Tenggara Timur (NTT),Sikka ,Hewokloang,Heopuat,86181,KANTOR PERWAKILAN,B,MAUMERE,FLORES,Gate KOE,Cabang Maumere,Setiap Hari
KOE20518,Nusa Tenggara Timur (NTT),Sikka ,Hewokloang,Hewokloang,86181,KANTOR PERWAKILAN,B,MAUMERE,FLORES,Gate KOE,Cabang Maumere,Setiap Hari
KOE20518,Nusa Tenggara Timur (NTT),Sikka ,Hewokloang,Kajowair,86181,KANTOR PERWAKILAN,B,MAUMERE,FLORES,Gate KOE,Cabang Maumere,Setiap Hari
KOE20518,Nusa Tenggara Timur (NTT),Sikka ,Hewokloang,Munerana,86181,KANTOR PERWAKILAN,B,MAUMERE,FLORES,Gate KOE,Cabang Maumere,Setiap Hari
KOE20518,Nusa Tenggara Timur (NTT),Sikka ,Hewokloang,Rubit,86181,KANTOR PERWAKILAN,B,MAUMERE,FLORES,Gate KOE,Cabang Maumere,Setiap Hari
KOE20518,Nusa Tenggara Timur (NTT),Sikka ,Hewokloang,Wolomapa,86181,KANTOR PERWAKILAN,B,MAUMERE,FLORES,Gate KOE,Cabang Maumere,Setiap Hari
KOE20517,Nusa Tenggara Timur (NTT),Sikka ,Kangae,Blatatatin,86181,KANTOR PERWAKILAN,B,MAUMERE,FLORES,Gate KOE,Cabang Maumere,Setiap Hari
KOE20517,Nusa Tenggara Timur (NTT),Sikka ,Kangae,Habi,86181,KANTOR PERWAKILAN,B,MAUMERE,FLORES,Gate KOE,Cabang Maumere,Setiap Hari
KOE20517,Nusa Tenggara Timur (NTT),Sikka ,Kangae,Kokowahor,86181,KANTOR PERWAKILAN,B,MAUMERE,FLORES,Gate KOE,Cabang Maumere,Setiap Hari
KOE20517,Nusa Tenggara Timur (NTT),Sikka ,Kangae,Langir,86181,KANTOR PERWAKILAN,B,MAUMERE,FLORES,Gate KOE,Cabang Maumere,Setiap Hari
KOE20517,Nusa Tenggara Timur (NTT),Sikka ,Kangae,Mekendetung,86181,KANTOR PERWAKILAN,B,MAUMERE,FLORES,Gate KOE,Cabang Maumere,Setiap Hari
KOE20517,Nusa Tenggara Timur (NTT),Sikka ,Kangae,Tanaduen,86181,KANTOR PERWAKILAN,B,MAUMERE,FLORES,Gate KOE,Cabang Maumere,Setiap Hari
KOE20517,Nusa Tenggara Timur (NTT),Sikka ,Kangae,Tekaiku,86181,KANTOR PERWAKILAN,B,MAUMERE,FLORES,Gate KOE,Cabang Maumere,Setiap Hari
KOE20517,Nusa Tenggara Timur (NTT),Sikka ,Kangae,Watuliwung,86181,KANTOR PERWAKILAN,B,MAUMERE,FLORES,Gate KOE,Cabang Maumere,Setiap Hari
KOE20517,Nusa Tenggara Timur (NTT),Sikka ,Kangae,Watumilok,86181,KANTOR PERWAKILAN,B,MAUMERE,FLORES,Gate KOE,Cabang Maumere,Setiap Hari
KOE20502,Nusa Tenggara Timur (NTT),Sikka ,Kewapante,Geliting,86181,KANTOR PERWAKILAN,B,MAUMERE,FLORES,Gate KOE,Cabang Maumere,Setiap Hari
KOE20502,Nusa Tenggara Timur (NTT),Sikka ,Kewapante,Ian Tena,86181,KANTOR PERWAKILAN,B,MAUMERE,FLORES,Gate KOE,Cabang Maumere,Setiap Hari
KOE20502,Nusa Tenggara Timur (NTT),Sikka ,Kewapante,Kopong,86181,KANTOR PERWAKILAN,B,MAUMERE,FLORES,Gate KOE,Cabang Maumere,Setiap Hari
KOE20502,Nusa Tenggara Timur (NTT),Sikka ,Kewapante,Namangkewa,86181,KANTOR PERWAKILAN,B,MAUMERE,FLORES,Gate KOE,Cabang Maumere,Setiap Hari
KOE20502,Nusa Tenggara Timur (NTT),Sikka ,Kewapante,Seusina,86181,KANTOR PERWAKILAN,B,MAUMERE,FLORES,Gate KOE,Cabang Maumere,Setiap Hari
KOE20502,Nusa Tenggara Timur (NTT),Sikka ,Kewapante,Umagera,86181,KANTOR PERWAKILAN,B,MAUMERE,FLORES,Gate KOE,Cabang Maumere,Setiap Hari
KOE20502,Nusa Tenggara Timur (NTT),Sikka ,Kewapante,Waiara,86181,KANTOR PERWAKILAN,B,MAUMERE,FLORES,Gate KOE,Cabang Maumere,Setiap Hari
KOE20502,Nusa Tenggara Timur (NTT),Sikka ,Kewapante,Wairkoja,86181,KANTOR PERWAKILAN,B,MAUMERE,FLORES,Gate KOE,Cabang Maumere,Setiap Hari
KOE20516,Nusa Tenggara Timur (NTT),Sikka ,Koting,Koting A,86116,KANTOR PERWAKILAN,B,MAUMERE,FLORES,Gate KOE,Cabang Maumere,Setiap Hari
KOE20516,Nusa Tenggara Timur (NTT),Sikka ,Koting,Koting B,86116,KANTOR PERWAKILAN,B,MAUMERE,FLORES,Gate KOE,Cabang Maumere,Setiap Hari
KOE20516,Nusa Tenggara Timur (NTT),Sikka ,Koting,Koting C,86116,KANTOR PERWAKILAN,B,MAUMERE,FLORES,Gate KOE,Cabang Maumere,Setiap Hari
KOE20516,Nusa Tenggara Timur (NTT),Sikka ,Koting,Koting D,86116,KANTOR PERWAKILAN,B,MAUMERE,FLORES,Gate KOE,Cabang Maumere,Setiap Hari
KOE20516,Nusa Tenggara Timur (NTT),Sikka ,Koting,Paubekor,86116,KANTOR PERWAKILAN,B,MAUMERE,FLORES,Gate KOE,Cabang Maumere,Setiap Hari
KOE20516,Nusa Tenggara Timur (NTT),Sikka ,Koting,Ribang,86116,KANTOR PERWAKILAN,B,MAUMERE,FLORES,Gate KOE,Cabang Maumere,Setiap Hari
KOE20515,Nusa Tenggara Timur (NTT),Sikka ,Magepanda,Done,86152,KANTOR PERWAKILAN,B,MAUMERE,FLORES,Gate KOE,Cabang Maumere,Setiap Hari
KOE20515,Nusa Tenggara Timur (NTT),Sikka ,Magepanda,Kolisia,86152,KANTOR PERWAKILAN,B,MAUMERE,FLORES,Gate KOE,Cabang Maumere,Setiap Hari
KOE20515,Nusa Tenggara Timur (NTT),Sikka ,Magepanda,Kolisia B,86152,KANTOR PERWAKILAN,B,MAUMERE,FLORES,Gate KOE,Cabang Maumere,Setiap Hari
KOE20515,Nusa Tenggara Timur (NTT),Sikka ,Magepanda,Magepanda,86152,KANTOR PERWAKILAN,B,MAUMERE,FLORES,Gate KOE,Cabang Maumere,Setiap Hari
KOE20515,Nusa Tenggara Timur (NTT),Sikka ,Magepanda,Reroroja,86152,KANTOR PERWAKILAN,B,MAUMERE,FLORES,Gate KOE,Cabang Maumere,Setiap Hari
KOE20513,Nusa Tenggara Timur (NTT),Sikka ,Nelle (Maumerei),Manubura,86116,KANTOR PERWAKILAN,B,MAUMERE,FLORES,Gate KOE,Cabang Maumere,Setiap Hari
KOE20513,Nusa Tenggara Timur (NTT),Sikka ,Nelle (Maumerei),Nelle Barat,86116,KANTOR PERWAKILAN,B,MAUMERE,FLORES,Gate KOE,Cabang Maumere,Setiap Hari
KOE20513,Nusa Tenggara Timur (NTT),Sikka ,Nelle (Maumerei),Nelle Lorang,86116,KANTOR PERWAKILAN,B,MAUMERE,FLORES,Gate KOE,Cabang Maumere,Setiap Hari
KOE20513,Nusa Tenggara Timur (NTT),Sikka ,Nelle (Maumerei),Nelle Urung,86116,KANTOR PERWAKILAN,B,MAUMERE,FLORES,Gate KOE,Cabang Maumere,Setiap Hari
KOE20513,Nusa Tenggara Timur (NTT),Sikka ,Nelle (Maumerei),Nelle Wutung,86116,KANTOR PERWAKILAN,B,MAUMERE,FLORES,Gate KOE,Cabang Maumere,Setiap Hari
KOE20504,Nusa Tenggara Timur (NTT),Sikka ,Nita,Bloro,86152,KANTOR PERWAKILAN,B,MAUMERE,FLORES,Gate KOE,Kantor Perwakilan Nita,Setiap Hari
KOE20504,Nusa Tenggara Timur (NTT),Sikka ,Nita,Ladogahar,86152,KANTOR PERWAKILAN,B,MAUMERE,FLORES,Gate KOE,Kantor Perwakilan Nita,Setiap Hari
KOE20504,Nusa Tenggara Timur (NTT),Sikka ,Nita,Lusitada,86152,KANTOR PERWAKILAN,B,MAUMERE,FLORES,Gate KOE,Kantor Perwakilan Nita,Setiap Hari
KOE20504,Nusa Tenggara Timur (NTT),Sikka ,Nita,Mahebora,86152,KANTOR PERWAKILAN,B,MAUMERE,FLORES,Gate KOE,Kantor Perwakilan Nita,Setiap Hari
KOE20504,Nusa Tenggara Timur (NTT),Sikka ,Nita,Nirangkliung,86152,KANTOR PERWAKILAN,B,MAUMERE,FLORES,Gate KOE,Kantor Perwakilan Nita,Setiap Hari
KOE20504,Nusa Tenggara Timur (NTT),Sikka ,Nita,Nita,86152,KANTOR PERWAKILAN,B,MAUMERE,FLORES,Gate KOE,Kantor Perwakilan Nita,Setiap Hari
KOE20504,Nusa Tenggara Timur (NTT),Sikka ,Nita,Nitakloang,86152,KANTOR PERWAKILAN,B,MAUMERE,FLORES,Gate KOE,Kantor Perwakilan Nita,Setiap Hari
KOE20504,Nusa Tenggara Timur (NTT),Sikka ,Nita,Riit,86152,KANTOR PERWAKILAN,B,MAUMERE,FLORES,Gate KOE,Kantor Perwakilan Nita,Setiap Hari
KOE20504,Nusa Tenggara Timur (NTT),Sikka ,Nita,Takaplager,86152,KANTOR PERWAKILAN,B,MAUMERE,FLORES,Gate KOE,Kantor Perwakilan Nita,Setiap Hari
KOE20504,Nusa Tenggara Timur (NTT),Sikka ,Nita,Tebuk,86152,KANTOR PERWAKILAN,B,MAUMERE,FLORES,Gate KOE,Kantor Perwakilan Nita,Setiap Hari
KOE20504,Nusa Tenggara Timur (NTT),Sikka ,Nita,Tilang,86152,KANTOR PERWAKILAN,B,MAUMERE,FLORES,Gate KOE,Kantor Perwakilan Nita,Setiap Hari
KOE20504,Nusa Tenggara Timur (NTT),Sikka ,Nita,Wuliwutik,86152,KANTOR PERWAKILAN,B,MAUMERE,FLORES,Gate KOE,Kantor Perwakilan Nita,Setiap Hari
KOE20510,Nusa Tenggara Timur (NTT),Sikka ,Waigete,Aibura,86183,KANTOR PERWAKILAN,B,MAUMERE,FLORES,Gate KOE,Cabang Maumere,Setiap Hari
KOE20510,Nusa Tenggara Timur (NTT),Sikka ,Waigete,Egon,86183,KANTOR PERWAKILAN,B,MAUMERE,FLORES,Gate KOE,Cabang Maumere,Setiap Hari
KOE20510,Nusa Tenggara Timur (NTT),Sikka ,Waigete,Hoder,86183,KANTOR PERWAKILAN,B,MAUMERE,FLORES,Gate KOE,Cabang Maumere,Setiap Hari
KOE20510,Nusa Tenggara Timur (NTT),Sikka ,Waigete,Nangatobong,86183,KANTOR PERWAKILAN,B,MAUMERE,FLORES,Gate KOE,Cabang Maumere,Setiap Hari
KOE20510,Nusa Tenggara Timur (NTT),Sikka ,Waigete,Pogon,86183,KANTOR PERWAKILAN,B,MAUMERE,FLORES,Gate KOE,Cabang Maumere,Setiap Hari
KOE20510,Nusa Tenggara Timur (NTT),Sikka ,Waigete,Runut,86183,KANTOR PERWAKILAN,B,MAUMERE,FLORES,Gate KOE,Cabang Maumere,Setiap Hari
KOE20510,Nusa Tenggara Timur (NTT),Sikka ,Waigete,Wairbleler,86183,KANTOR PERWAKILAN,B,MAUMERE,FLORES,Gate KOE,Cabang Maumere,Setiap Hari
KOE20510,Nusa Tenggara Timur (NTT),Sikka ,Waigete,Wairterang,86183,KANTOR PERWAKILAN,B,MAUMERE,FLORES,Gate KOE,Cabang Maumere,Setiap Hari
KOE20510,Nusa Tenggara Timur (NTT),Sikka ,Waigete,Watudiran,86183,KANTOR PERWAKILAN,B,MAUMERE,FLORES,Gate KOE,Cabang Maumere,Setiap Hari
KOE21401,Nusa Tenggara Timur (NTT),Nagekeo ,Aesesa,Aeramo,86472,MITRA,B,MBAY,FLORES,Gate LBJ,Cabang Mbay,Setiap Hari
KOE21401,Nusa Tenggara Timur (NTT),Nagekeo ,Aesesa,Danga,86472,MITRA,B,MBAY,FLORES,Gate LBJ,Cabang Mbay,Setiap Hari
KOE21401,Nusa Tenggara Timur (NTT),Nagekeo ,Aesesa,Labolewa,86472,MITRA,B,MBAY,FLORES,Gate LBJ,Agen Boanio,Setiap Hari
KOE21401,Nusa Tenggara Timur (NTT),Nagekeo ,Aesesa,Lape,86472,MITRA,B,MBAY,FLORES,Gate LBJ,Cabang Mbay,Setiap Hari
KOE21401,Nusa Tenggara Timur (NTT),Nagekeo ,Aesesa,Marapokot,86472,MITRA,B,MBAY,FLORES,Gate LBJ,Cabang Mbay,Setiap Hari
KOE21401,Nusa Tenggara Timur (NTT),Nagekeo ,Aesesa,Mbay I,86472,MITRA,B,MBAY,FLORES,Gate LBJ,Cabang Mbay,Setiap Hari
KOE21401,Nusa Tenggara Timur (NTT),Nagekeo ,Aesesa,Mbay II,86472,MITRA,B,MBAY,FLORES,Gate LBJ,Cabang Mbay,Setiap Hari
KOE21401,Nusa Tenggara Timur (NTT),Nagekeo ,Aesesa,Nangadhero,86472,MITRA,B,MBAY,FLORES,Gate LBJ,Cabang Mbay,Setiap Hari
KOE21401,Nusa Tenggara Timur (NTT),Nagekeo ,Aesesa,Ngegedhawe,86472,MITRA,B,MBAY,FLORES,Gate LBJ,Agen Boanio,Setiap Hari
KOE21401,Nusa Tenggara Timur (NTT),Nagekeo ,Aesesa,Olaia,86472,MITRA,B,MBAY,FLORES,Gate LBJ,Agen Boanio,Setiap Hari
KOE21401,Nusa Tenggara Timur (NTT),Nagekeo ,Aesesa,Tonggu Rambang,86472,MITRA,B,MBAY,FLORES,Gate LBJ,Cabang Mbay,Setiap Hari
KOE21400,Nusa Tenggara Timur (NTT),Nagekeo ,Mbay,Mbay,0,MITRA,B,MBAY,FLORES,Gate LBJ,Cabang Mbay,Setiap Hari
KOE21401,Nusa Tenggara Timur (NTT),Nagekeo ,Aesesa,Nggolo Mbay,86472,MITRA,B,MBAY,FLORES,Gate LBJ,Cabang Mbay,"Senin,rabu,jumad"
KOE21401,Nusa Tenggara Timur (NTT),Nagekeo ,Aesesa,Dhawe,86472,MITRA,B,MBAY,FLORES,Gate LBJ,Cabang Mbay,"Selasa,kamis,sabtu"
KOE21401,Nusa Tenggara Timur (NTT),Nagekeo ,Aesesa,Nggolonio,86472,MITRA,B,MBAY,FLORES,Gate LBJ,Cabang Mbay,"Selasa,kamis,sabtu"
KOE21401,Nusa Tenggara Timur (NTT),Nagekeo ,Aesesa,Tedakisa,86472,MITRA,B,MBAY,FLORES,Gate LBJ,Cabang Mbay,"Selasa,kamis,sabtu"
KOE21401,Nusa Tenggara Timur (NTT),Nagekeo ,Aesesa,Tedamude,86472,MITRA,B,MBAY,FLORES,Gate LBJ,Cabang Mbay,"Selasa,kamis,sabtu"
KOE21401,Nusa Tenggara Timur (NTT),Nagekeo ,Aesesa,Towak,86472,MITRA,B,MBAY,FLORES,Gate LBJ,Cabang Mbay,"Selasa,kamis,sabtu"
KOE21401,Nusa Tenggara Timur (NTT),Nagekeo ,Aesesa,Waekokak,86472,MITRA,B,MBAY,FLORES,Gate LBJ,Cabang Mbay,"Selasa,kamis,sabtu"
KOE20624,Nusa Tenggara Timur (NTT),Manggarai ,Langke Rembong,Carep,86519,MITRA,B,RUTENG,FLORES,Gate LBJ,Cabang Ruteng,Setiap Hari
KOE20624,Nusa Tenggara Timur (NTT),Manggarai ,Langke Rembong,Golo Dukal,86515,MITRA,B,RUTENG,FLORES,Gate LBJ,Cabang Ruteng,Setiap Hari
KOE20624,Nusa Tenggara Timur (NTT),Manggarai ,Langke Rembong,Karot,86512,MITRA,B,RUTENG,FLORES,Gate LBJ,Cabang Ruteng,Setiap Hari
KOE20624,Nusa Tenggara Timur (NTT),Manggarai ,Langke Rembong,Lawir,86516,MITRA,B,RUTENG,FLORES,Gate LBJ,Cabang Ruteng,Setiap Hari
KOE20624,Nusa Tenggara Timur (NTT),Manggarai ,Langke Rembong,Mbau Muku,86511,MITRA,B,RUTENG,FLORES,Gate LBJ,Cabang Ruteng,Setiap Hari
KOE20624,Nusa Tenggara Timur (NTT),Manggarai ,Langke Rembong,Pau,86516,MITRA,B,RUTENG,FLORES,Gate LBJ,Cabang Ruteng,Setiap Hari
KOE20624,Nusa Tenggara Timur (NTT),Manggarai ,Langke Rembong,Pitak,86513,MITRA,B,RUTENG,FLORES,Gate LBJ,Cabang Ruteng,Setiap Hari
KOE20624,Nusa Tenggara Timur (NTT),Manggarai ,Langke Rembong,Tenda,86518,MITRA,B,RUTENG,FLORES,Gate LBJ,Agen Wolowaru,Setiap Hari
KOE20624,Nusa Tenggara Timur (NTT),Manggarai ,Langke Rembong,Wali,86514,MITRA,B,RUTENG,FLORES,Gate LBJ,Cabang Ruteng,Setiap Hari
KOE20624,Nusa Tenggara Timur (NTT),Manggarai ,Langke Rembong,Waso,86517,MITRA,B,RUTENG,FLORES,Gate LBJ,Cabang Ruteng,Setiap Hari
KOE20624,Nusa Tenggara Timur (NTT),Manggarai ,Langke Rembong,Watu,86511,MITRA,B,RUTENG,FLORES,Gate LBJ,Cabang Ruteng,Setiap Hari
KOE20600,Nusa Tenggara Timur (NTT),Manggarai ,Ruteng,Bangka Lao,86516,MITRA,B,RUTENG,FLORES,Gate LBJ,Cabang Ruteng,Setiap Hari
KOE20600,Nusa Tenggara Timur (NTT),Manggarai ,Ruteng,Belang Turi,86516,MITRA,B,RUTENG,FLORES,Gate LBJ,Cabang Ruteng,Setiap Hari
KOE20600,Nusa Tenggara Timur (NTT),Manggarai ,Ruteng,Benteng Kuwu,86516,MITRA,B,RUTENG,FLORES,Gate LBJ,Cabang Ruteng,Setiap Hari
KOE20600,Nusa Tenggara Timur (NTT),Manggarai ,Ruteng,Beo Rahong,86516,MITRA,B,RUTENG,FLORES,Gate LBJ,Cabang Ruteng,Setiap Hari
KOE20600,Nusa Tenggara Timur (NTT),Manggarai ,Ruteng,Beokakor,86516,MITRA,B,RUTENG,FLORES,Gate LBJ,Cabang Ruteng,Setiap Hari
KOE20600,Nusa Tenggara Timur (NTT),Manggarai ,Ruteng,Bulan,86516,MITRA,B,RUTENG,FLORES,Gate LBJ,Cabang Ruteng,Setiap Hari
KOE20600,Nusa Tenggara Timur (NTT),Manggarai ,Ruteng,Compang Dalo,86516,MITRA,B,RUTENG,FLORES,Gate LBJ,Cabang Ruteng,Setiap Hari
KOE20600,Nusa Tenggara Timur (NTT),Manggarai ,Ruteng,Compang Namut,86516,MITRA,B,RUTENG,FLORES,Gate LBJ,Cabang Ruteng,Setiap Hari
KOE20600,Nusa Tenggara Timur (NTT),Manggarai ,Ruteng,Cumbi,86516,MITRA,B,RUTENG,FLORES,Gate LBJ,Cabang Ruteng,Setiap Hari
KOE20600,Nusa Tenggara Timur (NTT),Manggarai ,Ruteng,Golo Worok,86516,MITRA,B,RUTENG,FLORES,Gate LBJ,Cabang Ruteng,Setiap Hari
KOE20600,Nusa Tenggara Timur (NTT),Manggarai ,Ruteng,Kakor,86516,MITRA,B,RUTENG,FLORES,Gate LBJ,Agen Lembor,Setiap Hari
KOE20600,Nusa Tenggara Timur (NTT),Manggarai ,Ruteng,Meler,86516,MITRA,B,RUTENG,FLORES,Gate LBJ,Cabang Ruteng,Setiap Hari
KOE20600,Nusa Tenggara Timur (NTT),Manggarai ,Ruteng,Poco Liking,86516,MITRA,B,RUTENG,FLORES,Gate LBJ,Cabang Ruteng,Setiap Hari
KOE20600,Nusa Tenggara Timur (NTT),Manggarai ,Ruteng,Pong Lale,86516,MITRA,B,RUTENG,FLORES,Gate LBJ,Cabang Ruteng,Setiap Hari
KOE20600,Nusa Tenggara Timur (NTT),Manggarai ,Ruteng,Pong Lao,86516,MITRA,B,RUTENG,FLORES,Gate LBJ,Cabang Ruteng,Setiap Hari
KOE20600,Nusa Tenggara Timur (NTT),Manggarai ,Ruteng,Pong Leko,86516,MITRA,B,RUTENG,FLORES,Gate LBJ,Cabang Ruteng,Setiap Hari
KOE20600,Nusa Tenggara Timur (NTT),Manggarai ,Ruteng,Pong Murung,86516,MITRA,B,RUTENG,FLORES,Gate LBJ,Cabang Ruteng,Setiap Hari
KOE20600,Nusa Tenggara Timur (NTT),Manggarai ,Ruteng,Rai,86516,MITRA,B,RUTENG,FLORES,Gate LBJ,Cabang Ruteng,Setiap Hari
KOE20600,Nusa Tenggara Timur (NTT),Manggarai ,Ruteng,Wae Belang,86516,MITRA,B,RUTENG,FLORES,Gate LBJ,Cabang Ruteng,Setiap Hari
KOE21403,Nusa Tenggara Timur (NTT),Nagekeo ,Boawae,Alorawe,86462,KANTOR PERWAKILAN,C,BAJAWA,FLORES,Gate LBJ,Agen Boawae,Setiap hari
KOE21403,Nusa Tenggara Timur (NTT),Nagekeo ,Boawae,Dhereisa,86462,KANTOR PERWAKILAN,C,BAJAWA,FLORES,Gate LBJ,Agen Boawae,Setiap hari
KOE21403,Nusa Tenggara Timur (NTT),Nagekeo ,Boawae,Focolodorawe,86462,KANTOR PERWAKILAN,C,BAJAWA,FLORES,Gate LBJ,Agen Boawae,Setiap hari
KOE21403,Nusa Tenggara Timur (NTT),Nagekeo ,Boawae,Gerodhere,86462,KANTOR PERWAKILAN,C,BAJAWA,FLORES,Gate LBJ,Agen Boawae,Setiap hari
KOE21403,Nusa Tenggara Timur (NTT),Nagekeo ,Boawae,Kelewae,86462,KANTOR PERWAKILAN,C,BAJAWA,FLORES,Gate LBJ,Agen Boawae,Setiap hari
KOE21403,Nusa Tenggara Timur (NTT),Nagekeo ,Boawae,Kelimado,86462,KANTOR PERWAKILAN,C,BAJAWA,FLORES,Gate LBJ,Agen Boawae,Setiap hari
KOE21403,Nusa Tenggara Timur (NTT),Nagekeo ,Boawae,Leguderu,86462,KANTOR PERWAKILAN,C,BAJAWA,FLORES,Gate LBJ,Agen Boawae,Setiap hari
KOE21403,Nusa Tenggara Timur (NTT),Nagekeo ,Boawae,Mulakoli,86462,KANTOR PERWAKILAN,C,BAJAWA,FLORES,Gate LBJ,Agen Boawae,Setiap hari
KOE21403,Nusa Tenggara Timur (NTT),Nagekeo ,Boawae,Nageoga,86462,KANTOR PERWAKILAN,C,BAJAWA,FLORES,Gate LBJ,Agen Boawae,Setiap hari
KOE21403,Nusa Tenggara Timur (NTT),Nagekeo ,Boawae,Nagerawe,86462,KANTOR PERWAKILAN,C,BAJAWA,FLORES,Gate LBJ,Agen Boawae,Setiap hari
KOE21403,Nusa Tenggara Timur (NTT),Nagekeo ,Boawae,Nagesapadhi,86462,KANTOR PERWAKILAN,C,BAJAWA,FLORES,Gate LBJ,Agen Boawae,Setiap hari
KOE21403,Nusa Tenggara Timur (NTT),Nagekeo ,Boawae,Natanage,86462,KANTOR PERWAKILAN,C,BAJAWA,FLORES,Gate LBJ,Agen Boawae,Setiap hari
KOE21403,Nusa Tenggara Timur (NTT),Nagekeo ,Boawae,Natanage Timur,86462,KANTOR PERWAKILAN,C,BAJAWA,FLORES,Gate LBJ,Agen Boawae,Setiap hari
KOE21403,Nusa Tenggara Timur (NTT),Nagekeo ,Boawae,Olakile,86462,KANTOR PERWAKILAN,C,BAJAWA,FLORES,Gate LBJ,Agen Boawae,Setiap hari
KOE21403,Nusa Tenggara Timur (NTT),Nagekeo ,Boawae,Raja,86462,KANTOR PERWAKILAN,C,BAJAWA,FLORES,Gate LBJ,Agen Boawae,Setiap hari
KOE21403,Nusa Tenggara Timur (NTT),Nagekeo ,Boawae,Raja Selatan,86462,KANTOR PERWAKILAN,C,BAJAWA,FLORES,Gate LBJ,Agen Boawae,Setiap hari
KOE21403,Nusa Tenggara Timur (NTT),Nagekeo ,Boawae,Raja Timur,86462,KANTOR PERWAKILAN,C,BAJAWA,FLORES,Gate LBJ,Agen Boawae,Setiap hari
KOE21403,Nusa Tenggara Timur (NTT),Nagekeo ,Boawae,Ratongamobo,86462,KANTOR PERWAKILAN,C,BAJAWA,FLORES,Gate LBJ,Agen Boawae,Setiap hari
KOE21403,Nusa Tenggara Timur (NTT),Nagekeo ,Boawae,Rega,86462,KANTOR PERWAKILAN,C,BAJAWA,FLORES,Gate LBJ,Agen Boawae,Setiap hari
KOE21403,Nusa Tenggara Timur (NTT),Nagekeo ,Boawae,Rigi,86462,KANTOR PERWAKILAN,C,BAJAWA,FLORES,Gate LBJ,Agen Boawae,Setiap hari
KOE21403,Nusa Tenggara Timur (NTT),Nagekeo ,Boawae,Rowa,86462,KANTOR PERWAKILAN,C,BAJAWA,FLORES,Gate LBJ,Agen Boawae,Setiap hari
KOE21403,Nusa Tenggara Timur (NTT),Nagekeo ,Boawae,Solo,86462,KANTOR PERWAKILAN,C,BAJAWA,FLORES,Gate LBJ,Agen Boawae,Setiap hari
KOE21403,Nusa Tenggara Timur (NTT),Nagekeo ,Boawae,Wea Au,86462,KANTOR PERWAKILAN,C,BAJAWA,FLORES,Gate LBJ,Agen Boawae,Setiap hari
KOE21403,Nusa Tenggara Timur (NTT),Nagekeo ,Boawae,Wolopogo,86462,KANTOR PERWAKILAN,C,BAJAWA,FLORES,Gate LBJ,Agen Boawae,Setiap hari
KOE21403,Nusa Tenggara Timur (NTT),Nagekeo ,Boawae,Wolowea,86462,KANTOR PERWAKILAN,C,BAJAWA,FLORES,Gate LBJ,Agen Boawae,Setiap hari
KOE21403,Nusa Tenggara Timur (NTT),Nagekeo ,Boawae,Wolowea Barat,86462,KANTOR PERWAKILAN,C,BAJAWA,FLORES,Gate LBJ,Agen Boawae,Setiap hari
KOE21403,Nusa Tenggara Timur (NTT),Nagekeo ,Boawae,Wolowea Timur,86462,KANTOR PERWAKILAN,C,BAJAWA,FLORES,Gate LBJ,Agen Boawae,Setiap hari
KOE20902,Nusa Tenggara Timur (NTT),Ngada ,Aimere,Aimere,86452,KANTOR PERWAKILAN,C,BAJAWA,FLORES,Gate LBJ,Agen Aimere,Setiap hari
KOE20902,Nusa Tenggara Timur (NTT),Ngada ,Aimere,Aimere Timur,86452,KANTOR PERWAKILAN,C,BAJAWA,FLORES,Gate LBJ,Agen Aimere,Setiap hari
KOE20902,Nusa Tenggara Timur (NTT),Ngada ,Aimere,Binawali,86452,KANTOR PERWAKILAN,C,BAJAWA,FLORES,Gate LBJ,Agen Aimere,Setiap hari
KOE20902,Nusa Tenggara Timur (NTT),Ngada ,Aimere,F O A (Foa),86452,KANTOR PERWAKILAN,C,BAJAWA,FLORES,Gate LBJ,Agen Aimere,Setiap hari
KOE20902,Nusa Tenggara Timur (NTT),Ngada ,Aimere,Heawea,86452,KANTOR PERWAKILAN,C,BAJAWA,FLORES,Gate LBJ,Agen Aimere,Setiap hari
KOE20902,Nusa Tenggara Timur (NTT),Ngada ,Aimere,Keligejo,86452,KANTOR PERWAKILAN,C,BAJAWA,FLORES,Gate LBJ,Agen Aimere,Setiap hari
KOE20902,Nusa Tenggara Timur (NTT),Ngada ,Aimere,Kila,86452,KANTOR PERWAKILAN,C,BAJAWA,FLORES,Gate LBJ,Agen Aimere,Setiap hari
KOE20902,Nusa Tenggara Timur (NTT),Ngada ,Aimere,Legelapu,86452,KANTOR PERWAKILAN,C,BAJAWA,FLORES,Gate LBJ,Agen Aimere,Setiap hari
KOE20902,Nusa Tenggara Timur (NTT),Ngada ,Aimere,Lekogoko / Lekogoku,86452,KANTOR PERWAKILAN,C,BAJAWA,FLORES,Gate LBJ,Agen Aimere,Setiap hari
KOE20902,Nusa Tenggara Timur (NTT),Ngada ,Aimere,Waesae,86452,KANTOR PERWAKILAN,C,BAJAWA,FLORES,Gate LBJ,Agen Aimere,Setiap hari
KOE20919,Nusa Tenggara Timur (NTT),Ngada ,Bajawa Utara,Genamere,86413,KANTOR PERWAKILAN,C,BAJAWA,FLORES,Gate LBJ,Agen Soa,Setiap hari
KOE20919,Nusa Tenggara Timur (NTT),Ngada ,Bajawa Utara,Inegena,86413,KANTOR PERWAKILAN,C,BAJAWA,FLORES,Gate LBJ,Agen Soa,Setiap hari
KOE20919,Nusa Tenggara Timur (NTT),Ngada ,Bajawa Utara,Inelika,86413,KANTOR PERWAKILAN,C,BAJAWA,FLORES,Gate LBJ,Agen Soa,Setiap hari
KOE20919,Nusa Tenggara Timur (NTT),Ngada ,Bajawa Utara,Nabelena,86413,KANTOR PERWAKILAN,C,BAJAWA,FLORES,Gate LBJ,Agen Soa,Setiap hari
KOE20919,Nusa Tenggara Timur (NTT),Ngada ,Bajawa Utara,Tura Muri,86413,KANTOR PERWAKILAN,C,BAJAWA,FLORES,Gate LBJ,Agen Soa,Setiap hari
KOE20919,Nusa Tenggara Timur (NTT),Ngada ,Bajawa Utara,Uluwae,86413,KANTOR PERWAKILAN,C,BAJAWA,FLORES,Gate LBJ,Agen Soa,Setiap hari
KOE20919,Nusa Tenggara Timur (NTT),Ngada ,Bajawa Utara,Uluwae I,86413,KANTOR PERWAKILAN,C,BAJAWA,FLORES,Gate LBJ,Agen Soa,Setiap hari
KOE20919,Nusa Tenggara Timur (NTT),Ngada ,Bajawa Utara,Uluwae II,86413,KANTOR PERWAKILAN,C,BAJAWA,FLORES,Gate LBJ,Agen Soa,Setiap hari
KOE20919,Nusa Tenggara Timur (NTT),Ngada ,Bajawa Utara,Waewea,86413,KANTOR PERWAKILAN,C,BAJAWA,FLORES,Gate LBJ,Agen Soa,Setiap hari
KOE20919,Nusa Tenggara Timur (NTT),Ngada ,Bajawa Utara,Watukapu,86413,KANTOR PERWAKILAN,C,BAJAWA,FLORES,Gate LBJ,Agen Soa,Setiap hari
KOE20919,Nusa Tenggara Timur (NTT),Ngada ,Bajawa Utara,Wololika,86413,KANTOR PERWAKILAN,C,BAJAWA,FLORES,Gate LBJ,Agen Soa,Setiap hari
KOE20917,Nusa Tenggara Timur (NTT),Ngada ,Golewa,Dadawea,86461,KANTOR PERWAKILAN,C,BAJAWA,FLORES,Gate LBJ,Agen Golewa,Setiap hari
KOE20917,Nusa Tenggara Timur (NTT),Ngada ,Golewa,Eko Roka,86461,KANTOR PERWAKILAN,C,BAJAWA,FLORES,Gate LBJ,Agen Golewa,Setiap hari
KOE20917,Nusa Tenggara Timur (NTT),Ngada ,Golewa,Malanuza,86461,KANTOR PERWAKILAN,C,BAJAWA,FLORES,Gate LBJ,Agen Golewa,Setiap hari
KOE20917,Nusa Tenggara Timur (NTT),Ngada ,Golewa,Malanuza I,86461,KANTOR PERWAKILAN,C,BAJAWA,FLORES,Gate LBJ,Agen Golewa,Setiap hari
KOE20917,Nusa Tenggara Timur (NTT),Ngada ,Golewa,Mataloko,86461,KANTOR PERWAKILAN,C,BAJAWA,FLORES,Gate LBJ,Agen Golewa,Setiap hari
KOE20917,Nusa Tenggara Timur (NTT),Ngada ,Golewa,Radabata,86461,KANTOR PERWAKILAN,C,BAJAWA,FLORES,Gate LBJ,Agen Golewa,Setiap hari
KOE20917,Nusa Tenggara Timur (NTT),Ngada ,Golewa,Ratogesa,86461,KANTOR PERWAKILAN,C,BAJAWA,FLORES,Gate LBJ,Agen Golewa,Setiap hari
KOE20917,Nusa Tenggara Timur (NTT),Ngada ,Golewa,Sangadeto,86461,KANTOR PERWAKILAN,C,BAJAWA,FLORES,Gate LBJ,Agen Golewa,Setiap hari
KOE20917,Nusa Tenggara Timur (NTT),Ngada ,Golewa,Sarasedu,86461,KANTOR PERWAKILAN,C,BAJAWA,FLORES,Gate LBJ,Agen Golewa,Setiap hari
KOE20917,Nusa Tenggara Timur (NTT),Ngada ,Golewa,Sarasedu I,86461,KANTOR PERWAKILAN,C,BAJAWA,FLORES,Gate LBJ,Agen Golewa,Setiap hari
KOE20917,Nusa Tenggara Timur (NTT),Ngada ,Golewa,Todabelu,86461,KANTOR PERWAKILAN,C,BAJAWA,FLORES,Gate LBJ,Agen Golewa,Setiap hari
KOE20917,Nusa Tenggara Timur (NTT),Ngada ,Golewa,Ulubelu,86461,KANTOR PERWAKILAN,C,BAJAWA,FLORES,Gate LBJ,Agen Golewa,Setiap hari
KOE20917,Nusa Tenggara Timur (NTT),Ngada ,Golewa,Wae Ia,86461,KANTOR PERWAKILAN,C,BAJAWA,FLORES,Gate LBJ,Agen Golewa,Setiap hari
KOE20917,Nusa Tenggara Timur (NTT),Ngada ,Golewa,Were,86461,KANTOR PERWAKILAN,C,BAJAWA,FLORES,Gate LBJ,Agen Golewa,Setiap hari
KOE20917,Nusa Tenggara Timur (NTT),Ngada ,Golewa,Were I,86461,KANTOR PERWAKILAN,C,BAJAWA,FLORES,Gate LBJ,Agen Golewa,Setiap hari
KOE20917,Nusa Tenggara Timur (NTT),Ngada ,Golewa,Were IV,86461,KANTOR PERWAKILAN,C,BAJAWA,FLORES,Gate LBJ,Agen Golewa,Setiap hari
KOE20920,Nusa Tenggara Timur (NTT),Ngada ,Golewa Barat,Bea Pawe,86461,KANTOR PERWAKILAN,C,BAJAWA,FLORES,Gate LBJ,Agen Golewa,Setiap hari
KOE20920,Nusa Tenggara Timur (NTT),Ngada ,Golewa Barat,Dizi gedha,86461,KANTOR PERWAKILAN,C,BAJAWA,FLORES,Gate LBJ,Agen Golewa,Setiap hari
KOE20920,Nusa Tenggara Timur (NTT),Ngada ,Golewa Barat,Mangulewa,86461,KANTOR PERWAKILAN,C,BAJAWA,FLORES,Gate LBJ,Agen Golewa,Setiap hari
KOE20920,Nusa Tenggara Timur (NTT),Ngada ,Golewa Barat,Rakalaba,86461,KANTOR PERWAKILAN,C,BAJAWA,FLORES,Gate LBJ,Agen Golewa,Setiap hari
KOE20920,Nusa Tenggara Timur (NTT),Ngada ,Golewa Barat,Rakateda I,86461,KANTOR PERWAKILAN,C,BAJAWA,FLORES,Gate LBJ,Agen Golewa,Setiap hari
KOE20920,Nusa Tenggara Timur (NTT),Ngada ,Golewa Barat,Rakateda II,86461,KANTOR PERWAKILAN,C,BAJAWA,FLORES,Gate LBJ,Agen Golewa,Setiap hari
KOE20920,Nusa Tenggara Timur (NTT),Ngada ,Golewa Barat,Sobo,86461,KANTOR PERWAKILAN,C,BAJAWA,FLORES,Gate LBJ,Agen Golewa,Setiap hari
KOE20920,Nusa Tenggara Timur (NTT),Ngada ,Golewa Barat,Sobo I,86461,KANTOR PERWAKILAN,C,BAJAWA,FLORES,Gate LBJ,Agen Golewa,Setiap hari
KOE20920,Nusa Tenggara Timur (NTT),Ngada ,Golewa Barat,Turekisa,86461,KANTOR PERWAKILAN,C,BAJAWA,FLORES,Gate LBJ,Agen Golewa,Setiap hari
KOE20920,Nusa Tenggara Timur (NTT),Ngada ,Golewa Barat,Watunay,86461,KANTOR PERWAKILAN,C,BAJAWA,FLORES,Gate LBJ,Agen Golewa,Setiap hari
KOE20921,Nusa Tenggara Timur (NTT),Ngada ,Golewa Selatan,Bawarani,86461,KANTOR PERWAKILAN,C,BAJAWA,FLORES,Gate LBJ,Agen Golewa Selatan,Setiap hari
KOE20921,Nusa Tenggara Timur (NTT),Ngada ,Golewa Selatan,Boba,86461,KANTOR PERWAKILAN,C,BAJAWA,FLORES,Gate LBJ,Agen Golewa Selatan,Setiap hari
KOE20921,Nusa Tenggara Timur (NTT),Ngada ,Golewa Selatan,Boba I,86461,KANTOR PERWAKILAN,C,BAJAWA,FLORES,Gate LBJ,Agen Golewa Selatan,Setiap hari
KOE20921,Nusa Tenggara Timur (NTT),Ngada ,Golewa Selatan,Kezewea,86461,KANTOR PERWAKILAN,C,BAJAWA,FLORES,Gate LBJ,Agen Golewa Selatan,Setiap hari
KOE20921,Nusa Tenggara Timur (NTT),Ngada ,Golewa Selatan,Nirmala,86461,KANTOR PERWAKILAN,C,BAJAWA,FLORES,Gate LBJ,Agen Golewa Selatan,Setiap hari
KOE20921,Nusa Tenggara Timur (NTT),Ngada ,Golewa Selatan,Radamasa,86461,KANTOR PERWAKILAN,C,BAJAWA,FLORES,Gate LBJ,Agen Golewa Selatan,Setiap hari
KOE20921,Nusa Tenggara Timur (NTT),Ngada ,Golewa Selatan,Sadha,86461,KANTOR PERWAKILAN,C,BAJAWA,FLORES,Gate LBJ,Agen Golewa Selatan,Setiap hari
KOE20921,Nusa Tenggara Timur (NTT),Ngada ,Golewa Selatan,Takatunga,86461,KANTOR PERWAKILAN,C,BAJAWA,FLORES,Gate LBJ,Agen Golewa Selatan,Setiap hari
KOE20921,Nusa Tenggara Timur (NTT),Ngada ,Golewa Selatan,Wagowela,86461,KANTOR PERWAKILAN,C,BAJAWA,FLORES,Gate LBJ,Agen Golewa Selatan,Setiap hari
KOE20921,Nusa Tenggara Timur (NTT),Ngada ,Golewa Selatan,Watusipi,86461,KANTOR PERWAKILAN,C,BAJAWA,FLORES,Gate LBJ,Agen Golewa Selatan,Setiap hari
KOE20921,Nusa Tenggara Timur (NTT),Ngada ,Golewa Selatan,Were II,86461,KANTOR PERWAKILAN,C,BAJAWA,FLORES,Gate LBJ,Agen Golewa Selatan,Setiap hari
KOE20921,Nusa Tenggara Timur (NTT),Ngada ,Golewa Selatan,Were III,86461,KANTOR PERWAKILAN,C,BAJAWA,FLORES,Gate LBJ,Agen Golewa Selatan,Setiap hari
KOE20922,Nusa Tenggara Timur (NTT),Ngada ,Inerie,Inerie,86452,KANTOR PERWAKILAN,C,BAJAWA,FLORES,Gate LBJ,Agen Aimere,Setiap hari
KOE20922,Nusa Tenggara Timur (NTT),Ngada ,Inerie,Kelitei / Kelitey,86452,KANTOR PERWAKILAN,C,BAJAWA,FLORES,Gate LBJ,Agen Aimere,Setiap hari
KOE20922,Nusa Tenggara Timur (NTT),Ngada ,Inerie,Legariwu,86452,KANTOR PERWAKILAN,C,BAJAWA,FLORES,Gate LBJ,Agen Aimere,Setiap hari
KOE20922,Nusa Tenggara Timur (NTT),Ngada ,Inerie,Manubhara,86452,KANTOR PERWAKILAN,C,BAJAWA,FLORES,Gate LBJ,Agen Aimere,Setiap hari
KOE20922,Nusa Tenggara Timur (NTT),Ngada ,Inerie,Paupaga,86452,KANTOR PERWAKILAN,C,BAJAWA,FLORES,Gate LBJ,Agen Aimere,Setiap hari
KOE20922,Nusa Tenggara Timur (NTT),Ngada ,Inerie,Sebowuli,86452,KANTOR PERWAKILAN,C,BAJAWA,FLORES,Gate LBJ,Agen Aimere,Setiap hari
KOE20922,Nusa Tenggara Timur (NTT),Ngada ,Inerie,Tiwurana,86452,KANTOR PERWAKILAN,C,BAJAWA,FLORES,Gate LBJ,Agen Aimere,Setiap hari
KOE20922,Nusa Tenggara Timur (NTT),Ngada ,Inerie,Waebela,86452,KANTOR PERWAKILAN,C,BAJAWA,FLORES,Gate LBJ,Agen Aimere,Setiap hari
KOE20922,Nusa Tenggara Timur (NTT),Ngada ,Inerie,Warupele I,86452,KANTOR PERWAKILAN,C,BAJAWA,FLORES,Gate LBJ,Agen Aimere,Setiap hari
KOE20922,Nusa Tenggara Timur (NTT),Ngada ,Inerie,Warupele II,86452,KANTOR PERWAKILAN,C,BAJAWA,FLORES,Gate LBJ,Agen Aimere,Setiap hari
KOE20908,Nusa Tenggara Timur (NTT),Ngada ,Jerebuu,Batajawa,86452,KANTOR PERWAKILAN,C,BAJAWA,FLORES,Gate LBJ,Agen Aimere,Setiap hari
KOE20908,Nusa Tenggara Timur (NTT),Ngada ,Jerebuu,Dariwali,86452,KANTOR PERWAKILAN,C,BAJAWA,FLORES,Gate LBJ,Agen Aimere,Setiap hari
KOE20908,Nusa Tenggara Timur (NTT),Ngada ,Jerebuu,Manubhara,86452,KANTOR PERWAKILAN,C,BAJAWA,FLORES,Gate LBJ,Agen Aimere,Setiap hari
KOE20908,Nusa Tenggara Timur (NTT),Ngada ,Jerebuu,Naruwolo,86452,KANTOR PERWAKILAN,C,BAJAWA,FLORES,Gate LBJ,Agen Aimere,Setiap hari
KOE20908,Nusa Tenggara Timur (NTT),Ngada ,Jerebuu,Naruwolo I,86452,KANTOR PERWAKILAN,C,BAJAWA,FLORES,Gate LBJ,Agen Aimere,Setiap hari
KOE20908,Nusa Tenggara Timur (NTT),Ngada ,Jerebuu,Naruwolo II,86452,KANTOR PERWAKILAN,C,BAJAWA,FLORES,Gate LBJ,Agen Aimere,Setiap hari
KOE20908,Nusa Tenggara Timur (NTT),Ngada ,Jerebuu,Nenowea,86452,KANTOR PERWAKILAN,C,BAJAWA,FLORES,Gate LBJ,Agen Aimere,Setiap hari
KOE20908,Nusa Tenggara Timur (NTT),Ngada ,Jerebuu,Nio Lewa,86452,KANTOR PERWAKILAN,C,BAJAWA,FLORES,Gate LBJ,Agen Aimere,Setiap hari
KOE20908,Nusa Tenggara Timur (NTT),Ngada ,Jerebuu,Tiworiwu,86452,KANTOR PERWAKILAN,C,BAJAWA,FLORES,Gate LBJ,Agen Aimere,Setiap hari
KOE20908,Nusa Tenggara Timur (NTT),Ngada ,Jerebuu,Tiworiwu I,86452,KANTOR PERWAKILAN,C,BAJAWA,FLORES,Gate LBJ,Agen Aimere,Setiap hari
KOE20908,Nusa Tenggara Timur (NTT),Ngada ,Jerebuu,Tiworiwu II,86452,KANTOR PERWAKILAN,C,BAJAWA,FLORES,Gate LBJ,Agen Aimere,Setiap hari
KOE20908,Nusa Tenggara Timur (NTT),Ngada ,Jerebuu,Watumanu,86452,KANTOR PERWAKILAN,C,BAJAWA,FLORES,Gate LBJ,Agen Aimere,Setiap hari
KOE20806,Nusa Tenggara Timur (NTT),Ende ,Detukeli,Detukeli,86371,KANTOR PERWAKILAN,C,ENDE,FLORES,Gate LBJ,Agen Detukeli,3X SEMINGGU
KOE20806,Nusa Tenggara Timur (NTT),Ende ,Detukeli,Detumbewa,86371,KANTOR PERWAKILAN,C,ENDE,FLORES,Gate LBJ,Agen Detukeli,3X SEMINGGU
KOE20806,Nusa Tenggara Timur (NTT),Ende ,Detukeli,Jeo Du'a,86371,KANTOR PERWAKILAN,C,ENDE,FLORES,Gate LBJ,Agen Detukeli,3X SEMINGGU
KOE20806,Nusa Tenggara Timur (NTT),Ende ,Detukeli,Kanganara,86371,KANTOR PERWAKILAN,C,ENDE,FLORES,Gate LBJ,Agen Detukeli,3X SEMINGGU
KOE20806,Nusa Tenggara Timur (NTT),Ende ,Detukeli,Kebesani,86371,KANTOR PERWAKILAN,C,ENDE,FLORES,Gate LBJ,Agen Detukeli,3X SEMINGGU
KOE20806,Nusa Tenggara Timur (NTT),Ende ,Detukeli,Maurole Selatan,86371,KANTOR PERWAKILAN,C,ENDE,FLORES,Gate LBJ,Agen Detukeli,3X SEMINGGU
KOE20806,Nusa Tenggara Timur (NTT),Ende ,Detukeli,Nggesa,86371,KANTOR PERWAKILAN,C,ENDE,FLORES,Gate LBJ,Agen Detukeli,3X SEMINGGU
KOE20806,Nusa Tenggara Timur (NTT),Ende ,Detukeli,Nggesabiri,86371,KANTOR PERWAKILAN,C,ENDE,FLORES,Gate LBJ,Agen Detukeli,3X SEMINGGU
KOE20806,Nusa Tenggara Timur (NTT),Ende ,Detukeli,Nida,86371,KANTOR PERWAKILAN,C,ENDE,FLORES,Gate LBJ,Agen Detukeli,3X SEMINGGU
KOE20806,Nusa Tenggara Timur (NTT),Ende ,Detukeli,Unggu,86371,KANTOR PERWAKILAN,C,ENDE,FLORES,Gate LBJ,Agen Detukeli,3X SEMINGGU
KOE20806,Nusa Tenggara Timur (NTT),Ende ,Detukeli,Watunggere,86371,KANTOR PERWAKILAN,C,ENDE,FLORES,Gate LBJ,Agen Detukeli,3X SEMINGGU
KOE20806,Nusa Tenggara Timur (NTT),Ende ,Detukeli,Watunggere Marilonga,86371,KANTOR PERWAKILAN,C,ENDE,FLORES,Gate LBJ,Agen Detukeli,3X SEMINGGU
KOE20806,Nusa Tenggara Timur (NTT),Ende ,Detukeli,Wolomuku,86371,KANTOR PERWAKILAN,C,ENDE,FLORES,Gate LBJ,Agen Detukeli,3X SEMINGGU
KOE20801,Nusa Tenggara Timur (NTT),Ende ,Detusoko,Detusoko,86371,KANTOR PERWAKILAN,C,ENDE,FLORES,Gate LBJ,Cabang Ende,3X SEMINGGU
KOE20801,Nusa Tenggara Timur (NTT),Ende ,Detusoko,Detusoko Barat,86371,KANTOR PERWAKILAN,C,ENDE,FLORES,Gate LBJ,Cabang Ende,3X SEMINGGU
KOE20801,Nusa Tenggara Timur (NTT),Ende ,Detusoko,Dile,86371,KANTOR PERWAKILAN,C,ENDE,FLORES,Gate LBJ,Cabang Ende,3X SEMINGGU
KOE20801,Nusa Tenggara Timur (NTT),Ende ,Detusoko,Golulada,86371,KANTOR PERWAKILAN,C,ENDE,FLORES,Gate LBJ,Cabang Ende,3X SEMINGGU
KOE20801,Nusa Tenggara Timur (NTT),Ende ,Detusoko,Ndito,86371,KANTOR PERWAKILAN,C,ENDE,FLORES,Gate LBJ,Cabang Ende,3X SEMINGGU
KOE20801,Nusa Tenggara Timur (NTT),Ende ,Detusoko,Niowula,86371,KANTOR PERWAKILAN,C,ENDE,FLORES,Gate LBJ,Cabang Ende,3X SEMINGGU
KOE20801,Nusa Tenggara Timur (NTT),Ende ,Detusoko,Nuaone,86371,KANTOR PERWAKILAN,C,ENDE,FLORES,Gate LBJ,Cabang Ende,3X SEMINGGU
KOE20801,Nusa Tenggara Timur (NTT),Ende ,Detusoko,Randoria,86371,KANTOR PERWAKILAN,C,ENDE,FLORES,Gate LBJ,Cabang Ende,3X SEMINGGU
KOE20801,Nusa Tenggara Timur (NTT),Ende ,Detusoko,Ranga,86371,KANTOR PERWAKILAN,C,ENDE,FLORES,Gate LBJ,Cabang Ende,3X SEMINGGU
KOE20801,Nusa Tenggara Timur (NTT),Ende ,Detusoko,Rateroru,86371,KANTOR PERWAKILAN,C,ENDE,FLORES,Gate LBJ,Cabang Ende,3X SEMINGGU
KOE20801,Nusa Tenggara Timur (NTT),Ende ,Detusoko,Roa,86371,KANTOR PERWAKILAN,C,ENDE,FLORES,Gate LBJ,Cabang Ende,3X SEMINGGU
KOE20801,Nusa Tenggara Timur (NTT),Ende ,Detusoko,Saga,86371,KANTOR PERWAKILAN,C,ENDE,FLORES,Gate LBJ,Cabang Ende,3X SEMINGGU
KOE20801,Nusa Tenggara Timur (NTT),Ende ,Detusoko,Sipijena,86371,KANTOR PERWAKILAN,C,ENDE,FLORES,Gate LBJ,Cabang Ende,3X SEMINGGU
KOE20801,Nusa Tenggara Timur (NTT),Ende ,Detusoko,Turunalu,86371,KANTOR PERWAKILAN,C,ENDE,FLORES,Gate LBJ,Cabang Ende,3X SEMINGGU
KOE20801,Nusa Tenggara Timur (NTT),Ende ,Detusoko,Wolofeo,86371,KANTOR PERWAKILAN,C,ENDE,FLORES,Gate LBJ,Cabang Ende,3X SEMINGGU
KOE20801,Nusa Tenggara Timur (NTT),Ende ,Detusoko,Wologai,86371,KANTOR PERWAKILAN,C,ENDE,FLORES,Gate LBJ,Cabang Ende,3X SEMINGGU
KOE20801,Nusa Tenggara Timur (NTT),Ende ,Detusoko,Wologai Tengah,86371,KANTOR PERWAKILAN,C,ENDE,FLORES,Gate LBJ,Cabang Ende,3X SEMINGGU
KOE20801,Nusa Tenggara Timur (NTT),Ende ,Detusoko,Wolomage,86371,KANTOR PERWAKILAN,C,ENDE,FLORES,Gate LBJ,Cabang Ende,3X SEMINGGU
KOE20801,Nusa Tenggara Timur (NTT),Ende ,Detusoko,Wolomasi,86371,KANTOR PERWAKILAN,C,ENDE,FLORES,Gate LBJ,Cabang Ende,3X SEMINGGU
KOE20801,Nusa Tenggara Timur (NTT),Ende ,Detusoko,Wolotolo,86371,KANTOR PERWAKILAN,C,ENDE,FLORES,Gate LBJ,Cabang Ende,3X SEMINGGU
KOE20801,Nusa Tenggara Timur (NTT),Ende ,Detusoko,Wolotolo Tengah,86371,KANTOR PERWAKILAN,C,ENDE,FLORES,Gate LBJ,Cabang Ende,3X SEMINGGU
KOE20807,Nusa Tenggara Timur (NTT),Ende ,Ende Selatan,Mbongawani,86313,KANTOR PERWAKILAN,C,ENDE,FLORES,Gate LBJ,Cabang Ende,SETIAP HARI
KOE20807,Nusa Tenggara Timur (NTT),Ende ,Ende Selatan,Paupanda,86315,KANTOR PERWAKILAN,C,ENDE,FLORES,Gate LBJ,Cabang Ende,SETIAP HARI
KOE20807,Nusa Tenggara Timur (NTT),Ende ,Ende Selatan,Rukunlima,86314,KANTOR PERWAKILAN,C,ENDE,FLORES,Gate LBJ,Cabang Ende,SETIAP HARI
KOE20807,Nusa Tenggara Timur (NTT),Ende ,Ende Selatan,Tetandara,86316,KANTOR PERWAKILAN,C,ENDE,FLORES,Gate LBJ,Cabang Ende,SETIAP HARI
KOE20807,Nusa Tenggara Timur (NTT),Ende ,Ende Selatan,Tetandara I,86316,KANTOR PERWAKILAN,C,ENDE,FLORES,Gate LBJ,Cabang Ende,SETIAP HARI
KOE20808,Nusa Tenggara Timur (NTT),Ende ,Ende Tengah,Kelimutu,86319,KANTOR PERWAKILAN,C,ENDE,FLORES,Gate LBJ,Cabang Ende,SETIAP HARI
KOE20808,Nusa Tenggara Timur (NTT),Ende ,Ende Tengah,Onekore,86318,KANTOR PERWAKILAN,C,ENDE,FLORES,Gate LBJ,Cabang Ende,SETIAP HARI
KOE20808,Nusa Tenggara Timur (NTT),Ende ,Ende Tengah,Paupire,86318,KANTOR PERWAKILAN,C,ENDE,FLORES,Gate LBJ,Cabang Ende,SETIAP HARI
KOE20808,Nusa Tenggara Timur (NTT),Ende ,Ende Tengah,Potulando,86312,KANTOR PERWAKILAN,C,ENDE,FLORES,Gate LBJ,Cabang Ende,SETIAP HARI
KOE20809,Nusa Tenggara Timur (NTT),Ende ,Ende Timur,Kedebodu,86361,KANTOR PERWAKILAN,C,ENDE,FLORES,Gate LBJ,Cabang Ende,SETIAP HARI
KOE20809,Nusa Tenggara Timur (NTT),Ende ,Ende Timur,Mautapaga,86317,KANTOR PERWAKILAN,C,ENDE,FLORES,Gate LBJ,Cabang Ende,SETIAP HARI
KOE20809,Nusa Tenggara Timur (NTT),Ende ,Ende Timur,Ndungga,86361,KANTOR PERWAKILAN,C,ENDE,FLORES,Gate LBJ,Cabang Ende,SETIAP HARI
KOE20809,Nusa Tenggara Timur (NTT),Ende ,Ende Timur,Rewarangga,86319,KANTOR PERWAKILAN,C,ENDE,FLORES,Gate LBJ,Cabang Ende,SETIAP HARI
KOE20809,Nusa Tenggara Timur (NTT),Ende ,Ende Timur,Rewarangga Selatan,86361,KANTOR PERWAKILAN,C,ENDE,FLORES,Gate LBJ,Cabang Ende,SETIAP HARI
KOE20809,Nusa Tenggara Timur (NTT),Ende ,Ende Timur,Tiwutewa,86361,KANTOR PERWAKILAN,C,ENDE,FLORES,Gate LBJ,Cabang Ende,SETIAP HARI
KOE20810,Nusa Tenggara Timur (NTT),Ende ,Ende Utara,Borokanda,86319,KANTOR PERWAKILAN,C,ENDE,FLORES,Gate LBJ,Cabang Ende,SETIAP HARI
KOE20810,Nusa Tenggara Timur (NTT),Ende ,Ende Utara,Embundoa,86319,KANTOR PERWAKILAN,C,ENDE,FLORES,Gate LBJ,Cabang Ende,SETIAP HARI
KOE20810,Nusa Tenggara Timur (NTT),Ende ,Ende Utara,Gheoghoma,86319,KANTOR PERWAKILAN,C,ENDE,FLORES,Gate LBJ,Cabang Ende,SETIAP HARI
KOE20810,Nusa Tenggara Timur (NTT),Ende ,Ende Utara,Kota Raja,86319,KANTOR PERWAKILAN,C,ENDE,FLORES,Gate LBJ,Cabang Ende,SETIAP HARI
KOE20810,Nusa Tenggara Timur (NTT),Ende ,Ende Utara,Kota Ratu,86319,KANTOR PERWAKILAN,C,ENDE,FLORES,Gate LBJ,Cabang Ende,SETIAP HARI
KOE20810,Nusa Tenggara Timur (NTT),Ende ,Ende Utara,Mbomba,86319,KANTOR PERWAKILAN,C,ENDE,FLORES,Gate LBJ,Cabang Ende,SETIAP HARI
KOE20810,Nusa Tenggara Timur (NTT),Ende ,Ende Utara,Rateru,86319,KANTOR PERWAKILAN,C,ENDE,FLORES,Gate LBJ,Cabang Ende,SETIAP HARI
KOE20810,Nusa Tenggara Timur (NTT),Ende ,Ende Utara,Roworena,86319,KANTOR PERWAKILAN,C,ENDE,FLORES,Gate LBJ,Cabang Ende,SETIAP HARI
KOE20810,Nusa Tenggara Timur (NTT),Ende ,Ende Utara,Roworena Barat,86319,KANTOR PERWAKILAN,C,ENDE,FLORES,Gate LBJ,Cabang Ende,SETIAP HARI
KOE20810,Nusa Tenggara Timur (NTT),Ende ,Ende Utara,Watusipi,86319,KANTOR PERWAKILAN,C,ENDE,FLORES,Gate LBJ,Agen Golewa Selatan,SETIAP HARI
KOE20811,Nusa Tenggara Timur (NTT),Ende ,Kelimutu,Detuena,86318,KANTOR PERWAKILAN,C,ENDE,FLORES,Gate LBJ,Agen Wolowaru,SETIAP HARI
KOE20811,Nusa Tenggara Timur (NTT),Ende ,Kelimutu,Koanara,86318,KANTOR PERWAKILAN,C,ENDE,FLORES,Gate LBJ,Agen Wolowaru,SETIAP HARI
KOE20811,Nusa Tenggara Timur (NTT),Ende ,Kelimutu,Nduaria,86318,KANTOR PERWAKILAN,C,ENDE,FLORES,Gate LBJ,Agen Wolowaru,SETIAP HARI
KOE20811,Nusa Tenggara Timur (NTT),Ende ,Kelimutu,Nuamuri,86318,KANTOR PERWAKILAN,C,ENDE,FLORES,Gate LBJ,Agen Wolowaru,SETIAP HARI
KOE20811,Nusa Tenggara Timur (NTT),Ende ,Kelimutu,Nuamuri Barat,86318,KANTOR PERWAKILAN,C,ENDE,FLORES,Gate LBJ,Agen Wolowaru,SETIAP HARI
KOE20811,Nusa Tenggara Timur (NTT),Ende ,Kelimutu,Pemo,86318,KANTOR PERWAKILAN,C,ENDE,FLORES,Gate LBJ,Agen Wolowaru,SETIAP HARI
KOE20811,Nusa Tenggara Timur (NTT),Ende ,Kelimutu,Waturaka,86318,KANTOR PERWAKILAN,C,ENDE,FLORES,Gate LBJ,Agen Wolowaru,SETIAP HARI
KOE20811,Nusa Tenggara Timur (NTT),Ende ,Kelimutu,Woloara,86318,KANTOR PERWAKILAN,C,ENDE,FLORES,Gate LBJ,Agen Wolowaru,SETIAP HARI
KOE20811,Nusa Tenggara Timur (NTT),Ende ,Kelimutu,Wolokelo,86318,KANTOR PERWAKILAN,C,ENDE,FLORES,Gate LBJ,Agen Wolowaru,SETIAP HARI
KOE20820,Nusa Tenggara Timur (NTT),Ende ,Maurole,Aewora,86381,KANTOR PERWAKILAN,C,ENDE,FLORES,Gate LBJ,Agen Maurole,SETIAP HARI
KOE20820,Nusa Tenggara Timur (NTT),Ende ,Maurole,Detuwala,86381,KANTOR PERWAKILAN,C,ENDE,FLORES,Gate LBJ,Agen Maurole,SETIAP HARI
KOE20820,Nusa Tenggara Timur (NTT),Ende ,Maurole,Keliwumbu,86381,KANTOR PERWAKILAN,C,ENDE,FLORES,Gate LBJ,Agen Maurole,SETIAP HARI
KOE20820,Nusa Tenggara Timur (NTT),Ende ,Maurole,Maurole,86381,KANTOR PERWAKILAN,C,ENDE,FLORES,Gate LBJ,Agen Maurole,SETIAP HARI
KOE20820,Nusa Tenggara Timur (NTT),Ende ,Maurole,Mausambi,86381,KANTOR PERWAKILAN,C,ENDE,FLORES,Gate LBJ,Agen Maurole,SETIAP HARI
KOE20820,Nusa Tenggara Timur (NTT),Ende ,Maurole,Ngalukoja,86381,KANTOR PERWAKILAN,C,ENDE,FLORES,Gate LBJ,Agen Maurole,SETIAP HARI
KOE20820,Nusa Tenggara Timur (NTT),Ende ,Maurole,Niranusa,86381,KANTOR PERWAKILAN,C,ENDE,FLORES,Gate LBJ,Agen Maurole,SETIAP HARI
KOE20820,Nusa Tenggara Timur (NTT),Ende ,Maurole,Otogedu,86381,KANTOR PERWAKILAN,C,ENDE,FLORES,Gate LBJ,Agen Maurole,SETIAP HARI
KOE20820,Nusa Tenggara Timur (NTT),Ende ,Maurole,Ranakolo,86381,KANTOR PERWAKILAN,C,ENDE,FLORES,Gate LBJ,Agen Maurole,SETIAP HARI
KOE20820,Nusa Tenggara Timur (NTT),Ende ,Maurole,Ranokolo Selatan,86381,KANTOR PERWAKILAN,C,ENDE,FLORES,Gate LBJ,Agen Maurole,SETIAP HARI
KOE20820,Nusa Tenggara Timur (NTT),Ende ,Maurole,Uludala,86381,KANTOR PERWAKILAN,C,ENDE,FLORES,Gate LBJ,Agen Maurole,SETIAP HARI
KOE20820,Nusa Tenggara Timur (NTT),Ende ,Maurole,Watukamba,86381,KANTOR PERWAKILAN,C,ENDE,FLORES,Gate LBJ,Agen Maurole,SETIAP HARI
KOE20820,Nusa Tenggara Timur (NTT),Ende ,Maurole,Woloau,86381,KANTOR PERWAKILAN,C,ENDE,FLORES,Gate LBJ,Agen Maurole,SETIAP HARI
KOE20803,Nusa Tenggara Timur (NTT),Ende ,Nangapanda,Anaraja,86352,KANTOR PERWAKILAN,C,ENDE,FLORES,Gate LBJ,Agen Nangapanda,SETIAP HARI
KOE20803,Nusa Tenggara Timur (NTT),Ende ,Nangapanda,Bheramari,86352,KANTOR PERWAKILAN,C,ENDE,FLORES,Gate LBJ,Agen Nangapanda,SETIAP HARI
KOE20803,Nusa Tenggara Timur (NTT),Ende ,Nangapanda,Embuzozo,86352,KANTOR PERWAKILAN,C,ENDE,FLORES,Gate LBJ,Agen Nangapanda,SETIAP HARI
KOE20803,Nusa Tenggara Timur (NTT),Ende ,Nangapanda,Jegharonggo,86352,KANTOR PERWAKILAN,C,ENDE,FLORES,Gate LBJ,Agen Nangapanda,SETIAP HARI
KOE20803,Nusa Tenggara Timur (NTT),Ende ,Nangapanda,Jemburea,86352,KANTOR PERWAKILAN,C,ENDE,FLORES,Gate LBJ,Agen Nangapanda,SETIAP HARI
KOE20803,Nusa Tenggara Timur (NTT),Ende ,Nangapanda,Kekandere,86352,KANTOR PERWAKILAN,C,ENDE,FLORES,Gate LBJ,Agen Nangapanda,SETIAP HARI
KOE20803,Nusa Tenggara Timur (NTT),Ende ,Nangapanda,Kerirea,86352,KANTOR PERWAKILAN,C,ENDE,FLORES,Gate LBJ,Agen Nangapanda,SETIAP HARI
KOE20803,Nusa Tenggara Timur (NTT),Ende ,Nangapanda,Malawaru,86352,KANTOR PERWAKILAN,C,ENDE,FLORES,Gate LBJ,Agen Nangapanda,SETIAP HARI
KOE20803,Nusa Tenggara Timur (NTT),Ende ,Nangapanda,Mbobhenga,86352,KANTOR PERWAKILAN,C,ENDE,FLORES,Gate LBJ,Agen Nangapanda,SETIAP HARI
KOE20803,Nusa Tenggara Timur (NTT),Ende ,Nangapanda,Ndeturea,86352,KANTOR PERWAKILAN,C,ENDE,FLORES,Gate LBJ,Agen Nangapanda,SETIAP HARI
KOE20803,Nusa Tenggara Timur (NTT),Ende ,Nangapanda,Ndorurea,86352,KANTOR PERWAKILAN,C,ENDE,FLORES,Gate LBJ,Agen Nangapanda,SETIAP HARI
KOE20803,Nusa Tenggara Timur (NTT),Ende ,Nangapanda,Ndorurea I,86352,KANTOR PERWAKILAN,C,ENDE,FLORES,Gate LBJ,Agen Nangapanda,SETIAP HARI
KOE20803,Nusa Tenggara Timur (NTT),Ende ,Nangapanda,Nggorea,86352,KANTOR PERWAKILAN,C,ENDE,FLORES,Gate LBJ,Agen Nangapanda,SETIAP HARI
KOE20803,Nusa Tenggara Timur (NTT),Ende ,Nangapanda,Ondorea,86352,KANTOR PERWAKILAN,C,ENDE,FLORES,Gate LBJ,Agen Nangapanda,SETIAP HARI
KOE20803,Nusa Tenggara Timur (NTT),Ende ,Nangapanda,Ondorea Barat,86352,KANTOR PERWAKILAN,C,ENDE,FLORES,Gate LBJ,Agen Nangapanda,SETIAP HARI
KOE20803,Nusa Tenggara Timur (NTT),Ende ,Nangapanda,Penggajawa,86352,KANTOR PERWAKILAN,C,ENDE,FLORES,Gate LBJ,Agen Nangapanda,SETIAP HARI
KOE20803,Nusa Tenggara Timur (NTT),Ende ,Nangapanda,Raporendu,86352,KANTOR PERWAKILAN,C,ENDE,FLORES,Gate LBJ,Agen Nangapanda,SETIAP HARI
KOE20803,Nusa Tenggara Timur (NTT),Ende ,Nangapanda,Rapowawo,86352,KANTOR PERWAKILAN,C,ENDE,FLORES,Gate LBJ,Agen Nangapanda,SETIAP HARI
KOE20803,Nusa Tenggara Timur (NTT),Ende ,Nangapanda,Romarea,86352,KANTOR PERWAKILAN,C,ENDE,FLORES,Gate LBJ,Agen Nangapanda,SETIAP HARI
KOE20803,Nusa Tenggara Timur (NTT),Ende ,Nangapanda,Sanggarhorho,86352,KANTOR PERWAKILAN,C,ENDE,FLORES,Gate LBJ,Agen Nangapanda,SETIAP HARI
KOE20803,Nusa Tenggara Timur (NTT),Ende ,Nangapanda,Tanazozo,86352,KANTOR PERWAKILAN,C,ENDE,FLORES,Gate LBJ,Agen Nangapanda,SETIAP HARI
KOE20803,Nusa Tenggara Timur (NTT),Ende ,Nangapanda,Tenda Ondo,86352,KANTOR PERWAKILAN,C,ENDE,FLORES,Gate LBJ,Agen Nangapanda,SETIAP HARI
KOE20803,Nusa Tenggara Timur (NTT),Ende ,Nangapanda,Tendambepa,86352,KANTOR PERWAKILAN,C,ENDE,FLORES,Gate LBJ,Agen Nangapanda,SETIAP HARI
KOE20803,Nusa Tenggara Timur (NTT),Ende ,Nangapanda,Tendarea,86352,KANTOR PERWAKILAN,C,ENDE,FLORES,Gate LBJ,Agen Nangapanda,SETIAP HARI
KOE20803,Nusa Tenggara Timur (NTT),Ende ,Nangapanda,Timbaria,86352,KANTOR PERWAKILAN,C,ENDE,FLORES,Gate LBJ,Agen Nangapanda,SETIAP HARI
KOE20803,Nusa Tenggara Timur (NTT),Ende ,Nangapanda,Titwerea,86352,KANTOR PERWAKILAN,C,ENDE,FLORES,Gate LBJ,Agen Nangapanda,SETIAP HARI
KOE20803,Nusa Tenggara Timur (NTT),Ende ,Nangapanda,Uzuzozo,86352,KANTOR PERWAKILAN,C,ENDE,FLORES,Gate LBJ,Agen Nangapanda,SETIAP HARI
KOE20803,Nusa Tenggara Timur (NTT),Ende ,Nangapanda,Watumite,86352,KANTOR PERWAKILAN,C,ENDE,FLORES,Gate LBJ,Agen Nangapanda,SETIAP HARI
KOE20803,Nusa Tenggara Timur (NTT),Ende ,Nangapanda,Zozozea,86352,KANTOR PERWAKILAN,C,ENDE,FLORES,Gate LBJ,Agen Nangapanda,SETIAP HARI
KOE20804,Nusa Tenggara Timur (NTT),Ende ,Ndona,Kekasewa,86361,KANTOR PERWAKILAN,C,ENDE,FLORES,Gate LBJ,Cabang Ende,SETIAP HARI
KOE20804,Nusa Tenggara Timur (NTT),Ende ,Ndona,Kelikiku,86361,KANTOR PERWAKILAN,C,ENDE,FLORES,Gate LBJ,Cabang Ende,SETIAP HARI
KOE20804,Nusa Tenggara Timur (NTT),Ende ,Ndona,Lokoboko,86361,KANTOR PERWAKILAN,C,ENDE,FLORES,Gate LBJ,Cabang Ende,SETIAP HARI
KOE20804,Nusa Tenggara Timur (NTT),Ende ,Ndona,Manulondo (Manulando),86361,KANTOR PERWAKILAN,C,ENDE,FLORES,Gate LBJ,Cabang Ende,SETIAP HARI
KOE20804,Nusa Tenggara Timur (NTT),Ende ,Ndona,Nanganesa,86361,KANTOR PERWAKILAN,C,ENDE,FLORES,Gate LBJ,Cabang Ende,SETIAP HARI
KOE20804,Nusa Tenggara Timur (NTT),Ende ,Ndona,Ngalupolo,86361,KANTOR PERWAKILAN,C,ENDE,FLORES,Gate LBJ,Cabang Ende,SETIAP HARI
KOE20804,Nusa Tenggara Timur (NTT),Ende ,Ndona,Ngauroga/Ngaluroga,86361,KANTOR PERWAKILAN,C,ENDE,FLORES,Gate LBJ,Cabang Ende,SETIAP HARI
KOE20804,Nusa Tenggara Timur (NTT),Ende ,Ndona,Nila,86361,KANTOR PERWAKILAN,C,ENDE,FLORES,Gate LBJ,Cabang Ende,SETIAP HARI
KOE20804,Nusa Tenggara Timur (NTT),Ende ,Ndona,Onelako,86361,KANTOR PERWAKILAN,C,ENDE,FLORES,Gate LBJ,Cabang Ende,SETIAP HARI
KOE20804,Nusa Tenggara Timur (NTT),Ende ,Ndona,Puutuga,86361,KANTOR PERWAKILAN,C,ENDE,FLORES,Gate LBJ,Cabang Ende,SETIAP HARI
KOE20804,Nusa Tenggara Timur (NTT),Ende ,Ndona,Reka,86361,KANTOR PERWAKILAN,C,ENDE,FLORES,Gate LBJ,Cabang Ende,SETIAP HARI
KOE20804,Nusa Tenggara Timur (NTT),Ende ,Ndona,Wolokota,86361,KANTOR PERWAKILAN,C,ENDE,FLORES,Gate LBJ,Cabang Ende,SETIAP HARI
KOE20804,Nusa Tenggara Timur (NTT),Ende ,Ndona,Wolotopo,86361,KANTOR PERWAKILAN,C,ENDE,FLORES,Gate LBJ,Cabang Ende,SETIAP HARI
KOE20804,Nusa Tenggara Timur (NTT),Ende ,Ndona,Wolotopo Timur,86361,KANTOR PERWAKILAN,C,ENDE,FLORES,Gate LBJ,Cabang Ende,SETIAP HARI
KOE20815,Nusa Tenggara Timur (NTT),Ende ,Ndona Timur,Demulaka,86361,KANTOR PERWAKILAN,C,ENDE,FLORES,Gate LBJ,Cabang Ende,SCHEDULING
KOE20815,Nusa Tenggara Timur (NTT),Ende ,Ndona Timur,Kurulimbu,86361,KANTOR PERWAKILAN,C,ENDE,FLORES,Gate LBJ,Cabang Ende,SCHEDULING
KOE20815,Nusa Tenggara Timur (NTT),Ende ,Ndona Timur,Kurulimbu Selatan,86361,KANTOR PERWAKILAN,C,ENDE,FLORES,Gate LBJ,Cabang Ende,SCHEDULING
KOE20815,Nusa Tenggara Timur (NTT),Ende ,Ndona Timur,Ngalupolo/Naglupolo,86361,KANTOR PERWAKILAN,C,ENDE,FLORES,Gate LBJ,Cabang Ende,SCHEDULING
KOE20815,Nusa Tenggara Timur (NTT),Ende ,Ndona Timur,Ngguwa,86361,KANTOR PERWAKILAN,C,ENDE,FLORES,Gate LBJ,Cabang Ende,SCHEDULING
KOE20815,Nusa Tenggara Timur (NTT),Ende ,Ndona Timur,Roga,86361,KANTOR PERWAKILAN,C,ENDE,FLORES,Gate LBJ,Cabang Ende,SCHEDULING
KOE20815,Nusa Tenggara Timur (NTT),Ende ,Ndona Timur,Sokoria,86361,KANTOR PERWAKILAN,C,ENDE,FLORES,Gate LBJ,Cabang Ende,SCHEDULING
KOE20821,Nusa Tenggara Timur (NTT),Ende ,Ndori,Aebara,86372,KANTOR PERWAKILAN,C,ENDE,FLORES,Gate LBJ,Agen Ndori,4X SEMINGGU
KOE20821,Nusa Tenggara Timur (NTT),Ende ,Ndori,Kelisamba,86372,KANTOR PERWAKILAN,C,ENDE,FLORES,Gate LBJ,Agen Ndori,4X SEMINGGU
KOE20821,Nusa Tenggara Timur (NTT),Ende ,Ndori,Lungaria,86372,KANTOR PERWAKILAN,C,ENDE,FLORES,Gate LBJ,Agen Ndori,4X SEMINGGU
KOE20821,Nusa Tenggara Timur (NTT),Ende ,Ndori,Maubasa,86372,KANTOR PERWAKILAN,C,ENDE,FLORES,Gate LBJ,Agen Ndori,4X SEMINGGU
KOE20821,Nusa Tenggara Timur (NTT),Ende ,Ndori,Maubasa Barat,86372,KANTOR PERWAKILAN,C,ENDE,FLORES,Gate LBJ,Agen Ndori,4X SEMINGGU
KOE20821,Nusa Tenggara Timur (NTT),Ende ,Ndori,Maubasa Timur,86372,KANTOR PERWAKILAN,C,ENDE,FLORES,Gate LBJ,Agen Ndori,4X SEMINGGU
KOE20821,Nusa Tenggara Timur (NTT),Ende ,Ndori,Mole,86372,KANTOR PERWAKILAN,C,ENDE,FLORES,Gate LBJ,Agen Ndori,4X SEMINGGU
KOE20821,Nusa Tenggara Timur (NTT),Ende ,Ndori,Ratemangga,86372,KANTOR PERWAKILAN,C,ENDE,FLORES,Gate LBJ,Agen Ndori,4X SEMINGGU
KOE20821,Nusa Tenggara Timur (NTT),Ende ,Ndori,Serandori,86372,KANTOR PERWAKILAN,C,ENDE,FLORES,Gate LBJ,Agen Ndori,4X SEMINGGU
KOE20821,Nusa Tenggara Timur (NTT),Ende ,Ndori,Wonda,86372,KANTOR PERWAKILAN,C,ENDE,FLORES,Gate LBJ,Agen Ndori,4X SEMINGGU
KOE20805,Nusa Tenggara Timur (NTT),Ende ,Wolowaru,Bokasape,86372,KANTOR PERWAKILAN,C,ENDE,FLORES,Gate LBJ,Agen Wolowaru,SETIAP HARI
KOE20805,Nusa Tenggara Timur (NTT),Ende ,Wolowaru,Bokasape Timur,86372,KANTOR PERWAKILAN,C,ENDE,FLORES,Gate LBJ,Agen Wolowaru,SETIAP HARI
KOE20805,Nusa Tenggara Timur (NTT),Ende ,Wolowaru,Jopu,86372,KANTOR PERWAKILAN,C,ENDE,FLORES,Gate LBJ,Agen Wolowaru,SETIAP HARI
KOE20805,Nusa Tenggara Timur (NTT),Ende ,Wolowaru,Likanaka,86372,KANTOR PERWAKILAN,C,ENDE,FLORES,Gate LBJ,Agen Wolowaru,SETIAP HARI
KOE20805,Nusa Tenggara Timur (NTT),Ende ,Wolowaru,Lise Lowobora,86372,KANTOR PERWAKILAN,C,ENDE,FLORES,Gate LBJ,Agen Wolowaru,SETIAP HARI
KOE20805,Nusa Tenggara Timur (NTT),Ende ,Wolowaru,Lise Pu'u,86372,KANTOR PERWAKILAN,C,ENDE,FLORES,Gate LBJ,Agen Wolowaru,SETIAP HARI
KOE20805,Nusa Tenggara Timur (NTT),Ende ,Wolowaru,Lisedetu,86372,KANTOR PERWAKILAN,C,ENDE,FLORES,Gate LBJ,Agen Wolowaru,SETIAP HARI
KOE20805,Nusa Tenggara Timur (NTT),Ende ,Wolowaru,Mbuli Loo,86372,KANTOR PERWAKILAN,C,ENDE,FLORES,Gate LBJ,Agen Wolowaru,SETIAP HARI
KOE20805,Nusa Tenggara Timur (NTT),Ende ,Wolowaru,Mbuliwaralau,86372,KANTOR PERWAKILAN,C,ENDE,FLORES,Gate LBJ,Agen Wolowaru,SETIAP HARI
KOE20805,Nusa Tenggara Timur (NTT),Ende ,Wolowaru,Mbuliwaralau Utara,86372,KANTOR PERWAKILAN,C,ENDE,FLORES,Gate LBJ,Agen Wolowaru,SETIAP HARI
KOE20805,Nusa Tenggara Timur (NTT),Ende ,Wolowaru,Nakambara,86372,KANTOR PERWAKILAN,C,ENDE,FLORES,Gate LBJ,Agen Wolowaru,SETIAP HARI
KOE20805,Nusa Tenggara Timur (NTT),Ende ,Wolowaru,Niromesi,86372,KANTOR PERWAKILAN,C,ENDE,FLORES,Gate LBJ,Agen Wolowaru,SETIAP HARI
KOE20805,Nusa Tenggara Timur (NTT),Ende ,Wolowaru,Nualise,86372,KANTOR PERWAKILAN,C,ENDE,FLORES,Gate LBJ,Agen Wolowaru,SETIAP HARI
KOE20805,Nusa Tenggara Timur (NTT),Ende ,Wolowaru,Rindiwawo,86372,KANTOR PERWAKILAN,C,ENDE,FLORES,Gate LBJ,Agen Wolowaru,SETIAP HARI
KOE20805,Nusa Tenggara Timur (NTT),Ende ,Wolowaru,Tana Lo'o,86372,KANTOR PERWAKILAN,C,ENDE,FLORES,Gate LBJ,Agen Wolowaru,SETIAP HARI
KOE20805,Nusa Tenggara Timur (NTT),Ende ,Wolowaru,Wolokoli,86372,KANTOR PERWAKILAN,C,ENDE,FLORES,Gate LBJ,Agen Wolowaru,SETIAP HARI
KOE20805,Nusa Tenggara Timur (NTT),Ende ,Wolowaru,Wolosoko,86372,KANTOR PERWAKILAN,C,ENDE,FLORES,Gate LBJ,Agen Wolowaru,SETIAP HARI
KOE21207,Nusa Tenggara Timur (NTT),Manggarai Barat ,Boleng,Batu Tiga,86754,KANTOR PERWAKILAN,C,LABUAN BAJO,FLORES,Gate LBJ,Agen Boleng,
KOE21207,Nusa Tenggara Timur (NTT),Manggarai Barat ,Boleng,Beo Sepang,86754,KANTOR PERWAKILAN,C,LABUAN BAJO,FLORES,Gate LBJ,Agen Boleng,
KOE21207,Nusa Tenggara Timur (NTT),Manggarai Barat ,Boleng,Golo Ketak,86754,KANTOR PERWAKILAN,C,LABUAN BAJO,FLORES,Gate LBJ,Agen Boleng,
KOE21207,Nusa Tenggara Timur (NTT),Manggarai Barat ,Boleng,Golo Lujang,86754,KANTOR PERWAKILAN,C,LABUAN BAJO,FLORES,Gate LBJ,Agen Boleng,
KOE21207,Nusa Tenggara Timur (NTT),Manggarai Barat ,Boleng,Golo Nobo,86754,KANTOR PERWAKILAN,C,LABUAN BAJO,FLORES,Gate LBJ,Agen Boleng,
KOE21207,Nusa Tenggara Timur (NTT),Manggarai Barat ,Boleng,Golo Sepang,86754,KANTOR PERWAKILAN,C,LABUAN BAJO,FLORES,Gate LBJ,Agen Boleng,
KOE21207,Nusa Tenggara Timur (NTT),Manggarai Barat ,Boleng,Mbuit,86754,KANTOR PERWAKILAN,C,LABUAN BAJO,FLORES,Gate LBJ,Agen Boleng,
KOE21207,Nusa Tenggara Timur (NTT),Manggarai Barat ,Boleng,Pontianak,86754,KANTOR PERWAKILAN,C,LABUAN BAJO,FLORES,Gate LBJ,Agen Boleng,
KOE21207,Nusa Tenggara Timur (NTT),Manggarai Barat ,Boleng,Pota Wangka,86754,KANTOR PERWAKILAN,C,LABUAN BAJO,FLORES,Gate LBJ,Agen Boleng,
KOE21207,Nusa Tenggara Timur (NTT),Manggarai Barat ,Boleng,Sepang,86754,KANTOR PERWAKILAN,C,LABUAN BAJO,FLORES,Gate LBJ,Agen Boleng,
KOE21207,Nusa Tenggara Timur (NTT),Manggarai Barat ,Boleng,Tanjung Boleng,86754,KANTOR PERWAKILAN,C,LABUAN BAJO,FLORES,Gate LBJ,Agen Boleng,
KOE21208,Nusa Tenggara Timur (NTT),Manggarai Barat ,Lembor Selatan,Benteng Dewa,86753,KANTOR PERWAKILAN,C,LABUAN BAJO,FLORES,Gate LBJ,Agen Lembor,
KOE21208,Nusa Tenggara Timur (NTT),Manggarai Barat ,Lembor Selatan,Benteng Tado,86753,KANTOR PERWAKILAN,C,LABUAN BAJO,FLORES,Gate LBJ,Agen Lembor,
KOE21208,Nusa Tenggara Timur (NTT),Manggarai Barat ,Lembor Selatan,Kakor,86753,KANTOR PERWAKILAN,C,LABUAN BAJO,FLORES,Gate LBJ,Agen Lembor,
KOE21208,Nusa Tenggara Timur (NTT),Manggarai Barat ,Lembor Selatan,Lalong,86753,KANTOR PERWAKILAN,C,LABUAN BAJO,FLORES,Gate LBJ,Agen Lembor,
KOE21208,Nusa Tenggara Timur (NTT),Manggarai Barat ,Lembor Selatan,Lendong,86753,KANTOR PERWAKILAN,C,LABUAN BAJO,FLORES,Gate LBJ,Agen Lembor,
KOE21208,Nusa Tenggara Timur (NTT),Manggarai Barat ,Lembor Selatan,Modo,86753,KANTOR PERWAKILAN,C,LABUAN BAJO,FLORES,Gate LBJ,Agen Lembor,
KOE21208,Nusa Tenggara Timur (NTT),Manggarai Barat ,Lembor Selatan,Munting,86753,KANTOR PERWAKILAN,C,LABUAN BAJO,FLORES,Gate LBJ,Agen Lembor,
KOE21208,Nusa Tenggara Timur (NTT),Manggarai Barat ,Lembor Selatan,Nanga Bere,86753,KANTOR PERWAKILAN,C,LABUAN BAJO,FLORES,Gate LBJ,Agen Lembor,
KOE21208,Nusa Tenggara Timur (NTT),Manggarai Barat ,Lembor Selatan,Nanga Lili,86753,KANTOR PERWAKILAN,C,LABUAN BAJO,FLORES,Gate LBJ,Agen Lembor,
KOE21208,Nusa Tenggara Timur (NTT),Manggarai Barat ,Lembor Selatan,Repi,86753,KANTOR PERWAKILAN,C,LABUAN BAJO,FLORES,Gate LBJ,Agen Lembor,
KOE21208,Nusa Tenggara Timur (NTT),Manggarai Barat ,Lembor Selatan,Surunumbeng,86753,KANTOR PERWAKILAN,C,LABUAN BAJO,FLORES,Gate LBJ,Agen Lembor,
KOE21208,Nusa Tenggara Timur (NTT),Manggarai Barat ,Lembor Selatan,Wae Mose,86753,KANTOR PERWAKILAN,C,LABUAN BAJO,FLORES,Gate LBJ,Agen Lembor,
KOE21208,Nusa Tenggara Timur (NTT),Manggarai Barat ,Lembor Selatan,Watu Rambung,86753,KANTOR PERWAKILAN,C,LABUAN BAJO,FLORES,Gate LBJ,Agen Lembor,
KOE21208,Nusa Tenggara Timur (NTT),Manggarai Barat ,Lembor Selatan,Watu Tiri,86753,KANTOR PERWAKILAN,C,LABUAN BAJO,FLORES,Gate LBJ,Agen Lembor,
KOE21208,Nusa Tenggara Timur (NTT),Manggarai Barat ,Lembor Selatan,Watu Waja,86753,KANTOR PERWAKILAN,C,LABUAN BAJO,FLORES,Gate LBJ,Agen Lembor,
KOE21204,Nusa Tenggara Timur (NTT),Manggarai Barat ,Macang Pacar,Bari,86756,KANTOR PERWAKILAN,C,LABUAN BAJO,FLORES,Gate LBJ,Agen Macang Pacar,
KOE21204,Nusa Tenggara Timur (NTT),Manggarai Barat ,Macang Pacar,Benteng Ndope,86756,KANTOR PERWAKILAN,C,LABUAN BAJO,FLORES,Gate LBJ,Agen Macang Pacar,
KOE21204,Nusa Tenggara Timur (NTT),Manggarai Barat ,Macang Pacar,Compang,86756,KANTOR PERWAKILAN,C,LABUAN BAJO,FLORES,Gate LBJ,Agen Macang Pacar,
KOE21204,Nusa Tenggara Timur (NTT),Manggarai Barat ,Macang Pacar,Golo Lajang,86756,KANTOR PERWAKILAN,C,LABUAN BAJO,FLORES,Gate LBJ,Agen Macang Pacar,
KOE21204,Nusa Tenggara Timur (NTT),Manggarai Barat ,Macang Pacar,Golo Lajang Barat,86756,KANTOR PERWAKILAN,C,LABUAN BAJO,FLORES,Gate LBJ,Agen Macang Pacar,
KOE21204,Nusa Tenggara Timur (NTT),Manggarai Barat ,Macang Pacar,Kombo,86756,KANTOR PERWAKILAN,C,LABUAN BAJO,FLORES,Gate LBJ,Agen Macang Pacar,
KOE21204,Nusa Tenggara Timur (NTT),Manggarai Barat ,Macang Pacar,Kombo Selatan,86756,KANTOR PERWAKILAN,C,LABUAN BAJO,FLORES,Gate LBJ,Agen Macang Pacar,
KOE21204,Nusa Tenggara Timur (NTT),Manggarai Barat ,Macang Pacar,Kombo Tengah,86756,KANTOR PERWAKILAN,C,LABUAN BAJO,FLORES,Gate LBJ,Agen Macang Pacar,
KOE21204,Nusa Tenggara Timur (NTT),Manggarai Barat ,Macang Pacar,Lewat,86756,KANTOR PERWAKILAN,C,LABUAN BAJO,FLORES,Gate LBJ,Agen Adonara Timur,
KOE21204,Nusa Tenggara Timur (NTT),Manggarai Barat ,Macang Pacar,Loha,86756,KANTOR PERWAKILAN,C,LABUAN BAJO,FLORES,Gate LBJ,Agen Macang Pacar,
KOE21204,Nusa Tenggara Timur (NTT),Manggarai Barat ,Macang Pacar,Manong,86756,KANTOR PERWAKILAN,C,LABUAN BAJO,FLORES,Gate LBJ,Agen Cancar,
KOE21204,Nusa Tenggara Timur (NTT),Manggarai Barat ,Macang Pacar,Mbakung,86756,KANTOR PERWAKILAN,C,LABUAN BAJO,FLORES,Gate LBJ,Agen Macang Pacar,
KOE21204,Nusa Tenggara Timur (NTT),Manggarai Barat ,Macang Pacar,Nanga Kantor,86756,KANTOR PERWAKILAN,C,LABUAN BAJO,FLORES,Gate LBJ,Agen Macang Pacar,
KOE21204,Nusa Tenggara Timur (NTT),Manggarai Barat ,Macang Pacar,Nanga Kantor Barat,86756,KANTOR PERWAKILAN,C,LABUAN BAJO,FLORES,Gate LBJ,Agen Macang Pacar,
KOE21204,Nusa Tenggara Timur (NTT),Manggarai Barat ,Macang Pacar,Nggilat,86756,KANTOR PERWAKILAN,C,LABUAN BAJO,FLORES,Gate LBJ,Agen Macang Pacar,
KOE21204,Nusa Tenggara Timur (NTT),Manggarai Barat ,Macang Pacar,Pacar,86756,KANTOR PERWAKILAN,C,LABUAN BAJO,FLORES,Gate LBJ,Agen Macang Pacar,
KOE21204,Nusa Tenggara Timur (NTT),Manggarai Barat ,Macang Pacar,Pong Kolong,86756,KANTOR PERWAKILAN,C,LABUAN BAJO,FLORES,Gate LBJ,Agen Macang Pacar,
KOE21204,Nusa Tenggara Timur (NTT),Manggarai Barat ,Macang Pacar,Raba,86756,KANTOR PERWAKILAN,C,LABUAN BAJO,FLORES,Gate LBJ,Agen Macang Pacar,
KOE21204,Nusa Tenggara Timur (NTT),Manggarai Barat ,Macang Pacar,Rego,86756,KANTOR PERWAKILAN,C,LABUAN BAJO,FLORES,Gate LBJ,Agen Macang Pacar,
KOE21204,Nusa Tenggara Timur (NTT),Manggarai Barat ,Macang Pacar,Rokap,86756,KANTOR PERWAKILAN,C,LABUAN BAJO,FLORES,Gate LBJ,Agen Macang Pacar,
KOE21204,Nusa Tenggara Timur (NTT),Manggarai Barat ,Macang Pacar,Romang,86756,KANTOR PERWAKILAN,C,LABUAN BAJO,FLORES,Gate LBJ,Agen Macang Pacar,
KOE21204,Nusa Tenggara Timur (NTT),Manggarai Barat ,Macang Pacar,Sarae Naru,86756,KANTOR PERWAKILAN,C,LABUAN BAJO,FLORES,Gate LBJ,Agen Macang Pacar,
KOE21204,Nusa Tenggara Timur (NTT),Manggarai Barat ,Macang Pacar,Waka,86756,KANTOR PERWAKILAN,C,LABUAN BAJO,FLORES,Gate LBJ,Agen Macang Pacar,
KOE21204,Nusa Tenggara Timur (NTT),Manggarai Barat ,Macang Pacar,Watu Manggar,86756,KANTOR PERWAKILAN,C,LABUAN BAJO,FLORES,Gate LBJ,Agen Macang Pacar,
KOE21204,Nusa Tenggara Timur (NTT),Manggarai Barat ,Macang Pacar,Watubaru,86756,KANTOR PERWAKILAN,C,LABUAN BAJO,FLORES,Gate LBJ,Agen Macang Pacar,
KOE21204,Nusa Tenggara Timur (NTT),Manggarai Barat ,Macang Pacar,Wontong,86756,KANTOR PERWAKILAN,C,LABUAN BAJO,FLORES,Gate LBJ,Agen Macang Pacar,
KOE21205,Nusa Tenggara Timur (NTT),Manggarai Barat ,Sano Nggoang,Golo Kempo,86757,KANTOR PERWAKILAN,C,LABUAN BAJO,FLORES,Gate LBJ,Agen Sanonggoang,
KOE21205,Nusa Tenggara Timur (NTT),Manggarai Barat ,Sano Nggoang,Golo Kondeng,86757,KANTOR PERWAKILAN,C,LABUAN BAJO,FLORES,Gate LBJ,Agen Sanonggoang,
KOE21205,Nusa Tenggara Timur (NTT),Manggarai Barat ,Sano Nggoang,Golo Leleng,86757,KANTOR PERWAKILAN,C,LABUAN BAJO,FLORES,Gate LBJ,Agen Sanonggoang,
KOE21205,Nusa Tenggara Timur (NTT),Manggarai Barat ,Sano Nggoang,Golo Manting,86757,KANTOR PERWAKILAN,C,LABUAN BAJO,FLORES,Gate LBJ,Agen Sanonggoang,
KOE21205,Nusa Tenggara Timur (NTT),Manggarai Barat ,Sano Nggoang,Golo Mbu,86757,KANTOR PERWAKILAN,C,LABUAN BAJO,FLORES,Gate LBJ,Agen Sanonggoang,
KOE21205,Nusa Tenggara Timur (NTT),Manggarai Barat ,Sano Nggoang,Golo Ndaring,86757,KANTOR PERWAKILAN,C,LABUAN BAJO,FLORES,Gate LBJ,Agen Sanonggoang,
KOE21205,Nusa Tenggara Timur (NTT),Manggarai Barat ,Sano Nggoang,Golo Sengang,86757,KANTOR PERWAKILAN,C,LABUAN BAJO,FLORES,Gate LBJ,Agen Sanonggoang,
KOE21205,Nusa Tenggara Timur (NTT),Manggarai Barat ,Sano Nggoang,Matawae,86757,KANTOR PERWAKILAN,C,LABUAN BAJO,FLORES,Gate LBJ,Agen Sanonggoang,
KOE21205,Nusa Tenggara Timur (NTT),Manggarai Barat ,Sano Nggoang,Nampar Macing,86757,KANTOR PERWAKILAN,C,LABUAN BAJO,FLORES,Gate LBJ,Agen Sanonggoang,
KOE21205,Nusa Tenggara Timur (NTT),Manggarai Barat ,Sano Nggoang,Poco Golo Kempo,86757,KANTOR PERWAKILAN,C,LABUAN BAJO,FLORES,Gate LBJ,Agen Sanonggoang,
KOE21205,Nusa Tenggara Timur (NTT),Manggarai Barat ,Sano Nggoang,Pulau Nuncung,86757,KANTOR PERWAKILAN,C,LABUAN BAJO,FLORES,Gate LBJ,Agen Sanonggoang,
KOE21205,Nusa Tenggara Timur (NTT),Manggarai Barat ,Sano Nggoang,Sano Nggoang,86757,KANTOR PERWAKILAN,C,LABUAN BAJO,FLORES,Gate LBJ,Agen Sanonggoang,
KOE21205,Nusa Tenggara Timur (NTT),Manggarai Barat ,Sano Nggoang,Wae Lolos,86757,KANTOR PERWAKILAN,C,LABUAN BAJO,FLORES,Gate LBJ,Agen Sanonggoang,
KOE21205,Nusa Tenggara Timur (NTT),Manggarai Barat ,Sano Nggoang,Wae Sano,86757,KANTOR PERWAKILAN,C,LABUAN BAJO,FLORES,Gate LBJ,Agen Sanonggoang,
KOE21205,Nusa Tenggara Timur (NTT),Manggarai Barat ,Sano Nggoang,Watu Panggal,86757,KANTOR PERWAKILAN,C,LABUAN BAJO,FLORES,Gate LBJ,Agen Sanonggoang,
KOE20424,Nusa Tenggara Timur (NTT),Flores Timur ,Adonara,Adonara,86262,KANTOR PERWAKILAN,C,LARANTUKA,FLORES,Gate KOE,Agen Adonara Barat,
KOE20424,Nusa Tenggara Timur (NTT),Flores Timur ,Adonara,Kolilanang,86262,KANTOR PERWAKILAN,C,LARANTUKA,FLORES,Gate KOE,Agen Adonara Barat,
KOE20424,Nusa Tenggara Timur (NTT),Flores Timur ,Adonara,Kolimasang,86262,KANTOR PERWAKILAN,C,LARANTUKA,FLORES,Gate KOE,Agen Adonara Barat,
KOE20424,Nusa Tenggara Timur (NTT),Flores Timur ,Adonara,Kolipetung,86262,KANTOR PERWAKILAN,C,LARANTUKA,FLORES,Gate KOE,Agen Adonara Barat,
KOE20424,Nusa Tenggara Timur (NTT),Flores Timur ,Adonara,Lamahoda,86262,KANTOR PERWAKILAN,C,LARANTUKA,FLORES,Gate KOE,Agen Adonara Barat,
KOE20424,Nusa Tenggara Timur (NTT),Flores Timur ,Adonara,Nisanulan,86262,KANTOR PERWAKILAN,C,LARANTUKA,FLORES,Gate KOE,Agen Adonara Barat,
KOE20424,Nusa Tenggara Timur (NTT),Flores Timur ,Adonara,Sagu,86262,KANTOR PERWAKILAN,C,LARANTUKA,FLORES,Gate KOE,Agen Adonara Barat,
KOE20424,Nusa Tenggara Timur (NTT),Flores Timur ,Adonara,Tikatukang,86262,KANTOR PERWAKILAN,C,LARANTUKA,FLORES,Gate KOE,Agen Adonara Barat,
KOE20401,Nusa Tenggara Timur (NTT),Flores Timur ,Adonara Barat,Bugalima,86262,KANTOR PERWAKILAN,C,LARANTUKA,FLORES,Gate KOE,Agen Adonara Barat,
KOE20401,Nusa Tenggara Timur (NTT),Flores Timur ,Adonara Barat,Bukit Seburi I,86262,KANTOR PERWAKILAN,C,LARANTUKA,FLORES,Gate KOE,Agen Adonara Barat,
KOE20401,Nusa Tenggara Timur (NTT),Flores Timur ,Adonara Barat,Bukit Seburi II,86262,KANTOR PERWAKILAN,C,LARANTUKA,FLORES,Gate KOE,Agen Adonara Barat,
KOE20401,Nusa Tenggara Timur (NTT),Flores Timur ,Adonara Barat,Danibao,86262,KANTOR PERWAKILAN,C,LARANTUKA,FLORES,Gate KOE,Agen Adonara Barat,
KOE20401,Nusa Tenggara Timur (NTT),Flores Timur ,Adonara Barat,Duanur (Duwanur),86262,KANTOR PERWAKILAN,C,LARANTUKA,FLORES,Gate KOE,Agen Adonara Barat,
KOE20401,Nusa Tenggara Timur (NTT),Flores Timur ,Adonara Barat,Homa,86262,KANTOR PERWAKILAN,C,LARANTUKA,FLORES,Gate KOE,Agen Adonara Barat,
KOE20401,Nusa Tenggara Timur (NTT),Flores Timur ,Adonara Barat,Hurung,86262,KANTOR PERWAKILAN,C,LARANTUKA,FLORES,Gate KOE,Agen Adonara Barat,
KOE20401,Nusa Tenggara Timur (NTT),Flores Timur ,Adonara Barat,Ilepati,86262,KANTOR PERWAKILAN,C,LARANTUKA,FLORES,Gate KOE,Agen Adonara Barat,
KOE20401,Nusa Tenggara Timur (NTT),Flores Timur ,Adonara Barat,Kima Kamak,86262,KANTOR PERWAKILAN,C,LARANTUKA,FLORES,Gate KOE,Agen Adonara Barat,
KOE20401,Nusa Tenggara Timur (NTT),Flores Timur ,Adonara Barat,Nimun Dani Bao,86262,KANTOR PERWAKILAN,C,LARANTUKA,FLORES,Gate KOE,Agen Adonara Barat,
KOE20401,Nusa Tenggara Timur (NTT),Flores Timur ,Adonara Barat,Pajinian,86262,KANTOR PERWAKILAN,C,LARANTUKA,FLORES,Gate KOE,Agen Adonara Barat,
KOE20401,Nusa Tenggara Timur (NTT),Flores Timur ,Adonara Barat,Riangpadu,86262,KANTOR PERWAKILAN,C,LARANTUKA,FLORES,Gate KOE,Agen Adonara Barat,
KOE20401,Nusa Tenggara Timur (NTT),Flores Timur ,Adonara Barat,Tonuwotan,86262,KANTOR PERWAKILAN,C,LARANTUKA,FLORES,Gate KOE,Agen Adonara Barat,
KOE20401,Nusa Tenggara Timur (NTT),Flores Timur ,Adonara Barat,Wai Tukan,86262,KANTOR PERWAKILAN,C,LARANTUKA,FLORES,Gate KOE,Agen Adonara Barat,
KOE20401,Nusa Tenggara Timur (NTT),Flores Timur ,Adonara Barat,Waiwadan,86262,KANTOR PERWAKILAN,C,LARANTUKA,FLORES,Gate KOE,Agen Adonara Barat,
KOE20401,Nusa Tenggara Timur (NTT),Flores Timur ,Adonara Barat,Wato Baya,86262,KANTOR PERWAKILAN,C,LARANTUKA,FLORES,Gate KOE,Agen Adonara Barat,
KOE20401,Nusa Tenggara Timur (NTT),Flores Timur ,Adonara Barat,Wolokibang,86262,KANTOR PERWAKILAN,C,LARANTUKA,FLORES,Gate KOE,Agen Adonara Barat,
KOE20401,Nusa Tenggara Timur (NTT),Flores Timur ,Adonara Barat,Wureh,86262,KANTOR PERWAKILAN,C,LARANTUKA,FLORES,Gate KOE,Agen Adonara Barat,
KOE20423,Nusa Tenggara Timur (NTT),Flores Timur ,Adonara Tengah,Baya,86262,KANTOR PERWAKILAN,C,LARANTUKA,FLORES,Gate KOE,Agen Adonara Barat,
KOE20423,Nusa Tenggara Timur (NTT),Flores Timur ,Adonara Tengah,Bidara,86262,KANTOR PERWAKILAN,C,LARANTUKA,FLORES,Gate KOE,Agen Adonara Barat,
KOE20423,Nusa Tenggara Timur (NTT),Flores Timur ,Adonara Tengah,Hoko Horowura,86262,KANTOR PERWAKILAN,C,LARANTUKA,FLORES,Gate KOE,Agen Adonara Barat,
KOE20423,Nusa Tenggara Timur (NTT),Flores Timur ,Adonara Tengah,Horowura,86262,KANTOR PERWAKILAN,C,LARANTUKA,FLORES,Gate KOE,Agen Adonara Barat,
KOE20423,Nusa Tenggara Timur (NTT),Flores Timur ,Adonara Tengah,Kenotan,86262,KANTOR PERWAKILAN,C,LARANTUKA,FLORES,Gate KOE,Agen Adonara Barat,
KOE20423,Nusa Tenggara Timur (NTT),Flores Timur ,Adonara Tengah,Kokotobo,86262,KANTOR PERWAKILAN,C,LARANTUKA,FLORES,Gate KOE,Agen Adonara Barat,
KOE20423,Nusa Tenggara Timur (NTT),Flores Timur ,Adonara Tengah,Lewobele,86262,KANTOR PERWAKILAN,C,LARANTUKA,FLORES,Gate KOE,Agen Adonara Barat,
KOE20423,Nusa Tenggara Timur (NTT),Flores Timur ,Adonara Tengah,Lewopao,86262,KANTOR PERWAKILAN,C,LARANTUKA,FLORES,Gate KOE,Agen Adonara Barat,
KOE20423,Nusa Tenggara Timur (NTT),Flores Timur ,Adonara Tengah,Lite,86262,KANTOR PERWAKILAN,C,LARANTUKA,FLORES,Gate KOE,Agen Adonara Barat,
KOE20423,Nusa Tenggara Timur (NTT),Flores Timur ,Adonara Tengah,Nubalema,86262,KANTOR PERWAKILAN,C,LARANTUKA,FLORES,Gate KOE,Agen Adonara Barat,
KOE20423,Nusa Tenggara Timur (NTT),Flores Timur ,Adonara Tengah,Nubalema Dua,86262,KANTOR PERWAKILAN,C,LARANTUKA,FLORES,Gate KOE,Agen Adonara Barat,
KOE20423,Nusa Tenggara Timur (NTT),Flores Timur ,Adonara Tengah,Oe Sayang,86262,KANTOR PERWAKILAN,C,LARANTUKA,FLORES,Gate KOE,Agen Adonara Barat,
KOE20423,Nusa Tenggara Timur (NTT),Flores Timur ,Adonara Tengah,Wewit,86262,KANTOR PERWAKILAN,C,LARANTUKA,FLORES,Gate KOE,Agen Adonara Barat,
KOE20402,Nusa Tenggara Timur (NTT),Flores Timur ,Adonara Timur,Belota,86261,KANTOR PERWAKILAN,C,LARANTUKA,FLORES,Gate KOE,Agen Adonara Timur,
KOE20402,Nusa Tenggara Timur (NTT),Flores Timur ,Adonara Timur,Bilal,86261,KANTOR PERWAKILAN,C,LARANTUKA,FLORES,Gate KOE,Agen Adonara Timur,
KOE20402,Nusa Tenggara Timur (NTT),Flores Timur ,Adonara Timur,Dawataa,86261,KANTOR PERWAKILAN,C,LARANTUKA,FLORES,Gate KOE,Agen Adonara Timur,
KOE20402,Nusa Tenggara Timur (NTT),Flores Timur ,Adonara Timur,Gelong,86261,KANTOR PERWAKILAN,C,LARANTUKA,FLORES,Gate KOE,Agen Adonara Timur,
KOE20402,Nusa Tenggara Timur (NTT),Flores Timur ,Adonara Timur,Ipiebang,86261,KANTOR PERWAKILAN,C,LARANTUKA,FLORES,Gate KOE,Agen Adonara Timur,
KOE20402,Nusa Tenggara Timur (NTT),Flores Timur ,Adonara Timur,Karinglamalouk,86261,KANTOR PERWAKILAN,C,LARANTUKA,FLORES,Gate KOE,Agen Adonara Timur,
KOE20402,Nusa Tenggara Timur (NTT),Flores Timur ,Adonara Timur,Kiwang Ona,86261,KANTOR PERWAKILAN,C,LARANTUKA,FLORES,Gate KOE,Agen Adonara Timur,
KOE20402,Nusa Tenggara Timur (NTT),Flores Timur ,Adonara Timur,Kwaelaga Lamawato,86261,KANTOR PERWAKILAN,C,LARANTUKA,FLORES,Gate KOE,Agen Adonara Timur,
KOE20402,Nusa Tenggara Timur (NTT),Flores Timur ,Adonara Timur,Lamahala Jaya,86261,KANTOR PERWAKILAN,C,LARANTUKA,FLORES,Gate KOE,Agen Adonara Timur,
KOE20402,Nusa Tenggara Timur (NTT),Flores Timur ,Adonara Timur,Lamalata,86261,KANTOR PERWAKILAN,C,LARANTUKA,FLORES,Gate KOE,Agen Adonara Timur,
KOE20402,Nusa Tenggara Timur (NTT),Flores Timur ,Adonara Timur,Lamatewelu,86261,KANTOR PERWAKILAN,C,LARANTUKA,FLORES,Gate KOE,Agen Adonara Timur,
KOE20402,Nusa Tenggara Timur (NTT),Flores Timur ,Adonara Timur,Lewobunga,86261,KANTOR PERWAKILAN,C,LARANTUKA,FLORES,Gate KOE,Agen Adonara Timur,
KOE20402,Nusa Tenggara Timur (NTT),Flores Timur ,Adonara Timur,Libubaru,86261,KANTOR PERWAKILAN,C,LARANTUKA,FLORES,Gate KOE,Agen Adonara Timur,
KOE20402,Nusa Tenggara Timur (NTT),Flores Timur ,Adonara Timur,Narasaosina,86261,KANTOR PERWAKILAN,C,LARANTUKA,FLORES,Gate KOE,Agen Adonara Timur,
KOE20402,Nusa Tenggara Timur (NTT),Flores Timur ,Adonara Timur,Puhu,86261,KANTOR PERWAKILAN,C,LARANTUKA,FLORES,Gate KOE,Agen Adonara Timur,
KOE20402,Nusa Tenggara Timur (NTT),Flores Timur ,Adonara Timur,Tapobali,86261,KANTOR PERWAKILAN,C,LARANTUKA,FLORES,Gate KOE,Agen Adonara Timur,
KOE20402,Nusa Tenggara Timur (NTT),Flores Timur ,Adonara Timur,Terong,86261,KANTOR PERWAKILAN,C,LARANTUKA,FLORES,Gate KOE,Agen Adonara Timur,
KOE20402,Nusa Tenggara Timur (NTT),Flores Timur ,Adonara Timur,Tuawolo,86261,KANTOR PERWAKILAN,C,LARANTUKA,FLORES,Gate KOE,Agen Adonara Timur,
KOE20402,Nusa Tenggara Timur (NTT),Flores Timur ,Adonara Timur,Waiburak,86261,KANTOR PERWAKILAN,C,LARANTUKA,FLORES,Gate KOE,Agen Adonara Timur,
KOE20402,Nusa Tenggara Timur (NTT),Flores Timur ,Adonara Timur,Waiwerang Kota,86261,KANTOR PERWAKILAN,C,LARANTUKA,FLORES,Gate KOE,Agen Adonara Timur,
KOE20402,Nusa Tenggara Timur (NTT),Flores Timur ,Adonara Timur,Watanpao,86261,KANTOR PERWAKILAN,C,LARANTUKA,FLORES,Gate KOE,Agen Adonara Timur,
KOE20422,Nusa Tenggara Timur (NTT),Flores Timur ,Demon Pagong,Bama,86219,KANTOR PERWAKILAN,C,LARANTUKA,FLORES,Gate KOE,Cabang Larantuka,
KOE20422,Nusa Tenggara Timur (NTT),Flores Timur ,Demon Pagong,Blepanawa,86219,KANTOR PERWAKILAN,C,LARANTUKA,FLORES,Gate KOE,Cabang Larantuka,
KOE20422,Nusa Tenggara Timur (NTT),Flores Timur ,Demon Pagong,Kawalelo,86219,KANTOR PERWAKILAN,C,LARANTUKA,FLORES,Gate KOE,Cabang Larantuka,
KOE20422,Nusa Tenggara Timur (NTT),Flores Timur ,Demon Pagong,Lamika,86219,KANTOR PERWAKILAN,C,LARANTUKA,FLORES,Gate KOE,Cabang Larantuka,
KOE20422,Nusa Tenggara Timur (NTT),Flores Timur ,Demon Pagong,Lewokluok,86219,KANTOR PERWAKILAN,C,LARANTUKA,FLORES,Gate KOE,Cabang Larantuka,
KOE20422,Nusa Tenggara Timur (NTT),Flores Timur ,Demon Pagong,Lewomuda,86219,KANTOR PERWAKILAN,C,LARANTUKA,FLORES,Gate KOE,Cabang Larantuka,
KOE20422,Nusa Tenggara Timur (NTT),Flores Timur ,Demon Pagong,Watotika Ile,86219,KANTOR PERWAKILAN,C,LARANTUKA,FLORES,Gate KOE,Cabang Larantuka,
KOE20414,Nusa Tenggara Timur (NTT),Flores Timur ,Ile Boleng,Bayuntaa,86253,KANTOR PERWAKILAN,C,LARANTUKA,FLORES,Gate KOE,Agen Adonara Timur,
KOE20414,Nusa Tenggara Timur (NTT),Flores Timur ,Ile Boleng,Bedalewun,86253,KANTOR PERWAKILAN,C,LARANTUKA,FLORES,Gate KOE,Agen Adonara Timur,
KOE20414,Nusa Tenggara Timur (NTT),Flores Timur ,Ile Boleng,Boleng,86253,KANTOR PERWAKILAN,C,LARANTUKA,FLORES,Gate KOE,Agen Adonara Timur,
KOE20414,Nusa Tenggara Timur (NTT),Flores Timur ,Ile Boleng,Bungalawan,86253,KANTOR PERWAKILAN,C,LARANTUKA,FLORES,Gate KOE,Agen Adonara Timur,
KOE20414,Nusa Tenggara Timur (NTT),Flores Timur ,Ile Boleng,Dokeng,86253,KANTOR PERWAKILAN,C,LARANTUKA,FLORES,Gate KOE,Agen Adonara Timur,
KOE20414,Nusa Tenggara Timur (NTT),Flores Timur ,Ile Boleng,Duablolong,86253,KANTOR PERWAKILAN,C,LARANTUKA,FLORES,Gate KOE,Agen Adonara Timur,
KOE20414,Nusa Tenggara Timur (NTT),Flores Timur ,Ile Boleng,Harubala,86253,KANTOR PERWAKILAN,C,LARANTUKA,FLORES,Gate KOE,Agen Adonara Timur,
KOE20414,Nusa Tenggara Timur (NTT),Flores Timur ,Ile Boleng,Helanlangowuyo,86253,KANTOR PERWAKILAN,C,LARANTUKA,FLORES,Gate KOE,Agen Adonara Timur,
KOE20414,Nusa Tenggara Timur (NTT),Flores Timur ,Ile Boleng,Lamabayung,86253,KANTOR PERWAKILAN,C,LARANTUKA,FLORES,Gate KOE,Agen Adonara Timur,
KOE20414,Nusa Tenggara Timur (NTT),Flores Timur ,Ile Boleng,Lamawolo,86253,KANTOR PERWAKILAN,C,LARANTUKA,FLORES,Gate KOE,Agen Adonara Timur,
KOE20414,Nusa Tenggara Timur (NTT),Flores Timur ,Ile Boleng,Lebanuba,86253,KANTOR PERWAKILAN,C,LARANTUKA,FLORES,Gate KOE,Agen Adonara Timur,
KOE20414,Nusa Tenggara Timur (NTT),Flores Timur ,Ile Boleng,Lewat,86253,KANTOR PERWAKILAN,C,LARANTUKA,FLORES,Gate KOE,Agen Adonara Timur,
KOE20414,Nusa Tenggara Timur (NTT),Flores Timur ,Ile Boleng,Lewo Keleng,86253,KANTOR PERWAKILAN,C,LARANTUKA,FLORES,Gate KOE,Agen Adonara Timur,
KOE20414,Nusa Tenggara Timur (NTT),Flores Timur ,Ile Boleng,Lewopao,86253,KANTOR PERWAKILAN,C,LARANTUKA,FLORES,Gate KOE,Agen Adonara Barat,
KOE20414,Nusa Tenggara Timur (NTT),Flores Timur ,Ile Boleng,Nele Lamawangi,86253,KANTOR PERWAKILAN,C,LARANTUKA,FLORES,Gate KOE,Agen Adonara Timur,
KOE20414,Nusa Tenggara Timur (NTT),Flores Timur ,Ile Boleng,Neleblolong,86253,KANTOR PERWAKILAN,C,LARANTUKA,FLORES,Gate KOE,Agen Adonara Timur,
KOE20414,Nusa Tenggara Timur (NTT),Flores Timur ,Ile Boleng,Nelelamadiken,86253,KANTOR PERWAKILAN,C,LARANTUKA,FLORES,Gate KOE,Agen Adonara Timur,
KOE20414,Nusa Tenggara Timur (NTT),Flores Timur ,Ile Boleng,Nelelamawangi Dua,86253,KANTOR PERWAKILAN,C,LARANTUKA,FLORES,Gate KOE,Agen Adonara Timur,
KOE20414,Nusa Tenggara Timur (NTT),Flores Timur ,Ile Boleng,Nelerereng,86253,KANTOR PERWAKILAN,C,LARANTUKA,FLORES,Gate KOE,Agen Adonara Timur,
KOE20414,Nusa Tenggara Timur (NTT),Flores Timur ,Ile Boleng,Nobo,86253,KANTOR PERWAKILAN,C,LARANTUKA,FLORES,Gate KOE,Agen Adonara Timur,
KOE20414,Nusa Tenggara Timur (NTT),Flores Timur ,Ile Boleng,Riawale/Rianwale,86253,KANTOR PERWAKILAN,C,LARANTUKA,FLORES,Gate KOE,Agen Adonara Timur,
KOE20421,Nusa Tenggara Timur (NTT),Flores Timur ,Ile Bura,Birawan,86253,KANTOR PERWAKILAN,C,LARANTUKA,FLORES,Gate KOE,Cabang Larantuka,
KOE20421,Nusa Tenggara Timur (NTT),Flores Timur ,Ile Bura,Dulipali,86253,KANTOR PERWAKILAN,C,LARANTUKA,FLORES,Gate KOE,Cabang Larantuka,
KOE20421,Nusa Tenggara Timur (NTT),Flores Timur ,Ile Bura,Lewoawang,86253,KANTOR PERWAKILAN,C,LARANTUKA,FLORES,Gate KOE,Cabang Larantuka,
KOE20421,Nusa Tenggara Timur (NTT),Flores Timur ,Ile Bura,Nobokonga,86253,KANTOR PERWAKILAN,C,LARANTUKA,FLORES,Gate KOE,Cabang Larantuka,
KOE20421,Nusa Tenggara Timur (NTT),Flores Timur ,Ile Bura,Nurri,86253,KANTOR PERWAKILAN,C,LARANTUKA,FLORES,Gate KOE,Cabang Larantuka,
KOE20421,Nusa Tenggara Timur (NTT),Flores Timur ,Ile Bura,Riang Rita,86253,KANTOR PERWAKILAN,C,LARANTUKA,FLORES,Gate KOE,Cabang Larantuka,
KOE20421,Nusa Tenggara Timur (NTT),Flores Timur ,Ile Bura,Riangbura,86253,KANTOR PERWAKILAN,C,LARANTUKA,FLORES,Gate KOE,Cabang Larantuka,
KOE20415,Nusa Tenggara Timur (NTT),Flores Timur ,Ile Mandiri,Halakodanuan,86211,KANTOR PERWAKILAN,C,LARANTUKA,FLORES,Gate KOE,Cabang Larantuka,
KOE20415,Nusa Tenggara Timur (NTT),Flores Timur ,Ile Mandiri,Lewohala,86211,KANTOR PERWAKILAN,C,LARANTUKA,FLORES,Gate KOE,Cabang Larantuka,
KOE20415,Nusa Tenggara Timur (NTT),Flores Timur ,Ile Mandiri,Lewoloba,86211,KANTOR PERWAKILAN,C,LARANTUKA,FLORES,Gate KOE,Cabang Larantuka,
KOE20415,Nusa Tenggara Timur (NTT),Flores Timur ,Ile Mandiri,Mudakeputu,86211,KANTOR PERWAKILAN,C,LARANTUKA,FLORES,Gate KOE,Cabang Larantuka,
KOE20415,Nusa Tenggara Timur (NTT),Flores Timur ,Ile Mandiri,Riang Kemie,86211,KANTOR PERWAKILAN,C,LARANTUKA,FLORES,Gate KOE,Cabang Larantuka,
KOE20415,Nusa Tenggara Timur (NTT),Flores Timur ,Ile Mandiri,Tiwatobi,86211,KANTOR PERWAKILAN,C,LARANTUKA,FLORES,Gate KOE,Cabang Larantuka,
KOE20415,Nusa Tenggara Timur (NTT),Flores Timur ,Ile Mandiri,Wailolong,86211,KANTOR PERWAKILAN,C,LARANTUKA,FLORES,Gate KOE,Agen Kedang,
KOE20415,Nusa Tenggara Timur (NTT),Flores Timur ,Ile Mandiri,Watotutu,86211,KANTOR PERWAKILAN,C,LARANTUKA,FLORES,Gate KOE,Cabang Larantuka,
KOE20416,Nusa Tenggara Timur (NTT),Flores Timur ,Kelubagolit,Adobala,86262,KANTOR PERWAKILAN,C,LARANTUKA,FLORES,Gate KOE,Agen Adonara Timur,
KOE20416,Nusa Tenggara Timur (NTT),Flores Timur ,Kelubagolit,Hinga,86262,KANTOR PERWAKILAN,C,LARANTUKA,FLORES,Gate KOE,Agen Adonara Timur,
KOE20416,Nusa Tenggara Timur (NTT),Flores Timur ,Kelubagolit,Horinara,86262,KANTOR PERWAKILAN,C,LARANTUKA,FLORES,Gate KOE,Agen Adonara Timur,
KOE20416,Nusa Tenggara Timur (NTT),Flores Timur ,Kelubagolit,Keluwain,86262,KANTOR PERWAKILAN,C,LARANTUKA,FLORES,Gate KOE,Agen Adonara Timur,
KOE20416,Nusa Tenggara Timur (NTT),Flores Timur ,Kelubagolit,Lamabunga,86262,KANTOR PERWAKILAN,C,LARANTUKA,FLORES,Gate KOE,Agen Adonara Timur,
KOE20416,Nusa Tenggara Timur (NTT),Flores Timur ,Kelubagolit,Lamapaha,86262,KANTOR PERWAKILAN,C,LARANTUKA,FLORES,Gate KOE,Agen Adonara Timur,
KOE20416,Nusa Tenggara Timur (NTT),Flores Timur ,Kelubagolit,Mangaaleng,86262,KANTOR PERWAKILAN,C,LARANTUKA,FLORES,Gate KOE,Agen Adonara Timur,
KOE20416,Nusa Tenggara Timur (NTT),Flores Timur ,Kelubagolit,Muda,86262,KANTOR PERWAKILAN,C,LARANTUKA,FLORES,Gate KOE,Agen Adonara Timur,
KOE20416,Nusa Tenggara Timur (NTT),Flores Timur ,Kelubagolit,Nisakarang,86262,KANTOR PERWAKILAN,C,LARANTUKA,FLORES,Gate KOE,Agen Adonara Timur,
KOE20416,Nusa Tenggara Timur (NTT),Flores Timur ,Kelubagolit,Pepak Kelu,86262,KANTOR PERWAKILAN,C,LARANTUKA,FLORES,Gate KOE,Agen Adonara Timur,
KOE20416,Nusa Tenggara Timur (NTT),Flores Timur ,Kelubagolit,Redontena,86262,KANTOR PERWAKILAN,C,LARANTUKA,FLORES,Gate KOE,Agen Adonara Timur,
KOE20416,Nusa Tenggara Timur (NTT),Flores Timur ,Kelubagolit,Sukutokan,86262,KANTOR PERWAKILAN,C,LARANTUKA,FLORES,Gate KOE,Agen Adonara Timur,
KOE20420,Nusa Tenggara Timur (NTT),Flores Timur ,Lewolema,Balukhering,86252,KANTOR PERWAKILAN,C,LARANTUKA,FLORES,Gate KOE,Cabang Larantuka,
KOE20420,Nusa Tenggara Timur (NTT),Flores Timur ,Lewolema,Bantala,86252,KANTOR PERWAKILAN,C,LARANTUKA,FLORES,Gate KOE,Cabang Larantuka,
KOE20420,Nusa Tenggara Timur (NTT),Flores Timur ,Lewolema,Ile Padung,86252,KANTOR PERWAKILAN,C,LARANTUKA,FLORES,Gate KOE,Cabang Larantuka,
KOE20420,Nusa Tenggara Timur (NTT),Flores Timur ,Lewolema,Lewobelen,86252,KANTOR PERWAKILAN,C,LARANTUKA,FLORES,Gate KOE,Cabang Larantuka,
KOE20420,Nusa Tenggara Timur (NTT),Flores Timur ,Lewolema,Painapang,86252,KANTOR PERWAKILAN,C,LARANTUKA,FLORES,Gate KOE,Cabang Larantuka,
KOE20420,Nusa Tenggara Timur (NTT),Flores Timur ,Lewolema,Riangkotek,86252,KANTOR PERWAKILAN,C,LARANTUKA,FLORES,Gate KOE,Cabang Larantuka,
KOE20420,Nusa Tenggara Timur (NTT),Flores Timur ,Lewolema,Sinar Hading,86252,KANTOR PERWAKILAN,C,LARANTUKA,FLORES,Gate KOE,Cabang Larantuka,
KOE20409,Nusa Tenggara Timur (NTT),Flores Timur ,Solor Barat,Balaweling I,86272,KANTOR PERWAKILAN,C,LARANTUKA,FLORES,Gate KOE,Agen Solor Selatan,
KOE20409,Nusa Tenggara Timur (NTT),Flores Timur ,Solor Barat,Balaweling II,86272,KANTOR PERWAKILAN,C,LARANTUKA,FLORES,Gate KOE,Agen Solor Selatan,
KOE20409,Nusa Tenggara Timur (NTT),Flores Timur ,Solor Barat,Dani Wato,86272,KANTOR PERWAKILAN,C,LARANTUKA,FLORES,Gate KOE,Agen Solor Selatan,
KOE20409,Nusa Tenggara Timur (NTT),Flores Timur ,Solor Barat,Kalelu,86272,KANTOR PERWAKILAN,C,LARANTUKA,FLORES,Gate KOE,Agen Solor Selatan,
KOE20409,Nusa Tenggara Timur (NTT),Flores Timur ,Solor Barat,Karawatung,86272,KANTOR PERWAKILAN,C,LARANTUKA,FLORES,Gate KOE,Agen Solor Selatan,
KOE20409,Nusa Tenggara Timur (NTT),Flores Timur ,Solor Barat,Lamaole,86272,KANTOR PERWAKILAN,C,LARANTUKA,FLORES,Gate KOE,Agen Solor Selatan,
KOE20409,Nusa Tenggara Timur (NTT),Flores Timur ,Solor Barat,Lamawalang (Lamawohong),86272,KANTOR PERWAKILAN,C,LARANTUKA,FLORES,Gate KOE,Agen Solor Selatan,
KOE20409,Nusa Tenggara Timur (NTT),Flores Timur ,Solor Barat,Lewonama,86272,KANTOR PERWAKILAN,C,LARANTUKA,FLORES,Gate KOE,Agen Solor Selatan,
KOE20409,Nusa Tenggara Timur (NTT),Flores Timur ,Solor Barat,Lewotanah Ole,86272,KANTOR PERWAKILAN,C,LARANTUKA,FLORES,Gate KOE,Agen Solor Selatan,
KOE20409,Nusa Tenggara Timur (NTT),Flores Timur ,Solor Barat,Nusadani,86272,KANTOR PERWAKILAN,C,LARANTUKA,FLORES,Gate KOE,Agen Solor Selatan,
KOE20409,Nusa Tenggara Timur (NTT),Flores Timur ,Solor Barat,Ongalereng,86272,KANTOR PERWAKILAN,C,LARANTUKA,FLORES,Gate KOE,Agen Solor Selatan,
KOE20409,Nusa Tenggara Timur (NTT),Flores Timur ,Solor Barat,Pamakayo,86272,KANTOR PERWAKILAN,C,LARANTUKA,FLORES,Gate KOE,Agen Solor Selatan,
KOE20409,Nusa Tenggara Timur (NTT),Flores Timur ,Solor Barat,Ritaebang,86272,KANTOR PERWAKILAN,C,LARANTUKA,FLORES,Gate KOE,Agen Solor Selatan,
KOE20409,Nusa Tenggara Timur (NTT),Flores Timur ,Solor Barat,Tanah Lein,86272,KANTOR PERWAKILAN,C,LARANTUKA,FLORES,Gate KOE,Agen Solor Selatan,
KOE20409,Nusa Tenggara Timur (NTT),Flores Timur ,Solor Barat,Titehena,86272,KANTOR PERWAKILAN,C,LARANTUKA,FLORES,Gate KOE,Agen Solor Selatan,
KOE20425,Nusa Tenggara Timur (NTT),Flores Timur ,Solor Selatan,Bubu Atagamu,86271,KANTOR PERWAKILAN,C,LARANTUKA,FLORES,Gate KOE,Agen Solor Selatan,
KOE20425,Nusa Tenggara Timur (NTT),Flores Timur ,Solor Selatan,Kalike / Kelike,86272,KANTOR PERWAKILAN,C,LARANTUKA,FLORES,Gate KOE,Agen Solor Selatan,
KOE20425,Nusa Tenggara Timur (NTT),Flores Timur ,Solor Selatan,Kalike / Kelike Aimatan,86272,KANTOR PERWAKILAN,C,LARANTUKA,FLORES,Gate KOE,Agen Solor Selatan,
KOE20425,Nusa Tenggara Timur (NTT),Flores Timur ,Solor Selatan,Kenere,86272,KANTOR PERWAKILAN,C,LARANTUKA,FLORES,Gate KOE,Agen Solor Selatan,
KOE20425,Nusa Tenggara Timur (NTT),Flores Timur ,Solor Selatan,Lemanu,86272,KANTOR PERWAKILAN,C,LARANTUKA,FLORES,Gate KOE,Agen Solor Selatan,
KOE20425,Nusa Tenggara Timur (NTT),Flores Timur ,Solor Selatan,Lewograran,86271,KANTOR PERWAKILAN,C,LARANTUKA,FLORES,Gate KOE,Agen Solor Selatan,
KOE20425,Nusa Tenggara Timur (NTT),Flores Timur ,Solor Selatan,Sulengwaseng,86272,KANTOR PERWAKILAN,C,LARANTUKA,FLORES,Gate KOE,Agen Solor Selatan,
KOE20410,Nusa Tenggara Timur (NTT),Flores Timur ,Solor Timur,Kwuta (Kawuta),86271,KANTOR PERWAKILAN,C,LARANTUKA,FLORES,Gate KOE,Agen Solor Timur,
KOE20410,Nusa Tenggara Timur (NTT),Flores Timur ,Solor Timur,Labelen,86271,KANTOR PERWAKILAN,C,LARANTUKA,FLORES,Gate KOE,Agen Solor Timur,
KOE20410,Nusa Tenggara Timur (NTT),Flores Timur ,Solor Timur,Lamawai,86271,KANTOR PERWAKILAN,C,LARANTUKA,FLORES,Gate KOE,Agen Solor Timur,
KOE20410,Nusa Tenggara Timur (NTT),Flores Timur ,Solor Timur,Lebao,86271,KANTOR PERWAKILAN,C,LARANTUKA,FLORES,Gate KOE,Agen Solor Timur,
KOE20410,Nusa Tenggara Timur (NTT),Flores Timur ,Solor Timur,Lewogeka,86271,KANTOR PERWAKILAN,C,LARANTUKA,FLORES,Gate KOE,Agen Solor Timur,
KOE20410,Nusa Tenggara Timur (NTT),Flores Timur ,Solor Timur,Lewohedo,86271,KANTOR PERWAKILAN,C,LARANTUKA,FLORES,Gate KOE,Agen Solor Timur,
KOE20410,Nusa Tenggara Timur (NTT),Flores Timur ,Solor Timur,Liwo,86271,KANTOR PERWAKILAN,C,LARANTUKA,FLORES,Gate KOE,Agen Solor Timur,
KOE20410,Nusa Tenggara Timur (NTT),Flores Timur ,Solor Timur,Lohayong I,86271,KANTOR PERWAKILAN,C,LARANTUKA,FLORES,Gate KOE,Agen Solor Timur,
KOE20410,Nusa Tenggara Timur (NTT),Flores Timur ,Solor Timur,Lohayong II,86271,KANTOR PERWAKILAN,C,LARANTUKA,FLORES,Gate KOE,Agen Solor Timur,
KOE20410,Nusa Tenggara Timur (NTT),Flores Timur ,Solor Timur,Menanga,86271,KANTOR PERWAKILAN,C,LARANTUKA,FLORES,Gate KOE,Agen Solor Timur,
KOE20410,Nusa Tenggara Timur (NTT),Flores Timur ,Solor Timur,Motonwutun,86271,KANTOR PERWAKILAN,C,LARANTUKA,FLORES,Gate KOE,Agen Solor Timur,
KOE20410,Nusa Tenggara Timur (NTT),Flores Timur ,Solor Timur,Tanah Werang,86271,KANTOR PERWAKILAN,C,LARANTUKA,FLORES,Gate KOE,Agen Solor Timur,
KOE20410,Nusa Tenggara Timur (NTT),Flores Timur ,Solor Timur,Watanhura,86271,KANTOR PERWAKILAN,C,LARANTUKA,FLORES,Gate KOE,Agen Solor Timur,
KOE20410,Nusa Tenggara Timur (NTT),Flores Timur ,Solor Timur,Watanhura II,86271,KANTOR PERWAKILAN,C,LARANTUKA,FLORES,Gate KOE,Agen Solor Timur,
KOE20410,Nusa Tenggara Timur (NTT),Flores Timur ,Solor Timur,Watobuku,86271,KANTOR PERWAKILAN,C,LARANTUKA,FLORES,Gate KOE,Agen Solor Timur,
KOE20410,Nusa Tenggara Timur (NTT),Flores Timur ,Solor Timur,Watohari,86271,KANTOR PERWAKILAN,C,LARANTUKA,FLORES,Gate KOE,Agen Solor Timur,
KOE20410,Nusa Tenggara Timur (NTT),Flores Timur ,Solor Timur,Wulublolong,86271,KANTOR PERWAKILAN,C,LARANTUKA,FLORES,Gate KOE,Agen Solor Timur,
KOE20411,Nusa Tenggara Timur (NTT),Flores Timur ,Tanjung Bunga,Aransina,86252,KANTOR PERWAKILAN,C,LARANTUKA,FLORES,Gate KOE,Cabang Larantuka,
KOE20411,Nusa Tenggara Timur (NTT),Flores Timur ,Tanjung Bunga,Bahinga,86252,KANTOR PERWAKILAN,C,LARANTUKA,FLORES,Gate KOE,Cabang Larantuka,
KOE20411,Nusa Tenggara Timur (NTT),Flores Timur ,Tanjung Bunga,Bandona,86252,KANTOR PERWAKILAN,C,LARANTUKA,FLORES,Gate KOE,Cabang Larantuka,
KOE20411,Nusa Tenggara Timur (NTT),Flores Timur ,Tanjung Bunga,Gekengderan,86252,KANTOR PERWAKILAN,C,LARANTUKA,FLORES,Gate KOE,Cabang Larantuka,
KOE20411,Nusa Tenggara Timur (NTT),Flores Timur ,Tanjung Bunga,Kolaka,86252,KANTOR PERWAKILAN,C,LARANTUKA,FLORES,Gate KOE,Cabang Larantuka,
KOE20411,Nusa Tenggara Timur (NTT),Flores Timur ,Tanjung Bunga,Lamanabi,86252,KANTOR PERWAKILAN,C,LARANTUKA,FLORES,Gate KOE,Cabang Larantuka,
KOE20411,Nusa Tenggara Timur (NTT),Flores Timur ,Tanjung Bunga,Lamatutu,86252,KANTOR PERWAKILAN,C,LARANTUKA,FLORES,Gate KOE,Cabang Larantuka,
KOE20411,Nusa Tenggara Timur (NTT),Flores Timur ,Tanjung Bunga,Laton Liwo,86252,KANTOR PERWAKILAN,C,LARANTUKA,FLORES,Gate KOE,Cabang Larantuka,
KOE20411,Nusa Tenggara Timur (NTT),Flores Timur ,Tanjung Bunga,Latonliwo Dua,86252,KANTOR PERWAKILAN,C,LARANTUKA,FLORES,Gate KOE,Cabang Larantuka,
KOE20411,Nusa Tenggara Timur (NTT),Flores Timur ,Tanjung Bunga,Lewobunga,86252,KANTOR PERWAKILAN,C,LARANTUKA,FLORES,Gate KOE,Agen Adonara Timur,
KOE20411,Nusa Tenggara Timur (NTT),Flores Timur ,Tanjung Bunga,Nusanipa,86252,KANTOR PERWAKILAN,C,LARANTUKA,FLORES,Gate KOE,Cabang Larantuka,
KOE20411,Nusa Tenggara Timur (NTT),Flores Timur ,Tanjung Bunga,Patisirawalang,86252,KANTOR PERWAKILAN,C,LARANTUKA,FLORES,Gate KOE,Cabang Larantuka,
KOE20411,Nusa Tenggara Timur (NTT),Flores Timur ,Tanjung Bunga,Ratu Lodong,86252,KANTOR PERWAKILAN,C,LARANTUKA,FLORES,Gate KOE,Cabang Larantuka,
KOE20411,Nusa Tenggara Timur (NTT),Flores Timur ,Tanjung Bunga,Sina Hadigala,86252,KANTOR PERWAKILAN,C,LARANTUKA,FLORES,Gate KOE,Cabang Larantuka,
KOE20411,Nusa Tenggara Timur (NTT),Flores Timur ,Tanjung Bunga,Sinamalaka,86252,KANTOR PERWAKILAN,C,LARANTUKA,FLORES,Gate KOE,Cabang Larantuka,
KOE20411,Nusa Tenggara Timur (NTT),Flores Timur ,Tanjung Bunga,Waibao,86252,KANTOR PERWAKILAN,C,LARANTUKA,FLORES,Gate KOE,Cabang Larantuka,
KOE20417,Nusa Tenggara Timur (NTT),Flores Timur ,Titehena,Adabang,86253,KANTOR PERWAKILAN,C,LARANTUKA,FLORES,Gate KOE,Cabang Larantuka,
KOE20417,Nusa Tenggara Timur (NTT),Flores Timur ,Titehena,Bokang Wolomatang,86253,KANTOR PERWAKILAN,C,LARANTUKA,FLORES,Gate KOE,Cabang Larantuka,
KOE20417,Nusa Tenggara Timur (NTT),Flores Timur ,Titehena,Duli Jaya,86253,KANTOR PERWAKILAN,C,LARANTUKA,FLORES,Gate KOE,Cabang Larantuka,
KOE20417,Nusa Tenggara Timur (NTT),Flores Timur ,Titehena,Dun Tana Lewoingu,86253,KANTOR PERWAKILAN,C,LARANTUKA,FLORES,Gate KOE,Cabang Larantuka,
KOE20417,Nusa Tenggara Timur (NTT),Flores Timur ,Titehena,Ile Gerong,86253,KANTOR PERWAKILAN,C,LARANTUKA,FLORES,Gate KOE,Cabang Larantuka,
KOE20417,Nusa Tenggara Timur (NTT),Flores Timur ,Titehena,Kobasoma,86253,KANTOR PERWAKILAN,C,LARANTUKA,FLORES,Gate KOE,Cabang Larantuka,
KOE20417,Nusa Tenggara Timur (NTT),Flores Timur ,Titehena,Konga,86253,KANTOR PERWAKILAN,C,LARANTUKA,FLORES,Gate KOE,Cabang Larantuka,
KOE20417,Nusa Tenggara Timur (NTT),Flores Timur ,Titehena,Leraboleng,86253,KANTOR PERWAKILAN,C,LARANTUKA,FLORES,Gate KOE,Cabang Larantuka,
KOE20417,Nusa Tenggara Timur (NTT),Flores Timur ,Titehena,Lewoingu,86253,KANTOR PERWAKILAN,C,LARANTUKA,FLORES,Gate KOE,Cabang Larantuka,
KOE20417,Nusa Tenggara Timur (NTT),Flores Timur ,Titehena,Lewolaga,86253,KANTOR PERWAKILAN,C,LARANTUKA,FLORES,Gate KOE,Cabang Larantuka,
KOE20417,Nusa Tenggara Timur (NTT),Flores Timur ,Titehena,Serinuho,86253,KANTOR PERWAKILAN,C,LARANTUKA,FLORES,Gate KOE,Cabang Larantuka,
KOE20417,Nusa Tenggara Timur (NTT),Flores Timur ,Titehena,Tenawahang,86253,KANTOR PERWAKILAN,C,LARANTUKA,FLORES,Gate KOE,Cabang Larantuka,
KOE20417,Nusa Tenggara Timur (NTT),Flores Timur ,Titehena,Tuakepa,86253,KANTOR PERWAKILAN,C,LARANTUKA,FLORES,Gate KOE,Cabang Larantuka,
KOE20417,Nusa Tenggara Timur (NTT),Flores Timur ,Titehena,Watowara,86253,KANTOR PERWAKILAN,C,LARANTUKA,FLORES,Gate KOE,Cabang Larantuka,
KOE20418,Nusa Tenggara Timur (NTT),Flores Timur ,Witihama,Balaweling,86262,KANTOR PERWAKILAN,C,LARANTUKA,FLORES,Gate KOE,Agen Adonara Timur,
KOE20418,Nusa Tenggara Timur (NTT),Flores Timur ,Witihama,Balaweling Noten,86262,KANTOR PERWAKILAN,C,LARANTUKA,FLORES,Gate KOE,Agen Adonara Timur,
KOE20418,Nusa Tenggara Timur (NTT),Flores Timur ,Witihama,Baobage,86262,KANTOR PERWAKILAN,C,LARANTUKA,FLORES,Gate KOE,Agen Adonara Timur,
KOE20418,Nusa Tenggara Timur (NTT),Flores Timur ,Witihama,Lamablawa,86262,KANTOR PERWAKILAN,C,LARANTUKA,FLORES,Gate KOE,Agen Adonara Timur,
KOE20418,Nusa Tenggara Timur (NTT),Flores Timur ,Witihama,Lamaleka,86262,KANTOR PERWAKILAN,C,LARANTUKA,FLORES,Gate KOE,Agen Adonara Timur,
KOE20418,Nusa Tenggara Timur (NTT),Flores Timur ,Witihama,Lewopulo,86262,KANTOR PERWAKILAN,C,LARANTUKA,FLORES,Gate KOE,Agen Adonara Timur,
KOE20418,Nusa Tenggara Timur (NTT),Flores Timur ,Witihama,Oringbele,86262,KANTOR PERWAKILAN,C,LARANTUKA,FLORES,Gate KOE,Agen Adonara Timur,
KOE20418,Nusa Tenggara Timur (NTT),Flores Timur ,Witihama,Pledo,86262,KANTOR PERWAKILAN,C,LARANTUKA,FLORES,Gate KOE,Agen Adonara Timur,
KOE20418,Nusa Tenggara Timur (NTT),Flores Timur ,Witihama,Riangduli,86262,KANTOR PERWAKILAN,C,LARANTUKA,FLORES,Gate KOE,Agen Adonara Timur,
KOE20418,Nusa Tenggara Timur (NTT),Flores Timur ,Witihama,Sandosi,86262,KANTOR PERWAKILAN,C,LARANTUKA,FLORES,Gate KOE,Agen Adonara Timur,
KOE20418,Nusa Tenggara Timur (NTT),Flores Timur ,Witihama,Tobitika,86262,KANTOR PERWAKILAN,C,LARANTUKA,FLORES,Gate KOE,Agen Adonara Timur,
KOE20418,Nusa Tenggara Timur (NTT),Flores Timur ,Witihama,Tuwagoetobi,86262,KANTOR PERWAKILAN,C,LARANTUKA,FLORES,Gate KOE,Agen Adonara Timur,
KOE20418,Nusa Tenggara Timur (NTT),Flores Timur ,Witihama,Waiwuring,86262,KANTOR PERWAKILAN,C,LARANTUKA,FLORES,Gate KOE,Agen Adonara Timur,
KOE20418,Nusa Tenggara Timur (NTT),Flores Timur ,Witihama,Watololong,86262,KANTOR PERWAKILAN,C,LARANTUKA,FLORES,Gate KOE,Agen Adonara Timur,
KOE20418,Nusa Tenggara Timur (NTT),Flores Timur ,Witihama,Watoone,86262,KANTOR PERWAKILAN,C,LARANTUKA,FLORES,Gate KOE,Agen Adonara Timur,
KOE20418,Nusa Tenggara Timur (NTT),Flores Timur ,Witihama,Weranggere,86262,KANTOR PERWAKILAN,C,LARANTUKA,FLORES,Gate KOE,Agen Adonara Timur,
KOE20419,Nusa Tenggara Timur (NTT),Flores Timur ,Wotan Ulumando,Bliko,86261,KANTOR PERWAKILAN,C,LARANTUKA,FLORES,Gate KOE,Agen Adonara Barat,
KOE20419,Nusa Tenggara Timur (NTT),Flores Timur ,Wotan Ulumando,Demondei,86261,KANTOR PERWAKILAN,C,LARANTUKA,FLORES,Gate KOE,Agen Adonara Timur,
KOE20419,Nusa Tenggara Timur (NTT),Flores Timur ,Wotan Ulumando,Kawela,86261,KANTOR PERWAKILAN,C,LARANTUKA,FLORES,Gate KOE,Agen Adonara Timur,
KOE20419,Nusa Tenggara Timur (NTT),Flores Timur ,Wotan Ulumando,Klukengnuking,86261,KANTOR PERWAKILAN,C,LARANTUKA,FLORES,Gate KOE,Agen Adonara Timur,
KOE20419,Nusa Tenggara Timur (NTT),Flores Timur ,Wotan Ulumando,Nayubaya,86261,KANTOR PERWAKILAN,C,LARANTUKA,FLORES,Gate KOE,Agen Adonara Timur,
KOE20419,Nusa Tenggara Timur (NTT),Flores Timur ,Wotan Ulumando,Oyangbarang,86261,KANTOR PERWAKILAN,C,LARANTUKA,FLORES,Gate KOE,Agen Adonara Timur,
KOE20419,Nusa Tenggara Timur (NTT),Flores Timur ,Wotan Ulumando,Pandai,86261,KANTOR PERWAKILAN,C,LARANTUKA,FLORES,Gate KOE,Agen Adonara Timur,
KOE20419,Nusa Tenggara Timur (NTT),Flores Timur ,Wotan Ulumando,Samsoge,86261,KANTOR PERWAKILAN,C,LARANTUKA,FLORES,Gate KOE,Agen Adonara Timur,
KOE20419,Nusa Tenggara Timur (NTT),Flores Timur ,Wotan Ulumando,Tana Tukan,86261,KANTOR PERWAKILAN,C,LARANTUKA,FLORES,Gate KOE,Agen Adonara Barat,
KOE20419,Nusa Tenggara Timur (NTT),Flores Timur ,Wotan Ulumando,Tobilota,86261,KANTOR PERWAKILAN,C,LARANTUKA,FLORES,Gate KOE,Agen Adonara Barat,
KOE20419,Nusa Tenggara Timur (NTT),Flores Timur ,Wotan Ulumando,Wailebe,86261,KANTOR PERWAKILAN,C,LARANTUKA,FLORES,Gate KOE,Agen Adonara Barat,
KOE20419,Nusa Tenggara Timur (NTT),Flores Timur ,Wotan Ulumando,Wotanulumado,86261,KANTOR PERWAKILAN,C,LARANTUKA,FLORES,Gate KOE,Agen Adonara Barat,
KOE20412,Nusa Tenggara Timur (NTT),Flores Timur ,Wulanggitang,Boru,86253,KANTOR PERWAKILAN,C,LARANTUKA,FLORES,Gate KOE,Cabang Larantuka,
KOE20412,Nusa Tenggara Timur (NTT),Flores Timur ,Wulanggitang,Boru Kedang,86253,KANTOR PERWAKILAN,C,LARANTUKA,FLORES,Gate KOE,Cabang Larantuka,
KOE20412,Nusa Tenggara Timur (NTT),Flores Timur ,Wulanggitang,Hewa,86253,KANTOR PERWAKILAN,C,LARANTUKA,FLORES,Gate KOE,Cabang Larantuka,
KOE20412,Nusa Tenggara Timur (NTT),Flores Timur ,Wulanggitang,Hokeng Jaya,86253,KANTOR PERWAKILAN,C,LARANTUKA,FLORES,Gate KOE,Cabang Larantuka,
KOE20412,Nusa Tenggara Timur (NTT),Flores Timur ,Wulanggitang,Klatanlo,86253,KANTOR PERWAKILAN,C,LARANTUKA,FLORES,Gate KOE,Cabang Larantuka,
KOE20412,Nusa Tenggara Timur (NTT),Flores Timur ,Wulanggitang,Nawokote,86253,KANTOR PERWAKILAN,C,LARANTUKA,FLORES,Gate KOE,Cabang Larantuka,
KOE20412,Nusa Tenggara Timur (NTT),Flores Timur ,Wulanggitang,Nileknoheng,86253,KANTOR PERWAKILAN,C,LARANTUKA,FLORES,Gate KOE,Cabang Larantuka,
KOE20412,Nusa Tenggara Timur (NTT),Flores Timur ,Wulanggitang,Ojandetun,86253,KANTOR PERWAKILAN,C,LARANTUKA,FLORES,Gate KOE,Cabang Larantuka,
KOE20412,Nusa Tenggara Timur (NTT),Flores Timur ,Wulanggitang,Pantai Oa,86253,KANTOR PERWAKILAN,C,LARANTUKA,FLORES,Gate KOE,Cabang Larantuka,
KOE20412,Nusa Tenggara Timur (NTT),Flores Timur ,Wulanggitang,Pululera,86253,KANTOR PERWAKILAN,C,LARANTUKA,FLORES,Gate KOE,Cabang Larantuka,
KOE20412,Nusa Tenggara Timur (NTT),Flores Timur ,Wulanggitang,Waiula,86253,KANTOR PERWAKILAN,C,LARANTUKA,FLORES,Gate KOE,Cabang Larantuka,
KOE20521,Nusa Tenggara Timur (NTT),Sikka ,Alok Barat,Hewuli,86115,KANTOR PERWAKILAN,C,MAUMERE,FLORES,Gate KOE,Cabang Maumere,Setiap Hari
KOE20521,Nusa Tenggara Timur (NTT),Sikka ,Alok Barat,Wailiti,86114,KANTOR PERWAKILAN,C,MAUMERE,FLORES,Gate KOE,Cabang Maumere,Setiap Hari
KOE20521,Nusa Tenggara Timur (NTT),Sikka ,Alok Barat,Wolomarang,86114,KANTOR PERWAKILAN,C,MAUMERE,FLORES,Gate KOE,Cabang Maumere,Setiap Hari
KOE20521,Nusa Tenggara Timur (NTT),Sikka ,Alok Barat,Wuring,86115,KANTOR PERWAKILAN,C,MAUMERE,FLORES,Gate KOE,Cabang Maumere,Setiap Hari
KOE20520,Nusa Tenggara Timur (NTT),Sikka ,Alok Timur,Beru,86111,KANTOR PERWAKILAN,C,MAUMERE,FLORES,Gate KOE,Cabang Maumere,Setiap Hari
KOE20520,Nusa Tenggara Timur (NTT),Sikka ,Alok Timur,Kojadoi,86116,KANTOR PERWAKILAN,C,MAUMERE,FLORES,Gate KOE,Cabang Maumere,"senin, rabu,sabtu"
KOE20520,Nusa Tenggara Timur (NTT),Sikka ,Alok Timur,Kojagete,86116,KANTOR PERWAKILAN,C,MAUMERE,FLORES,Gate KOE,Cabang Maumere,"senin, rabu,sabtu"
KOE20520,Nusa Tenggara Timur (NTT),Sikka ,Alok Timur,Kota Baru,86215,KANTOR PERWAKILAN,C,MAUMERE,FLORES,Gate KOE,Cabang Soe,Setiap Hari
KOE20520,Nusa Tenggara Timur (NTT),Sikka ,Alok Timur,Lepolima,86116,KANTOR PERWAKILAN,C,MAUMERE,FLORES,Gate KOE,Cabang Maumere,Setiap Hari
KOE20520,Nusa Tenggara Timur (NTT),Sikka ,Alok Timur,Nangameting,86118,KANTOR PERWAKILAN,C,MAUMERE,FLORES,Gate KOE,Cabang Maumere,Setiap Hari
KOE20520,Nusa Tenggara Timur (NTT),Sikka ,Alok Timur,Parumaan,86116,KANTOR PERWAKILAN,C,MAUMERE,FLORES,Gate KOE,Cabang Maumere,"senin, rabu,sabtu"
KOE20520,Nusa Tenggara Timur (NTT),Sikka ,Alok Timur,Waioti,86118,KANTOR PERWAKILAN,C,MAUMERE,FLORES,Gate KOE,Cabang Maumere,Setiap Hari
KOE20520,Nusa Tenggara Timur (NTT),Sikka ,Alok Timur,Wairotang,86111,KANTOR PERWAKILAN,C,MAUMERE,FLORES,Gate KOE,Cabang Maumere,Setiap Hari
KOE20520,Nusa Tenggara Timur (NTT),Sikka ,Alok Timur,Watugong,86116,KANTOR PERWAKILAN,C,MAUMERE,FLORES,Gate KOE,Cabang Maumere,Setiap Hari
KOE20503,Nusa Tenggara Timur (NTT),Sikka ,Lela,Baopaat,86161,KANTOR PERWAKILAN,C,MAUMERE,FLORES,Gate KOE,Kantor Perwakilan Nita,Setiap Hari
KOE20503,Nusa Tenggara Timur (NTT),Sikka ,Lela,Du,86161,KANTOR PERWAKILAN,C,MAUMERE,FLORES,Gate KOE,Kantor Perwakilan Nita,Setiap Hari
KOE20503,Nusa Tenggara Timur (NTT),Sikka ,Lela,Hepang,86161,KANTOR PERWAKILAN,C,MAUMERE,FLORES,Gate KOE,Kantor Perwakilan Nita,Setiap Hari
KOE20503,Nusa Tenggara Timur (NTT),Sikka ,Lela,Iligai,86161,KANTOR PERWAKILAN,C,MAUMERE,FLORES,Gate KOE,Kantor Perwakilan Nita,Setiap Hari
KOE20503,Nusa Tenggara Timur (NTT),Sikka ,Lela,Kolidetung,86161,KANTOR PERWAKILAN,C,MAUMERE,FLORES,Gate KOE,Kantor Perwakilan Nita,Setiap Hari
KOE20503,Nusa Tenggara Timur (NTT),Sikka ,Lela,Korowuwu,86161,KANTOR PERWAKILAN,C,MAUMERE,FLORES,Gate KOE,Kantor Perwakilan Nita,Setiap Hari
KOE20503,Nusa Tenggara Timur (NTT),Sikka ,Lela,Lela,86161,KANTOR PERWAKILAN,C,MAUMERE,FLORES,Gate KOE,Kantor Perwakilan Nita,Setiap Hari
KOE20503,Nusa Tenggara Timur (NTT),Sikka ,Lela,Sikka,86161,KANTOR PERWAKILAN,C,MAUMERE,FLORES,Gate KOE,Kantor Perwakilan Nita,Setiap Hari
KOE20503,Nusa Tenggara Timur (NTT),Sikka ,Lela,Watutedang,86161,KANTOR PERWAKILAN,C,MAUMERE,FLORES,Gate KOE,Kantor Perwakilan Nita,Setiap Hari
KOE20514,Nusa Tenggara Timur (NTT),Sikka ,Mapitara,Egon Gahar,86171,KANTOR PERWAKILAN,C,MAUMERE,FLORES,Gate KOE,Cabang Maumere,"senin, rabu jumad"
KOE20514,Nusa Tenggara Timur (NTT),Sikka ,Mapitara,Hale,86171,KANTOR PERWAKILAN,C,MAUMERE,FLORES,Gate KOE,Cabang Maumere,"senin, rabu jumad"
KOE20514,Nusa Tenggara Timur (NTT),Sikka ,Mapitara,Hebing,86171,KANTOR PERWAKILAN,C,MAUMERE,FLORES,Gate KOE,Cabang Maumere,"senin, rabu jumad"
KOE20514,Nusa Tenggara Timur (NTT),Sikka ,Mapitara,Natakoli,86171,KANTOR PERWAKILAN,C,MAUMERE,FLORES,Gate KOE,Cabang Maumere,"senin, rabu jumad"
KOE20508,Nusa Tenggara Timur (NTT),Sikka ,Mego,Bhera,86113,KANTOR PERWAKILAN,C,MAUMERE,FLORES,Gate KOE,Cabang Maumere,"selasa, kamis,sabtu"
KOE20508,Nusa Tenggara Timur (NTT),Sikka ,Mego,Dobo,86113,KANTOR PERWAKILAN,C,MAUMERE,FLORES,Gate KOE,Cabang Maumere,"selasa, kamis,sabtu"
KOE20508,Nusa Tenggara Timur (NTT),Sikka ,Mego,Dobo Nua Puu,86113,KANTOR PERWAKILAN,C,MAUMERE,FLORES,Gate KOE,Cabang Maumere,"selasa, kamis,sabtu"
KOE20508,Nusa Tenggara Timur (NTT),Sikka ,Mego,Gera,86113,KANTOR PERWAKILAN,C,MAUMERE,FLORES,Gate KOE,Cabang Maumere,"selasa, kamis,sabtu"
KOE20508,Nusa Tenggara Timur (NTT),Sikka ,Mego,Korobhera,86113,KANTOR PERWAKILAN,C,MAUMERE,FLORES,Gate KOE,Cabang Maumere,"selasa, kamis,sabtu"
KOE20508,Nusa Tenggara Timur (NTT),Sikka ,Mego,Kowi,86113,KANTOR PERWAKILAN,C,MAUMERE,FLORES,Gate KOE,Cabang Maumere,"selasa, kamis,sabtu"
KOE20508,Nusa Tenggara Timur (NTT),Sikka ,Mego,Liakutu,86113,KANTOR PERWAKILAN,C,MAUMERE,FLORES,Gate KOE,Cabang Maumere,"selasa, kamis,sabtu"
KOE20508,Nusa Tenggara Timur (NTT),Sikka ,Mego,Napu Gera,86113,KANTOR PERWAKILAN,C,MAUMERE,FLORES,Gate KOE,Cabang Maumere,"selasa, kamis,sabtu"
KOE20508,Nusa Tenggara Timur (NTT),Sikka ,Mego,Parabubu,86113,KANTOR PERWAKILAN,C,MAUMERE,FLORES,Gate KOE,Cabang Maumere,"selasa, kamis,sabtu"
KOE20508,Nusa Tenggara Timur (NTT),Sikka ,Mego,Wolodhesa,86113,KANTOR PERWAKILAN,C,MAUMERE,FLORES,Gate KOE,Cabang Maumere,"selasa, kamis,sabtu"
KOE20505,Nusa Tenggara Timur (NTT),Sikka ,Paga,Lenandareta,86153,KANTOR PERWAKILAN,C,MAUMERE,FLORES,Gate KOE,Cabang Maumere,"selasa, rabu,kamis,sabtu"
KOE20505,Nusa Tenggara Timur (NTT),Sikka ,Paga,Masebewa,86153,KANTOR PERWAKILAN,C,MAUMERE,FLORES,Gate KOE,Cabang Maumere,"selasa, rabu,kamis,sabtu"
KOE20505,Nusa Tenggara Timur (NTT),Sikka ,Paga,Mauloo,86153,KANTOR PERWAKILAN,C,MAUMERE,FLORES,Gate KOE,Cabang Maumere,"selasa, rabu,kamis,sabtu"
KOE20505,Nusa Tenggara Timur (NTT),Sikka ,Paga,Mbengu,86153,KANTOR PERWAKILAN,C,MAUMERE,FLORES,Gate KOE,Cabang Maumere,"selasa, rabu,kamis,sabtu"
KOE20505,Nusa Tenggara Timur (NTT),Sikka ,Paga,Paga,86153,KANTOR PERWAKILAN,C,MAUMERE,FLORES,Gate KOE,Cabang Maumere,"selasa, rabu,kamis,sabtu"
KOE20505,Nusa Tenggara Timur (NTT),Sikka ,Paga,Wolorega,86153,KANTOR PERWAKILAN,C,MAUMERE,FLORES,Gate KOE,Cabang Maumere,"selasa, rabu,kamis,sabtu"
KOE20505,Nusa Tenggara Timur (NTT),Sikka ,Paga,Wolowiro,86153,KANTOR PERWAKILAN,C,MAUMERE,FLORES,Gate KOE,Cabang Maumere,"selasa, rabu,kamis,sabtu"
KOE20505,Nusa Tenggara Timur (NTT),Sikka ,Paga,Wolowona,86153,KANTOR PERWAKILAN,C,MAUMERE,FLORES,Gate KOE,Cabang Maumere,"selasa, rabu,kamis,sabtu"
KOE20506,Nusa Tenggara Timur (NTT),Sikka ,Talibura,Baang Koor,86183,KANTOR PERWAKILAN,C,MAUMERE,FLORES,Gate KOE,Cabang Maumere,Setiap Hari
KOE20506,Nusa Tenggara Timur (NTT),Sikka ,Talibura,Darat Gunung,86183,KANTOR PERWAKILAN,C,MAUMERE,FLORES,Gate KOE,Cabang Maumere,Setiap Hari
KOE20506,Nusa Tenggara Timur (NTT),Sikka ,Talibura,Darat Pantai,86183,KANTOR PERWAKILAN,C,MAUMERE,FLORES,Gate KOE,Cabang Maumere,Setiap Hari
KOE20506,Nusa Tenggara Timur (NTT),Sikka ,Talibura,Hikong,86183,KANTOR PERWAKILAN,C,MAUMERE,FLORES,Gate KOE,Cabang Maumere,Setiap Hari
KOE20506,Nusa Tenggara Timur (NTT),Sikka ,Talibura,Kringa,86183,KANTOR PERWAKILAN,C,MAUMERE,FLORES,Gate KOE,Cabang Maumere,Setiap Hari
KOE20506,Nusa Tenggara Timur (NTT),Sikka ,Talibura,Lewomada,86183,KANTOR PERWAKILAN,C,MAUMERE,FLORES,Gate KOE,Cabang Maumere,Setiap Hari
KOE20506,Nusa Tenggara Timur (NTT),Sikka ,Talibura,Nangahale,86183,KANTOR PERWAKILAN,C,MAUMERE,FLORES,Gate KOE,Cabang Maumere,Setiap Hari
KOE20506,Nusa Tenggara Timur (NTT),Sikka ,Talibura,Nebe,86183,KANTOR PERWAKILAN,C,MAUMERE,FLORES,Gate KOE,Cabang Maumere,Setiap Hari
KOE20506,Nusa Tenggara Timur (NTT),Sikka ,Talibura,Ojang,86183,KANTOR PERWAKILAN,C,MAUMERE,FLORES,Gate KOE,Cabang Maumere,Setiap Hari
KOE20506,Nusa Tenggara Timur (NTT),Sikka ,Talibura,Talibura,86183,KANTOR PERWAKILAN,C,MAUMERE,FLORES,Gate KOE,Cabang Maumere,Setiap Hari
KOE20506,Nusa Tenggara Timur (NTT),Sikka ,Talibura,Timutawa,86183,KANTOR PERWAKILAN,C,MAUMERE,FLORES,Gate KOE,Cabang Maumere,Setiap Hari
KOE20506,Nusa Tenggara Timur (NTT),Sikka ,Talibura,Wailamung,86183,KANTOR PERWAKILAN,C,MAUMERE,FLORES,Gate KOE,Cabang Maumere,Setiap Hari
KOE20512,Nusa Tenggara Timur (NTT),Sikka ,Tana Wawo,Bu Selatan,86153,KANTOR PERWAKILAN,C,MAUMERE,FLORES,Gate KOE,Cabang Maumere,"selasa, kamis,sabtu"
KOE20512,Nusa Tenggara Timur (NTT),Sikka ,Tana Wawo,Bu Utara,86153,KANTOR PERWAKILAN,C,MAUMERE,FLORES,Gate KOE,Cabang Maumere,"selasa, kamis,sabtu"
KOE20512,Nusa Tenggara Timur (NTT),Sikka ,Tana Wawo,Bu Watuweti,86153,KANTOR PERWAKILAN,C,MAUMERE,FLORES,Gate KOE,Cabang Maumere,"selasa, kamis,sabtu"
KOE20512,Nusa Tenggara Timur (NTT),Sikka ,Tana Wawo,Detubinga,86153,KANTOR PERWAKILAN,C,MAUMERE,FLORES,Gate KOE,Cabang Maumere,"selasa, kamis,sabtu"
KOE20512,Nusa Tenggara Timur (NTT),Sikka ,Tana Wawo,Loke,86153,KANTOR PERWAKILAN,C,MAUMERE,FLORES,Gate KOE,Cabang Maumere,"selasa, kamis,sabtu"
KOE20512,Nusa Tenggara Timur (NTT),Sikka ,Tana Wawo,Poma,86153,KANTOR PERWAKILAN,C,MAUMERE,FLORES,Gate KOE,Cabang Maumere,"selasa, kamis,sabtu"
KOE20512,Nusa Tenggara Timur (NTT),Sikka ,Tana Wawo,Renggarasi,86153,KANTOR PERWAKILAN,C,MAUMERE,FLORES,Gate KOE,Cabang Maumere,"selasa, kamis,sabtu"
KOE20512,Nusa Tenggara Timur (NTT),Sikka ,Tana Wawo,Tuwa,86153,KANTOR PERWAKILAN,C,MAUMERE,FLORES,Gate KOE,Cabang Maumere,"selasa, kamis,sabtu"
KOE20511,Nusa Tenggara Timur (NTT),Sikka ,Waiblama,Ilinmedo,86183,KANTOR PERWAKILAN,C,MAUMERE,FLORES,Gate KOE,Cabang Maumere,Setiap Hari
KOE20511,Nusa Tenggara Timur (NTT),Sikka ,Waiblama,Natarmage,86183,KANTOR PERWAKILAN,C,MAUMERE,FLORES,Gate KOE,Cabang Maumere,Setiap Hari
KOE20511,Nusa Tenggara Timur (NTT),Sikka ,Waiblama,Pruda,86183,KANTOR PERWAKILAN,C,MAUMERE,FLORES,Gate KOE,Cabang Maumere,Setiap Hari
KOE20511,Nusa Tenggara Timur (NTT),Sikka ,Waiblama,Tanarawa,86183,KANTOR PERWAKILAN,C,MAUMERE,FLORES,Gate KOE,Cabang Maumere,Setiap Hari
KOE20511,Nusa Tenggara Timur (NTT),Sikka ,Waiblama,Tua Bao,86183,KANTOR PERWAKILAN,C,MAUMERE,FLORES,Gate KOE,Cabang Maumere,Setiap Hari
KOE20511,Nusa Tenggara Timur (NTT),Sikka ,Waiblama,Werang,86183,KANTOR PERWAKILAN,C,MAUMERE,FLORES,Gate KOE,Cabang Maumere,Setiap Hari
KOE21408,Nusa Tenggara Timur (NTT),Nagekeo ,Aesesa Selatan,Langedhawe,86472,MITRA,C,MBAY,FLORES,Gate LBJ,Agen Aesesa Selatan,Setiap Hari
KOE21408,Nusa Tenggara Timur (NTT),Nagekeo ,Aesesa Selatan,Rendu Butowe,86472,MITRA,C,MBAY,FLORES,Gate LBJ,Agen Aesesa Selatan,Setiap Hari
KOE21408,Nusa Tenggara Timur (NTT),Nagekeo ,Aesesa Selatan,Rendut Tutubhada,86472,MITRA,C,MBAY,FLORES,Gate LBJ,Agen Aesesa Selatan,Setiap Hari
KOE21408,Nusa Tenggara Timur (NTT),Nagekeo ,Aesesa Selatan,Rendutenoe,86472,MITRA,C,MBAY,FLORES,Gate LBJ,Agen Aesesa Selatan,Setiap Hari
KOE21408,Nusa Tenggara Timur (NTT),Nagekeo ,Aesesa Selatan,Renduwawo,86472,MITRA,C,MBAY,FLORES,Gate LBJ,Agen Aesesa Selatan,Setiap Hari
KOE21408,Nusa Tenggara Timur (NTT),Nagekeo ,Aesesa Selatan,Tengatiba,86472,MITRA,C,MBAY,FLORES,Gate LBJ,Agen Aesesa Selatan,Setiap Hari
KOE21408,Nusa Tenggara Timur (NTT),Nagekeo ,Aesesa Selatan,Wajomara,86472,MITRA,C,MBAY,FLORES,Gate LBJ,Agen Aesesa Selatan,Setiap Hari
KOE20613,Nusa Tenggara Timur (NTT),Manggarai ,Reok,Bajak,86592,MITRA,C,RUTENG,FLORES,Gate LBJ,Agen Reok,H+2 Inbound Ruteng
KOE20613,Nusa Tenggara Timur (NTT),Manggarai ,Reok,Baru,86592,MITRA,C,RUTENG,FLORES,Gate LBJ,Agen Reok,H+2 Inbound Ruteng
KOE20613,Nusa Tenggara Timur (NTT),Manggarai ,Reok,Mata Air,86592,MITRA,C,RUTENG,FLORES,Gate LBJ,Agen Reok,H+2 Inbound Ruteng
KOE20613,Nusa Tenggara Timur (NTT),Manggarai ,Reok,Reo,86592,MITRA,C,RUTENG,FLORES,Gate LBJ,Agen Reok,H+2 Inbound Ruteng
KOE20613,Nusa Tenggara Timur (NTT),Manggarai ,Reok,Robek,86592,MITRA,C,RUTENG,FLORES,Gate LBJ,Agen Reok,H+2 Inbound Ruteng
KOE20613,Nusa Tenggara Timur (NTT),Manggarai ,Reok,Ruis,86592,MITRA,C,RUTENG,FLORES,Gate LBJ,Agen Reok,H+2 Inbound Ruteng
KOE20613,Nusa Tenggara Timur (NTT),Manggarai ,Reok,Salama,86592,MITRA,C,RUTENG,FLORES,Gate LBJ,Agen Reok,H+2 Inbound Ruteng
KOE20613,Nusa Tenggara Timur (NTT),Manggarai ,Reok,Wangkung,86592,MITRA,C,RUTENG,FLORES,Gate LBJ,Agen Reok,H+2 Inbound Ruteng
KOE20613,Nusa Tenggara Timur (NTT),Manggarai ,Reok,Watu Baur,86592,MITRA,C,RUTENG,FLORES,Gate LBJ,Agen Reok,H+2 Inbound Ruteng
KOE20613,Nusa Tenggara Timur (NTT),Manggarai ,Reok,Watu Tango,86592,MITRA,C,RUTENG,FLORES,Gate LBJ,Agen Reok,H+2 Inbound Ruteng
KOE21404,Nusa Tenggara Timur (NTT),Nagekeo ,Mauponggo,Aewoe,86463,KANTOR PERWAKILAN,D,BAJAWA,FLORES,Gate LBJ,Agen Mauponggo,Setiap hari
KOE21404,Nusa Tenggara Timur (NTT),Nagekeo ,Mauponggo,Bela,86463,KANTOR PERWAKILAN,D,BAJAWA,FLORES,Gate LBJ,Agen Mauponggo,Setiap hari
KOE21404,Nusa Tenggara Timur (NTT),Nagekeo ,Mauponggo,Jawapogo,86463,KANTOR PERWAKILAN,D,BAJAWA,FLORES,Gate LBJ,Agen Mauponggo,Setiap hari
KOE21404,Nusa Tenggara Timur (NTT),Nagekeo ,Mauponggo,Keliwatulewa,86463,KANTOR PERWAKILAN,D,BAJAWA,FLORES,Gate LBJ,Agen Mauponggo,Setiap hari
KOE21404,Nusa Tenggara Timur (NTT),Nagekeo ,Mauponggo,Kotagana,86463,KANTOR PERWAKILAN,D,BAJAWA,FLORES,Gate LBJ,Agen Mauponggo,Setiap hari
KOE21404,Nusa Tenggara Timur (NTT),Nagekeo ,Mauponggo,Lajawajo,86463,KANTOR PERWAKILAN,D,BAJAWA,FLORES,Gate LBJ,Agen Mauponggo,Setiap hari
KOE21404,Nusa Tenggara Timur (NTT),Nagekeo ,Mauponggo,Lodaolo,86463,KANTOR PERWAKILAN,D,BAJAWA,FLORES,Gate LBJ,Agen Mauponggo,Setiap hari
KOE21404,Nusa Tenggara Timur (NTT),Nagekeo ,Mauponggo,Lokalaba,86463,KANTOR PERWAKILAN,D,BAJAWA,FLORES,Gate LBJ,Agen Mauponggo,Setiap hari
KOE21404,Nusa Tenggara Timur (NTT),Nagekeo ,Mauponggo,Mau Ponggo,86463,KANTOR PERWAKILAN,D,BAJAWA,FLORES,Gate LBJ,Agen Mauponggo,Setiap hari
KOE21404,Nusa Tenggara Timur (NTT),Nagekeo ,Mauponggo,Maukeli,86463,KANTOR PERWAKILAN,D,BAJAWA,FLORES,Gate LBJ,Agen Mauponggo,Setiap hari
KOE21404,Nusa Tenggara Timur (NTT),Nagekeo ,Mauponggo,Sawu,86463,KANTOR PERWAKILAN,D,BAJAWA,FLORES,Gate LBJ,Agen Mauponggo,Setiap hari
KOE21404,Nusa Tenggara Timur (NTT),Nagekeo ,Mauponggo,Selalejo,86463,KANTOR PERWAKILAN,D,BAJAWA,FLORES,Gate LBJ,Agen Mauponggo,Setiap hari
KOE21404,Nusa Tenggara Timur (NTT),Nagekeo ,Mauponggo,Selalejo Timur,86463,KANTOR PERWAKILAN,D,BAJAWA,FLORES,Gate LBJ,Agen Mauponggo,Setiap hari
KOE21404,Nusa Tenggara Timur (NTT),Nagekeo ,Mauponggo,Ua,86463,KANTOR PERWAKILAN,D,BAJAWA,FLORES,Gate LBJ,Agen Mauponggo,Setiap hari
KOE21404,Nusa Tenggara Timur (NTT),Nagekeo ,Mauponggo,Ululoga,86463,KANTOR PERWAKILAN,D,BAJAWA,FLORES,Gate LBJ,Agen Mauponggo,Setiap hari
KOE21404,Nusa Tenggara Timur (NTT),Nagekeo ,Mauponggo,Woewolo,86463,KANTOR PERWAKILAN,D,BAJAWA,FLORES,Gate LBJ,Agen Mauponggo,Setiap hari
KOE21404,Nusa Tenggara Timur (NTT),Nagekeo ,Mauponggo,Woloede,86463,KANTOR PERWAKILAN,D,BAJAWA,FLORES,Gate LBJ,Agen Mauponggo,Setiap hari
KOE21404,Nusa Tenggara Timur (NTT),Nagekeo ,Mauponggo,Wolokisa,86463,KANTOR PERWAKILAN,D,BAJAWA,FLORES,Gate LBJ,Agen Mauponggo,Setiap hari
KOE21404,Nusa Tenggara Timur (NTT),Nagekeo ,Mauponggo,Wololelu,86463,KANTOR PERWAKILAN,D,BAJAWA,FLORES,Gate LBJ,Agen Mauponggo,Setiap hari
KOE21404,Nusa Tenggara Timur (NTT),Nagekeo ,Mauponggo,Wolotelu,86463,KANTOR PERWAKILAN,D,BAJAWA,FLORES,Gate LBJ,Agen Mauponggo,Setiap hari
KOE21404,Nusa Tenggara Timur (NTT),Nagekeo ,Mauponggo,Wuliwalo,86463,KANTOR PERWAKILAN,D,BAJAWA,FLORES,Gate LBJ,Agen Mauponggo,Setiap hari
KOE20907,Nusa Tenggara Timur (NTT),Ngada ,Riung,Benteng Tengah,86419,KANTOR PERWAKILAN,D,BAJAWA,FLORES,Gate LBJ,Agen Riung,Setiap hari
KOE20907,Nusa Tenggara Timur (NTT),Ngada ,Riung,Latung,86419,KANTOR PERWAKILAN,D,BAJAWA,FLORES,Gate LBJ,Agen Riung,Setiap hari
KOE20907,Nusa Tenggara Timur (NTT),Ngada ,Riung,Lengkosambi,86419,KANTOR PERWAKILAN,D,BAJAWA,FLORES,Gate LBJ,Agen Riung,Setiap hari
KOE20907,Nusa Tenggara Timur (NTT),Ngada ,Riung,Lengkosambi Barat,86419,KANTOR PERWAKILAN,D,BAJAWA,FLORES,Gate LBJ,Agen Riung,Setiap hari
KOE20907,Nusa Tenggara Timur (NTT),Ngada ,Riung,Lengkosambi Timur,86419,KANTOR PERWAKILAN,D,BAJAWA,FLORES,Gate LBJ,Agen Riung,Setiap hari
KOE20907,Nusa Tenggara Timur (NTT),Ngada ,Riung,Lengkosambi Utara,86419,KANTOR PERWAKILAN,D,BAJAWA,FLORES,Gate LBJ,Agen Riung,Setiap hari
KOE20907,Nusa Tenggara Timur (NTT),Ngada ,Riung,Nangamese,86419,KANTOR PERWAKILAN,D,BAJAWA,FLORES,Gate LBJ,Agen Riung,Setiap hari
KOE20907,Nusa Tenggara Timur (NTT),Ngada ,Riung,Rawangkalo,86419,KANTOR PERWAKILAN,D,BAJAWA,FLORES,Gate LBJ,Agen Riung,Setiap hari
KOE20907,Nusa Tenggara Timur (NTT),Ngada ,Riung,Sambinasi,86419,KANTOR PERWAKILAN,D,BAJAWA,FLORES,Gate LBJ,Agen Riung,Setiap hari
KOE20907,Nusa Tenggara Timur (NTT),Ngada ,Riung,Sambinasi Barat,86419,KANTOR PERWAKILAN,D,BAJAWA,FLORES,Gate LBJ,Agen Riung,Setiap hari
KOE20907,Nusa Tenggara Timur (NTT),Ngada ,Riung,Tadho,86419,KANTOR PERWAKILAN,D,BAJAWA,FLORES,Gate LBJ,Agen Riung,Setiap hari
KOE20907,Nusa Tenggara Timur (NTT),Ngada ,Riung,Taen Terong,86419,KANTOR PERWAKILAN,D,BAJAWA,FLORES,Gate LBJ,Agen Riung,Setiap hari
KOE20907,Nusa Tenggara Timur (NTT),Ngada ,Riung,Taen Terong Dua,86419,KANTOR PERWAKILAN,D,BAJAWA,FLORES,Gate LBJ,Agen Riung,Setiap hari
KOE20907,Nusa Tenggara Timur (NTT),Ngada ,Riung,Taen Terong Satu,86419,KANTOR PERWAKILAN,D,BAJAWA,FLORES,Gate LBJ,Agen Riung,Setiap hari
KOE20907,Nusa Tenggara Timur (NTT),Ngada ,Riung,Wangka,86419,KANTOR PERWAKILAN,D,BAJAWA,FLORES,Gate LBJ,Agen Riung,Setiap hari
KOE20907,Nusa Tenggara Timur (NTT),Ngada ,Riung,Wangka Selatan,86419,KANTOR PERWAKILAN,D,BAJAWA,FLORES,Gate LBJ,Agen Riung,Setiap hari
KOE20913,Nusa Tenggara Timur (NTT),Ngada ,Riung Barat,Benteng Tawa,86419,KANTOR PERWAKILAN,D,BAJAWA,FLORES,Gate LBJ,Agen Riung,Setiap hari
KOE20913,Nusa Tenggara Timur (NTT),Ngada ,Riung Barat,Benteng Tawa I,86419,KANTOR PERWAKILAN,D,BAJAWA,FLORES,Gate LBJ,Agen Riung,Setiap hari
KOE20913,Nusa Tenggara Timur (NTT),Ngada ,Riung Barat,Lanamai,86419,KANTOR PERWAKILAN,D,BAJAWA,FLORES,Gate LBJ,Agen Riung,Setiap hari
KOE20913,Nusa Tenggara Timur (NTT),Ngada ,Riung Barat,Lanamai I,86419,KANTOR PERWAKILAN,D,BAJAWA,FLORES,Gate LBJ,Agen Riung,Setiap hari
KOE20913,Nusa Tenggara Timur (NTT),Ngada ,Riung Barat,Ngara,86419,KANTOR PERWAKILAN,D,BAJAWA,FLORES,Gate LBJ,Agen Riung,Setiap hari
KOE20913,Nusa Tenggara Timur (NTT),Ngada ,Riung Barat,Ria,86419,KANTOR PERWAKILAN,D,BAJAWA,FLORES,Gate LBJ,Agen Riung,Setiap hari
KOE20913,Nusa Tenggara Timur (NTT),Ngada ,Riung Barat,Ria I,86419,KANTOR PERWAKILAN,D,BAJAWA,FLORES,Gate LBJ,Agen Riung,Setiap hari
KOE20913,Nusa Tenggara Timur (NTT),Ngada ,Riung Barat,Wolomese Dua,86419,KANTOR PERWAKILAN,D,BAJAWA,FLORES,Gate LBJ,Agen Riung,Setiap hari
KOE20913,Nusa Tenggara Timur (NTT),Ngada ,Riung Barat,Wolomeze,86419,KANTOR PERWAKILAN,D,BAJAWA,FLORES,Gate LBJ,Agen Riung,Setiap hari
KOE20913,Nusa Tenggara Timur (NTT),Ngada ,Riung Barat,Wolomeze I,86419,KANTOR PERWAKILAN,D,BAJAWA,FLORES,Gate LBJ,Agen Riung,Setiap hari
KOE20918,Nusa Tenggara Timur (NTT),Ngada ,Wolomeze (Riung Selatan),Denatana,86419,KANTOR PERWAKILAN,D,BAJAWA,FLORES,Gate LBJ,Agen Riung,Setiap hari
KOE20918,Nusa Tenggara Timur (NTT),Ngada ,Wolomeze (Riung Selatan),Denatana Timur,86419,KANTOR PERWAKILAN,D,BAJAWA,FLORES,Gate LBJ,Agen Riung,Setiap hari
KOE20918,Nusa Tenggara Timur (NTT),Ngada ,Wolomeze (Riung Selatan),Mainai,86419,KANTOR PERWAKILAN,D,BAJAWA,FLORES,Gate LBJ,Agen Riung,Setiap hari
KOE20918,Nusa Tenggara Timur (NTT),Ngada ,Wolomeze (Riung Selatan),Nginamanu,86419,KANTOR PERWAKILAN,D,BAJAWA,FLORES,Gate LBJ,Agen Riung,Setiap hari
KOE20918,Nusa Tenggara Timur (NTT),Ngada ,Wolomeze (Riung Selatan),Nginamanu Barat,86419,KANTOR PERWAKILAN,D,BAJAWA,FLORES,Gate LBJ,Agen Riung,Setiap hari
KOE20918,Nusa Tenggara Timur (NTT),Ngada ,Wolomeze (Riung Selatan),Nginamanu Selatan,86419,KANTOR PERWAKILAN,D,BAJAWA,FLORES,Gate LBJ,Agen Riung,Setiap hari
KOE20918,Nusa Tenggara Timur (NTT),Ngada ,Wolomeze (Riung Selatan),Turaloa,86419,KANTOR PERWAKILAN,D,BAJAWA,FLORES,Gate LBJ,Agen Riung,Setiap hari
KOE20918,Nusa Tenggara Timur (NTT),Ngada ,Wolomeze (Riung Selatan),Wue,86419,KANTOR PERWAKILAN,D,BAJAWA,FLORES,Gate LBJ,Agen Riung,Setiap hari
KOE21301,Nusa Tenggara Timur (NTT),Manggarai Timur ,Elar,Biting,86581,MITRA,D,BORONG,FLORES,Gate LBJ,Cabang Borong,JUMAT DAN SABTU (VIA POCORANAKA) 
KOE21301,Nusa Tenggara Timur (NTT),Manggarai Timur ,Elar,Gising,86581,MITRA,D,BORONG,FLORES,Gate LBJ,Cabang Borong,JUMAT DAN SABTU (VIA POCORANAKA) 
KOE21301,Nusa Tenggara Timur (NTT),Manggarai Timur ,Elar,Golo Lebo,86581,MITRA,D,BORONG,FLORES,Gate LBJ,Cabang Borong,JUMAT DAN SABTU (VIA POCORANAKA) 
KOE21301,Nusa Tenggara Timur (NTT),Manggarai Timur ,Elar,Golo Lijun,86581,MITRA,D,BORONG,FLORES,Gate LBJ,Cabang Borong,JUMAT DAN SABTU (VIA POCORANAKA) 
KOE21301,Nusa Tenggara Timur (NTT),Manggarai Timur ,Elar,Golo Linus,86581,MITRA,D,BORONG,FLORES,Gate LBJ,Cabang Borong,JUMAT DAN SABTU (VIA POCORANAKA) 
KOE21301,Nusa Tenggara Timur (NTT),Manggarai Timur ,Elar,Golo Munde,86581,MITRA,D,BORONG,FLORES,Gate LBJ,Cabang Borong,JUMAT DAN SABTU (VIA POCORANAKA) 
KOE21301,Nusa Tenggara Timur (NTT),Manggarai Timur ,Elar,Golo Wuas,86581,MITRA,D,BORONG,FLORES,Gate LBJ,Cabang Borong,JUMAT DAN SABTU (VIA POCORANAKA) 
KOE21301,Nusa Tenggara Timur (NTT),Manggarai Timur ,Elar,Haju Ngendong,86581,MITRA,D,BORONG,FLORES,Gate LBJ,Cabang Borong,JUMAT DAN SABTU (VIA POCORANAKA) 
KOE21301,Nusa Tenggara Timur (NTT),Manggarai Timur ,Elar,Langgasai,86581,MITRA,D,BORONG,FLORES,Gate LBJ,Cabang Borong,JUMAT DAN SABTU (VIA POCORANAKA) 
KOE21301,Nusa Tenggara Timur (NTT),Manggarai Timur ,Elar,Legur Lai,86581,MITRA,D,BORONG,FLORES,Gate LBJ,Cabang Borong,JUMAT DAN SABTU (VIA POCORANAKA) 
KOE21301,Nusa Tenggara Timur (NTT),Manggarai Timur ,Elar,Lengko Namut,86581,MITRA,D,BORONG,FLORES,Gate LBJ,Cabang Borong,JUMAT DAN SABTU (VIA POCORANAKA) 
KOE21301,Nusa Tenggara Timur (NTT),Manggarai Timur ,Elar,Rana Gapang,86581,MITRA,D,BORONG,FLORES,Gate LBJ,Cabang Borong,JUMAT DAN SABTU (VIA POCORANAKA) 
KOE21301,Nusa Tenggara Timur (NTT),Manggarai Timur ,Elar,Rana Kulan,86581,MITRA,D,BORONG,FLORES,Gate LBJ,Cabang Borong,JUMAT DAN SABTU (VIA POCORANAKA) 
KOE21301,Nusa Tenggara Timur (NTT),Manggarai Timur ,Elar,Sisir,86581,MITRA,D,BORONG,FLORES,Gate LBJ,Cabang Borong,JUMAT DAN SABTU (VIA POCORANAKA) 
KOE21301,Nusa Tenggara Timur (NTT),Manggarai Timur ,Elar,Tiwu Kondo,86581,MITRA,D,BORONG,FLORES,Gate LBJ,Cabang Borong,JUMAT DAN SABTU (VIA POCORANAKA) 
KOE21306,Nusa Tenggara Timur (NTT),Manggarai Timur ,Elar Selatan,Benteng Pau,86581,MITRA,D,BORONG,FLORES,Gate LBJ,Cabang Borong,JUMAT DAN SABTU (VIA POCORANAKA) 
KOE21306,Nusa Tenggara Timur (NTT),Manggarai Timur ,Elar Selatan,Gising,86581,MITRA,D,BORONG,FLORES,Gate LBJ,Cabang Borong,JUMAT DAN SABTU (VIA POCORANAKA) 
KOE21306,Nusa Tenggara Timur (NTT),Manggarai Timur ,Elar Selatan,Golo Linus,86581,MITRA,D,BORONG,FLORES,Gate LBJ,Cabang Borong,JUMAT DAN SABTU (VIA POCORANAKA) 
KOE21306,Nusa Tenggara Timur (NTT),Manggarai Timur ,Elar Selatan,Golo Wuas,86581,MITRA,D,BORONG,FLORES,Gate LBJ,Cabang Borong,JUMAT DAN SABTU (VIA POCORANAKA) 
KOE21306,Nusa Tenggara Timur (NTT),Manggarai Timur ,Elar Selatan,Langga Sai,86581,MITRA,D,BORONG,FLORES,Gate LBJ,Cabang Borong,JUMAT DAN SABTU (VIA POCORANAKA) 
KOE21306,Nusa Tenggara Timur (NTT),Manggarai Timur ,Elar Selatan,Lempang Paji,86581,MITRA,D,BORONG,FLORES,Gate LBJ,Cabang Borong,JUMAT DAN SABTU (VIA POCORANAKA) 
KOE21306,Nusa Tenggara Timur (NTT),Manggarai Timur ,Elar Selatan,Mosi Ngaran,86581,MITRA,D,BORONG,FLORES,Gate LBJ,Cabang Borong,JUMAT DAN SABTU (VIA POCORANAKA) 
KOE21306,Nusa Tenggara Timur (NTT),Manggarai Timur ,Elar Selatan,Nanga Meje,86581,MITRA,D,BORONG,FLORES,Gate LBJ,Cabang Borong,JUMAT DAN SABTU (VIA POCORANAKA) 
KOE21306,Nusa Tenggara Timur (NTT),Manggarai Timur ,Elar Selatan,Nanga Puun,86581,MITRA,D,BORONG,FLORES,Gate LBJ,Cabang Borong,JUMAT DAN SABTU (VIA POCORANAKA) 
KOE21306,Nusa Tenggara Timur (NTT),Manggarai Timur ,Elar Selatan,Paan Waru,86581,MITRA,D,BORONG,FLORES,Gate LBJ,Cabang Borong,JUMAT DAN SABTU (VIA POCORANAKA) 
KOE21306,Nusa Tenggara Timur (NTT),Manggarai Timur ,Elar Selatan,Sangan Kalo,86581,MITRA,D,BORONG,FLORES,Gate LBJ,Cabang Borong,JUMAT DAN SABTU (VIA POCORANAKA) 
KOE21306,Nusa Tenggara Timur (NTT),Manggarai Timur ,Elar Selatan,Sipi,86581,MITRA,D,BORONG,FLORES,Gate LBJ,Cabang Borong,JUMAT DAN SABTU (VIA POCORANAKA) 
KOE21306,Nusa Tenggara Timur (NTT),Manggarai Timur ,Elar Selatan,Teno Mese,86581,MITRA,D,BORONG,FLORES,Gate LBJ,Cabang Borong,JUMAT DAN SABTU (VIA POCORANAKA) 
KOE21306,Nusa Tenggara Timur (NTT),Manggarai Timur ,Elar Selatan,Wae Rasan,86581,MITRA,D,BORONG,FLORES,Gate LBJ,Cabang Borong,JUMAT DAN SABTU (VIA POCORANAKA) 
KOE21304,Nusa Tenggara Timur (NTT),Manggarai Timur ,Kota Komba,Bamo,86572,MITRA,D,BORONG,FLORES,Gate LBJ,Cabang Borong,SETIAP HARI 
KOE21304,Nusa Tenggara Timur (NTT),Manggarai Timur ,Kota Komba,Golo Ndele,86572,MITRA,D,BORONG,FLORES,Gate LBJ,Cabang Borong,SETIAP HARI 
KOE21304,Nusa Tenggara Timur (NTT),Manggarai Timur ,Kota Komba,Golo Nderu,86572,MITRA,D,BORONG,FLORES,Gate LBJ,Cabang Borong,SETIAP HARI 
KOE21304,Nusa Tenggara Timur (NTT),Manggarai Timur ,Kota Komba,Golo Tolang,86572,MITRA,D,BORONG,FLORES,Gate LBJ,Cabang Borong,SETIAP HARI 
KOE21304,Nusa Tenggara Timur (NTT),Manggarai Timur ,Kota Komba,Golomeni,86572,MITRA,D,BORONG,FLORES,Gate LBJ,Cabang Borong,SETIAP HARI 
KOE21304,Nusa Tenggara Timur (NTT),Manggarai Timur ,Kota Komba,Gunung Baru,86572,MITRA,D,BORONG,FLORES,Gate LBJ,Cabang Borong,SETIAP HARI 
KOE21304,Nusa Tenggara Timur (NTT),Manggarai Timur ,Kota Komba,Gunung Mute,86572,MITRA,D,BORONG,FLORES,Gate LBJ,Cabang Borong,SETIAP HARI 
KOE21304,Nusa Tenggara Timur (NTT),Manggarai Timur ,Kota Komba,Komba,86572,MITRA,D,BORONG,FLORES,Gate LBJ,Cabang Borong,SETIAP HARI 
KOE21304,Nusa Tenggara Timur (NTT),Manggarai Timur ,Kota Komba,Lembur,86572,MITRA,D,BORONG,FLORES,Gate LBJ,Cabang Borong,SETIAP HARI 
KOE21304,Nusa Tenggara Timur (NTT),Manggarai Timur ,Kota Komba,Mbengan,86572,MITRA,D,BORONG,FLORES,Gate LBJ,Cabang Borong,SETIAP HARI 
KOE21304,Nusa Tenggara Timur (NTT),Manggarai Timur ,Kota Komba,Mokel,86572,MITRA,D,BORONG,FLORES,Gate LBJ,Cabang Borong,SETIAP HARI 
KOE21304,Nusa Tenggara Timur (NTT),Manggarai Timur ,Kota Komba,Mokel Morid,86572,MITRA,D,BORONG,FLORES,Gate LBJ,Cabang Borong,SETIAP HARI 
KOE21304,Nusa Tenggara Timur (NTT),Manggarai Timur ,Kota Komba,Paan Leleng,86572,MITRA,D,BORONG,FLORES,Gate LBJ,Cabang Borong,SETIAP HARI 
KOE21304,Nusa Tenggara Timur (NTT),Manggarai Timur ,Kota Komba,Pari,86572,MITRA,D,BORONG,FLORES,Gate LBJ,Cabang Borong,SETIAP HARI 
KOE21304,Nusa Tenggara Timur (NTT),Manggarai Timur ,Kota Komba,Pong Ruan,86572,MITRA,D,BORONG,FLORES,Gate LBJ,Cabang Borong,SETIAP HARI 
KOE21304,Nusa Tenggara Timur (NTT),Manggarai Timur ,Kota Komba,Rana Kolong,86572,MITRA,D,BORONG,FLORES,Gate LBJ,Cabang Borong,SETIAP HARI 
KOE21304,Nusa Tenggara Timur (NTT),Manggarai Timur ,Kota Komba,Rana Mbata,86572,MITRA,D,BORONG,FLORES,Gate LBJ,Cabang Borong,SETIAP HARI 
KOE21304,Nusa Tenggara Timur (NTT),Manggarai Timur ,Kota Komba,Rana Mbeling,86572,MITRA,D,BORONG,FLORES,Gate LBJ,Cabang Borong,SETIAP HARI 
KOE21304,Nusa Tenggara Timur (NTT),Manggarai Timur ,Kota Komba,Rongga Koe,86572,MITRA,D,BORONG,FLORES,Gate LBJ,Cabang Borong,SETIAP HARI 
KOE21304,Nusa Tenggara Timur (NTT),Manggarai Timur ,Kota Komba,Ruan,86572,MITRA,D,BORONG,FLORES,Gate LBJ,Cabang Borong,SETIAP HARI 
KOE21304,Nusa Tenggara Timur (NTT),Manggarai Timur ,Kota Komba,Tanah Rata,86572,MITRA,D,BORONG,FLORES,Gate LBJ,Cabang Borong,SETIAP HARI 
KOE21304,Nusa Tenggara Timur (NTT),Manggarai Timur ,Kota Komba,Watu Nggene,86572,MITRA,D,BORONG,FLORES,Gate LBJ,Cabang Borong,SETIAP HARI 
KOE21302,Nusa Tenggara Timur (NTT),Manggarai Timur ,Lamba Leda,Compang Deru,86582,MITRA,D,BORONG,FLORES,Gate LBJ,Cabang Borong,RABU DAN SABTU (VIA SAMBI RAMPAS)
KOE21302,Nusa Tenggara Timur (NTT),Manggarai Timur ,Lamba Leda,Compang Mekar,86582,MITRA,D,BORONG,FLORES,Gate LBJ,Cabang Borong,RABU DAN SABTU (VIA SAMBI RAMPAS)
KOE21302,Nusa Tenggara Timur (NTT),Manggarai Timur ,Lamba Leda,Compang Necak,86582,MITRA,D,BORONG,FLORES,Gate LBJ,Cabang Borong,RABU DAN SABTU (VIA SAMBI RAMPAS)
KOE21302,Nusa Tenggara Timur (NTT),Manggarai Timur ,Lamba Leda,Golo Lembur,86582,MITRA,D,BORONG,FLORES,Gate LBJ,Cabang Borong,RABU DAN SABTU (VIA SAMBI RAMPAS)
KOE21302,Nusa Tenggara Timur (NTT),Manggarai Timur ,Lamba Leda,Golo Mangung,86582,MITRA,D,BORONG,FLORES,Gate LBJ,Cabang Borong,RABU DAN SABTU (VIA SAMBI RAMPAS)
KOE21302,Nusa Tenggara Timur (NTT),Manggarai Timur ,Lamba Leda,Golo Munga,86582,MITRA,D,BORONG,FLORES,Gate LBJ,Cabang Borong,RABU DAN SABTU (VIA SAMBI RAMPAS)
KOE21302,Nusa Tenggara Timur (NTT),Manggarai Timur ,Lamba Leda,Golo Munga Barat,86582,MITRA,D,BORONG,FLORES,Gate LBJ,Cabang Borong,RABU DAN SABTU (VIA SAMBI RAMPAS)
KOE21302,Nusa Tenggara Timur (NTT),Manggarai Timur ,Lamba Leda,Golo Nimbung,86582,MITRA,D,BORONG,FLORES,Gate LBJ,Cabang Borong,RABU DAN SABTU (VIA SAMBI RAMPAS)
KOE21302,Nusa Tenggara Timur (NTT),Manggarai Timur ,Lamba Leda,Golo Paleng,86582,MITRA,D,BORONG,FLORES,Gate LBJ,Cabang Borong,RABU DAN SABTU (VIA SAMBI RAMPAS)
KOE21302,Nusa Tenggara Timur (NTT),Manggarai Timur ,Lamba Leda,Golo Rentung,86582,MITRA,D,BORONG,FLORES,Gate LBJ,Cabang Borong,RABU DAN SABTU (VIA SAMBI RAMPAS)
KOE21302,Nusa Tenggara Timur (NTT),Manggarai Timur ,Lamba Leda,Golo Wontong,86582,MITRA,D,BORONG,FLORES,Gate LBJ,Cabang Borong,RABU DAN SABTU (VIA SAMBI RAMPAS)
KOE21302,Nusa Tenggara Timur (NTT),Manggarai Timur ,Lamba Leda,Goreng Meni,86582,MITRA,D,BORONG,FLORES,Gate LBJ,Cabang Borong,RABU DAN SABTU (VIA SAMBI RAMPAS)
KOE21302,Nusa Tenggara Timur (NTT),Manggarai Timur ,Lamba Leda,Goreng Meni Utara,86582,MITRA,D,BORONG,FLORES,Gate LBJ,Cabang Borong,RABU DAN SABTU (VIA SAMBI RAMPAS)
KOE21302,Nusa Tenggara Timur (NTT),Manggarai Timur ,Lamba Leda,Haju Wangi,86582,MITRA,D,BORONG,FLORES,Gate LBJ,Cabang Borong,RABU DAN SABTU (VIA SAMBI RAMPAS)
KOE21302,Nusa Tenggara Timur (NTT),Manggarai Timur ,Lamba Leda,Keli,86582,MITRA,D,BORONG,FLORES,Gate LBJ,Agen Keo Tengah,RABU DAN SABTU (VIA SAMBI RAMPAS)
KOE21302,Nusa Tenggara Timur (NTT),Manggarai Timur ,Lamba Leda,Lencur,86582,MITRA,D,BORONG,FLORES,Gate LBJ,Cabang Borong,RABU DAN SABTU (VIA SAMBI RAMPAS)
KOE21302,Nusa Tenggara Timur (NTT),Manggarai Timur ,Lamba Leda,Liang Deruk,86582,MITRA,D,BORONG,FLORES,Gate LBJ,Cabang Borong,RABU DAN SABTU (VIA SAMBI RAMPAS)
KOE21302,Nusa Tenggara Timur (NTT),Manggarai Timur ,Lamba Leda,Nampar Tabang,86582,MITRA,D,BORONG,FLORES,Gate LBJ,Cabang Borong,RABU DAN SABTU (VIA SAMBI RAMPAS)
KOE21302,Nusa Tenggara Timur (NTT),Manggarai Timur ,Lamba Leda,Satar Kampas,86582,MITRA,D,BORONG,FLORES,Gate LBJ,Cabang Borong,RABU DAN SABTU (VIA SAMBI RAMPAS)
KOE21302,Nusa Tenggara Timur (NTT),Manggarai Timur ,Lamba Leda,Satar Padut,86582,MITRA,D,BORONG,FLORES,Gate LBJ,Cabang Borong,RABU DAN SABTU (VIA SAMBI RAMPAS)
KOE21302,Nusa Tenggara Timur (NTT),Manggarai Timur ,Lamba Leda,Satar Punda,86582,MITRA,D,BORONG,FLORES,Gate LBJ,Cabang Borong,RABU DAN SABTU (VIA SAMBI RAMPAS)
KOE21302,Nusa Tenggara Timur (NTT),Manggarai Timur ,Lamba Leda,Satar Punda Barat,86582,MITRA,D,BORONG,FLORES,Gate LBJ,Cabang Borong,RABU DAN SABTU (VIA SAMBI RAMPAS)
KOE21302,Nusa Tenggara Timur (NTT),Manggarai Timur ,Lamba Leda,Tengku Leda,86582,MITRA,D,BORONG,FLORES,Gate LBJ,Cabang Borong,RABU DAN SABTU (VIA SAMBI RAMPAS)
KOE21302,Nusa Tenggara Timur (NTT),Manggarai Timur ,Lamba Leda,Tengkulawar,86582,MITRA,D,BORONG,FLORES,Gate LBJ,Cabang Borong,RABU DAN SABTU (VIA SAMBI RAMPAS)
KOE21303,Nusa Tenggara Timur (NTT),Manggarai Timur ,Poco Ranaka,Bangka Kuleng,86583,MITRA,D,BORONG,FLORES,Gate LBJ,Cabang Borong,"SENIN, RABU, JUMAT "
KOE21303,Nusa Tenggara Timur (NTT),Manggarai Timur ,Poco Ranaka,Bangka Leleng,86583,MITRA,D,BORONG,FLORES,Gate LBJ,Cabang Borong,"SENIN, RABU, JUMAT "
KOE21303,Nusa Tenggara Timur (NTT),Manggarai Timur ,Poco Ranaka,Bangka Pau,86583,MITRA,D,BORONG,FLORES,Gate LBJ,Cabang Borong,"SENIN, RABU, JUMAT "
KOE21303,Nusa Tenggara Timur (NTT),Manggarai Timur ,Poco Ranaka,Bea Waek,86583,MITRA,D,BORONG,FLORES,Gate LBJ,Cabang Borong,"SENIN, RABU, JUMAT "
KOE21303,Nusa Tenggara Timur (NTT),Manggarai Timur ,Poco Ranaka,Compang Laho,86583,MITRA,D,BORONG,FLORES,Gate LBJ,Cabang Borong,"SENIN, RABU, JUMAT "
KOE21303,Nusa Tenggara Timur (NTT),Manggarai Timur ,Poco Ranaka,Compang Weluk,86583,MITRA,D,BORONG,FLORES,Gate LBJ,Cabang Borong,"SENIN, RABU, JUMAT "
KOE21303,Nusa Tenggara Timur (NTT),Manggarai Timur ,Poco Ranaka,Compang Wesang,86583,MITRA,D,BORONG,FLORES,Gate LBJ,Cabang Borong,"SENIN, RABU, JUMAT "
KOE21303,Nusa Tenggara Timur (NTT),Manggarai Timur ,Poco Ranaka,Deno,86583,MITRA,D,BORONG,FLORES,Gate LBJ,Cabang Borong,"SENIN, RABU, JUMAT "
KOE21303,Nusa Tenggara Timur (NTT),Manggarai Timur ,Poco Ranaka,Golo Lobos,86583,MITRA,D,BORONG,FLORES,Gate LBJ,Cabang Borong,"SENIN, RABU, JUMAT "
KOE21303,Nusa Tenggara Timur (NTT),Manggarai Timur ,Poco Ranaka,Golo Ndari,86583,MITRA,D,BORONG,FLORES,Gate LBJ,Agen Lembor,"SENIN, RABU, JUMAT "
KOE21303,Nusa Tenggara Timur (NTT),Manggarai Timur ,Poco Ranaka,Golo Nderu,86583,MITRA,D,BORONG,FLORES,Gate LBJ,Cabang Borong,SETIAP HARI 
KOE21303,Nusa Tenggara Timur (NTT),Manggarai Timur ,Poco Ranaka,Golo Rengket,86583,MITRA,D,BORONG,FLORES,Gate LBJ,Cabang Borong,"SENIN, RABU, JUMAT "
KOE21303,Nusa Tenggara Timur (NTT),Manggarai Timur ,Poco Ranaka,Golo Wune,86583,MITRA,D,BORONG,FLORES,Gate LBJ,Cabang Borong,"SENIN, RABU, JUMAT "
KOE21303,Nusa Tenggara Timur (NTT),Manggarai Timur ,Poco Ranaka,Gurung Turi,86583,MITRA,D,BORONG,FLORES,Gate LBJ,Cabang Borong,"SENIN, RABU, JUMAT "
KOE21303,Nusa Tenggara Timur (NTT),Manggarai Timur ,Poco Ranaka,Lenang,86583,MITRA,D,BORONG,FLORES,Gate LBJ,Cabang Borong,"SENIN, RABU, JUMAT "
KOE21303,Nusa Tenggara Timur (NTT),Manggarai Timur ,Poco Ranaka,Lento,86583,MITRA,D,BORONG,FLORES,Gate LBJ,Cabang Borong,"SENIN, RABU, JUMAT "
KOE21303,Nusa Tenggara Timur (NTT),Manggarai Timur ,Poco Ranaka,Leong,86583,MITRA,D,BORONG,FLORES,Gate LBJ,Cabang Borong,"SENIN, RABU, JUMAT "
KOE21303,Nusa Tenggara Timur (NTT),Manggarai Timur ,Poco Ranaka,Mando Sawu,86583,MITRA,D,BORONG,FLORES,Gate LBJ,Cabang Borong,"SENIN, RABU, JUMAT "
KOE21303,Nusa Tenggara Timur (NTT),Manggarai Timur ,Poco Ranaka,Melo,86583,MITRA,D,BORONG,FLORES,Gate LBJ,Cabang Borong,"SENIN, RABU, JUMAT "
KOE21303,Nusa Tenggara Timur (NTT),Manggarai Timur ,Poco Ranaka,Nggalak Leleng,86583,MITRA,D,BORONG,FLORES,Gate LBJ,Cabang Borong,"SENIN, RABU, JUMAT "
KOE21303,Nusa Tenggara Timur (NTT),Manggarai Timur ,Poco Ranaka,Poco Lia,86583,MITRA,D,BORONG,FLORES,Gate LBJ,Cabang Borong,"SENIN, RABU, JUMAT "
KOE21303,Nusa Tenggara Timur (NTT),Manggarai Timur ,Poco Ranaka,Pocong,86583,MITRA,D,BORONG,FLORES,Gate LBJ,Cabang Borong,"SENIN, RABU, JUMAT "
KOE21303,Nusa Tenggara Timur (NTT),Manggarai Timur ,Poco Ranaka,Satar Tesem,86583,MITRA,D,BORONG,FLORES,Gate LBJ,Cabang Borong,"SENIN, RABU, JUMAT "
KOE21303,Nusa Tenggara Timur (NTT),Manggarai Timur ,Poco Ranaka,Watu Lanur,86583,MITRA,D,BORONG,FLORES,Gate LBJ,Cabang Borong,"SENIN, RABU, JUMAT "
KOE21307,Nusa Tenggara Timur (NTT),Manggarai Timur ,Poco Ranaka Timur,Arus,86583,MITRA,D,BORONG,FLORES,Gate LBJ,Cabang Borong,"SENIN, RABU, JUMAT "
KOE21307,Nusa Tenggara Timur (NTT),Manggarai Timur ,Poco Ranaka Timur,Bangka Arus,86583,MITRA,D,BORONG,FLORES,Gate LBJ,Cabang Borong,"SENIN, RABU, JUMAT "
KOE21307,Nusa Tenggara Timur (NTT),Manggarai Timur ,Poco Ranaka Timur,Benteng Rampas,86583,MITRA,D,BORONG,FLORES,Gate LBJ,Cabang Borong,"SENIN, RABU, JUMAT "
KOE21307,Nusa Tenggara Timur (NTT),Manggarai Timur ,Poco Ranaka Timur,Benteng Wunis,86583,MITRA,D,BORONG,FLORES,Gate LBJ,Cabang Borong,"SENIN, RABU, JUMAT "
KOE21307,Nusa Tenggara Timur (NTT),Manggarai Timur ,Poco Ranaka Timur,Colol,86583,MITRA,D,BORONG,FLORES,Gate LBJ,Cabang Borong,"SENIN, RABU, JUMAT "
KOE21307,Nusa Tenggara Timur (NTT),Manggarai Timur ,Poco Ranaka Timur,Compang Raci,86583,MITRA,D,BORONG,FLORES,Gate LBJ,Cabang Borong,"SENIN, RABU, JUMAT "
KOE21307,Nusa Tenggara Timur (NTT),Manggarai Timur ,Poco Ranaka Timur,Compang Wunis,86583,MITRA,D,BORONG,FLORES,Gate LBJ,Cabang Borong,"SENIN, RABU, JUMAT "
KOE21307,Nusa Tenggara Timur (NTT),Manggarai Timur ,Poco Ranaka Timur,Golo Lero,86583,MITRA,D,BORONG,FLORES,Gate LBJ,Cabang Borong,"SENIN, RABU, JUMAT "
KOE21307,Nusa Tenggara Timur (NTT),Manggarai Timur ,Poco Ranaka Timur,Ngkiong Dora,86583,MITRA,D,BORONG,FLORES,Gate LBJ,Cabang Borong,"SENIN, RABU, JUMAT "
KOE21307,Nusa Tenggara Timur (NTT),Manggarai Timur ,Poco Ranaka Timur,Rende Nao,86583,MITRA,D,BORONG,FLORES,Gate LBJ,Cabang Borong,"SENIN, RABU, JUMAT "
KOE21307,Nusa Tenggara Timur (NTT),Manggarai Timur ,Poco Ranaka Timur,Rengkam,86583,MITRA,D,BORONG,FLORES,Gate LBJ,Cabang Borong,"SENIN, RABU, JUMAT "
KOE21307,Nusa Tenggara Timur (NTT),Manggarai Timur ,Poco Ranaka Timur,Tango Molas,86583,MITRA,D,BORONG,FLORES,Gate LBJ,Cabang Borong,"SENIN, RABU, JUMAT "
KOE21307,Nusa Tenggara Timur (NTT),Manggarai Timur ,Poco Ranaka Timur,Ulu Wae,86583,MITRA,D,BORONG,FLORES,Gate LBJ,Cabang Borong,"SENIN, RABU, JUMAT "
KOE21307,Nusa Tenggara Timur (NTT),Manggarai Timur ,Poco Ranaka Timur,Urung Dora,86583,MITRA,D,BORONG,FLORES,Gate LBJ,Cabang Borong,"SENIN, RABU, JUMAT "
KOE21307,Nusa Tenggara Timur (NTT),Manggarai Timur ,Poco Ranaka Timur,Wangkar Weli,86583,MITRA,D,BORONG,FLORES,Gate LBJ,Cabang Borong,"SENIN, RABU, JUMAT "
KOE21307,Nusa Tenggara Timur (NTT),Manggarai Timur ,Poco Ranaka Timur,Watu Arus,86583,MITRA,D,BORONG,FLORES,Gate LBJ,Cabang Borong,"SENIN, RABU, JUMAT "
KOE21307,Nusa Tenggara Timur (NTT),Manggarai Timur ,Poco Ranaka Timur,Wejang Mali,86583,MITRA,D,BORONG,FLORES,Gate LBJ,Cabang Borong,"SENIN, RABU, JUMAT "
KOE21307,Nusa Tenggara Timur (NTT),Manggarai Timur ,Poco Ranaka Timur,Wejang Mawe,86583,MITRA,D,BORONG,FLORES,Gate LBJ,Cabang Borong,"SENIN, RABU, JUMAT "
KOE21308,Nusa Tenggara Timur (NTT),Manggarai Timur ,Rana Mese,Bangka Kempo,86571,MITRA,D,BORONG,FLORES,Gate LBJ,Cabang Borong,"SENIN, RABU, JUMAT "
KOE21308,Nusa Tenggara Timur (NTT),Manggarai Timur ,Rana Mese,Bangka Masa,86571,MITRA,D,BORONG,FLORES,Gate LBJ,Cabang Borong,"SENIN, RABU, JUMAT "
KOE21308,Nusa Tenggara Timur (NTT),Manggarai Timur ,Rana Mese,Bea Ngencung,86571,MITRA,D,BORONG,FLORES,Gate LBJ,Cabang Borong,"SENIN, RABU, JUMAT "
KOE21308,Nusa Tenggara Timur (NTT),Manggarai Timur ,Rana Mese,Compang Kantar,86571,MITRA,D,BORONG,FLORES,Gate LBJ,Cabang Borong,"SENIN, RABU, JUMAT "
KOE21308,Nusa Tenggara Timur (NTT),Manggarai Timur ,Rana Mese,Compang Kempo,86571,MITRA,D,BORONG,FLORES,Gate LBJ,Cabang Borong,"SENIN, RABU, JUMAT "
KOE21308,Nusa Tenggara Timur (NTT),Manggarai Timur ,Rana Mese,Compang Loni,86571,MITRA,D,BORONG,FLORES,Gate LBJ,Cabang Borong,"SENIN, RABU, JUMAT "
KOE21308,Nusa Tenggara Timur (NTT),Manggarai Timur ,Rana Mese,Compang Teber,86571,MITRA,D,BORONG,FLORES,Gate LBJ,Cabang Borong,"SENIN, RABU, JUMAT "
KOE21308,Nusa Tenggara Timur (NTT),Manggarai Timur ,Rana Mese,Golo Loni,86571,MITRA,D,BORONG,FLORES,Gate LBJ,Cabang Borong,"SENIN, RABU, JUMAT "
KOE21308,Nusa Tenggara Timur (NTT),Manggarai Timur ,Rana Mese,Golo Meleng,86571,MITRA,D,BORONG,FLORES,Gate LBJ,Cabang Borong,"SENIN, RABU, JUMAT "
KOE21308,Nusa Tenggara Timur (NTT),Manggarai Timur ,Rana Mese,Golo Ros,86571,MITRA,D,BORONG,FLORES,Gate LBJ,Cabang Borong,"SENIN, RABU, JUMAT "
KOE21308,Nusa Tenggara Timur (NTT),Manggarai Timur ,Rana Mese,Golo Rutuk,86571,MITRA,D,BORONG,FLORES,Gate LBJ,Cabang Borong,"SENIN, RABU, JUMAT "
KOE21308,Nusa Tenggara Timur (NTT),Manggarai Timur ,Rana Mese,Lalang,86571,MITRA,D,BORONG,FLORES,Gate LBJ,Cabang Borong,"SENIN, RABU, JUMAT "
KOE21308,Nusa Tenggara Timur (NTT),Manggarai Timur ,Rana Mese,Lidi,86571,MITRA,D,BORONG,FLORES,Gate LBJ,Cabang Borong,"SENIN, RABU, JUMAT "
KOE21308,Nusa Tenggara Timur (NTT),Manggarai Timur ,Rana Mese,Rondo Woing,86571,MITRA,D,BORONG,FLORES,Gate LBJ,Cabang Borong,"SENIN, RABU, JUMAT "
KOE21308,Nusa Tenggara Timur (NTT),Manggarai Timur ,Rana Mese,Sano Lokom/Lokon,86571,MITRA,D,BORONG,FLORES,Gate LBJ,Cabang Borong,"SENIN, RABU, JUMAT "
KOE21308,Nusa Tenggara Timur (NTT),Manggarai Timur ,Rana Mese,Satar Lahing,86571,MITRA,D,BORONG,FLORES,Gate LBJ,Cabang Borong,"SENIN, RABU, JUMAT "
KOE21308,Nusa Tenggara Timur (NTT),Manggarai Timur ,Rana Mese,Satar Lenda,86571,MITRA,D,BORONG,FLORES,Gate LBJ,Cabang Borong,"SENIN, RABU, JUMAT "
KOE21308,Nusa Tenggara Timur (NTT),Manggarai Timur ,Rana Mese,Sita,86571,MITRA,D,BORONG,FLORES,Gate LBJ,Cabang Borong,"SENIN, RABU, JUMAT "
KOE21308,Nusa Tenggara Timur (NTT),Manggarai Timur ,Rana Mese,Torok Golo,86571,MITRA,D,BORONG,FLORES,Gate LBJ,Cabang Borong,"SENIN, RABU, JUMAT "
KOE21308,Nusa Tenggara Timur (NTT),Manggarai Timur ,Rana Mese,Wae Nggori,86571,MITRA,D,BORONG,FLORES,Gate LBJ,Cabang Borong,"SENIN, RABU, JUMAT "
KOE21308,Nusa Tenggara Timur (NTT),Manggarai Timur ,Rana Mese,Watu Mori,86571,MITRA,D,BORONG,FLORES,Gate LBJ,Cabang Borong,"SENIN, RABU, JUMAT "
KOE21305,Nusa Tenggara Timur (NTT),Manggarai Timur ,Sambi Rampas,Buti,86584,MITRA,D,BORONG,FLORES,Gate LBJ,Cabang Borong,RABU DAN SABTU 
KOE21305,Nusa Tenggara Timur (NTT),Manggarai Timur ,Sambi Rampas,Compang Congkar,86584,MITRA,D,BORONG,FLORES,Gate LBJ,Cabang Borong,RABU DAN SABTU 
KOE21305,Nusa Tenggara Timur (NTT),Manggarai Timur ,Sambi Rampas,Compang Lawi,86584,MITRA,D,BORONG,FLORES,Gate LBJ,Cabang Borong,RABU DAN SABTU 
KOE21305,Nusa Tenggara Timur (NTT),Manggarai Timur ,Sambi Rampas,Golo Ngawan,86584,MITRA,D,BORONG,FLORES,Gate LBJ,Cabang Borong,RABU DAN SABTU 
KOE21305,Nusa Tenggara Timur (NTT),Manggarai Timur ,Sambi Rampas,Golo Pari,86584,MITRA,D,BORONG,FLORES,Gate LBJ,Cabang Borong,RABU DAN SABTU 
KOE21305,Nusa Tenggara Timur (NTT),Manggarai Timur ,Sambi Rampas,Golo Wangkung,86584,MITRA,D,BORONG,FLORES,Gate LBJ,Cabang Borong,RABU DAN SABTU 
KOE21305,Nusa Tenggara Timur (NTT),Manggarai Timur ,Sambi Rampas,Golo Wangkung Barat,86584,MITRA,D,BORONG,FLORES,Gate LBJ,Cabang Borong,RABU DAN SABTU 
KOE21305,Nusa Tenggara Timur (NTT),Manggarai Timur ,Sambi Rampas,Golo Wangkung Utara,86584,MITRA,D,BORONG,FLORES,Gate LBJ,Cabang Borong,RABU DAN SABTU 
KOE21305,Nusa Tenggara Timur (NTT),Manggarai Timur ,Sambi Rampas,Kembang Mekar,86584,MITRA,D,BORONG,FLORES,Gate LBJ,Cabang Borong,RABU DAN SABTU 
KOE21305,Nusa Tenggara Timur (NTT),Manggarai Timur ,Sambi Rampas,Lada Mese,86584,MITRA,D,BORONG,FLORES,Gate LBJ,Cabang Borong,RABU DAN SABTU 
KOE21305,Nusa Tenggara Timur (NTT),Manggarai Timur ,Sambi Rampas,Nampar Sepang,86584,MITRA,D,BORONG,FLORES,Gate LBJ,Cabang Borong,RABU DAN SABTU 
KOE21305,Nusa Tenggara Timur (NTT),Manggarai Timur ,Sambi Rampas,Nanga Baras,86584,MITRA,D,BORONG,FLORES,Gate LBJ,Cabang Borong,RABU DAN SABTU 
KOE21305,Nusa Tenggara Timur (NTT),Manggarai Timur ,Sambi Rampas,Nanga Mbaling,86584,MITRA,D,BORONG,FLORES,Gate LBJ,Cabang Borong,RABU DAN SABTU 
KOE21305,Nusa Tenggara Timur (NTT),Manggarai Timur ,Sambi Rampas,Nanga Mbaur,86584,MITRA,D,BORONG,FLORES,Gate LBJ,Cabang Borong,RABU DAN SABTU 
KOE21305,Nusa Tenggara Timur (NTT),Manggarai Timur ,Sambi Rampas,Pota,86584,MITRA,D,BORONG,FLORES,Gate LBJ,Cabang Borong,RABU DAN SABTU 
KOE21305,Nusa Tenggara Timur (NTT),Manggarai Timur ,Sambi Rampas,Rana Mese,86584,MITRA,D,BORONG,FLORES,Gate LBJ,Cabang Borong,RABU DAN SABTU 
KOE21305,Nusa Tenggara Timur (NTT),Manggarai Timur ,Sambi Rampas,Satar Nawang,86584,MITRA,D,BORONG,FLORES,Gate LBJ,Cabang Borong,RABU DAN SABTU 
KOE21305,Nusa Tenggara Timur (NTT),Manggarai Timur ,Sambi Rampas,Ulung Baras,86584,MITRA,D,BORONG,FLORES,Gate LBJ,Cabang Borong,RABU DAN SABTU 
KOE21305,Nusa Tenggara Timur (NTT),Manggarai Timur ,Sambi Rampas,Wea,86584,MITRA,D,BORONG,FLORES,Gate LBJ,Cabang Borong,RABU DAN SABTU 
KOE21305,Nusa Tenggara Timur (NTT),Manggarai Timur ,Sambi Rampas,Wela Lada,86584,MITRA,D,BORONG,FLORES,Gate LBJ,Cabang Borong,RABU DAN SABTU 
KOE20812,Nusa Tenggara Timur (NTT),Ende ,Kota Baru,Hangalande,86111,KANTOR PERWAKILAN,D,ENDE,FLORES,Gate LBJ,Agen Kota Baru,1X SEMINGGU
KOE20812,Nusa Tenggara Timur (NTT),Ende ,Kota Baru,Kotabaru,86111,KANTOR PERWAKILAN,D,ENDE,FLORES,Gate LBJ,Agen Kota Baru,1X SEMINGGU
KOE20812,Nusa Tenggara Timur (NTT),Ende ,Kota Baru,Liselande,86111,KANTOR PERWAKILAN,D,ENDE,FLORES,Gate LBJ,Agen Kota Baru,1X SEMINGGU
KOE20812,Nusa Tenggara Timur (NTT),Ende ,Kota Baru,Loboniki,86111,KANTOR PERWAKILAN,D,ENDE,FLORES,Gate LBJ,Agen Kota Baru,1X SEMINGGU
KOE20812,Nusa Tenggara Timur (NTT),Ende ,Kota Baru,Ndondo,86111,KANTOR PERWAKILAN,D,ENDE,FLORES,Gate LBJ,Agen Kota Baru,1X SEMINGGU
KOE20812,Nusa Tenggara Timur (NTT),Ende ,Kota Baru,Neotonda,86111,KANTOR PERWAKILAN,D,ENDE,FLORES,Gate LBJ,Agen Kota Baru,1X SEMINGGU
KOE20812,Nusa Tenggara Timur (NTT),Ende ,Kota Baru,Niopanda,86111,KANTOR PERWAKILAN,D,ENDE,FLORES,Gate LBJ,Agen Kota Baru,1X SEMINGGU
KOE20812,Nusa Tenggara Timur (NTT),Ende ,Kota Baru,Nuanaga,86111,KANTOR PERWAKILAN,D,ENDE,FLORES,Gate LBJ,Agen Kota Baru,1X SEMINGGU
KOE20812,Nusa Tenggara Timur (NTT),Ende ,Kota Baru,Pise,86111,KANTOR PERWAKILAN,D,ENDE,FLORES,Gate LBJ,Agen Kota Baru,1X SEMINGGU
KOE20812,Nusa Tenggara Timur (NTT),Ende ,Kota Baru,Rangalaka,86111,KANTOR PERWAKILAN,D,ENDE,FLORES,Gate LBJ,Agen Kota Baru,1X SEMINGGU
KOE20812,Nusa Tenggara Timur (NTT),Ende ,Kota Baru,Tou,86111,KANTOR PERWAKILAN,D,ENDE,FLORES,Gate LBJ,Agen Kota Baru,1X SEMINGGU
KOE20812,Nusa Tenggara Timur (NTT),Ende ,Kota Baru,Tou Barat,86111,KANTOR PERWAKILAN,D,ENDE,FLORES,Gate LBJ,Agen Kota Baru,1X SEMINGGU
KOE20812,Nusa Tenggara Timur (NTT),Ende ,Kota Baru,Tou Timur,86111,KANTOR PERWAKILAN,D,ENDE,FLORES,Gate LBJ,Agen Kota Baru,1X SEMINGGU
KOE20822,Nusa Tenggara Timur (NTT),Ende ,Lepembusu Kelisoke,Detuara,86374,KANTOR PERWAKILAN,D,ENDE,FLORES,Gate LBJ,Cabang Ende,2X SEMINGGU
KOE20822,Nusa Tenggara Timur (NTT),Ende ,Lepembusu Kelisoke,Kuru,86375,KANTOR PERWAKILAN,D,ENDE,FLORES,Gate LBJ,Cabang Ende,2X SEMINGGU
KOE20822,Nusa Tenggara Timur (NTT),Ende ,Lepembusu Kelisoke,Kuru Sare,86375,KANTOR PERWAKILAN,D,ENDE,FLORES,Gate LBJ,Cabang Ende,2X SEMINGGU
KOE20822,Nusa Tenggara Timur (NTT),Ende ,Lepembusu Kelisoke,Lise Kuru,86379,KANTOR PERWAKILAN,D,ENDE,FLORES,Gate LBJ,Cabang Ende,2X SEMINGGU
KOE20822,Nusa Tenggara Timur (NTT),Ende ,Lepembusu Kelisoke,Mukureku,86376,KANTOR PERWAKILAN,D,ENDE,FLORES,Gate LBJ,Cabang Ende,2X SEMINGGU
KOE20822,Nusa Tenggara Timur (NTT),Ende ,Lepembusu Kelisoke,Mukureku Sa Ate,86376,KANTOR PERWAKILAN,D,ENDE,FLORES,Gate LBJ,Cabang Ende,2X SEMINGGU
KOE20822,Nusa Tenggara Timur (NTT),Ende ,Lepembusu Kelisoke,Ndengga Rongge,86375,KANTOR PERWAKILAN,D,ENDE,FLORES,Gate LBJ,Cabang Ende,2X SEMINGGU
KOE20822,Nusa Tenggara Timur (NTT),Ende ,Lepembusu Kelisoke,Ndikosapu,86378,KANTOR PERWAKILAN,D,ENDE,FLORES,Gate LBJ,Cabang Ende,2X SEMINGGU
KOE20822,Nusa Tenggara Timur (NTT),Ende ,Lepembusu Kelisoke,Nggumbelaka,86376,KANTOR PERWAKILAN,D,ENDE,FLORES,Gate LBJ,Cabang Ende,2X SEMINGGU
KOE20822,Nusa Tenggara Timur (NTT),Ende ,Lepembusu Kelisoke,Rutu Jeja,86377,KANTOR PERWAKILAN,D,ENDE,FLORES,Gate LBJ,Cabang Ende,2X SEMINGGU
KOE20822,Nusa Tenggara Timur (NTT),Ende ,Lepembusu Kelisoke,Tanalangi,86374,KANTOR PERWAKILAN,D,ENDE,FLORES,Gate LBJ,Cabang Ende,2X SEMINGGU
KOE20822,Nusa Tenggara Timur (NTT),Ende ,Lepembusu Kelisoke,Taniwoda,86374,KANTOR PERWAKILAN,D,ENDE,FLORES,Gate LBJ,Cabang Ende,2X SEMINGGU
KOE20822,Nusa Tenggara Timur (NTT),Ende ,Lepembusu Kelisoke,Tiwusora,86374,KANTOR PERWAKILAN,D,ENDE,FLORES,Gate LBJ,Cabang Ende,2X SEMINGGU
KOE20822,Nusa Tenggara Timur (NTT),Ende ,Lepembusu Kelisoke,Wologai Timur,86376,KANTOR PERWAKILAN,D,ENDE,FLORES,Gate LBJ,Cabang Ende,2X SEMINGGU
KOE20813,Nusa Tenggara Timur (NTT),Ende ,Lio Timur,Bu Tanalagu,86361,KANTOR PERWAKILAN,D,ENDE,FLORES,Gate LBJ,Agen Watuneso,4X SEMINGGU
KOE20813,Nusa Tenggara Timur (NTT),Ende ,Lio Timur,Detupera,86361,KANTOR PERWAKILAN,D,ENDE,FLORES,Gate LBJ,Agen Watuneso,4X SEMINGGU
KOE20813,Nusa Tenggara Timur (NTT),Ende ,Lio Timur,Fatamari,86361,KANTOR PERWAKILAN,D,ENDE,FLORES,Gate LBJ,Agen Watuneso,4X SEMINGGU
KOE20813,Nusa Tenggara Timur (NTT),Ende ,Lio Timur,Hubatuwa/Hobatua,86361,KANTOR PERWAKILAN,D,ENDE,FLORES,Gate LBJ,Agen Watuneso,4X SEMINGGU
KOE20813,Nusa Tenggara Timur (NTT),Ende ,Lio Timur,Liabeke,86361,KANTOR PERWAKILAN,D,ENDE,FLORES,Gate LBJ,Agen Watuneso,4X SEMINGGU
KOE20813,Nusa Tenggara Timur (NTT),Ende ,Lio Timur,Mbewawora,86361,KANTOR PERWAKILAN,D,ENDE,FLORES,Gate LBJ,Agen Watuneso,4X SEMINGGU
KOE20813,Nusa Tenggara Timur (NTT),Ende ,Lio Timur,Nua Lima,86361,KANTOR PERWAKILAN,D,ENDE,FLORES,Gate LBJ,Agen Watuneso,4X SEMINGGU
KOE20813,Nusa Tenggara Timur (NTT),Ende ,Lio Timur,Ranggatalo,86361,KANTOR PERWAKILAN,D,ENDE,FLORES,Gate LBJ,Agen Watuneso,4X SEMINGGU
KOE20813,Nusa Tenggara Timur (NTT),Ende ,Lio Timur,Tanaroga,86361,KANTOR PERWAKILAN,D,ENDE,FLORES,Gate LBJ,Agen Watuneso,4X SEMINGGU
KOE20813,Nusa Tenggara Timur (NTT),Ende ,Lio Timur,Watuneso,86361,KANTOR PERWAKILAN,D,ENDE,FLORES,Gate LBJ,Agen Watuneso,4X SEMINGGU
KOE20813,Nusa Tenggara Timur (NTT),Ende ,Lio Timur,Woloaro/Woloara,86361,KANTOR PERWAKILAN,D,ENDE,FLORES,Gate LBJ,Agen Watuneso,4X SEMINGGU
KOE20813,Nusa Tenggara Timur (NTT),Ende ,Lio Timur,Wololelea (Wololela A),86361,KANTOR PERWAKILAN,D,ENDE,FLORES,Gate LBJ,Agen Watuneso,4X SEMINGGU
KOE20813,Nusa Tenggara Timur (NTT),Ende ,Lio Timur,Wolosambi,86361,KANTOR PERWAKILAN,D,ENDE,FLORES,Gate LBJ,Agen Watuneso,4X SEMINGGU
KOE20814,Nusa Tenggara Timur (NTT),Ende ,Maukaro,Boafeo,86352,KANTOR PERWAKILAN,D,ENDE,FLORES,Gate LBJ,Agen Maukaro,4X SEMINGGU
KOE20814,Nusa Tenggara Timur (NTT),Ende ,Maukaro,Kamumbheka/Kamubheka,86352,KANTOR PERWAKILAN,D,ENDE,FLORES,Gate LBJ,Agen Maukaro,4X SEMINGGU
KOE20814,Nusa Tenggara Timur (NTT),Ende ,Maukaro,Kebirangga,86352,KANTOR PERWAKILAN,D,ENDE,FLORES,Gate LBJ,Agen Maukaro,4X SEMINGGU
KOE20814,Nusa Tenggara Timur (NTT),Ende ,Maukaro,Kebirangga Selatan,86352,KANTOR PERWAKILAN,D,ENDE,FLORES,Gate LBJ,Agen Maukaro,4X SEMINGGU
KOE20814,Nusa Tenggara Timur (NTT),Ende ,Maukaro,Kebirangga Tengah,86352,KANTOR PERWAKILAN,D,ENDE,FLORES,Gate LBJ,Agen Maukaro,4X SEMINGGU
KOE20814,Nusa Tenggara Timur (NTT),Ende ,Maukaro,Kobaleba,86352,KANTOR PERWAKILAN,D,ENDE,FLORES,Gate LBJ,Agen Maukaro,4X SEMINGGU
KOE20814,Nusa Tenggara Timur (NTT),Ende ,Maukaro,Kolipaka,86352,KANTOR PERWAKILAN,D,ENDE,FLORES,Gate LBJ,Agen Maukaro,4X SEMINGGU
KOE20814,Nusa Tenggara Timur (NTT),Ende ,Maukaro,Magekapa,86352,KANTOR PERWAKILAN,D,ENDE,FLORES,Gate LBJ,Agen Maukaro,4X SEMINGGU
KOE20814,Nusa Tenggara Timur (NTT),Ende ,Maukaro,Mundinggasa,86352,KANTOR PERWAKILAN,D,ENDE,FLORES,Gate LBJ,Agen Maukaro,4X SEMINGGU
KOE20814,Nusa Tenggara Timur (NTT),Ende ,Maukaro,Nabe,86352,KANTOR PERWAKILAN,D,ENDE,FLORES,Gate LBJ,Agen Maukaro,4X SEMINGGU
KOE20814,Nusa Tenggara Timur (NTT),Ende ,Maukaro,Natanangge,86352,KANTOR PERWAKILAN,D,ENDE,FLORES,Gate LBJ,Agen Maukaro,4X SEMINGGU
KOE20816,Nusa Tenggara Timur (NTT),Ende ,Pulau Ende,Aejeti,86362,KANTOR PERWAKILAN,D,ENDE,FLORES,Gate LBJ,Cabang Ende,SCHEDULING
KOE20816,Nusa Tenggara Timur (NTT),Ende ,Pulau Ende,Kazo Kapo,86362,KANTOR PERWAKILAN,D,ENDE,FLORES,Gate LBJ,Cabang Ende,SCHEDULING
KOE20816,Nusa Tenggara Timur (NTT),Ende ,Pulau Ende,Ndoriwoi,86362,KANTOR PERWAKILAN,D,ENDE,FLORES,Gate LBJ,Cabang Ende,SCHEDULING
KOE20816,Nusa Tenggara Timur (NTT),Ende ,Pulau Ende,Paderape,86362,KANTOR PERWAKILAN,D,ENDE,FLORES,Gate LBJ,Cabang Ende,SCHEDULING
KOE20816,Nusa Tenggara Timur (NTT),Ende ,Pulau Ende,Puutara,86362,KANTOR PERWAKILAN,D,ENDE,FLORES,Gate LBJ,Cabang Ende,SCHEDULING
KOE20816,Nusa Tenggara Timur (NTT),Ende ,Pulau Ende,Redodori,86362,KANTOR PERWAKILAN,D,ENDE,FLORES,Gate LBJ,Cabang Ende,SCHEDULING
KOE20816,Nusa Tenggara Timur (NTT),Ende ,Pulau Ende,Rendo Raterua,86362,KANTOR PERWAKILAN,D,ENDE,FLORES,Gate LBJ,Cabang Ende,SCHEDULING
KOE20816,Nusa Tenggara Timur (NTT),Ende ,Pulau Ende,Renga Menge,86362,KANTOR PERWAKILAN,D,ENDE,FLORES,Gate LBJ,Cabang Ende,SCHEDULING
KOE20816,Nusa Tenggara Timur (NTT),Ende ,Pulau Ende,Rorurangga (Rendo Ranga),86362,KANTOR PERWAKILAN,D,ENDE,FLORES,Gate LBJ,Cabang Ende,SCHEDULING
KOE20817,Nusa Tenggara Timur (NTT),Ende ,Wewaria,Ae Ndoko,86353,KANTOR PERWAKILAN,D,ENDE,FLORES,Gate LBJ,Agen Maurole,3X SEMINGGU
KOE20817,Nusa Tenggara Timur (NTT),Ende ,Wewaria,Aelipo,86353,KANTOR PERWAKILAN,D,ENDE,FLORES,Gate LBJ,Agen Maurole,3X SEMINGGU
KOE20817,Nusa Tenggara Timur (NTT),Ende ,Wewaria,Aelipo I,86353,KANTOR PERWAKILAN,D,ENDE,FLORES,Gate LBJ,Agen Maurole,3X SEMINGGU
KOE20817,Nusa Tenggara Timur (NTT),Ende ,Wewaria,Aemuri,86353,KANTOR PERWAKILAN,D,ENDE,FLORES,Gate LBJ,Agen Maurole,3X SEMINGGU
KOE20817,Nusa Tenggara Timur (NTT),Ende ,Wewaria,Detubela,86353,KANTOR PERWAKILAN,D,ENDE,FLORES,Gate LBJ,Agen Maurole,3X SEMINGGU
KOE20817,Nusa Tenggara Timur (NTT),Ende ,Wewaria,Ekoae,86353,KANTOR PERWAKILAN,D,ENDE,FLORES,Gate LBJ,Agen Maurole,3X SEMINGGU
KOE20817,Nusa Tenggara Timur (NTT),Ende ,Wewaria,Fataatu,86353,KANTOR PERWAKILAN,D,ENDE,FLORES,Gate LBJ,Agen Maurole,3X SEMINGGU
KOE20817,Nusa Tenggara Timur (NTT),Ende ,Wewaria,Fataatu Timur,86353,KANTOR PERWAKILAN,D,ENDE,FLORES,Gate LBJ,Agen Maurole,3X SEMINGGU
KOE20817,Nusa Tenggara Timur (NTT),Ende ,Wewaria,Kelitembu,86353,KANTOR PERWAKILAN,D,ENDE,FLORES,Gate LBJ,Agen Maurole,3X SEMINGGU
KOE20817,Nusa Tenggara Timur (NTT),Ende ,Wewaria,Mautenda,86353,KANTOR PERWAKILAN,D,ENDE,FLORES,Gate LBJ,Agen Maurole,3X SEMINGGU
KOE20817,Nusa Tenggara Timur (NTT),Ende ,Wewaria,Mautenda Barat,86353,KANTOR PERWAKILAN,D,ENDE,FLORES,Gate LBJ,Agen Maurole,3X SEMINGGU
KOE20817,Nusa Tenggara Timur (NTT),Ende ,Wewaria,Mbotulaka,86353,KANTOR PERWAKILAN,D,ENDE,FLORES,Gate LBJ,Agen Maurole,3X SEMINGGU
KOE20817,Nusa Tenggara Timur (NTT),Ende ,Wewaria,Mukusaki,86353,KANTOR PERWAKILAN,D,ENDE,FLORES,Gate LBJ,Agen Maurole,3X SEMINGGU
KOE20817,Nusa Tenggara Timur (NTT),Ende ,Wewaria,Nuangenda,86353,KANTOR PERWAKILAN,D,ENDE,FLORES,Gate LBJ,Agen Maurole,3X SEMINGGU
KOE20817,Nusa Tenggara Timur (NTT),Ende ,Wewaria,Numba,86353,KANTOR PERWAKILAN,D,ENDE,FLORES,Gate LBJ,Agen Maurole,3X SEMINGGU
KOE20817,Nusa Tenggara Timur (NTT),Ende ,Wewaria,Ratewati,86353,KANTOR PERWAKILAN,D,ENDE,FLORES,Gate LBJ,Agen Maurole,3X SEMINGGU
KOE20817,Nusa Tenggara Timur (NTT),Ende ,Wewaria,Ratewati Selatan,86353,KANTOR PERWAKILAN,D,ENDE,FLORES,Gate LBJ,Agen Maurole,3X SEMINGGU
KOE20817,Nusa Tenggara Timur (NTT),Ende ,Wewaria,Tanali,86353,KANTOR PERWAKILAN,D,ENDE,FLORES,Gate LBJ,Agen Maurole,3X SEMINGGU
KOE20817,Nusa Tenggara Timur (NTT),Ende ,Wewaria,Waka,86353,KANTOR PERWAKILAN,D,ENDE,FLORES,Gate LBJ,Agen Macang Pacar,3X SEMINGGU
KOE20817,Nusa Tenggara Timur (NTT),Ende ,Wewaria,Welamosa,86353,KANTOR PERWAKILAN,D,ENDE,FLORES,Gate LBJ,Agen Maurole,3X SEMINGGU
KOE20817,Nusa Tenggara Timur (NTT),Ende ,Wewaria,Wewaria,86353,KANTOR PERWAKILAN,D,ENDE,FLORES,Gate LBJ,Agen Maurole,3X SEMINGGU
KOE20817,Nusa Tenggara Timur (NTT),Ende ,Wewaria,Wolooja,86353,KANTOR PERWAKILAN,D,ENDE,FLORES,Gate LBJ,Agen Maurole,3X SEMINGGU
KOE20818,Nusa Tenggara Timur (NTT),Ende ,Wolojita,Nggela,86382,KANTOR PERWAKILAN,D,ENDE,FLORES,Gate LBJ,Agen Wolowaru,SETIAP HARI
KOE20818,Nusa Tenggara Timur (NTT),Ende ,Wolojita,Nuamulu,86382,KANTOR PERWAKILAN,D,ENDE,FLORES,Gate LBJ,Agen Wolowaru,SETIAP HARI
KOE20818,Nusa Tenggara Timur (NTT),Ende ,Wolojita,Pora,86382,KANTOR PERWAKILAN,D,ENDE,FLORES,Gate LBJ,Agen Wolowaru,SETIAP HARI
KOE20818,Nusa Tenggara Timur (NTT),Ende ,Wolojita,Tenda,86382,KANTOR PERWAKILAN,D,ENDE,FLORES,Gate LBJ,Agen Wolowaru,SETIAP HARI
KOE20818,Nusa Tenggara Timur (NTT),Ende ,Wolojita,Wiwipemo,86382,KANTOR PERWAKILAN,D,ENDE,FLORES,Gate LBJ,Agen Wolowaru,SETIAP HARI
KOE20818,Nusa Tenggara Timur (NTT),Ende ,Wolojita,Wolojita,86382,KANTOR PERWAKILAN,D,ENDE,FLORES,Gate LBJ,Agen Wolowaru,SETIAP HARI
KOE21202,Nusa Tenggara Timur (NTT),Manggarai Barat ,Kuwus,Bangka Lewat,86752,KANTOR PERWAKILAN,D,LABUAN BAJO,FLORES,Gate LBJ,Agen Kuwus,
KOE21202,Nusa Tenggara Timur (NTT),Manggarai Barat ,Kuwus,Benteng Suru,86752,KANTOR PERWAKILAN,D,LABUAN BAJO,FLORES,Gate LBJ,Agen Kuwus,
KOE21202,Nusa Tenggara Timur (NTT),Manggarai Barat ,Kuwus,Coal,86752,KANTOR PERWAKILAN,D,LABUAN BAJO,FLORES,Gate LBJ,Agen Kuwus,
KOE21202,Nusa Tenggara Timur (NTT),Manggarai Barat ,Kuwus,Compang Kules,86752,KANTOR PERWAKILAN,D,LABUAN BAJO,FLORES,Gate LBJ,Agen Kuwus,
KOE21202,Nusa Tenggara Timur (NTT),Manggarai Barat ,Kuwus,Compang Suka,86752,KANTOR PERWAKILAN,D,LABUAN BAJO,FLORES,Gate LBJ,Agen Kuwus,
KOE21202,Nusa Tenggara Timur (NTT),Manggarai Barat ,Kuwus,Golo Lewe,86752,KANTOR PERWAKILAN,D,LABUAN BAJO,FLORES,Gate LBJ,Agen Kuwus,
KOE21202,Nusa Tenggara Timur (NTT),Manggarai Barat ,Kuwus,Golo Pua,86752,KANTOR PERWAKILAN,D,LABUAN BAJO,FLORES,Gate LBJ,Agen Kuwus,
KOE21202,Nusa Tenggara Timur (NTT),Manggarai Barat ,Kuwus,Golo Riwu,86752,KANTOR PERWAKILAN,D,LABUAN BAJO,FLORES,Gate LBJ,Agen Kuwus,
KOE21202,Nusa Tenggara Timur (NTT),Manggarai Barat ,Kuwus,Golo Ru'u,86752,KANTOR PERWAKILAN,D,LABUAN BAJO,FLORES,Gate LBJ,Agen Kuwus,
KOE21202,Nusa Tenggara Timur (NTT),Manggarai Barat ,Kuwus,Golo Wedong,86752,KANTOR PERWAKILAN,D,LABUAN BAJO,FLORES,Gate LBJ,Agen Kuwus,
KOE21202,Nusa Tenggara Timur (NTT),Manggarai Barat ,Kuwus,Kolang,86752,KANTOR PERWAKILAN,D,LABUAN BAJO,FLORES,Gate LBJ,Agen Kuwus,
KOE21202,Nusa Tenggara Timur (NTT),Manggarai Barat ,Kuwus,Lawi,86752,KANTOR PERWAKILAN,D,LABUAN BAJO,FLORES,Gate LBJ,Agen Kuwus,
KOE21202,Nusa Tenggara Timur (NTT),Manggarai Barat ,Kuwus,Lewur,86752,KANTOR PERWAKILAN,D,LABUAN BAJO,FLORES,Gate LBJ,Agen Kuwus,
KOE21202,Nusa Tenggara Timur (NTT),Manggarai Barat ,Kuwus,Nantal,86752,KANTOR PERWAKILAN,D,LABUAN BAJO,FLORES,Gate LBJ,Agen Kuwus,
KOE21202,Nusa Tenggara Timur (NTT),Manggarai Barat ,Kuwus,Pangga,86752,KANTOR PERWAKILAN,D,LABUAN BAJO,FLORES,Gate LBJ,Agen Kuwus,
KOE21202,Nusa Tenggara Timur (NTT),Manggarai Barat ,Kuwus,Ranggu,86752,KANTOR PERWAKILAN,D,LABUAN BAJO,FLORES,Gate LBJ,Agen Kuwus,
KOE21202,Nusa Tenggara Timur (NTT),Manggarai Barat ,Kuwus,Sama,86752,KANTOR PERWAKILAN,D,LABUAN BAJO,FLORES,Gate LBJ,Agen Kuwus,
KOE21202,Nusa Tenggara Timur (NTT),Manggarai Barat ,Kuwus,Sompang Kolang,86752,KANTOR PERWAKILAN,D,LABUAN BAJO,FLORES,Gate LBJ,Agen Kuwus,
KOE21202,Nusa Tenggara Timur (NTT),Manggarai Barat ,Kuwus,Suka Kiong,86752,KANTOR PERWAKILAN,D,LABUAN BAJO,FLORES,Gate LBJ,Agen Kuwus,
KOE21202,Nusa Tenggara Timur (NTT),Manggarai Barat ,Kuwus,Tengku,86752,KANTOR PERWAKILAN,D,LABUAN BAJO,FLORES,Gate LBJ,Agen Kuwus,
KOE21202,Nusa Tenggara Timur (NTT),Manggarai Barat ,Kuwus,Tueng,86752,KANTOR PERWAKILAN,D,LABUAN BAJO,FLORES,Gate LBJ,Agen Kuwus,
KOE21202,Nusa Tenggara Timur (NTT),Manggarai Barat ,Kuwus,Wajur,86752,KANTOR PERWAKILAN,D,LABUAN BAJO,FLORES,Gate LBJ,Agen Kuwus,
KOE21210,Nusa Tenggara Timur (NTT),Manggarai Barat ,Ndoso,Golo Bore,86752,KANTOR PERWAKILAN,D,LABUAN BAJO,FLORES,Gate LBJ,Agen Kuwus,
KOE21210,Nusa Tenggara Timur (NTT),Manggarai Barat ,Ndoso,Golo Keli,86752,KANTOR PERWAKILAN,D,LABUAN BAJO,FLORES,Gate LBJ,Agen Kuwus,
KOE21210,Nusa Tenggara Timur (NTT),Manggarai Barat ,Ndoso,Golo Poleng,86752,KANTOR PERWAKILAN,D,LABUAN BAJO,FLORES,Gate LBJ,Agen Kuwus,
KOE21210,Nusa Tenggara Timur (NTT),Manggarai Barat ,Ndoso,Golo Ru'a,86752,KANTOR PERWAKILAN,D,LABUAN BAJO,FLORES,Gate LBJ,Agen Kuwus,
KOE21210,Nusa Tenggara Timur (NTT),Manggarai Barat ,Ndoso,Kasong,86752,KANTOR PERWAKILAN,D,LABUAN BAJO,FLORES,Gate LBJ,Agen Kuwus,
KOE21210,Nusa Tenggara Timur (NTT),Manggarai Barat ,Ndoso,Lumut,86752,KANTOR PERWAKILAN,D,LABUAN BAJO,FLORES,Gate LBJ,Agen Kuwus,
KOE21210,Nusa Tenggara Timur (NTT),Manggarai Barat ,Ndoso,Momol,86752,KANTOR PERWAKILAN,D,LABUAN BAJO,FLORES,Gate LBJ,Agen Kuwus,
KOE21210,Nusa Tenggara Timur (NTT),Manggarai Barat ,Ndoso,Ndoso,86752,KANTOR PERWAKILAN,D,LABUAN BAJO,FLORES,Gate LBJ,Agen Kuwus,
KOE21210,Nusa Tenggara Timur (NTT),Manggarai Barat ,Ndoso,Pateng Lesuh,86752,KANTOR PERWAKILAN,D,LABUAN BAJO,FLORES,Gate LBJ,Agen Kuwus,
KOE21210,Nusa Tenggara Timur (NTT),Manggarai Barat ,Ndoso,Pong Narang,86752,KANTOR PERWAKILAN,D,LABUAN BAJO,FLORES,Gate LBJ,Agen Kuwus,
KOE21210,Nusa Tenggara Timur (NTT),Manggarai Barat ,Ndoso,Raka,86752,KANTOR PERWAKILAN,D,LABUAN BAJO,FLORES,Gate LBJ,Agen Kuwus,
KOE21210,Nusa Tenggara Timur (NTT),Manggarai Barat ,Ndoso,Tehong,86752,KANTOR PERWAKILAN,D,LABUAN BAJO,FLORES,Gate LBJ,Agen Kuwus,
KOE21210,Nusa Tenggara Timur (NTT),Manggarai Barat ,Ndoso,Tentang,86752,KANTOR PERWAKILAN,D,LABUAN BAJO,FLORES,Gate LBJ,Agen Kuwus,
KOE21210,Nusa Tenggara Timur (NTT),Manggarai Barat ,Ndoso,Wae Buka,86752,KANTOR PERWAKILAN,D,LABUAN BAJO,FLORES,Gate LBJ,Agen Kuwus,
KOE21210,Nusa Tenggara Timur (NTT),Manggarai Barat ,Ndoso,Waning,86752,KANTOR PERWAKILAN,D,LABUAN BAJO,FLORES,Gate LBJ,Agen Kuwus,
KOE21206,Nusa Tenggara Timur (NTT),Manggarai Barat ,Welak,Dunta,86753,KANTOR PERWAKILAN,D,LABUAN BAJO,FLORES,Gate LBJ,Agen Lembor,
KOE21206,Nusa Tenggara Timur (NTT),Manggarai Barat ,Welak,Galang,86753,KANTOR PERWAKILAN,D,LABUAN BAJO,FLORES,Gate LBJ,Agen Lembor,
KOE21206,Nusa Tenggara Timur (NTT),Manggarai Barat ,Welak,Golo Ndari,86753,KANTOR PERWAKILAN,D,LABUAN BAJO,FLORES,Gate LBJ,Agen Lembor,
KOE21206,Nusa Tenggara Timur (NTT),Manggarai Barat ,Welak,Golo Ronggot,86753,KANTOR PERWAKILAN,D,LABUAN BAJO,FLORES,Gate LBJ,Agen Lembor,
KOE21206,Nusa Tenggara Timur (NTT),Manggarai Barat ,Welak,Gurung,86753,KANTOR PERWAKILAN,D,LABUAN BAJO,FLORES,Gate LBJ,Agen Lembor,
KOE21206,Nusa Tenggara Timur (NTT),Manggarai Barat ,Welak,Lale,86753,KANTOR PERWAKILAN,D,LABUAN BAJO,FLORES,Gate LBJ,Agen Lembor,
KOE21206,Nusa Tenggara Timur (NTT),Manggarai Barat ,Welak,Orong,86753,KANTOR PERWAKILAN,D,LABUAN BAJO,FLORES,Gate LBJ,Agen Lembor,
KOE21206,Nusa Tenggara Timur (NTT),Manggarai Barat ,Welak,Pengka,86753,KANTOR PERWAKILAN,D,LABUAN BAJO,FLORES,Gate LBJ,Agen Lembor,
KOE21206,Nusa Tenggara Timur (NTT),Manggarai Barat ,Welak,Pong Welak,86753,KANTOR PERWAKILAN,D,LABUAN BAJO,FLORES,Gate LBJ,Agen Lembor,
KOE21206,Nusa Tenggara Timur (NTT),Manggarai Barat ,Welak,Racang Welak,86753,KANTOR PERWAKILAN,D,LABUAN BAJO,FLORES,Gate LBJ,Agen Lembor,
KOE21206,Nusa Tenggara Timur (NTT),Manggarai Barat ,Welak,Rehak,86753,KANTOR PERWAKILAN,D,LABUAN BAJO,FLORES,Gate LBJ,Agen Lembor,
KOE21206,Nusa Tenggara Timur (NTT),Manggarai Barat ,Welak,Robo,86753,KANTOR PERWAKILAN,D,LABUAN BAJO,FLORES,Gate LBJ,Agen Lembor,
KOE21206,Nusa Tenggara Timur (NTT),Manggarai Barat ,Welak,Semang,86753,KANTOR PERWAKILAN,D,LABUAN BAJO,FLORES,Gate LBJ,Agen Lembor,
KOE21206,Nusa Tenggara Timur (NTT),Manggarai Barat ,Welak,Sewar,86753,KANTOR PERWAKILAN,D,LABUAN BAJO,FLORES,Gate LBJ,Agen Lembor,
KOE21206,Nusa Tenggara Timur (NTT),Manggarai Barat ,Welak,Watu Umpu,86753,KANTOR PERWAKILAN,D,LABUAN BAJO,FLORES,Gate LBJ,Agen Lembor,
KOE21206,Nusa Tenggara Timur (NTT),Manggarai Barat ,Welak,Wewa,86753,KANTOR PERWAKILAN,D,LABUAN BAJO,FLORES,Gate LBJ,Agen Lembor,
KOE21806,Nusa Tenggara Timur (NTT),Lembata ,Atadei,Atakore,86685,MITRA,D,LEMBATA,FLORES,Gate KOE,Cabang Lembata,
KOE21806,Nusa Tenggara Timur (NTT),Lembata ,Atadei,Dori Pewut,86685,MITRA,D,LEMBATA,FLORES,Gate KOE,Cabang Lembata,
KOE21806,Nusa Tenggara Timur (NTT),Lembata ,Atadei,Dulir,86685,MITRA,D,LEMBATA,FLORES,Gate KOE,Cabang Lembata,
KOE21806,Nusa Tenggara Timur (NTT),Lembata ,Atadei,Ile Kerbau,86685,MITRA,D,LEMBATA,FLORES,Gate KOE,Cabang Lembata,
KOE21806,Nusa Tenggara Timur (NTT),Lembata ,Atadei,Ile Kimok,86685,MITRA,D,LEMBATA,FLORES,Gate KOE,Cabang Lembata,
KOE21806,Nusa Tenggara Timur (NTT),Lembata ,Atadei,Katakeja,86685,MITRA,D,LEMBATA,FLORES,Gate KOE,Cabang Lembata,
KOE21806,Nusa Tenggara Timur (NTT),Lembata ,Atadei,Lebaata,86685,MITRA,D,LEMBATA,FLORES,Gate KOE,Cabang Lembata,
KOE21806,Nusa Tenggara Timur (NTT),Lembata ,Atadei,Lerek,86685,MITRA,D,LEMBATA,FLORES,Gate KOE,Cabang Lembata,
KOE21806,Nusa Tenggara Timur (NTT),Lembata ,Atadei,Lewogroma,86685,MITRA,D,LEMBATA,FLORES,Gate KOE,Cabang Lembata,
KOE21806,Nusa Tenggara Timur (NTT),Lembata ,Atadei,Lusilame,86685,MITRA,D,LEMBATA,FLORES,Gate KOE,Cabang Lembata,
KOE21806,Nusa Tenggara Timur (NTT),Lembata ,Atadei,Nogo Doni,86685,MITRA,D,LEMBATA,FLORES,Gate KOE,Cabang Lembata,
KOE21806,Nusa Tenggara Timur (NTT),Lembata ,Atadei,Nuba Atalojo,86685,MITRA,D,LEMBATA,FLORES,Gate KOE,Cabang Lembata,
KOE21806,Nusa Tenggara Timur (NTT),Lembata ,Atadei,Nubaboli,86685,MITRA,D,LEMBATA,FLORES,Gate KOE,Cabang Lembata,
KOE21806,Nusa Tenggara Timur (NTT),Lembata ,Atadei,Nubahaeraka,86685,MITRA,D,LEMBATA,FLORES,Gate KOE,Cabang Lembata,
KOE21806,Nusa Tenggara Timur (NTT),Lembata ,Atadei,Tubuk Rajan,86685,MITRA,D,LEMBATA,FLORES,Gate KOE,Cabang Lembata,
KOE21801,Nusa Tenggara Timur (NTT),Lembata ,Buyasuri,Atu Wa'lupang,86692,MITRA,D,LEMBATA,FLORES,Gate KOE,Agen Kedang,
KOE21801,Nusa Tenggara Timur (NTT),Lembata ,Buyasuri,Atulaleng,86692,MITRA,D,LEMBATA,FLORES,Gate KOE,Agen Kedang,
KOE21801,Nusa Tenggara Timur (NTT),Lembata ,Buyasuri,Bareng,86692,MITRA,D,LEMBATA,FLORES,Gate KOE,Agen Kedang,
KOE21801,Nusa Tenggara Timur (NTT),Lembata ,Buyasuri,Bean,86692,MITRA,D,LEMBATA,FLORES,Gate KOE,Agen Kedang,
KOE21801,Nusa Tenggara Timur (NTT),Lembata ,Buyasuri,Benihading I,86692,MITRA,D,LEMBATA,FLORES,Gate KOE,Agen Kedang,
KOE21801,Nusa Tenggara Timur (NTT),Lembata ,Buyasuri,Benihading II,86692,MITRA,D,LEMBATA,FLORES,Gate KOE,Agen Kedang,
KOE21801,Nusa Tenggara Timur (NTT),Lembata ,Buyasuri,Buriwutung,86692,MITRA,D,LEMBATA,FLORES,Gate KOE,Agen Kedang,
KOE21801,Nusa Tenggara Timur (NTT),Lembata ,Buyasuri,Kalikur,86692,MITRA,D,LEMBATA,FLORES,Gate KOE,Agen Kedang,
KOE21801,Nusa Tenggara Timur (NTT),Lembata ,Buyasuri,Kalikur WL,86692,MITRA,D,LEMBATA,FLORES,Gate KOE,Agen Kedang,
KOE21801,Nusa Tenggara Timur (NTT),Lembata ,Buyasuri,Kaohua,86692,MITRA,D,LEMBATA,FLORES,Gate KOE,Agen Kedang,
KOE21801,Nusa Tenggara Timur (NTT),Lembata ,Buyasuri,Leuburi,86692,MITRA,D,LEMBATA,FLORES,Gate KOE,Agen Kedang,
KOE21801,Nusa Tenggara Timur (NTT),Lembata ,Buyasuri,Leuwohung,86692,MITRA,D,LEMBATA,FLORES,Gate KOE,Agen Kedang,
KOE21801,Nusa Tenggara Timur (NTT),Lembata ,Buyasuri,Loyobohor,86692,MITRA,D,LEMBATA,FLORES,Gate KOE,Agen Kedang,
KOE21801,Nusa Tenggara Timur (NTT),Lembata ,Buyasuri,Mampir,86692,MITRA,D,LEMBATA,FLORES,Gate KOE,Agen Kedang,
KOE21801,Nusa Tenggara Timur (NTT),Lembata ,Buyasuri,Panama,86692,MITRA,D,LEMBATA,FLORES,Gate KOE,Agen Kedang,
KOE21801,Nusa Tenggara Timur (NTT),Lembata ,Buyasuri,Roho,86692,MITRA,D,LEMBATA,FLORES,Gate KOE,Agen Kedang,
KOE21801,Nusa Tenggara Timur (NTT),Lembata ,Buyasuri,Rumang,86692,MITRA,D,LEMBATA,FLORES,Gate KOE,Agen Kedang,
KOE21801,Nusa Tenggara Timur (NTT),Lembata ,Buyasuri,Tobotani,86692,MITRA,D,LEMBATA,FLORES,Gate KOE,Agen Kedang,
KOE21801,Nusa Tenggara Timur (NTT),Lembata ,Buyasuri,Tubung Walang,86692,MITRA,D,LEMBATA,FLORES,Gate KOE,Agen Kedang,
KOE21801,Nusa Tenggara Timur (NTT),Lembata ,Buyasuri,Umaleu,86692,MITRA,D,LEMBATA,FLORES,Gate KOE,Agen Kedang,
KOE21804,Nusa Tenggara Timur (NTT),Lembata ,Ile Ape,Amakaka,86683,MITRA,D,LEMBATA,FLORES,Gate KOE,Cabang Lembata,
KOE21804,Nusa Tenggara Timur (NTT),Lembata ,Ile Ape,Beutaran,86683,MITRA,D,LEMBATA,FLORES,Gate KOE,Cabang Lembata,
KOE21804,Nusa Tenggara Timur (NTT),Lembata ,Ile Ape,Bungamuda,86683,MITRA,D,LEMBATA,FLORES,Gate KOE,Cabang Lembata,
KOE21804,Nusa Tenggara Timur (NTT),Lembata ,Ile Ape,Dulitukan,86683,MITRA,D,LEMBATA,FLORES,Gate KOE,Cabang Lembata,
KOE21804,Nusa Tenggara Timur (NTT),Lembata ,Ile Ape,Kolipadan,86683,MITRA,D,LEMBATA,FLORES,Gate KOE,Cabang Lembata,
KOE21804,Nusa Tenggara Timur (NTT),Lembata ,Ile Ape,Kolontobo,86683,MITRA,D,LEMBATA,FLORES,Gate KOE,Cabang Lembata,
KOE21804,Nusa Tenggara Timur (NTT),Lembata ,Ile Ape,Lamawara,86683,MITRA,D,LEMBATA,FLORES,Gate KOE,Cabang Lembata,
KOE21804,Nusa Tenggara Timur (NTT),Lembata ,Ile Ape,Laranwutun,86683,MITRA,D,LEMBATA,FLORES,Gate KOE,Cabang Lembata,
KOE21804,Nusa Tenggara Timur (NTT),Lembata ,Ile Ape,Muruona,86683,MITRA,D,LEMBATA,FLORES,Gate KOE,Cabang Lembata,
KOE21804,Nusa Tenggara Timur (NTT),Lembata ,Ile Ape,Napasabok,86683,MITRA,D,LEMBATA,FLORES,Gate KOE,Cabang Lembata,
KOE21804,Nusa Tenggara Timur (NTT),Lembata ,Ile Ape,Palilolon,86683,MITRA,D,LEMBATA,FLORES,Gate KOE,Cabang Lembata,
KOE21804,Nusa Tenggara Timur (NTT),Lembata ,Ile Ape,Petuntawa,86683,MITRA,D,LEMBATA,FLORES,Gate KOE,Cabang Lembata,
KOE21804,Nusa Tenggara Timur (NTT),Lembata ,Ile Ape,Riangbao,86683,MITRA,D,LEMBATA,FLORES,Gate KOE,Cabang Lembata,
KOE21804,Nusa Tenggara Timur (NTT),Lembata ,Ile Ape,Tagawiti,86683,MITRA,D,LEMBATA,FLORES,Gate KOE,Cabang Lembata,
KOE21804,Nusa Tenggara Timur (NTT),Lembata ,Ile Ape,Tanjung Batu,86683,MITRA,D,LEMBATA,FLORES,Gate KOE,Cabang Lembata,
KOE21804,Nusa Tenggara Timur (NTT),Lembata ,Ile Ape,Waowala,86683,MITRA,D,LEMBATA,FLORES,Gate KOE,Cabang Lembata,
KOE21804,Nusa Tenggara Timur (NTT),Lembata ,Ile Ape,Watodiri,86683,MITRA,D,LEMBATA,FLORES,Gate KOE,Cabang Lembata,
KOE21809,Nusa Tenggara Timur (NTT),Lembata ,Ile Ape Timur,Aulesa,86683,MITRA,D,LEMBATA,FLORES,Gate KOE,Cabang Lembata,
KOE21809,Nusa Tenggara Timur (NTT),Lembata ,Ile Ape Timur,Bao Lali Duli,86683,MITRA,D,LEMBATA,FLORES,Gate KOE,Cabang Lembata,
KOE21809,Nusa Tenggara Timur (NTT),Lembata ,Ile Ape Timur,Jontona,86683,MITRA,D,LEMBATA,FLORES,Gate KOE,Cabang Lembata,
KOE21809,Nusa Tenggara Timur (NTT),Lembata ,Ile Ape Timur,Lamaau,86683,MITRA,D,LEMBATA,FLORES,Gate KOE,Cabang Lembata,
KOE21809,Nusa Tenggara Timur (NTT),Lembata ,Ile Ape Timur,Lamagute,86683,MITRA,D,LEMBATA,FLORES,Gate KOE,Cabang Lembata,
KOE21809,Nusa Tenggara Timur (NTT),Lembata ,Ile Ape Timur,Lamatokan,86683,MITRA,D,LEMBATA,FLORES,Gate KOE,Cabang Lembata,
KOE21809,Nusa Tenggara Timur (NTT),Lembata ,Ile Ape Timur,Lamawolo,86683,MITRA,D,LEMBATA,FLORES,Gate KOE,Agen Adonara Timur,
KOE21809,Nusa Tenggara Timur (NTT),Lembata ,Ile Ape Timur,Todanara,86683,MITRA,D,LEMBATA,FLORES,Gate KOE,Cabang Lembata,
KOE21809,Nusa Tenggara Timur (NTT),Lembata ,Ile Ape Timur,Waimatan,86683,MITRA,D,LEMBATA,FLORES,Gate KOE,Cabang Lembata,
KOE21803,Nusa Tenggara Timur (NTT),Lembata ,Lebatukan,Atakowa,86681,MITRA,D,LEMBATA,FLORES,Gate KOE,Cabang Lembata,
KOE21803,Nusa Tenggara Timur (NTT),Lembata ,Lebatukan,Banitobo,86681,MITRA,D,LEMBATA,FLORES,Gate KOE,Cabang Lembata,
KOE21803,Nusa Tenggara Timur (NTT),Lembata ,Lebatukan,Baopama (Baopana),86681,MITRA,D,LEMBATA,FLORES,Gate KOE,Cabang Lembata,
KOE21803,Nusa Tenggara Timur (NTT),Lembata ,Lebatukan,Belorebong (Balurebong),86681,MITRA,D,LEMBATA,FLORES,Gate KOE,Cabang Lembata,
KOE21803,Nusa Tenggara Timur (NTT),Lembata ,Lebatukan,Dikesare,86681,MITRA,D,LEMBATA,FLORES,Gate KOE,Cabang Lembata,
KOE21803,Nusa Tenggara Timur (NTT),Lembata ,Lebatukan,Hadakewa,86681,MITRA,D,LEMBATA,FLORES,Gate KOE,Cabang Lembata,
KOE21803,Nusa Tenggara Timur (NTT),Lembata ,Lebatukan,Lamadale,86681,MITRA,D,LEMBATA,FLORES,Gate KOE,Cabang Lembata,
KOE21803,Nusa Tenggara Timur (NTT),Lembata ,Lebatukan,Lamalela,86681,MITRA,D,LEMBATA,FLORES,Gate KOE,Cabang Lembata,
KOE21803,Nusa Tenggara Timur (NTT),Lembata ,Lebatukan,Lamatuka,86681,MITRA,D,LEMBATA,FLORES,Gate KOE,Cabang Lembata,
KOE21803,Nusa Tenggara Timur (NTT),Lembata ,Lebatukan,Lerahinga,86681,MITRA,D,LEMBATA,FLORES,Gate KOE,Cabang Lembata,
KOE21803,Nusa Tenggara Timur (NTT),Lembata ,Lebatukan,Lewoeleng,86681,MITRA,D,LEMBATA,FLORES,Gate KOE,Cabang Lembata,
KOE21803,Nusa Tenggara Timur (NTT),Lembata ,Lebatukan,Lodotodokowa,86681,MITRA,D,LEMBATA,FLORES,Gate KOE,Cabang Lembata,
KOE21803,Nusa Tenggara Timur (NTT),Lembata ,Lebatukan,Merdeka,86681,MITRA,D,LEMBATA,FLORES,Gate KOE,Cabang Alor,
KOE21803,Nusa Tenggara Timur (NTT),Lembata ,Lebatukan,Seranggorang,86681,MITRA,D,LEMBATA,FLORES,Gate KOE,Cabang Lembata,
KOE21803,Nusa Tenggara Timur (NTT),Lembata ,Lebatukan,Tapobaran,86681,MITRA,D,LEMBATA,FLORES,Gate KOE,Cabang Lembata,
KOE21803,Nusa Tenggara Timur (NTT),Lembata ,Lebatukan,Tapolangu,86681,MITRA,D,LEMBATA,FLORES,Gate KOE,Cabang Lembata,
KOE21803,Nusa Tenggara Timur (NTT),Lembata ,Lebatukan,Waienga,86681,MITRA,D,LEMBATA,FLORES,Gate KOE,Cabang Lembata,
KOE21807,Nusa Tenggara Timur (NTT),Lembata ,Naga Wutung,Atawai,86684,MITRA,D,LEMBATA,FLORES,Gate KOE,Cabang Lembata,
KOE21807,Nusa Tenggara Timur (NTT),Lembata ,Naga Wutung,Babokerong,86684,MITRA,D,LEMBATA,FLORES,Gate KOE,Cabang Lembata,
KOE21807,Nusa Tenggara Timur (NTT),Lembata ,Naga Wutung,Baobolak,86684,MITRA,D,LEMBATA,FLORES,Gate KOE,Cabang Lembata,
KOE21807,Nusa Tenggara Timur (NTT),Lembata ,Naga Wutung,Belobaja,86684,MITRA,D,LEMBATA,FLORES,Gate KOE,Cabang Lembata,
KOE21807,Nusa Tenggara Timur (NTT),Lembata ,Naga Wutung,Boli Bean,86684,MITRA,D,LEMBATA,FLORES,Gate KOE,Cabang Lembata,
KOE21807,Nusa Tenggara Timur (NTT),Lembata ,Naga Wutung,Duawutun,86684,MITRA,D,LEMBATA,FLORES,Gate KOE,Cabang Lembata,
KOE21807,Nusa Tenggara Timur (NTT),Lembata ,Naga Wutung,Idalolong,86684,MITRA,D,LEMBATA,FLORES,Gate KOE,Cabang Lembata,
KOE21807,Nusa Tenggara Timur (NTT),Lembata ,Naga Wutung,Ileboli,86684,MITRA,D,LEMBATA,FLORES,Gate KOE,Cabang Lembata,
KOE21807,Nusa Tenggara Timur (NTT),Lembata ,Naga Wutung,Labalimut,86684,MITRA,D,LEMBATA,FLORES,Gate KOE,Cabang Lembata,
KOE21807,Nusa Tenggara Timur (NTT),Lembata ,Naga Wutung,Liwulagang,86684,MITRA,D,LEMBATA,FLORES,Gate KOE,Cabang Lembata,
KOE21807,Nusa Tenggara Timur (NTT),Lembata ,Naga Wutung,Lolong,86684,MITRA,D,LEMBATA,FLORES,Gate KOE,Cabang Lembata,
KOE21807,Nusa Tenggara Timur (NTT),Lembata ,Naga Wutung,Lusiduawutun,86684,MITRA,D,LEMBATA,FLORES,Gate KOE,Cabang Lembata,
KOE21807,Nusa Tenggara Timur (NTT),Lembata ,Naga Wutung,Pasir Putih,86684,MITRA,D,LEMBATA,FLORES,Gate KOE,Agen Messah,
KOE21807,Nusa Tenggara Timur (NTT),Lembata ,Naga Wutung,Penikenek,86684,MITRA,D,LEMBATA,FLORES,Gate KOE,Cabang Lembata,
KOE21807,Nusa Tenggara Timur (NTT),Lembata ,Naga Wutung,Ria Bao,86684,MITRA,D,LEMBATA,FLORES,Gate KOE,Cabang Lembata,
KOE21807,Nusa Tenggara Timur (NTT),Lembata ,Naga Wutung,Tewaowutung,86684,MITRA,D,LEMBATA,FLORES,Gate KOE,Cabang Lembata,
KOE21807,Nusa Tenggara Timur (NTT),Lembata ,Naga Wutung,Warawatung,86684,MITRA,D,LEMBATA,FLORES,Gate KOE,Cabang Lembata,
KOE21807,Nusa Tenggara Timur (NTT),Lembata ,Naga Wutung,Wuakoreng,86684,MITRA,D,LEMBATA,FLORES,Gate KOE,Cabang Lembata,
KOE21802,Nusa Tenggara Timur (NTT),Lembata ,Omesuri,Aramengi,86691,MITRA,D,LEMBATA,FLORES,Gate KOE,Agen Kedang,
KOE21802,Nusa Tenggara Timur (NTT),Lembata ,Omesuri,Balauring,86691,MITRA,D,LEMBATA,FLORES,Gate KOE,Agen Kedang,
KOE21802,Nusa Tenggara Timur (NTT),Lembata ,Omesuri,Dolulolong,86691,MITRA,D,LEMBATA,FLORES,Gate KOE,Agen Kedang,
KOE21802,Nusa Tenggara Timur (NTT),Lembata ,Omesuri,Hingalamamengi,86691,MITRA,D,LEMBATA,FLORES,Gate KOE,Agen Kedang,
KOE21802,Nusa Tenggara Timur (NTT),Lembata ,Omesuri,Hoelea I,86691,MITRA,D,LEMBATA,FLORES,Gate KOE,Agen Kedang,
KOE21802,Nusa Tenggara Timur (NTT),Lembata ,Omesuri,Hoelea II,86691,MITRA,D,LEMBATA,FLORES,Gate KOE,Agen Kedang,
KOE21802,Nusa Tenggara Timur (NTT),Lembata ,Omesuri,Lebewala,86691,MITRA,D,LEMBATA,FLORES,Gate KOE,Agen Kedang,
KOE21802,Nusa Tenggara Timur (NTT),Lembata ,Omesuri,Leubatang,86691,MITRA,D,LEMBATA,FLORES,Gate KOE,Agen Kedang,
KOE21802,Nusa Tenggara Timur (NTT),Lembata ,Omesuri,Leudanung,86691,MITRA,D,LEMBATA,FLORES,Gate KOE,Agen Kedang,
KOE21802,Nusa Tenggara Timur (NTT),Lembata ,Omesuri,Leuwayang,86691,MITRA,D,LEMBATA,FLORES,Gate KOE,Agen Kedang,
KOE21802,Nusa Tenggara Timur (NTT),Lembata ,Omesuri,Mahal I,86691,MITRA,D,LEMBATA,FLORES,Gate KOE,Agen Kedang,
KOE21802,Nusa Tenggara Timur (NTT),Lembata ,Omesuri,Mahal II,86691,MITRA,D,LEMBATA,FLORES,Gate KOE,Agen Kedang,
KOE21802,Nusa Tenggara Timur (NTT),Lembata ,Omesuri,Meluwiting,86691,MITRA,D,LEMBATA,FLORES,Gate KOE,Agen Kedang,
KOE21802,Nusa Tenggara Timur (NTT),Lembata ,Omesuri,Meluwiting I,86691,MITRA,D,LEMBATA,FLORES,Gate KOE,Agen Kedang,
KOE21802,Nusa Tenggara Timur (NTT),Lembata ,Omesuri,Nilanapo,86691,MITRA,D,LEMBATA,FLORES,Gate KOE,Agen Kedang,
KOE21802,Nusa Tenggara Timur (NTT),Lembata ,Omesuri,Normal,86691,MITRA,D,LEMBATA,FLORES,Gate KOE,Agen Kedang,
KOE21802,Nusa Tenggara Timur (NTT),Lembata ,Omesuri,Normal I,86691,MITRA,D,LEMBATA,FLORES,Gate KOE,Agen Kedang,
KOE21802,Nusa Tenggara Timur (NTT),Lembata ,Omesuri,Peusawa,86691,MITRA,D,LEMBATA,FLORES,Gate KOE,Agen Kedang,
KOE21802,Nusa Tenggara Timur (NTT),Lembata ,Omesuri,Roma,86691,MITRA,D,LEMBATA,FLORES,Gate KOE,Agen Kedang,
KOE21802,Nusa Tenggara Timur (NTT),Lembata ,Omesuri,Wailolong,86691,MITRA,D,LEMBATA,FLORES,Gate KOE,Agen Kedang,
KOE21802,Nusa Tenggara Timur (NTT),Lembata ,Omesuri,Walang Sawah,86691,MITRA,D,LEMBATA,FLORES,Gate KOE,Agen Kedang,
KOE21802,Nusa Tenggara Timur (NTT),Lembata ,Omesuri,Wowong,86691,MITRA,D,LEMBATA,FLORES,Gate KOE,Agen Kedang,
KOE21808,Nusa Tenggara Timur (NTT),Lembata ,Wulandoni,Alap Atadei,86685,MITRA,D,LEMBATA,FLORES,Gate KOE,Cabang Lembata,
KOE21808,Nusa Tenggara Timur (NTT),Lembata ,Wulandoni,Ataili,86685,MITRA,D,LEMBATA,FLORES,Gate KOE,Cabang Lembata,
KOE21808,Nusa Tenggara Timur (NTT),Lembata ,Wulandoni,Atakera,86685,MITRA,D,LEMBATA,FLORES,Gate KOE,Cabang Lembata,
KOE21808,Nusa Tenggara Timur (NTT),Lembata ,Wulandoni,Belobao,86685,MITRA,D,LEMBATA,FLORES,Gate KOE,Cabang Lembata,
KOE21808,Nusa Tenggara Timur (NTT),Lembata ,Wulandoni,Imulolong,86685,MITRA,D,LEMBATA,FLORES,Gate KOE,Cabang Lembata,
KOE21808,Nusa Tenggara Timur (NTT),Lembata ,Wulandoni,Lamalera A,86685,MITRA,D,LEMBATA,FLORES,Gate KOE,Cabang Lembata,
KOE21808,Nusa Tenggara Timur (NTT),Lembata ,Wulandoni,Lamalera B,86685,MITRA,D,LEMBATA,FLORES,Gate KOE,Cabang Lembata,
KOE21808,Nusa Tenggara Timur (NTT),Lembata ,Wulandoni,Lelata,86685,MITRA,D,LEMBATA,FLORES,Gate KOE,Cabang Lembata,
KOE21808,Nusa Tenggara Timur (NTT),Lembata ,Wulandoni,Leworaja,86685,MITRA,D,LEMBATA,FLORES,Gate KOE,Cabang Lembata,
KOE21808,Nusa Tenggara Timur (NTT),Lembata ,Wulandoni,Pantai Harapan,86685,MITRA,D,LEMBATA,FLORES,Gate KOE,Cabang Lembata,
KOE21808,Nusa Tenggara Timur (NTT),Lembata ,Wulandoni,Posiwatu,86685,MITRA,D,LEMBATA,FLORES,Gate KOE,Cabang Lembata,
KOE21808,Nusa Tenggara Timur (NTT),Lembata ,Wulandoni,Puor,86685,MITRA,D,LEMBATA,FLORES,Gate KOE,Cabang Lembata,
KOE21808,Nusa Tenggara Timur (NTT),Lembata ,Wulandoni,Puor B,86685,MITRA,D,LEMBATA,FLORES,Gate KOE,Cabang Lembata,
KOE21808,Nusa Tenggara Timur (NTT),Lembata ,Wulandoni,Tapobali,86685,MITRA,D,LEMBATA,FLORES,Gate KOE,Agen Adonara Timur,
KOE21808,Nusa Tenggara Timur (NTT),Lembata ,Wulandoni,Wulandoni,86685,MITRA,D,LEMBATA,FLORES,Gate KOE,Cabang Lembata,
KOE20509,Nusa Tenggara Timur (NTT),Sikka ,Palue,Kesokoja,86111,KANTOR PERWAKILAN,D,MAUMERE,FLORES,Gate KOE,Cabang Maumere,"senin, rabu,sabtu"
KOE20509,Nusa Tenggara Timur (NTT),Sikka ,Palue,Ladolaka,86111,KANTOR PERWAKILAN,D,MAUMERE,FLORES,Gate KOE,Cabang Maumere,"senin, rabu,sabtu"
KOE20509,Nusa Tenggara Timur (NTT),Sikka ,Palue,Lidi,86111,KANTOR PERWAKILAN,D,MAUMERE,FLORES,Gate KOE,Cabang Borong,"senin, rabu,sabtu"
KOE20509,Nusa Tenggara Timur (NTT),Sikka ,Palue,Maluriwu,86111,KANTOR PERWAKILAN,D,MAUMERE,FLORES,Gate KOE,Cabang Maumere,"senin, rabu,sabtu"
KOE20509,Nusa Tenggara Timur (NTT),Sikka ,Palue,Nitunglea,86111,KANTOR PERWAKILAN,D,MAUMERE,FLORES,Gate KOE,Cabang Maumere,"senin, rabu,sabtu"
KOE20509,Nusa Tenggara Timur (NTT),Sikka ,Palue,Reruwairere,86111,KANTOR PERWAKILAN,D,MAUMERE,FLORES,Gate KOE,Cabang Maumere,"senin, rabu,sabtu"
KOE20509,Nusa Tenggara Timur (NTT),Sikka ,Palue,Rokirole,86111,KANTOR PERWAKILAN,D,MAUMERE,FLORES,Gate KOE,Cabang Maumere,"senin, rabu,sabtu"
KOE20509,Nusa Tenggara Timur (NTT),Sikka ,Palue,Tuanggeo,86111,KANTOR PERWAKILAN,D,MAUMERE,FLORES,Gate KOE,Cabang Maumere,"senin, rabu,sabtu"
KOE21406,Nusa Tenggara Timur (NTT),Nagekeo ,Keo Tengah,Keli,86464,MITRA,D,MBAY,FLORES,Gate LBJ,Agen Keo Tengah,Setiap Hari
KOE21406,Nusa Tenggara Timur (NTT),Nagekeo ,Keo Tengah,Kotadirumali,86464,MITRA,D,MBAY,FLORES,Gate LBJ,Agen Keo Tengah,Setiap Hari
KOE21406,Nusa Tenggara Timur (NTT),Nagekeo ,Keo Tengah,Kotawuji Barat,86464,MITRA,D,MBAY,FLORES,Gate LBJ,Agen Keo Tengah,Setiap Hari
KOE21406,Nusa Tenggara Timur (NTT),Nagekeo ,Keo Tengah,Kotawuji Timur,86464,MITRA,D,MBAY,FLORES,Gate LBJ,Agen Keo Tengah,Setiap Hari
KOE21406,Nusa Tenggara Timur (NTT),Nagekeo ,Keo Tengah,Ladolima,86464,MITRA,D,MBAY,FLORES,Gate LBJ,Agen Keo Tengah,Setiap Hari
KOE21406,Nusa Tenggara Timur (NTT),Nagekeo ,Keo Tengah,Ladolima Barat,86464,MITRA,D,MBAY,FLORES,Gate LBJ,Agen Keo Tengah,Setiap Hari
KOE21406,Nusa Tenggara Timur (NTT),Nagekeo ,Keo Tengah,Ladolima Timur,86464,MITRA,D,MBAY,FLORES,Gate LBJ,Agen Keo Tengah,Setiap Hari
KOE21406,Nusa Tenggara Timur (NTT),Nagekeo ,Keo Tengah,Lewangera,86464,MITRA,D,MBAY,FLORES,Gate LBJ,Agen Keo Tengah,Setiap Hari
KOE21406,Nusa Tenggara Timur (NTT),Nagekeo ,Keo Tengah,Mbaenuamuri,86464,MITRA,D,MBAY,FLORES,Gate LBJ,Agen Keo Tengah,Setiap Hari
KOE21406,Nusa Tenggara Timur (NTT),Nagekeo ,Keo Tengah,Ngera,86464,MITRA,D,MBAY,FLORES,Gate LBJ,Agen Keo Tengah,Setiap Hari
KOE21406,Nusa Tenggara Timur (NTT),Nagekeo ,Keo Tengah,Paumali,86464,MITRA,D,MBAY,FLORES,Gate LBJ,Agen Keo Tengah,Setiap Hari
KOE21406,Nusa Tenggara Timur (NTT),Nagekeo ,Keo Tengah,Pautola,86464,MITRA,D,MBAY,FLORES,Gate LBJ,Agen Keo Tengah,Setiap Hari
KOE21406,Nusa Tenggara Timur (NTT),Nagekeo ,Keo Tengah,Udiworowatu,86464,MITRA,D,MBAY,FLORES,Gate LBJ,Agen Keo Tengah,Setiap Hari
KOE21406,Nusa Tenggara Timur (NTT),Nagekeo ,Keo Tengah,Wajo,86464,MITRA,D,MBAY,FLORES,Gate LBJ,Agen Keo Tengah,Setiap Hari
KOE21406,Nusa Tenggara Timur (NTT),Nagekeo ,Keo Tengah,Wajo Timur,86464,MITRA,D,MBAY,FLORES,Gate LBJ,Agen Keo Tengah,Setiap Hari
KOE21406,Nusa Tenggara Timur (NTT),Nagekeo ,Keo Tengah,Witurombaua,86464,MITRA,D,MBAY,FLORES,Gate LBJ,Agen Keo Tengah,Setiap Hari
KOE21407,Nusa Tenggara Timur (NTT),Nagekeo ,Wolowae,Anakoli,86472,MITRA,D,MBAY,FLORES,Gate LBJ,Agen Wolowae,Setiap Hari
KOE21407,Nusa Tenggara Timur (NTT),Nagekeo ,Wolowae,Natatoto,86472,MITRA,D,MBAY,FLORES,Gate LBJ,Agen Wolowae,Setiap Hari
KOE21407,Nusa Tenggara Timur (NTT),Nagekeo ,Wolowae,Tenda Kinde,86472,MITRA,D,MBAY,FLORES,Gate LBJ,Agen Wolowae,Setiap Hari
KOE21407,Nusa Tenggara Timur (NTT),Nagekeo ,Wolowae,Tendatoto,86472,MITRA,D,MBAY,FLORES,Gate LBJ,Agen Wolowae,Setiap Hari
KOE21407,Nusa Tenggara Timur (NTT),Nagekeo ,Wolowae,Totomala,86472,MITRA,D,MBAY,FLORES,Gate LBJ,Agen Wolowae,Setiap Hari
KOE21405,Nusa Tenggara Timur (NTT),Nagekeo ,Nangaroro,Bidoa,86464,MITRA,D,MBAY,FLORES,Gate LBJ,Agen Nangapanda,
KOE21405,Nusa Tenggara Timur (NTT),Nagekeo ,Nangaroro,Degalea,86464,MITRA,D,MBAY,FLORES,Gate LBJ,Agen Nangapanda,
KOE21405,Nusa Tenggara Timur (NTT),Nagekeo ,Nangaroro,Kodaute,86464,MITRA,D,MBAY,FLORES,Gate LBJ,Agen Nangapanda,
KOE21405,Nusa Tenggara Timur (NTT),Nagekeo ,Nangaroro,Kotakeo,86464,MITRA,D,MBAY,FLORES,Gate LBJ,Agen Nangapanda,
KOE21405,Nusa Tenggara Timur (NTT),Nagekeo ,Nangaroro,Kotakeo Dua,86464,MITRA,D,MBAY,FLORES,Gate LBJ,Agen Nangapanda,
KOE21405,Nusa Tenggara Timur (NTT),Nagekeo ,Nangaroro,Kotakeo Satu,86464,MITRA,D,MBAY,FLORES,Gate LBJ,Agen Nangapanda,
KOE21405,Nusa Tenggara Timur (NTT),Nagekeo ,Nangaroro,Nangaroro,86464,MITRA,D,MBAY,FLORES,Gate LBJ,Agen Nangapanda,
KOE21405,Nusa Tenggara Timur (NTT),Nagekeo ,Nangaroro,Nataute,86464,MITRA,D,MBAY,FLORES,Gate LBJ,Agen Nangapanda,
KOE21405,Nusa Tenggara Timur (NTT),Nagekeo ,Nangaroro,Pagomogo,86464,MITRA,D,MBAY,FLORES,Gate LBJ,Agen Nangapanda,
KOE21405,Nusa Tenggara Timur (NTT),Nagekeo ,Nangaroro,Podenura,86464,MITRA,D,MBAY,FLORES,Gate LBJ,Agen Nangapanda,
KOE21405,Nusa Tenggara Timur (NTT),Nagekeo ,Nangaroro,Riti,86464,MITRA,D,MBAY,FLORES,Gate LBJ,Agen Nangapanda,
KOE21405,Nusa Tenggara Timur (NTT),Nagekeo ,Nangaroro,Tonggo,86464,MITRA,D,MBAY,FLORES,Gate LBJ,Agen Nangapanda,
KOE21405,Nusa Tenggara Timur (NTT),Nagekeo ,Nangaroro,Ulupulu,86464,MITRA,D,MBAY,FLORES,Gate LBJ,Agen Nangapanda,
KOE21405,Nusa Tenggara Timur (NTT),Nagekeo ,Nangaroro,Ulupulu I,86464,MITRA,D,MBAY,FLORES,Gate LBJ,Agen Nangapanda,
KOE21405,Nusa Tenggara Timur (NTT),Nagekeo ,Nangaroro,Utetoto,86464,MITRA,D,MBAY,FLORES,Gate LBJ,Agen Nangapanda,
KOE21405,Nusa Tenggara Timur (NTT),Nagekeo ,Nangaroro,Woedoa,86464,MITRA,D,MBAY,FLORES,Gate LBJ,Agen Nangapanda,
KOE21405,Nusa Tenggara Timur (NTT),Nagekeo ,Nangaroro,Woewutu,86464,MITRA,D,MBAY,FLORES,Gate LBJ,Agen Nangapanda,
KOE21405,Nusa Tenggara Timur (NTT),Nagekeo ,Nangaroro,Wokodekororo,86464,MITRA,D,MBAY,FLORES,Gate LBJ,Agen Nangapanda,
KOE21405,Nusa Tenggara Timur (NTT),Nagekeo ,Nangaroro,Wokowoe,86464,MITRA,D,MBAY,FLORES,Gate LBJ,Agen Nangapanda,
KOE20603,Nusa Tenggara Timur (NTT),Manggarai ,Cibal,Barang,86591,MITRA,D,RUTENG,FLORES,Gate LBJ,Cabang Ruteng,Hari Rabu dan Sabtu
KOE20603,Nusa Tenggara Timur (NTT),Manggarai ,Cibal,Bea Mese,86591,MITRA,D,RUTENG,FLORES,Gate LBJ,Cabang Ruteng,Hari Rabu dan Sabtu
KOE20603,Nusa Tenggara Timur (NTT),Manggarai ,Cibal,Gapong,86591,MITRA,D,RUTENG,FLORES,Gate LBJ,Cabang Ruteng,Hari Rabu dan Sabtu
KOE20603,Nusa Tenggara Timur (NTT),Manggarai ,Cibal,Golo,86591,MITRA,D,RUTENG,FLORES,Gate LBJ,Cabang Ruteng,Hari Rabu dan Sabtu
KOE20603,Nusa Tenggara Timur (NTT),Manggarai ,Cibal,Golo Ncuang,86591,MITRA,D,RUTENG,FLORES,Gate LBJ,Cabang Ruteng,Hari Rabu dan Sabtu
KOE20603,Nusa Tenggara Timur (NTT),Manggarai ,Cibal,Kentol,86591,MITRA,D,RUTENG,FLORES,Gate LBJ,Cabang Ruteng,Hari Rabu dan Sabtu
KOE20603,Nusa Tenggara Timur (NTT),Manggarai ,Cibal,Ladur,86591,MITRA,D,RUTENG,FLORES,Gate LBJ,Cabang Ruteng,Hari Rabu dan Sabtu
KOE20603,Nusa Tenggara Timur (NTT),Manggarai ,Cibal,Lando,86591,MITRA,D,RUTENG,FLORES,Gate LBJ,Cabang Ruteng,Hari Rabu dan Sabtu
KOE20603,Nusa Tenggara Timur (NTT),Manggarai ,Cibal,Langkas,86591,MITRA,D,RUTENG,FLORES,Gate LBJ,Cabang Ruteng,Hari Rabu dan Sabtu
KOE20603,Nusa Tenggara Timur (NTT),Manggarai ,Cibal,Nenu,86591,MITRA,D,RUTENG,FLORES,Gate LBJ,Cabang Ruteng,Hari Rabu dan Sabtu
KOE20603,Nusa Tenggara Timur (NTT),Manggarai ,Cibal,Pagal,86591,MITRA,D,RUTENG,FLORES,Gate LBJ,Cabang Ruteng,Hari Rabu dan Sabtu
KOE20603,Nusa Tenggara Timur (NTT),Manggarai ,Cibal,Perak,86591,MITRA,D,RUTENG,FLORES,Gate LBJ,Cabang Ruteng,Hari Rabu dan Sabtu
KOE20603,Nusa Tenggara Timur (NTT),Manggarai ,Cibal,Pinggang,86591,MITRA,D,RUTENG,FLORES,Gate LBJ,Cabang Ruteng,Hari Rabu dan Sabtu
KOE20603,Nusa Tenggara Timur (NTT),Manggarai ,Cibal,Rado,86591,MITRA,D,RUTENG,FLORES,Gate LBJ,Cabang Ruteng,Hari Rabu dan Sabtu
KOE20603,Nusa Tenggara Timur (NTT),Manggarai ,Cibal,Riung,86591,MITRA,D,RUTENG,FLORES,Gate LBJ,Cabang Ruteng,Hari Rabu dan Sabtu
KOE20603,Nusa Tenggara Timur (NTT),Manggarai ,Cibal,Welu,86591,MITRA,D,RUTENG,FLORES,Gate LBJ,Cabang Ruteng,Hari Rabu dan Sabtu
KOE20603,Nusa Tenggara Timur (NTT),Manggarai ,Cibal,Wudi,86591,MITRA,D,RUTENG,FLORES,Gate LBJ,Cabang Ruteng,Hari Rabu dan Sabtu
KOE20625,Nusa Tenggara Timur (NTT),Manggarai ,Cibal Barat,Bangka Ara,86591,MITRA,D,RUTENG,FLORES,Gate LBJ,Cabang Ruteng,Hari Rabu dan Sabtu
KOE20625,Nusa Tenggara Timur (NTT),Manggarai ,Cibal Barat,Bere,86591,MITRA,D,RUTENG,FLORES,Gate LBJ,Cabang Ruteng,Hari Rabu dan Sabtu
KOE20625,Nusa Tenggara Timur (NTT),Manggarai ,Cibal Barat,Compang Cibal,86591,MITRA,D,RUTENG,FLORES,Gate LBJ,Cabang Ruteng,Hari Rabu dan Sabtu
KOE20625,Nusa Tenggara Timur (NTT),Manggarai ,Cibal Barat,Golo Lanak,86591,MITRA,D,RUTENG,FLORES,Gate LBJ,Cabang Ruteng,Hari Rabu dan Sabtu
KOE20625,Nusa Tenggara Timur (NTT),Manggarai ,Cibal Barat,Golo Woi,86591,MITRA,D,RUTENG,FLORES,Gate LBJ,Cabang Ruteng,Hari Rabu dan Sabtu
KOE20625,Nusa Tenggara Timur (NTT),Manggarai ,Cibal Barat,Latung,86591,MITRA,D,RUTENG,FLORES,Gate LBJ,Agen Riung,Hari Rabu dan Sabtu
KOE20625,Nusa Tenggara Timur (NTT),Manggarai ,Cibal Barat,Lenda,86591,MITRA,D,RUTENG,FLORES,Gate LBJ,Cabang Ruteng,Hari Rabu dan Sabtu
KOE20625,Nusa Tenggara Timur (NTT),Manggarai ,Cibal Barat,Timbu,86591,MITRA,D,RUTENG,FLORES,Gate LBJ,Cabang Ruteng,Hari Rabu dan Sabtu
KOE20625,Nusa Tenggara Timur (NTT),Manggarai ,Cibal Barat,Wae Codi,86591,MITRA,D,RUTENG,FLORES,Gate LBJ,Cabang Ruteng,Hari Rabu dan Sabtu
KOE20625,Nusa Tenggara Timur (NTT),Manggarai ,Cibal Barat,Wae Renca,86591,MITRA,D,RUTENG,FLORES,Gate LBJ,Cabang Ruteng,Hari Rabu dan Sabtu
KOE20623,Nusa Tenggara Timur (NTT),Manggarai ,Lelak,Bangka Dese,86516,MITRA,D,RUTENG,FLORES,Gate LBJ,Agen Cancar,Setiap Hari
KOE20623,Nusa Tenggara Timur (NTT),Manggarai ,Lelak,Bangka Lelak,86516,MITRA,D,RUTENG,FLORES,Gate LBJ,Agen Cancar,Setiap Hari
KOE20623,Nusa Tenggara Timur (NTT),Manggarai ,Lelak,Bangka Tonggur,86516,MITRA,D,RUTENG,FLORES,Gate LBJ,Agen Cancar,Setiap Hari
KOE20623,Nusa Tenggara Timur (NTT),Manggarai ,Lelak,Gelong,86516,MITRA,D,RUTENG,FLORES,Gate LBJ,Agen Adonara Timur,Setiap Hari
KOE20623,Nusa Tenggara Timur (NTT),Manggarai ,Lelak,Ketang,86516,MITRA,D,RUTENG,FLORES,Gate LBJ,Agen Cancar,Setiap Hari
KOE20623,Nusa Tenggara Timur (NTT),Manggarai ,Lelak,Lentang,86516,MITRA,D,RUTENG,FLORES,Gate LBJ,Agen Cancar,Setiap Hari
KOE20623,Nusa Tenggara Timur (NTT),Manggarai ,Lelak,Nati,86516,MITRA,D,RUTENG,FLORES,Gate LBJ,Agen Cancar,Setiap Hari
KOE20623,Nusa Tenggara Timur (NTT),Manggarai ,Lelak,Ndiwar,86516,MITRA,D,RUTENG,FLORES,Gate LBJ,Agen Cancar,Setiap Hari
KOE20623,Nusa Tenggara Timur (NTT),Manggarai ,Lelak,Pong Ompu,86516,MITRA,D,RUTENG,FLORES,Gate LBJ,Agen Cancar,Setiap Hari
KOE20623,Nusa Tenggara Timur (NTT),Manggarai ,Lelak,Urang,86516,MITRA,D,RUTENG,FLORES,Gate LBJ,Agen Cancar,Setiap Hari
KOE20622,Nusa Tenggara Timur (NTT),Manggarai ,Rahong Utara,Bangka Ajang,86516,MITRA,D,RUTENG,FLORES,Gate LBJ,Agen Cancar,Setiap Hari
KOE20622,Nusa Tenggara Timur (NTT),Manggarai ,Rahong Utara,Bangka Ruang,86516,MITRA,D,RUTENG,FLORES,Gate LBJ,Agen Cancar,Setiap Hari
KOE20622,Nusa Tenggara Timur (NTT),Manggarai ,Rahong Utara,Benteng Tubi,86516,MITRA,D,RUTENG,FLORES,Gate LBJ,Agen Cancar,Setiap Hari
KOE20622,Nusa Tenggara Timur (NTT),Manggarai ,Rahong Utara,Buar,86516,MITRA,D,RUTENG,FLORES,Gate LBJ,Agen Cancar,Setiap Hari
KOE20622,Nusa Tenggara Timur (NTT),Manggarai ,Rahong Utara,Compang Dari,86516,MITRA,D,RUTENG,FLORES,Gate LBJ,Agen Cancar,Setiap Hari
KOE20622,Nusa Tenggara Timur (NTT),Manggarai ,Rahong Utara,Dimpong,86516,MITRA,D,RUTENG,FLORES,Gate LBJ,Agen Cancar,Setiap Hari
KOE20622,Nusa Tenggara Timur (NTT),Manggarai ,Rahong Utara,Golo Langkok,86516,MITRA,D,RUTENG,FLORES,Gate LBJ,Agen Cancar,Setiap Hari
KOE20622,Nusa Tenggara Timur (NTT),Manggarai ,Rahong Utara,Liang Bua,86516,MITRA,D,RUTENG,FLORES,Gate LBJ,Agen Cancar,Setiap Hari
KOE20622,Nusa Tenggara Timur (NTT),Manggarai ,Rahong Utara,Manong,86516,MITRA,D,RUTENG,FLORES,Gate LBJ,Agen Cancar,Setiap Hari
KOE20622,Nusa Tenggara Timur (NTT),Manggarai ,Rahong Utara,Pong Lengor,86516,MITRA,D,RUTENG,FLORES,Gate LBJ,Agen Cancar,Setiap Hari
KOE20622,Nusa Tenggara Timur (NTT),Manggarai ,Rahong Utara,Tengku Lese,86516,MITRA,D,RUTENG,FLORES,Gate LBJ,Agen Cancar,Setiap Hari
KOE20622,Nusa Tenggara Timur (NTT),Manggarai ,Rahong Utara,Wae Mantang,86516,MITRA,D,RUTENG,FLORES,Gate LBJ,Agen Cancar,H+2 Inbound Ruteng
KOE20626,Nusa Tenggara Timur (NTT),Manggarai ,Reok Barat,Lante,86592,MITRA,D,RUTENG,FLORES,Gate LBJ,Agen Reok,H+2 Inbound Ruteng
KOE20626,Nusa Tenggara Timur (NTT),Manggarai ,Reok Barat,Lemarang,86592,MITRA,D,RUTENG,FLORES,Gate LBJ,Agen Reok,H+2 Inbound Ruteng
KOE20626,Nusa Tenggara Timur (NTT),Manggarai ,Reok Barat,Loce,86592,MITRA,D,RUTENG,FLORES,Gate LBJ,Agen Reok,H+2 Inbound Ruteng
KOE20626,Nusa Tenggara Timur (NTT),Manggarai ,Reok Barat,Nggalak,86592,MITRA,D,RUTENG,FLORES,Gate LBJ,Agen Reok,H+2 Inbound Ruteng
KOE20626,Nusa Tenggara Timur (NTT),Manggarai ,Reok Barat,Para Lando,86592,MITRA,D,RUTENG,FLORES,Gate LBJ,Agen Reok,H+2 Inbound Ruteng
KOE20626,Nusa Tenggara Timur (NTT),Manggarai ,Reok Barat,Rura,86592,MITRA,D,RUTENG,FLORES,Gate LBJ,Agen Reok,H+2 Inbound Ruteng
KOE20626,Nusa Tenggara Timur (NTT),Manggarai ,Reok Barat,Sambi,86592,MITRA,D,RUTENG,FLORES,Gate LBJ,Agen Reok,H+2 Inbound Ruteng
KOE20626,Nusa Tenggara Timur (NTT),Manggarai ,Reok Barat,Toe,86592,MITRA,D,RUTENG,FLORES,Gate LBJ,Agen Reok,H+2 Inbound Ruteng
KOE20626,Nusa Tenggara Timur (NTT),Manggarai ,Reok Barat,Torong Koe,86592,MITRA,D,RUTENG,FLORES,Gate LBJ,Agen Reok,H+2 Inbound Ruteng
KOE20626,Nusa Tenggara Timur (NTT),Manggarai ,Reok Barat,Wae Kajong,86592,MITRA,D,RUTENG,FLORES,Gate LBJ,Agen Reok,H+2 Inbound Ruteng
KOE20614,Nusa Tenggara Timur (NTT),Manggarai ,Satar Mese,Gara,86561,MITRA,D,RUTENG,FLORES,Gate LBJ,Cabang Ruteng,Hari Rabu dan Sabtu
KOE20614,Nusa Tenggara Timur (NTT),Manggarai ,Satar Mese,Golo Lambo,86561,MITRA,D,RUTENG,FLORES,Gate LBJ,Cabang Ruteng,Hari Rabu dan Sabtu
KOE20614,Nusa Tenggara Timur (NTT),Manggarai ,Satar Mese,Golo Muntas,86561,MITRA,D,RUTENG,FLORES,Gate LBJ,Cabang Ruteng,Hari Rabu dan Sabtu
KOE20614,Nusa Tenggara Timur (NTT),Manggarai ,Satar Mese,Iteng,86561,MITRA,D,RUTENG,FLORES,Gate LBJ,Cabang Ruteng,Hari Rabu dan Sabtu
KOE20614,Nusa Tenggara Timur (NTT),Manggarai ,Satar Mese,Jaong,86561,MITRA,D,RUTENG,FLORES,Gate LBJ,Cabang Ruteng,Hari Rabu dan Sabtu
KOE20614,Nusa Tenggara Timur (NTT),Manggarai ,Satar Mese,Koak,86561,MITRA,D,RUTENG,FLORES,Gate LBJ,Cabang Ruteng,Hari Rabu dan Sabtu
KOE20614,Nusa Tenggara Timur (NTT),Manggarai ,Satar Mese,Langgo,86561,MITRA,D,RUTENG,FLORES,Gate LBJ,Cabang Ruteng,Hari Rabu dan Sabtu
KOE20614,Nusa Tenggara Timur (NTT),Manggarai ,Satar Mese,Legu,86561,MITRA,D,RUTENG,FLORES,Gate LBJ,Cabang Ruteng,Hari Rabu dan Sabtu
KOE20614,Nusa Tenggara Timur (NTT),Manggarai ,Satar Mese,Lolang,86561,MITRA,D,RUTENG,FLORES,Gate LBJ,Cabang Ruteng,Hari Rabu dan Sabtu
KOE20614,Nusa Tenggara Timur (NTT),Manggarai ,Satar Mese,Lungar,86561,MITRA,D,RUTENG,FLORES,Gate LBJ,Cabang Ruteng,Hari Rabu dan Sabtu
KOE20614,Nusa Tenggara Timur (NTT),Manggarai ,Satar Mese,Mocok,86561,MITRA,D,RUTENG,FLORES,Gate LBJ,Cabang Ruteng,Hari Rabu dan Sabtu
KOE20614,Nusa Tenggara Timur (NTT),Manggarai ,Satar Mese,Ngkaer,86561,MITRA,D,RUTENG,FLORES,Gate LBJ,Cabang Ruteng,Hari Rabu dan Sabtu
KOE20614,Nusa Tenggara Timur (NTT),Manggarai ,Satar Mese,Paka,86561,MITRA,D,RUTENG,FLORES,Gate LBJ,Cabang Ruteng,Hari Rabu dan Sabtu
KOE20614,Nusa Tenggara Timur (NTT),Manggarai ,Satar Mese,Papang,86561,MITRA,D,RUTENG,FLORES,Gate LBJ,Cabang Ruteng,Hari Rabu dan Sabtu
KOE20614,Nusa Tenggara Timur (NTT),Manggarai ,Satar Mese,Ponggeok,86561,MITRA,D,RUTENG,FLORES,Gate LBJ,Cabang Ruteng,Hari Rabu dan Sabtu
KOE20614,Nusa Tenggara Timur (NTT),Manggarai ,Satar Mese,Pongkor,86561,MITRA,D,RUTENG,FLORES,Gate LBJ,Cabang Ruteng,Hari Rabu dan Sabtu
KOE20614,Nusa Tenggara Timur (NTT),Manggarai ,Satar Mese,Satar Loung,86561,MITRA,D,RUTENG,FLORES,Gate LBJ,Cabang Ruteng,Hari Rabu dan Sabtu
KOE20614,Nusa Tenggara Timur (NTT),Manggarai ,Satar Mese,Tado,86561,MITRA,D,RUTENG,FLORES,Gate LBJ,Cabang Ruteng,Hari Rabu dan Sabtu
KOE20614,Nusa Tenggara Timur (NTT),Manggarai ,Satar Mese,Tal,86561,MITRA,D,RUTENG,FLORES,Gate LBJ,Cabang Ruteng,Hari Rabu dan Sabtu
KOE20614,Nusa Tenggara Timur (NTT),Manggarai ,Satar Mese,Ulu Belang,86561,MITRA,D,RUTENG,FLORES,Gate LBJ,Cabang Ruteng,Hari Rabu dan Sabtu
KOE20614,Nusa Tenggara Timur (NTT),Manggarai ,Satar Mese,Umung,86561,MITRA,D,RUTENG,FLORES,Gate LBJ,Cabang Ruteng,Hari Rabu dan Sabtu
KOE20614,Nusa Tenggara Timur (NTT),Manggarai ,Satar Mese,Wae Ajang,86561,MITRA,D,RUTENG,FLORES,Gate LBJ,Cabang Ruteng,Hari Rabu dan Sabtu
KOE20614,Nusa Tenggara Timur (NTT),Manggarai ,Satar Mese,Wewo,86561,MITRA,D,RUTENG,FLORES,Gate LBJ,Cabang Ruteng,Hari Rabu dan Sabtu
KOE20621,Nusa Tenggara Timur (NTT),Manggarai ,Satar Mese Barat,Bea Kondo,86561,MITRA,D,RUTENG,FLORES,Gate LBJ,Cabang Ruteng,Kamis
KOE20621,Nusa Tenggara Timur (NTT),Manggarai ,Satar Mese Barat,Borik,86561,MITRA,D,RUTENG,FLORES,Gate LBJ,Cabang Ruteng,Kamis
KOE20621,Nusa Tenggara Timur (NTT),Manggarai ,Satar Mese Barat,Cambir Leca,86561,MITRA,D,RUTENG,FLORES,Gate LBJ,Cabang Ruteng,Kamis
KOE20621,Nusa Tenggara Timur (NTT),Manggarai ,Satar Mese Barat,Ceka Luju,86561,MITRA,D,RUTENG,FLORES,Gate LBJ,Cabang Ruteng,Kamis
KOE20621,Nusa Tenggara Timur (NTT),Manggarai ,Satar Mese Barat,Cireng,86561,MITRA,D,RUTENG,FLORES,Gate LBJ,Cabang Ruteng,Kamis
KOE20621,Nusa Tenggara Timur (NTT),Manggarai ,Satar Mese Barat,Golo Ropong,86561,MITRA,D,RUTENG,FLORES,Gate LBJ,Cabang Ruteng,Kamis
KOE20621,Nusa Tenggara Timur (NTT),Manggarai ,Satar Mese Barat,Gulung,86561,MITRA,D,RUTENG,FLORES,Gate LBJ,Cabang Ruteng,Kamis
KOE20621,Nusa Tenggara Timur (NTT),Manggarai ,Satar Mese Barat,Hilihintir,86561,MITRA,D,RUTENG,FLORES,Gate LBJ,Cabang Ruteng,Kamis
KOE20621,Nusa Tenggara Timur (NTT),Manggarai ,Satar Mese Barat,Kole,86561,MITRA,D,RUTENG,FLORES,Gate LBJ,Cabang Ruteng,Kamis
KOE20621,Nusa Tenggara Timur (NTT),Manggarai ,Satar Mese Barat,Lia,86561,MITRA,D,RUTENG,FLORES,Gate LBJ,Cabang Ruteng,Kamis
KOE20621,Nusa Tenggara Timur (NTT),Manggarai ,Satar Mese Barat,Ling,86561,MITRA,D,RUTENG,FLORES,Gate LBJ,Cabang Ruteng,Kamis
KOE20621,Nusa Tenggara Timur (NTT),Manggarai ,Satar Mese Barat,Mata Wae,86561,MITRA,D,RUTENG,FLORES,Gate LBJ,Cabang Ruteng,Kamis
KOE20621,Nusa Tenggara Timur (NTT),Manggarai ,Satar Mese Barat,Nao,86561,MITRA,D,RUTENG,FLORES,Gate LBJ,Cabang Ruteng,Kamis
KOE20621,Nusa Tenggara Timur (NTT),Manggarai ,Satar Mese Barat,Nuca Molas,86561,MITRA,D,RUTENG,FLORES,Gate LBJ,Cabang Ruteng,Kamis
KOE20621,Nusa Tenggara Timur (NTT),Manggarai ,Satar Mese Barat,Popo,86561,MITRA,D,RUTENG,FLORES,Gate LBJ,Cabang Ruteng,Kamis
KOE20621,Nusa Tenggara Timur (NTT),Manggarai ,Satar Mese Barat,Renda,86561,MITRA,D,RUTENG,FLORES,Gate LBJ,Cabang Ruteng,Kamis
KOE20621,Nusa Tenggara Timur (NTT),Manggarai ,Satar Mese Barat,Ruang,86561,MITRA,D,RUTENG,FLORES,Gate LBJ,Cabang Ruteng,Kamis
KOE20621,Nusa Tenggara Timur (NTT),Manggarai ,Satar Mese Barat,Satar Lenda,86561,MITRA,D,RUTENG,FLORES,Gate LBJ,Cabang Borong,Kamis
KOE20621,Nusa Tenggara Timur (NTT),Manggarai ,Satar Mese Barat,Satar Luju,86561,MITRA,D,RUTENG,FLORES,Gate LBJ,Cabang Ruteng,Kamis
KOE20621,Nusa Tenggara Timur (NTT),Manggarai ,Satar Mese Barat,Satar Ruwuk,86561,MITRA,D,RUTENG,FLORES,Gate LBJ,Cabang Ruteng,Kamis
KOE20621,Nusa Tenggara Timur (NTT),Manggarai ,Satar Mese Barat,Terong,86561,MITRA,D,RUTENG,FLORES,Gate LBJ,Agen Adonara Timur,Kamis
KOE20621,Nusa Tenggara Timur (NTT),Manggarai ,Satar Mese Barat,Todo,86561,MITRA,D,RUTENG,FLORES,Gate LBJ,Cabang Ruteng,Kamis
KOE20621,Nusa Tenggara Timur (NTT),Manggarai ,Satar Mese Barat,Wongka,86561,MITRA,D,RUTENG,FLORES,Gate LBJ,Cabang Ruteng,Kamis
KOE20620,Nusa Tenggara Timur (NTT),Manggarai ,Wae Rii,Bangka Kenda,86591,MITRA,D,RUTENG,FLORES,Gate LBJ,Cabang Ruteng,Hari Rabu dan Sabtu
KOE20620,Nusa Tenggara Timur (NTT),Manggarai ,Wae Rii,Bangkajong,86591,MITRA,D,RUTENG,FLORES,Gate LBJ,Cabang Ruteng,Hari Rabu dan Sabtu
KOE20620,Nusa Tenggara Timur (NTT),Manggarai ,Wae Rii,Compang Ndehes,86591,MITRA,D,RUTENG,FLORES,Gate LBJ,Cabang Ruteng,Hari Rabu dan Sabtu
KOE20620,Nusa Tenggara Timur (NTT),Manggarai ,Wae Rii,Golo Cador,86591,MITRA,D,RUTENG,FLORES,Gate LBJ,Cabang Ruteng,Hari Rabu dan Sabtu
KOE20620,Nusa Tenggara Timur (NTT),Manggarai ,Wae Rii,Golo Mendo,86591,MITRA,D,RUTENG,FLORES,Gate LBJ,Cabang Ruteng,Hari Rabu dan Sabtu
KOE20620,Nusa Tenggara Timur (NTT),Manggarai ,Wae Rii,Golo Nejang,86591,MITRA,D,RUTENG,FLORES,Gate LBJ,Cabang Ruteng,Hari Rabu dan Sabtu
KOE20620,Nusa Tenggara Timur (NTT),Manggarai ,Wae Rii,Golo Watu/Wutu,86591,MITRA,D,RUTENG,FLORES,Gate LBJ,Cabang Ruteng,Hari Rabu dan Sabtu
KOE20620,Nusa Tenggara Timur (NTT),Manggarai ,Wae Rii,Golo Wua (Golo Wuas),86591,MITRA,D,RUTENG,FLORES,Gate LBJ,Cabang Ruteng,Hari Rabu dan Sabtu
KOE20620,Nusa Tenggara Timur (NTT),Manggarai ,Wae Rii,Lalong,86591,MITRA,D,RUTENG,FLORES,Gate LBJ,Agen Lembor,Hari Rabu dan Sabtu
KOE20620,Nusa Tenggara Timur (NTT),Manggarai ,Wae Rii,Longko,86591,MITRA,D,RUTENG,FLORES,Gate LBJ,Cabang Ruteng,Hari Rabu dan Sabtu
KOE20620,Nusa Tenggara Timur (NTT),Manggarai ,Wae Rii,Ndehes,86591,MITRA,D,RUTENG,FLORES,Gate LBJ,Cabang Ruteng,Hari Rabu dan Sabtu
KOE20620,Nusa Tenggara Timur (NTT),Manggarai ,Wae Rii,Poco,86591,MITRA,D,RUTENG,FLORES,Gate LBJ,Cabang Ruteng,Hari Rabu dan Sabtu
KOE20620,Nusa Tenggara Timur (NTT),Manggarai ,Wae Rii,Ranaka/Renaka,86591,MITRA,D,RUTENG,FLORES,Gate LBJ,Cabang Ruteng,Hari Rabu dan Sabtu
KOE20620,Nusa Tenggara Timur (NTT),Manggarai ,Wae Rii,Ranggi,86591,MITRA,D,RUTENG,FLORES,Gate LBJ,Cabang Ruteng,Hari Rabu dan Sabtu
KOE20620,Nusa Tenggara Timur (NTT),Manggarai ,Wae Rii,Satar Ngkeling,86591,MITRA,D,RUTENG,FLORES,Gate LBJ,Cabang Ruteng,Hari Rabu dan Sabtu
KOE20620,Nusa Tenggara Timur (NTT),Manggarai ,Wae Rii,Wae Mulu,86591,MITRA,D,RUTENG,FLORES,Gate LBJ,Cabang Ruteng,Hari Rabu dan Sabtu
KOE20620,Nusa Tenggara Timur (NTT),Manggarai ,Wae Rii,Wae Rii,86591,MITRA,D,RUTENG,FLORES,Gate LBJ,Cabang Ruteng,Hari Rabu dan Sabtu
KOE20203,Nusa Tenggara Timur (NTT),Alor ,Alor Selatan,Kalaisi Tengah,85871,MITRA,D,ALOR,KEPULAUAN,Gate KOE,Cabang Alor,Tidak ada delivery
KOE20203,Nusa Tenggara Timur (NTT),Alor ,Alor Selatan,Kelaisi Barat,85871,MITRA,D,ALOR,KEPULAUAN,Gate KOE,Cabang Alor,Tidak ada delivery
KOE20203,Nusa Tenggara Timur (NTT),Alor ,Alor Selatan,Kelaisi Timur,85871,MITRA,D,ALOR,KEPULAUAN,Gate KOE,Cabang Alor,Tidak ada delivery
KOE20203,Nusa Tenggara Timur (NTT),Alor ,Alor Selatan,Kiraman,85871,MITRA,D,ALOR,KEPULAUAN,Gate KOE,Cabang Alor,Tidak ada delivery
KOE20203,Nusa Tenggara Timur (NTT),Alor ,Alor Selatan,Kuneman,85871,MITRA,D,ALOR,KEPULAUAN,Gate KOE,Cabang Alor,Tidak ada delivery
KOE20203,Nusa Tenggara Timur (NTT),Alor ,Alor Selatan,Lella,85871,MITRA,D,ALOR,KEPULAUAN,Gate KOE,Cabang Alor,Tidak ada delivery
KOE20203,Nusa Tenggara Timur (NTT),Alor ,Alor Selatan,Maikang,85871,MITRA,D,ALOR,KEPULAUAN,Gate KOE,Cabang Alor,Tidak ada delivery
KOE20203,Nusa Tenggara Timur (NTT),Alor ,Alor Selatan,Malaipea,85871,MITRA,D,ALOR,KEPULAUAN,Gate KOE,Cabang Alor,Tidak ada delivery
KOE20203,Nusa Tenggara Timur (NTT),Alor ,Alor Selatan,Manmas,85871,MITRA,D,ALOR,KEPULAUAN,Gate KOE,Cabang Alor,Tidak ada delivery
KOE20203,Nusa Tenggara Timur (NTT),Alor ,Alor Selatan,Padang Alang,85871,MITRA,D,ALOR,KEPULAUAN,Gate KOE,Cabang Alor,Tidak ada delivery
KOE20203,Nusa Tenggara Timur (NTT),Alor ,Alor Selatan,Sidabui,85871,MITRA,D,ALOR,KEPULAUAN,Gate KOE,Cabang Alor,Tidak ada delivery
KOE20203,Nusa Tenggara Timur (NTT),Alor ,Alor Selatan,Silaipui,85871,MITRA,D,ALOR,KEPULAUAN,Gate KOE,Cabang Alor,Tidak ada delivery
KOE20203,Nusa Tenggara Timur (NTT),Alor ,Alor Selatan,Subo,85871,MITRA,D,ALOR,KEPULAUAN,Gate KOE,Cabang Alor,Tidak ada delivery
KOE20203,Nusa Tenggara Timur (NTT),Alor ,Alor Selatan,Tamanapui,85871,MITRA,D,ALOR,KEPULAUAN,Gate KOE,Cabang Alor,Tidak ada delivery
KOE20201,Nusa Tenggara Timur (NTT),Alor ,Alor Timur,Belemana,85872,MITRA,D,ALOR,KEPULAUAN,Gate KOE,Cabang Alor,Tidak ada delivery
KOE20201,Nusa Tenggara Timur (NTT),Alor ,Alor Timur,Elok,85872,MITRA,D,ALOR,KEPULAUAN,Gate KOE,Cabang Alor,Tidak ada delivery
KOE20201,Nusa Tenggara Timur (NTT),Alor ,Alor Timur,Kolana Selatan,85872,MITRA,D,ALOR,KEPULAUAN,Gate KOE,Cabang Alor,Tidak ada delivery
KOE20201,Nusa Tenggara Timur (NTT),Alor ,Alor Timur,Kolana Utara,85872,MITRA,D,ALOR,KEPULAUAN,Gate KOE,Cabang Alor,Tidak ada delivery
KOE20201,Nusa Tenggara Timur (NTT),Alor ,Alor Timur,Maritaing,85872,MITRA,D,ALOR,KEPULAUAN,Gate KOE,Cabang Alor,Tidak ada delivery
KOE20201,Nusa Tenggara Timur (NTT),Alor ,Alor Timur,Maukuru,85872,MITRA,D,ALOR,KEPULAUAN,Gate KOE,Cabang Alor,Tidak ada delivery
KOE20201,Nusa Tenggara Timur (NTT),Alor ,Alor Timur,Mausamang,85872,MITRA,D,ALOR,KEPULAUAN,Gate KOE,Cabang Alor,Tidak ada delivery
KOE20201,Nusa Tenggara Timur (NTT),Alor ,Alor Timur,Padang Panjang,85872,MITRA,D,ALOR,KEPULAUAN,Gate KOE,Cabang Alor,Tidak ada delivery
KOE20201,Nusa Tenggara Timur (NTT),Alor ,Alor Timur,Tanglapui,85872,MITRA,D,ALOR,KEPULAUAN,Gate KOE,Cabang Alor,Tidak ada delivery
KOE20201,Nusa Tenggara Timur (NTT),Alor ,Alor Timur,Tanglapui Timur,85872,MITRA,D,ALOR,KEPULAUAN,Gate KOE,Cabang Alor,Tidak ada delivery
KOE20215,Nusa Tenggara Timur (NTT),Alor ,Mataru,Kamaifui,85861,MITRA,C,ALOR,KEPULAUAN,Gate KOE,Cabang Alor,Tidak ada delivery
KOE20215,Nusa Tenggara Timur (NTT),Alor ,Mataru,Lakatuli,85861,MITRA,C,ALOR,KEPULAUAN,Gate KOE,Cabang Alor,Tidak ada delivery
KOE20215,Nusa Tenggara Timur (NTT),Alor ,Mataru,Mataru Barat,85861,MITRA,C,ALOR,KEPULAUAN,Gate KOE,Cabang Alor,Tidak ada delivery
KOE20215,Nusa Tenggara Timur (NTT),Alor ,Mataru,Mataru Selatan,85861,MITRA,C,ALOR,KEPULAUAN,Gate KOE,Cabang Alor,Tidak ada delivery
KOE20215,Nusa Tenggara Timur (NTT),Alor ,Mataru,Mataru Timur,85861,MITRA,C,ALOR,KEPULAUAN,Gate KOE,Cabang Alor,Tidak ada delivery
KOE20215,Nusa Tenggara Timur (NTT),Alor ,Mataru,Mataru Utara,85861,MITRA,C,ALOR,KEPULAUAN,Gate KOE,Cabang Alor,Tidak ada delivery
KOE20215,Nusa Tenggara Timur (NTT),Alor ,Mataru,Taman Mataru,85861,MITRA,C,ALOR,KEPULAUAN,Gate KOE,Cabang Alor,Tidak ada delivery
KOE20208,Nusa Tenggara Timur (NTT),Alor ,Pantar Barat,Baraler,85881,MITRA,D,ALOR,KEPULAUAN,Gate KOE,Cabang Alor,Tidak ada delivery
KOE20208,Nusa Tenggara Timur (NTT),Alor ,Pantar Barat,Baranusa,85881,MITRA,D,ALOR,KEPULAUAN,Gate KOE,Cabang Alor,Tidak ada delivery
KOE20208,Nusa Tenggara Timur (NTT),Alor ,Pantar Barat,Blang Merang,85881,MITRA,D,ALOR,KEPULAUAN,Gate KOE,Cabang Alor,Tidak ada delivery
KOE20208,Nusa Tenggara Timur (NTT),Alor ,Pantar Barat,Illu,85881,MITRA,D,ALOR,KEPULAUAN,Gate KOE,Cabang Alor,Tidak ada delivery
KOE20208,Nusa Tenggara Timur (NTT),Alor ,Pantar Barat,Kalondama,85881,MITRA,D,ALOR,KEPULAUAN,Gate KOE,Cabang Alor,Tidak ada delivery
KOE20208,Nusa Tenggara Timur (NTT),Alor ,Pantar Barat,Leer,85881,MITRA,D,ALOR,KEPULAUAN,Gate KOE,Cabang Alor,Tidak ada delivery
KOE20208,Nusa Tenggara Timur (NTT),Alor ,Pantar Barat,Piringsina,85881,MITRA,D,ALOR,KEPULAUAN,Gate KOE,Cabang Alor,Tidak ada delivery
KOE20214,Nusa Tenggara Timur (NTT),Alor ,Pantar Barat Laut,Allumang,85881,MITRA,C,ALOR,KEPULAUAN,Gate KOE,Cabang Alor,Tidak ada delivery
KOE20214,Nusa Tenggara Timur (NTT),Alor ,Pantar Barat Laut,Beangonong,85881,MITRA,C,ALOR,KEPULAUAN,Gate KOE,Cabang Alor,Tidak ada delivery
KOE20214,Nusa Tenggara Timur (NTT),Alor ,Pantar Barat Laut,Kalondama Barat,85881,MITRA,C,ALOR,KEPULAUAN,Gate KOE,Cabang Alor,Tidak ada delivery
KOE20214,Nusa Tenggara Timur (NTT),Alor ,Pantar Barat Laut,Kalondama Tengah,85881,MITRA,C,ALOR,KEPULAUAN,Gate KOE,Cabang Alor,Tidak ada delivery
KOE20214,Nusa Tenggara Timur (NTT),Alor ,Pantar Barat Laut,Kayang,85881,MITRA,C,ALOR,KEPULAUAN,Gate KOE,Cabang Alor,Tidak ada delivery
KOE20214,Nusa Tenggara Timur (NTT),Alor ,Pantar Barat Laut,Lamma,85881,MITRA,C,ALOR,KEPULAUAN,Gate KOE,Cabang Alor,Tidak ada delivery
KOE20214,Nusa Tenggara Timur (NTT),Alor ,Pantar Barat Laut,Marisa,85881,MITRA,C,ALOR,KEPULAUAN,Gate KOE,Cabang Alor,Tidak ada delivery
KOE20213,Nusa Tenggara Timur (NTT),Alor ,Pantar Tengah,Aramaba,85881,MITRA,C,ALOR,KEPULAUAN,Gate KOE,Cabang Alor,Tidak ada delivery
KOE20213,Nusa Tenggara Timur (NTT),Alor ,Pantar Tengah,Bagang,85881,MITRA,C,ALOR,KEPULAUAN,Gate KOE,Cabang Alor,Tidak ada delivery
KOE20213,Nusa Tenggara Timur (NTT),Alor ,Pantar Tengah,Delaki,85881,MITRA,C,ALOR,KEPULAUAN,Gate KOE,Cabang Alor,Tidak ada delivery
KOE20213,Nusa Tenggara Timur (NTT),Alor ,Pantar Tengah,Eka Jaya,85881,MITRA,C,ALOR,KEPULAUAN,Gate KOE,Cabang Alor,Tidak ada delivery
KOE20213,Nusa Tenggara Timur (NTT),Alor ,Pantar Tengah,Mauta,85881,MITRA,C,ALOR,KEPULAUAN,Gate KOE,Cabang Alor,Tidak ada delivery
KOE20213,Nusa Tenggara Timur (NTT),Alor ,Pantar Tengah,Muriabang,85881,MITRA,C,ALOR,KEPULAUAN,Gate KOE,Cabang Alor,Tidak ada delivery
KOE20213,Nusa Tenggara Timur (NTT),Alor ,Pantar Tengah,Tamak,85881,MITRA,C,ALOR,KEPULAUAN,Gate KOE,Cabang Alor,Tidak ada delivery
KOE20213,Nusa Tenggara Timur (NTT),Alor ,Pantar Tengah,Toang,85881,MITRA,C,ALOR,KEPULAUAN,Gate KOE,Cabang Alor,Tidak ada delivery
KOE20213,Nusa Tenggara Timur (NTT),Alor ,Pantar Tengah,Tubbe (Tube),85881,MITRA,C,ALOR,KEPULAUAN,Gate KOE,Cabang Alor,Tidak ada delivery
KOE20213,Nusa Tenggara Timur (NTT),Alor ,Pantar Tengah,Tude,85881,MITRA,C,ALOR,KEPULAUAN,Gate KOE,Cabang Alor,Tidak ada delivery
KOE20211,Nusa Tenggara Timur (NTT),Alor ,Pulau Pura,Maru,85851,MITRA,C,ALOR,KEPULAUAN,Gate KOE,Cabang Alor,Tidak ada delivery
KOE20211,Nusa Tenggara Timur (NTT),Alor ,Pulau Pura,Pura,85851,MITRA,C,ALOR,KEPULAUAN,Gate KOE,Cabang Alor,Tidak ada delivery
KOE20211,Nusa Tenggara Timur (NTT),Alor ,Pulau Pura,Pura Barat,85851,MITRA,C,ALOR,KEPULAUAN,Gate KOE,Cabang Alor,Tidak ada delivery
KOE20211,Nusa Tenggara Timur (NTT),Alor ,Pulau Pura,Pura Selatan,85851,MITRA,C,ALOR,KEPULAUAN,Gate KOE,Cabang Alor,Tidak ada delivery
KOE20211,Nusa Tenggara Timur (NTT),Alor ,Pulau Pura,Pura Timur,85851,MITRA,C,ALOR,KEPULAUAN,Gate KOE,Cabang Alor,Tidak ada delivery
KOE20211,Nusa Tenggara Timur (NTT),Alor ,Pulau Pura,Pura Utara,85851,MITRA,C,ALOR,KEPULAUAN,Gate KOE,Cabang Alor,Tidak ada delivery
KOE20210,Nusa Tenggara Timur (NTT),Alor ,Pureman,Kailesa,85872,MITRA,C,ALOR,KEPULAUAN,Gate KOE,Cabang Alor,Tidak ada delivery
KOE20210,Nusa Tenggara Timur (NTT),Alor ,Pureman,Langkuru,85872,MITRA,C,ALOR,KEPULAUAN,Gate KOE,Cabang Alor,Tidak ada delivery
KOE20210,Nusa Tenggara Timur (NTT),Alor ,Pureman,Langkuru Utara,85872,MITRA,C,ALOR,KEPULAUAN,Gate KOE,Cabang Alor,Tidak ada delivery
KOE20210,Nusa Tenggara Timur (NTT),Alor ,Pureman,Purnama,85872,MITRA,C,ALOR,KEPULAUAN,Gate KOE,Cabang Alor,Tidak ada delivery
KOE20204,Nusa Tenggara Timur (NTT),Alor ,Alor Barat Daya,Halerman,85861,MITRA,C,ALOR,KEPULAUAN,Gate KOE,Cabang Alor,Setiap Hari
KOE20204,Nusa Tenggara Timur (NTT),Alor ,Alor Barat Daya,Kafelulang,85861,MITRA,C,ALOR,KEPULAUAN,Gate KOE,Cabang Alor,Setiap Hari
KOE20204,Nusa Tenggara Timur (NTT),Alor ,Alor Barat Daya,Kuifana,85861,MITRA,C,ALOR,KEPULAUAN,Gate KOE,Cabang Alor,Setiap Hari
KOE20204,Nusa Tenggara Timur (NTT),Alor ,Alor Barat Daya,Manatang,85861,MITRA,C,ALOR,KEPULAUAN,Gate KOE,Cabang Alor,Setiap Hari
KOE20204,Nusa Tenggara Timur (NTT),Alor ,Alor Barat Daya,Margeta,85861,MITRA,C,ALOR,KEPULAUAN,Gate KOE,Cabang Alor,Setiap Hari
KOE20204,Nusa Tenggara Timur (NTT),Alor ,Alor Barat Daya,Moramam,85861,MITRA,C,ALOR,KEPULAUAN,Gate KOE,Cabang Alor,Setiap Hari
KOE20204,Nusa Tenggara Timur (NTT),Alor ,Alor Barat Daya,Morba,85861,MITRA,C,ALOR,KEPULAUAN,Gate KOE,Cabang Alor,Setiap Hari
KOE20204,Nusa Tenggara Timur (NTT),Alor ,Alor Barat Daya,Moru,85861,MITRA,C,ALOR,KEPULAUAN,Gate KOE,Cabang Alor,Setiap Hari
KOE20204,Nusa Tenggara Timur (NTT),Alor ,Alor Barat Daya,Orgen,85861,MITRA,C,ALOR,KEPULAUAN,Gate KOE,Cabang Alor,Setiap Hari
KOE20204,Nusa Tenggara Timur (NTT),Alor ,Alor Barat Daya,Pailelang,85861,MITRA,C,ALOR,KEPULAUAN,Gate KOE,Cabang Alor,Setiap Hari
KOE20204,Nusa Tenggara Timur (NTT),Alor ,Alor Barat Daya,Pintu Mas,85861,MITRA,C,ALOR,KEPULAUAN,Gate KOE,Cabang Alor,Setiap Hari
KOE20204,Nusa Tenggara Timur (NTT),Alor ,Alor Barat Daya,Probur,85861,MITRA,C,ALOR,KEPULAUAN,Gate KOE,Cabang Alor,Setiap Hari
KOE20204,Nusa Tenggara Timur (NTT),Alor ,Alor Barat Daya,Probur Utara,85861,MITRA,C,ALOR,KEPULAUAN,Gate KOE,Cabang Alor,Setiap Hari
KOE20204,Nusa Tenggara Timur (NTT),Alor ,Alor Barat Daya,Tribur,85861,MITRA,C,ALOR,KEPULAUAN,Gate KOE,Cabang Alor,Setiap Hari
KOE20204,Nusa Tenggara Timur (NTT),Alor ,Alor Barat Daya,Wakapsir,85861,MITRA,C,ALOR,KEPULAUAN,Gate KOE,Cabang Alor,Setiap Hari
KOE20204,Nusa Tenggara Timur (NTT),Alor ,Alor Barat Daya,Wakapsir Timur,85861,MITRA,C,ALOR,KEPULAUAN,Gate KOE,Cabang Alor,Setiap Hari
KOE20204,Nusa Tenggara Timur (NTT),Alor ,Alor Barat Daya,Wolwal,85861,MITRA,C,ALOR,KEPULAUAN,Gate KOE,Cabang Alor,Setiap Hari
KOE20204,Nusa Tenggara Timur (NTT),Alor ,Alor Barat Daya,Wolwal Barat,85861,MITRA,C,ALOR,KEPULAUAN,Gate KOE,Cabang Alor,Setiap Hari
KOE20204,Nusa Tenggara Timur (NTT),Alor ,Alor Barat Daya,Wolwal Selatan,85861,MITRA,C,ALOR,KEPULAUAN,Gate KOE,Cabang Alor,Setiap Hari
KOE20204,Nusa Tenggara Timur (NTT),Alor ,Alor Barat Daya,Wolwal Tengah,85861,MITRA,C,ALOR,KEPULAUAN,Gate KOE,Cabang Alor,Setiap Hari
KOE20200,Nusa Tenggara Timur (NTT),Alor ,Kalabahi,Kalabahi,0,MITRA,B,ALOR,KEPULAUAN,Gate KOE,Cabang Alor,Setiap Hari
KOE20209,Nusa Tenggara Timur (NTT),Alor ,Teluk Mutiara,Adang Buom,85819,MITRA,B,ALOR,KEPULAUAN,Gate KOE,Cabang Alor,Setiap Hari
KOE20209,Nusa Tenggara Timur (NTT),Alor ,Teluk Mutiara,Air Kenari,85819,MITRA,B,ALOR,KEPULAUAN,Gate KOE,Cabang Alor,Setiap Hari
KOE20209,Nusa Tenggara Timur (NTT),Alor ,Teluk Mutiara,Binongko,85815,MITRA,B,ALOR,KEPULAUAN,Gate KOE,Cabang Alor,Setiap Hari
KOE20209,Nusa Tenggara Timur (NTT),Alor ,Teluk Mutiara,Fanating,85819,MITRA,B,ALOR,KEPULAUAN,Gate KOE,Cabang Alor,Setiap Hari
KOE20209,Nusa Tenggara Timur (NTT),Alor ,Teluk Mutiara,Kalabahi Barat,85814,MITRA,B,ALOR,KEPULAUAN,Gate KOE,Cabang Alor,Setiap Hari
KOE20209,Nusa Tenggara Timur (NTT),Alor ,Teluk Mutiara,Kalabahi Kota,85813,MITRA,B,ALOR,KEPULAUAN,Gate KOE,Cabang Alor,Setiap Hari
KOE20209,Nusa Tenggara Timur (NTT),Alor ,Teluk Mutiara,Kalabahi Tengah,85812,MITRA,B,ALOR,KEPULAUAN,Gate KOE,Cabang Alor,Setiap Hari
KOE20209,Nusa Tenggara Timur (NTT),Alor ,Teluk Mutiara,Kalabahi Timur,85811,MITRA,B,ALOR,KEPULAUAN,Gate KOE,Cabang Alor,Setiap Hari
KOE20209,Nusa Tenggara Timur (NTT),Alor ,Teluk Mutiara,Lendola,85819,MITRA,B,ALOR,KEPULAUAN,Gate KOE,Cabang Alor,Setiap Hari
KOE20209,Nusa Tenggara Timur (NTT),Alor ,Teluk Mutiara,Motongbang,85819,MITRA,B,ALOR,KEPULAUAN,Gate KOE,Cabang Alor,Setiap Hari
KOE20209,Nusa Tenggara Timur (NTT),Alor ,Teluk Mutiara,Mutiara,85819,MITRA,B,ALOR,KEPULAUAN,Gate KOE,Cabang Alor,Setiap Hari
KOE20209,Nusa Tenggara Timur (NTT),Alor ,Teluk Mutiara,Nusa Kenari,85819,MITRA,B,ALOR,KEPULAUAN,Gate KOE,Cabang Alor,Setiap Hari
KOE20209,Nusa Tenggara Timur (NTT),Alor ,Teluk Mutiara,Teluk Kenari,85819,MITRA,B,ALOR,KEPULAUAN,Gate KOE,Cabang Alor,Setiap Hari
KOE20209,Nusa Tenggara Timur (NTT),Alor ,Teluk Mutiara,Welai Barat,85816,MITRA,B,ALOR,KEPULAUAN,Gate KOE,Cabang Alor,Setiap Hari
KOE20209,Nusa Tenggara Timur (NTT),Alor ,Teluk Mutiara,Welai Timur,85817,MITRA,B,ALOR,KEPULAUAN,Gate KOE,Cabang Alor,Setiap Hari
KOE20209,Nusa Tenggara Timur (NTT),Alor ,Teluk Mutiara,Wetabua,85819,MITRA,B,ALOR,KEPULAUAN,Gate KOE,Cabang Alor,Setiap Hari
KOE20205,Nusa Tenggara Timur (NTT),Alor ,Alor Barat Laut,Adang,85851,MITRA,C,ALOR,KEPULAUAN,Gate KOE,Cabang Alor,Selasa dan Sabtu
KOE20205,Nusa Tenggara Timur (NTT),Alor ,Alor Barat Laut,Aimoli,85851,MITRA,C,ALOR,KEPULAUAN,Gate KOE,Cabang Alor,Selasa dan Sabtu
KOE20205,Nusa Tenggara Timur (NTT),Alor ,Alor Barat Laut,Alaang,85851,MITRA,C,ALOR,KEPULAUAN,Gate KOE,Cabang Alor,Selasa dan Sabtu
KOE20205,Nusa Tenggara Timur (NTT),Alor ,Alor Barat Laut,Alila,85851,MITRA,C,ALOR,KEPULAUAN,Gate KOE,Cabang Alor,Selasa dan Sabtu
KOE20205,Nusa Tenggara Timur (NTT),Alor ,Alor Barat Laut,Alila Selatan,85851,MITRA,C,ALOR,KEPULAUAN,Gate KOE,Cabang Alor,Selasa dan Sabtu
KOE20205,Nusa Tenggara Timur (NTT),Alor ,Alor Barat Laut,Alor Besar,85851,MITRA,C,ALOR,KEPULAUAN,Gate KOE,Cabang Alor,Selasa dan Sabtu
KOE20205,Nusa Tenggara Timur (NTT),Alor ,Alor Barat Laut,Alor Kecil,85851,MITRA,C,ALOR,KEPULAUAN,Gate KOE,Cabang Alor,Selasa dan Sabtu
KOE20205,Nusa Tenggara Timur (NTT),Alor ,Alor Barat Laut,Ampera,85851,MITRA,C,ALOR,KEPULAUAN,Gate KOE,Cabang Alor,Selasa dan Sabtu
KOE20205,Nusa Tenggara Timur (NTT),Alor ,Alor Barat Laut,Bampalola,85851,MITRA,C,ALOR,KEPULAUAN,Gate KOE,Cabang Alor,Selasa dan Sabtu
KOE20205,Nusa Tenggara Timur (NTT),Alor ,Alor Barat Laut,Dulolong,85851,MITRA,C,ALOR,KEPULAUAN,Gate KOE,Cabang Alor,Selasa dan Sabtu
KOE20205,Nusa Tenggara Timur (NTT),Alor ,Alor Barat Laut,Dulolong Barat,85851,MITRA,C,ALOR,KEPULAUAN,Gate KOE,Cabang Alor,Selasa dan Sabtu
KOE20205,Nusa Tenggara Timur (NTT),Alor ,Alor Barat Laut,Hulnani,85851,MITRA,C,ALOR,KEPULAUAN,Gate KOE,Cabang Alor,Selasa dan Sabtu
KOE20205,Nusa Tenggara Timur (NTT),Alor ,Alor Barat Laut,Lefokisu,85851,MITRA,C,ALOR,KEPULAUAN,Gate KOE,Cabang Alor,Selasa dan Sabtu
KOE20205,Nusa Tenggara Timur (NTT),Alor ,Alor Barat Laut,Lewalu,85851,MITRA,C,ALOR,KEPULAUAN,Gate KOE,Cabang Alor,Selasa dan Sabtu
KOE20205,Nusa Tenggara Timur (NTT),Alor ,Alor Barat Laut,O A Mate,85851,MITRA,C,ALOR,KEPULAUAN,Gate KOE,Cabang Alor,Selasa dan Sabtu
KOE20205,Nusa Tenggara Timur (NTT),Alor ,Alor Barat Laut,Otvai,85851,MITRA,C,ALOR,KEPULAUAN,Gate KOE,Cabang Alor,Selasa dan Sabtu
KOE20205,Nusa Tenggara Timur (NTT),Alor ,Alor Barat Laut,Pulau Buaya,85851,MITRA,C,ALOR,KEPULAUAN,Gate KOE,Cabang Alor,Selasa dan Sabtu
KOE20205,Nusa Tenggara Timur (NTT),Alor ,Alor Barat Laut,Ternate,85851,MITRA,C,ALOR,KEPULAUAN,Gate KOE,Cabang Alor,Selasa dan Sabtu
KOE20205,Nusa Tenggara Timur (NTT),Alor ,Alor Barat Laut,Ternate Selatan,85851,MITRA,C,ALOR,KEPULAUAN,Gate KOE,Cabang Alor,Selasa dan Sabtu
KOE20217,Nusa Tenggara Timur (NTT),Alor ,Kabola,Alila Timur,85851,MITRA,B,ALOR,KEPULAUAN,Gate KOE,Cabang Alor,Rabu dan Sabtu / ada juga yang setiap hari
KOE20217,Nusa Tenggara Timur (NTT),Alor ,Kabola,Kabola,85819,MITRA,B,ALOR,KEPULAUAN,Gate KOE,Cabang Alor,Rabu dan Sabtu / ada juga yang setiap hari
KOE20217,Nusa Tenggara Timur (NTT),Alor ,Kabola,Kopidil,85819,MITRA,B,ALOR,KEPULAUAN,Gate KOE,Cabang Alor,Rabu dan Sabtu / ada juga yang setiap hari
KOE20217,Nusa Tenggara Timur (NTT),Alor ,Kabola,Lawahing,85851,MITRA,B,ALOR,KEPULAUAN,Gate KOE,Cabang Alor,Rabu dan Sabtu / ada juga yang setiap hari
KOE20217,Nusa Tenggara Timur (NTT),Alor ,Kabola,Pante Deera,85819,MITRA,B,ALOR,KEPULAUAN,Gate KOE,Cabang Alor,Rabu dan Sabtu / ada juga yang setiap hari
KOE20212,Nusa Tenggara Timur (NTT),Alor ,Pantar Timur,Batu,85881,MITRA,C,ALOR,KEPULAUAN,Gate KOE,Cabang Alor,Rabu
KOE20212,Nusa Tenggara Timur (NTT),Alor ,Pantar Timur,Bunga Bali,85881,MITRA,C,ALOR,KEPULAUAN,Gate KOE,Cabang Alor,Rabu
KOE20212,Nusa Tenggara Timur (NTT),Alor ,Pantar Timur,Kaera,85881,MITRA,C,ALOR,KEPULAUAN,Gate KOE,Cabang Alor,Rabu
KOE20212,Nusa Tenggara Timur (NTT),Alor ,Pantar Timur,Kaleb,85881,MITRA,C,ALOR,KEPULAUAN,Gate KOE,Cabang Alor,Rabu
KOE20212,Nusa Tenggara Timur (NTT),Alor ,Pantar Timur,Lalafang,85881,MITRA,C,ALOR,KEPULAUAN,Gate KOE,Cabang Alor,Rabu
KOE20212,Nusa Tenggara Timur (NTT),Alor ,Pantar Timur,Lekom,85881,MITRA,C,ALOR,KEPULAUAN,Gate KOE,Cabang Alor,Rabu
KOE20212,Nusa Tenggara Timur (NTT),Alor ,Pantar Timur,Mawar,85881,MITRA,C,ALOR,KEPULAUAN,Gate KOE,Cabang Alor,Rabu
KOE20212,Nusa Tenggara Timur (NTT),Alor ,Pantar Timur,Merdeka,85881,MITRA,C,ALOR,KEPULAUAN,Gate KOE,Cabang Alor,Rabu
KOE20212,Nusa Tenggara Timur (NTT),Alor ,Pantar Timur,Nule,85881,MITRA,C,ALOR,KEPULAUAN,Gate KOE,Cabang Alor,Rabu
KOE20212,Nusa Tenggara Timur (NTT),Alor ,Pantar Timur,Ombay,85881,MITRA,C,ALOR,KEPULAUAN,Gate KOE,Cabang Alor,Rabu
KOE20212,Nusa Tenggara Timur (NTT),Alor ,Pantar Timur,Treweng/Tereweng,85881,MITRA,C,ALOR,KEPULAUAN,Gate KOE,Cabang Alor,Rabu
KOE20202,Nusa Tenggara Timur (NTT),Alor ,Pantar,Bana,85881,MITRA,D,ALOR,KEPULAUAN,Gate KOE,Cabang Alor,Kamis
KOE20202,Nusa Tenggara Timur (NTT),Alor ,Pantar,Bandar,85881,MITRA,D,ALOR,KEPULAUAN,Gate KOE,Cabang Alor,Kamis
KOE20202,Nusa Tenggara Timur (NTT),Alor ,Pantar,Baolang,85881,MITRA,D,ALOR,KEPULAUAN,Gate KOE,Cabang Alor,Kamis
KOE20202,Nusa Tenggara Timur (NTT),Alor ,Pantar,Bouweli,85881,MITRA,D,ALOR,KEPULAUAN,Gate KOE,Cabang Alor,Kamis
KOE20202,Nusa Tenggara Timur (NTT),Alor ,Pantar,Bukit Mas,85881,MITRA,D,ALOR,KEPULAUAN,Gate KOE,Cabang Alor,Kamis
KOE20202,Nusa Tenggara Timur (NTT),Alor ,Pantar,Helandohi,85881,MITRA,D,ALOR,KEPULAUAN,Gate KOE,Cabang Alor,Kamis
KOE20202,Nusa Tenggara Timur (NTT),Alor ,Pantar,Kabir,85881,MITRA,D,ALOR,KEPULAUAN,Gate KOE,Cabang Alor,Kamis
KOE20202,Nusa Tenggara Timur (NTT),Alor ,Pantar,Madar,85881,MITRA,D,ALOR,KEPULAUAN,Gate KOE,Cabang Alor,Kamis
KOE20202,Nusa Tenggara Timur (NTT),Alor ,Pantar,Munaseli,85881,MITRA,D,ALOR,KEPULAUAN,Gate KOE,Cabang Alor,Kamis
KOE20202,Nusa Tenggara Timur (NTT),Alor ,Pantar,Pandai,85881,MITRA,D,ALOR,KEPULAUAN,Gate KOE,Agen Adonara Timur,Kamis
KOE20202,Nusa Tenggara Timur (NTT),Alor ,Pantar,Wailawar,85881,MITRA,D,ALOR,KEPULAUAN,Gate KOE,Cabang Alor,Kamis
KOE20206,Nusa Tenggara Timur (NTT),Alor ,Alor Tengah Utara,Alimebung (Alim Mebung),85871,MITRA,C,ALOR,KEPULAUAN,Gate KOE,Cabang Alor,1 kali seminggu / ada yang setiap hari
KOE20206,Nusa Tenggara Timur (NTT),Alor ,Alor Tengah Utara,Dapitau,85871,MITRA,C,ALOR,KEPULAUAN,Gate KOE,Cabang Alor,1 kali seminggu / ada yang setiap hari
KOE20206,Nusa Tenggara Timur (NTT),Alor ,Alor Tengah Utara,Fuisama,85871,MITRA,C,ALOR,KEPULAUAN,Gate KOE,Cabang Alor,1 kali seminggu / ada yang setiap hari
KOE20206,Nusa Tenggara Timur (NTT),Alor ,Alor Tengah Utara,Fungafeng,85871,MITRA,C,ALOR,KEPULAUAN,Gate KOE,Cabang Alor,1 kali seminggu / ada yang setiap hari
KOE20206,Nusa Tenggara Timur (NTT),Alor ,Alor Tengah Utara,Kafakbeka,85871,MITRA,C,ALOR,KEPULAUAN,Gate KOE,Cabang Alor,1 kali seminggu / ada yang setiap hari
KOE20206,Nusa Tenggara Timur (NTT),Alor ,Alor Tengah Utara,Lakwati,85871,MITRA,C,ALOR,KEPULAUAN,Gate KOE,Cabang Alor,1 kali seminggu / ada yang setiap hari
KOE20206,Nusa Tenggara Timur (NTT),Alor ,Alor Tengah Utara,Lembur Barat,85871,MITRA,C,ALOR,KEPULAUAN,Gate KOE,Cabang Alor,1 kali seminggu / ada yang setiap hari
KOE20206,Nusa Tenggara Timur (NTT),Alor ,Alor Tengah Utara,Lembur Tengah,85871,MITRA,C,ALOR,KEPULAUAN,Gate KOE,Cabang Alor,1 kali seminggu / ada yang setiap hari
KOE20206,Nusa Tenggara Timur (NTT),Alor ,Alor Tengah Utara,Likwatang (Likuwatang),85871,MITRA,C,ALOR,KEPULAUAN,Gate KOE,Cabang Alor,1 kali seminggu / ada yang setiap hari
KOE20206,Nusa Tenggara Timur (NTT),Alor ,Alor Tengah Utara,Manetwati,85871,MITRA,C,ALOR,KEPULAUAN,Gate KOE,Cabang Alor,1 kali seminggu / ada yang setiap hari
KOE20206,Nusa Tenggara Timur (NTT),Alor ,Alor Tengah Utara,Nurbenlelang,85871,MITRA,C,ALOR,KEPULAUAN,Gate KOE,Cabang Alor,1 kali seminggu / ada yang setiap hari
KOE20206,Nusa Tenggara Timur (NTT),Alor ,Alor Tengah Utara,Petleng,85871,MITRA,C,ALOR,KEPULAUAN,Gate KOE,Cabang Alor,1 kali seminggu / ada yang setiap hari
KOE20206,Nusa Tenggara Timur (NTT),Alor ,Alor Tengah Utara,Tominuku,85871,MITRA,C,ALOR,KEPULAUAN,Gate KOE,Cabang Alor,1 kali seminggu / ada yang setiap hari
KOE20206,Nusa Tenggara Timur (NTT),Alor ,Alor Tengah Utara,Welai Selatan,85871,MITRA,C,ALOR,KEPULAUAN,Gate KOE,Cabang Alor,1 kali seminggu / ada yang setiap hari
KOE20207,Nusa Tenggara Timur (NTT),Alor ,Alor Timur Laut,Air Mancur,85872,MITRA,D,ALOR,KEPULAUAN,Gate KOE,Cabang Alor,"Sabtu, senin (jika barang banyak)"
KOE20207,Nusa Tenggara Timur (NTT),Alor ,Alor Timur Laut,Kamot,85872,MITRA,D,ALOR,KEPULAUAN,Gate KOE,Cabang Alor,"Sabtu, senin (jika barang banyak)"
KOE20207,Nusa Tenggara Timur (NTT),Alor ,Alor Timur Laut,Kenarimbala,85872,MITRA,D,ALOR,KEPULAUAN,Gate KOE,Cabang Alor,"Sabtu, senin (jika barang banyak)"
KOE20207,Nusa Tenggara Timur (NTT),Alor ,Alor Timur Laut,Lippang,85872,MITRA,D,ALOR,KEPULAUAN,Gate KOE,Cabang Alor,"Sabtu, senin (jika barang banyak)"
KOE20207,Nusa Tenggara Timur (NTT),Alor ,Alor Timur Laut,Nailang,85872,MITRA,D,ALOR,KEPULAUAN,Gate KOE,Cabang Alor,"Sabtu, senin (jika barang banyak)"
KOE20207,Nusa Tenggara Timur (NTT),Alor ,Alor Timur Laut,Pido,85872,MITRA,D,ALOR,KEPULAUAN,Gate KOE,Cabang Alor,"Sabtu, senin (jika barang banyak)"
KOE20207,Nusa Tenggara Timur (NTT),Alor ,Alor Timur Laut,Taramana,85872,MITRA,D,ALOR,KEPULAUAN,Gate KOE,Cabang Alor,"Sabtu, senin (jika barang banyak)"
KOE20207,Nusa Tenggara Timur (NTT),Alor ,Alor Timur Laut,Waisika,85872,MITRA,D,ALOR,KEPULAUAN,Gate KOE,Cabang Alor,"Sabtu, senin (jika barang banyak)"
KOE20216,Nusa Tenggara Timur (NTT),Alor ,Lembur,Lembur Timur,85871,MITRA,C,ALOR,KEPULAUAN,Gate KOE,Cabang Alor,"Sabtu, senin (jika barang banyak)"
KOE20216,Nusa Tenggara Timur (NTT),Alor ,Lembur,Luba,85871,MITRA,C,ALOR,KEPULAUAN,Gate KOE,Cabang Alor,"Sabtu, senin (jika barang banyak)"
KOE20216,Nusa Tenggara Timur (NTT),Alor ,Lembur,Talwai,85871,MITRA,C,ALOR,KEPULAUAN,Gate KOE,Cabang Alor,"Sabtu, senin (jika barang banyak)"
KOE20216,Nusa Tenggara Timur (NTT),Alor ,Lembur,Tasi,85871,MITRA,C,ALOR,KEPULAUAN,Gate KOE,Cabang Alor,"Sabtu, senin (jika barang banyak)"
KOE20216,Nusa Tenggara Timur (NTT),Alor ,Lembur,Tulleng,85871,MITRA,C,ALOR,KEPULAUAN,Gate KOE,Cabang Alor,"Sabtu, senin (jika barang banyak)"
KOE20216,Nusa Tenggara Timur (NTT),Alor ,Lembur,Waimi,85871,MITRA,C,ALOR,KEPULAUAN,Gate KOE,Cabang Alor,"Sabtu, senin (jika barang banyak)"
KOE20119,Nusa Tenggara Timur (NTT),Belu ,Atambua Barat,Bardao (Berdao),85715,KANTOR PERWAKILAN,B,ATAMBUA,TIMOR,Gate KOE,Cabang Atambua,Setiap Hari
KOE20119,Nusa Tenggara Timur (NTT),Belu ,Atambua Barat,Beirafu,85718,KANTOR PERWAKILAN,B,ATAMBUA,TIMOR,Gate KOE,Cabang Atambua,Setiap Hari
KOE20119,Nusa Tenggara Timur (NTT),Belu ,Atambua Barat,Tulamalae,85714,KANTOR PERWAKILAN,B,ATAMBUA,TIMOR,Gate KOE,Cabang Atambua,Setiap Hari
KOE20119,Nusa Tenggara Timur (NTT),Belu ,Atambua Barat,Umanen,85713,KANTOR PERWAKILAN,B,ATAMBUA,TIMOR,Gate KOE,Cabang Atambua,Setiap Hari
KOE20100,Nusa Tenggara Timur (NTT),Belu ,Atambua Kota,Atambua kota,85711,KANTOR PERWAKILAN,B,ATAMBUA,TIMOR,Gate KOE,Cabang Atambua,Setiap Hari
KOE20100,Nusa Tenggara Timur (NTT),Belu ,Atambua Kota,Fatubenao,85718,KANTOR PERWAKILAN,B,ATAMBUA,TIMOR,Gate KOE,Cabang Atambua,Setiap Hari
KOE20100,Nusa Tenggara Timur (NTT),Belu ,Atambua Kota,Manumutin,85712,KANTOR PERWAKILAN,B,ATAMBUA,TIMOR,Gate KOE,Cabang Atambua,Setiap Hari
KOE20100,Nusa Tenggara Timur (NTT),Belu ,Atambua Kota,Tenukiik,85711,KANTOR PERWAKILAN,B,ATAMBUA,TIMOR,Gate KOE,Cabang Atambua,Setiap Hari
KOE20118,Nusa Tenggara Timur (NTT),Belu ,Atambua Selatan,Fatukbot,85717,KANTOR PERWAKILAN,B,ATAMBUA,TIMOR,Gate KOE,Cabang Atambua,Setiap Hari
KOE20118,Nusa Tenggara Timur (NTT),Belu ,Atambua Selatan,Lidak,85716,KANTOR PERWAKILAN,B,ATAMBUA,TIMOR,Gate KOE,Cabang Atambua,Setiap Hari
KOE20118,Nusa Tenggara Timur (NTT),Belu ,Atambua Selatan,Manuaman,85718,KANTOR PERWAKILAN,B,ATAMBUA,TIMOR,Gate KOE,Cabang Atambua,Setiap Hari
KOE20118,Nusa Tenggara Timur (NTT),Belu ,Atambua Selatan,Rinbesi,85718,KANTOR PERWAKILAN,B,ATAMBUA,TIMOR,Gate KOE,Cabang Atambua,Setiap Hari
KOE20110,Nusa Tenggara Timur (NTT),Belu ,Kakuluk Mesak,Dua Laus,85752,KANTOR PERWAKILAN,C,ATAMBUA,TIMOR,Gate KOE,Cabang Atambua,Setiap Hari
KOE20110,Nusa Tenggara Timur (NTT),Belu ,Kakuluk Mesak,Fatuketi,85752,KANTOR PERWAKILAN,C,ATAMBUA,TIMOR,Gate KOE,Cabang Atambua,Setiap Hari
KOE20110,Nusa Tenggara Timur (NTT),Belu ,Kakuluk Mesak,Jenilu,85752,KANTOR PERWAKILAN,C,ATAMBUA,TIMOR,Gate KOE,Cabang Atambua,Setiap Hari
KOE20110,Nusa Tenggara Timur (NTT),Belu ,Kakuluk Mesak,Kabuna,85752,KANTOR PERWAKILAN,C,ATAMBUA,TIMOR,Gate KOE,Cabang Atambua,Setiap Hari
KOE20110,Nusa Tenggara Timur (NTT),Belu ,Kakuluk Mesak,Kenebibi,85752,KANTOR PERWAKILAN,C,ATAMBUA,TIMOR,Gate KOE,Cabang Atambua,Setiap Hari
KOE20110,Nusa Tenggara Timur (NTT),Belu ,Kakuluk Mesak,Leosama,85752,KANTOR PERWAKILAN,C,ATAMBUA,TIMOR,Gate KOE,Cabang Atambua,Setiap Hari
KOE20109,Nusa Tenggara Timur (NTT),Belu ,Tasifeto Timur,Sadi,85711,KANTOR PERWAKILAN,C,ATAMBUA,TIMOR,Gate KOE,Cabang Atambua,Setiap Hari
KOE20109,Nusa Tenggara Timur (NTT),Belu ,Tasifeto Timur,Silawan,85771,KANTOR PERWAKILAN,C,ATAMBUA,TIMOR,Gate KOE,Cabang Atambua,Setiap Hari
KOE20109,Nusa Tenggara Timur (NTT),Belu ,Tasifeto Timur,Tulakadi,85771,KANTOR PERWAKILAN,C,ATAMBUA,TIMOR,Gate KOE,Cabang Atambua,Setiap Hari
KOE20114,Nusa Tenggara Timur (NTT),Belu ,Raimanuk,Duakoran,85761,KANTOR PERWAKILAN,C,ATAMBUA,TIMOR,Gate KOE,Cabang Atambua,"Senin, Rabu, Jumad, Dan Sabtu"
KOE20114,Nusa Tenggara Timur (NTT),Belu ,Raimanuk,Faturika,85761,KANTOR PERWAKILAN,C,ATAMBUA,TIMOR,Gate KOE,Cabang Atambua,"Senin, Rabu, Jumad, Dan Sabtu"
KOE20114,Nusa Tenggara Timur (NTT),Belu ,Raimanuk,Leuntolu,85761,KANTOR PERWAKILAN,C,ATAMBUA,TIMOR,Gate KOE,Cabang Atambua,"Senin, Rabu, Jumad, Dan Sabtu"
KOE20114,Nusa Tenggara Timur (NTT),Belu ,Raimanuk,Mandeu,85761,KANTOR PERWAKILAN,C,ATAMBUA,TIMOR,Gate KOE,Cabang Atambua,"Senin, Rabu, Jumad, Dan Sabtu"
KOE20114,Nusa Tenggara Timur (NTT),Belu ,Raimanuk,Rafae,85761,KANTOR PERWAKILAN,C,ATAMBUA,TIMOR,Gate KOE,Cabang Atambua,"Senin, Rabu, Jumad, Dan Sabtu"
KOE20114,Nusa Tenggara Timur (NTT),Belu ,Raimanuk,Raimanus,85761,KANTOR PERWAKILAN,C,ATAMBUA,TIMOR,Gate KOE,Cabang Atambua,"Senin, Rabu, Jumad, Dan Sabtu"
KOE20114,Nusa Tenggara Timur (NTT),Belu ,Raimanuk,Renrua,85761,KANTOR PERWAKILAN,C,ATAMBUA,TIMOR,Gate KOE,Cabang Atambua,"Senin, Rabu, Jumad, Dan Sabtu"
KOE20114,Nusa Tenggara Timur (NTT),Belu ,Raimanuk,Tasain,85761,KANTOR PERWAKILAN,C,ATAMBUA,TIMOR,Gate KOE,Cabang Atambua,"Senin, Rabu, Jumad, Dan Sabtu"
KOE20114,Nusa Tenggara Timur (NTT),Belu ,Raimanuk,Teun,85761,KANTOR PERWAKILAN,C,ATAMBUA,TIMOR,Gate KOE,Cabang Atambua,"Senin, Rabu, Jumad, Dan Sabtu"
KOE20108,Nusa Tenggara Timur (NTT),Belu ,Tasifeto Barat,Bakustulama,85752,KANTOR PERWAKILAN,C,ATAMBUA,TIMOR,Gate KOE,Cabang Atambua,"Senin, Rabu, Jumad, Dan Sabtu"
KOE20108,Nusa Tenggara Timur (NTT),Belu ,Tasifeto Barat,Derok Faturene,85752,KANTOR PERWAKILAN,C,ATAMBUA,TIMOR,Gate KOE,Cabang Atambua,"Senin, Rabu, Jumad, Dan Sabtu"
KOE20108,Nusa Tenggara Timur (NTT),Belu ,Tasifeto Barat,Lawalutolus,85752,KANTOR PERWAKILAN,C,ATAMBUA,TIMOR,Gate KOE,Cabang Atambua,"Senin, Rabu, Jumad, Dan Sabtu"
KOE20108,Nusa Tenggara Timur (NTT),Belu ,Tasifeto Barat,Lookeu,85752,KANTOR PERWAKILAN,C,ATAMBUA,TIMOR,Gate KOE,Cabang Atambua,"Senin, Rabu, Jumad, Dan Sabtu"
KOE20108,Nusa Tenggara Timur (NTT),Belu ,Tasifeto Barat,Naekasa,85752,KANTOR PERWAKILAN,C,ATAMBUA,TIMOR,Gate KOE,Cabang Atambua,"Senin, Rabu, Jumad, Dan Sabtu"
KOE20108,Nusa Tenggara Timur (NTT),Belu ,Tasifeto Barat,Naitimu,85752,KANTOR PERWAKILAN,C,ATAMBUA,TIMOR,Gate KOE,Cabang Atambua,"Senin, Rabu, Jumad, Dan Sabtu"
KOE20108,Nusa Tenggara Timur (NTT),Belu ,Tasifeto Barat,Rinbesihat,85752,KANTOR PERWAKILAN,C,ATAMBUA,TIMOR,Gate KOE,Cabang Atambua,"Senin, Rabu, Jumad, Dan Sabtu"
KOE20108,Nusa Tenggara Timur (NTT),Belu ,Tasifeto Barat,Tukuneno,85752,KANTOR PERWAKILAN,C,ATAMBUA,TIMOR,Gate KOE,Cabang Atambua,"Senin, Rabu, Jumad, Dan Sabtu"
KOE20116,Nusa Tenggara Timur (NTT),Belu ,Lasiolat,Baudaok,85771,KANTOR PERWAKILAN,C,ATAMBUA,TIMOR,Gate KOE,Cabang Atambua,Senin
KOE20116,Nusa Tenggara Timur (NTT),Belu ,Lasiolat,Dualasi,85771,KANTOR PERWAKILAN,C,ATAMBUA,TIMOR,Gate KOE,Cabang Atambua,Senin
KOE20116,Nusa Tenggara Timur (NTT),Belu ,Lasiolat,Fatulotu,85771,KANTOR PERWAKILAN,C,ATAMBUA,TIMOR,Gate KOE,Cabang Atambua,Senin
KOE20116,Nusa Tenggara Timur (NTT),Belu ,Lasiolat,Lakanmau,85771,KANTOR PERWAKILAN,C,ATAMBUA,TIMOR,Gate KOE,Cabang Atambua,Senin
KOE20116,Nusa Tenggara Timur (NTT),Belu ,Lasiolat,Lasiolat,85771,KANTOR PERWAKILAN,C,ATAMBUA,TIMOR,Gate KOE,Cabang Atambua,Senin
KOE20116,Nusa Tenggara Timur (NTT),Belu ,Lasiolat,Maneikun,85771,KANTOR PERWAKILAN,C,ATAMBUA,TIMOR,Gate KOE,Cabang Atambua,Senin
KOE20116,Nusa Tenggara Timur (NTT),Belu ,Lasiolat,Raiulun,85771,KANTOR PERWAKILAN,C,ATAMBUA,TIMOR,Gate KOE,Cabang Atambua,Senin
KOE20111,Nusa Tenggara Timur (NTT),Belu ,Raihat,Aitoun,85773,KANTOR PERWAKILAN,D,ATAMBUA,TIMOR,Gate KOE,Cabang Atambua,Senin
KOE20111,Nusa Tenggara Timur (NTT),Belu ,Raihat,Asumanu,85773,KANTOR PERWAKILAN,D,ATAMBUA,TIMOR,Gate KOE,Cabang Atambua,Senin
KOE20111,Nusa Tenggara Timur (NTT),Belu ,Raihat,Maumutin,85773,KANTOR PERWAKILAN,D,ATAMBUA,TIMOR,Gate KOE,Cabang Atambua,Senin
KOE20111,Nusa Tenggara Timur (NTT),Belu ,Raihat,Raifatus,85773,KANTOR PERWAKILAN,D,ATAMBUA,TIMOR,Gate KOE,Cabang Atambua,Senin
KOE20111,Nusa Tenggara Timur (NTT),Belu ,Raihat,Tohe,85773,KANTOR PERWAKILAN,D,ATAMBUA,TIMOR,Gate KOE,Cabang Atambua,Senin
KOE20111,Nusa Tenggara Timur (NTT),Belu ,Raihat,Toheleten,85773,KANTOR PERWAKILAN,D,ATAMBUA,TIMOR,Gate KOE,Cabang Atambua,Senin
KOE20109,Nusa Tenggara Timur (NTT),Belu ,Tasifeto Timur,Manleten,85771,KANTOR PERWAKILAN,C,ATAMBUA,TIMOR,Gate KOE,Cabang Atambua,"Selasa, Rabu, Kamis, Sabtu, Minggu"
KOE20109,Nusa Tenggara Timur (NTT),Belu ,Tasifeto Timur,Sabarau/Saraban,85771,KANTOR PERWAKILAN,C,ATAMBUA,TIMOR,Gate KOE,Cabang Atambua,"Selasa, Rabu, Kamis, Sabtu, Minggu"
KOE20109,Nusa Tenggara Timur (NTT),Belu ,Tasifeto Timur,Takirin,85771,KANTOR PERWAKILAN,C,ATAMBUA,TIMOR,Gate KOE,Cabang Atambua,"Selasa, Rabu, Kamis, Sabtu, Minggu"
KOE20109,Nusa Tenggara Timur (NTT),Belu ,Tasifeto Timur,Tialai,85771,KANTOR PERWAKILAN,C,ATAMBUA,TIMOR,Gate KOE,Cabang Atambua,"Selasa, Rabu, Kamis, Sabtu, Minggu"
KOE20109,Nusa Tenggara Timur (NTT),Belu ,Tasifeto Timur,Umaklaran,85771,KANTOR PERWAKILAN,C,ATAMBUA,TIMOR,Gate KOE,Cabang Atambua,"Selasa, Rabu, Kamis, Sabtu, Minggu"
KOE20115,Nusa Tenggara Timur (NTT),Belu ,Nanaet Duabesi,Dubesi,85752,KANTOR PERWAKILAN,D,ATAMBUA,TIMOR,Gate KOE,Cabang Atambua,Selasa Dan Kamis
KOE20115,Nusa Tenggara Timur (NTT),Belu ,Nanaet Duabesi,Fohoeka,85752,KANTOR PERWAKILAN,D,ATAMBUA,TIMOR,Gate KOE,Cabang Atambua,Selasa Dan Kamis
KOE20115,Nusa Tenggara Timur (NTT),Belu ,Nanaet Duabesi,Nanaenoe,85752,KANTOR PERWAKILAN,D,ATAMBUA,TIMOR,Gate KOE,Cabang Atambua,Selasa Dan Kamis
KOE20115,Nusa Tenggara Timur (NTT),Belu ,Nanaet Duabesi,Nanaet,85752,KANTOR PERWAKILAN,D,ATAMBUA,TIMOR,Gate KOE,Cabang Atambua,Selasa Dan Kamis
KOE20109,Nusa Tenggara Timur (NTT),Belu ,Tasifeto Timur,Bauho,85771,KANTOR PERWAKILAN,C,ATAMBUA,TIMOR,Gate KOE,Cabang Atambua,"Rabu, Sabtu Dan Senin"
KOE20109,Nusa Tenggara Timur (NTT),Belu ,Tasifeto Timur,Dafala,85771,KANTOR PERWAKILAN,C,ATAMBUA,TIMOR,Gate KOE,Cabang Atambua,"Rabu, Sabtu Dan Senin"
KOE20109,Nusa Tenggara Timur (NTT),Belu ,Tasifeto Timur,Fatuba'a,85771,KANTOR PERWAKILAN,C,ATAMBUA,TIMOR,Gate KOE,Cabang Atambua,"Rabu, Sabtu Dan Senin"
KOE20109,Nusa Tenggara Timur (NTT),Belu ,Tasifeto Timur,Halimodok,85771,KANTOR PERWAKILAN,C,ATAMBUA,TIMOR,Gate KOE,Cabang Atambua,"Rabu, Sabtu Dan Senin"
KOE20102,Nusa Tenggara Timur (NTT),Belu ,Lamaknen,Duarato,85772,KANTOR PERWAKILAN,D,ATAMBUA,TIMOR,Gate KOE,Cabang Atambua,Jumad
KOE20102,Nusa Tenggara Timur (NTT),Belu ,Lamaknen,Fulur,85772,KANTOR PERWAKILAN,D,ATAMBUA,TIMOR,Gate KOE,Cabang Atambua,Jumad
KOE20102,Nusa Tenggara Timur (NTT),Belu ,Lamaknen,Kewar,85772,KANTOR PERWAKILAN,D,ATAMBUA,TIMOR,Gate KOE,Cabang Atambua,Jumad
KOE20102,Nusa Tenggara Timur (NTT),Belu ,Lamaknen,Lamaksenulu,85772,KANTOR PERWAKILAN,D,ATAMBUA,TIMOR,Gate KOE,Cabang Atambua,Jumad
KOE20102,Nusa Tenggara Timur (NTT),Belu ,Lamaknen,Leowalu,85772,KANTOR PERWAKILAN,D,ATAMBUA,TIMOR,Gate KOE,Cabang Atambua,Jumad
KOE20102,Nusa Tenggara Timur (NTT),Belu ,Lamaknen,Mahuitas,85772,KANTOR PERWAKILAN,D,ATAMBUA,TIMOR,Gate KOE,Cabang Atambua,Jumad
KOE20102,Nusa Tenggara Timur (NTT),Belu ,Lamaknen,Makir,85772,KANTOR PERWAKILAN,D,ATAMBUA,TIMOR,Gate KOE,Cabang Atambua,Jumad
KOE20102,Nusa Tenggara Timur (NTT),Belu ,Lamaknen,Maudemu,85772,KANTOR PERWAKILAN,D,ATAMBUA,TIMOR,Gate KOE,Cabang Atambua,Jumad
KOE20102,Nusa Tenggara Timur (NTT),Belu ,Lamaknen,Dirun,85772,KANTOR PERWAKILAN,D,ATAMBUA,TIMOR,Gate KOE,Cabang Atambua,Jumad
KOE20117,Nusa Tenggara Timur (NTT),Belu ,Lamaknen Selatan,Debululik,85772,KANTOR PERWAKILAN,D,ATAMBUA,TIMOR,Gate KOE,Cabang Atambua,Jumad
KOE20117,Nusa Tenggara Timur (NTT),Belu ,Lamaknen Selatan,Ekin,85772,KANTOR PERWAKILAN,D,ATAMBUA,TIMOR,Gate KOE,Cabang Atambua,Jumad
KOE20117,Nusa Tenggara Timur (NTT),Belu ,Lamaknen Selatan,Henes,85772,KANTOR PERWAKILAN,D,ATAMBUA,TIMOR,Gate KOE,Cabang Atambua,Jumad
KOE20117,Nusa Tenggara Timur (NTT),Belu ,Lamaknen Selatan,Lakmaras,85772,KANTOR PERWAKILAN,D,ATAMBUA,TIMOR,Gate KOE,Cabang Atambua,Jumad
KOE20117,Nusa Tenggara Timur (NTT),Belu ,Lamaknen Selatan,Loonuna,85772,KANTOR PERWAKILAN,D,ATAMBUA,TIMOR,Gate KOE,Cabang Atambua,Jumad
KOE20117,Nusa Tenggara Timur (NTT),Belu ,Lamaknen Selatan,Lutarato,85772,KANTOR PERWAKILAN,D,ATAMBUA,TIMOR,Gate KOE,Cabang Atambua,Jumad
KOE20117,Nusa Tenggara Timur (NTT),Belu ,Lamaknen Selatan,Nualain,85772,KANTOR PERWAKILAN,D,ATAMBUA,TIMOR,Gate KOE,Cabang Atambua,Jumad
KOE20117,Nusa Tenggara Timur (NTT),Belu ,Lamaknen Selatan,Sisi Fatuberal,85772,KANTOR PERWAKILAN,D,ATAMBUA,TIMOR,Gate KOE,Cabang Atambua,Jumad
KOE20912,Nusa Tenggara Timur (NTT),Ngada ,Ngada Bawa,Ngada Bawa,0,KANTOR PERWAKILAN,B,BAJAWA,FLORES,Gate LBJ,tidak ada kec ,Tidak ada kecamatan ini
KOE20915,Nusa Tenggara Timur (NTT),Ngada ,Wogomang Ulewa,Wogomang Ulewa,0,KANTOR PERWAKILAN,C,BAJAWA,FLORES,Gate LBJ,tidak ada kec ,Tidak ada kecamatan ini
KOE20616,Nusa Tenggara Timur (NTT),Manggarai Timur,Komba,Komba,0,MITRA,D,BORONG,FLORES,Gate LBJ,Cabang Borong,SETIAP HARI 
KOE20617,Nusa Tenggara Timur (NTT),Manggarai Timur,Mborong,Mborong,0,MITRA,B,BORONG,FLORES,Gate LBJ,Cabang Borong,Tidak ada kecamatan ini
KOE20618,Nusa Tenggara Timur (NTT),Manggarai Timur,Ponco Ranaka,Ponco Ranaka,0,MITRA,D,BORONG,FLORES,Gate LBJ,Cabang Borong,"Selasa, kamis dan sabtu "
KOE20619,Nusa Tenggara Timur (NTT),Manggarai Timur,Sambi Rambas,Sambi Rambas,0,MITRA,D,BORONG,FLORES,Gate LBJ,Cabang Borong,RABU DAN SABTU 
KOE21928,Nusa Tenggara Timur (NTT),Kabupaten Kupang,Amabi Oefeto,Fatukanutu (Fatuknutu),85362,KANTOR PERWAKILAN,D,KABUPATEN KUPANG,TIMOR,Gate KOE,Agen Tesbatan,"SENIN, KAMIS, SABTU"
KOE21928,Nusa Tenggara Timur (NTT),Kabupaten Kupang,Amabi Oefeto,Fatuteta,85362,KANTOR PERWAKILAN,D,KABUPATEN KUPANG,TIMOR,Gate KOE,Agen Tesbatan,"SENIN, KAMIS, SABTU"
KOE21928,Nusa Tenggara Timur (NTT),Kabupaten Kupang,Amabi Oefeto,Kairane,85362,KANTOR PERWAKILAN,D,KABUPATEN KUPANG,TIMOR,Gate KOE,Agen Tesbatan,"SENIN, KAMIS, SABTU"
KOE21928,Nusa Tenggara Timur (NTT),Kabupaten Kupang,Amabi Oefeto,Kuanheum,85362,KANTOR PERWAKILAN,D,KABUPATEN KUPANG,TIMOR,Gate KOE,Agen Tesbatan,"SENIN, KAMIS, SABTU"
KOE21928,Nusa Tenggara Timur (NTT),Kabupaten Kupang,Amabi Oefeto,Niunbaun,85363,KANTOR PERWAKILAN,D,KABUPATEN KUPANG,TIMOR,Gate KOE,Agen Tesbatan,"SENIN, KAMIS, SABTU"
KOE21928,Nusa Tenggara Timur (NTT),Kabupaten Kupang,Amabi Oefeto,Oeleto (Oefeto),85363,KANTOR PERWAKILAN,D,KABUPATEN KUPANG,TIMOR,Gate KOE,Agen Tesbatan,"SENIN, KAMIS, SABTU"
KOE21928,Nusa Tenggara Timur (NTT),Kabupaten Kupang,Amabi Oefeto,Raknamo,85362,KANTOR PERWAKILAN,D,KABUPATEN KUPANG,TIMOR,Gate KOE,Agen Tesbatan,"SENIN, KAMIS, SABTU"
KOE21901,Nusa Tenggara Timur (NTT),Kabupaten Kupang,Amabi Oefeto Timur,Enolanan,85363,KANTOR PERWAKILAN,D,KABUPATEN KUPANG,TIMOR,Gate KOE,Agen Camplong,SABTU
KOE21901,Nusa Tenggara Timur (NTT),Kabupaten Kupang,Amabi Oefeto Timur,Muke,85363,KANTOR PERWAKILAN,D,KABUPATEN KUPANG,TIMOR,Gate KOE,Agen Camplong,SABTU
KOE21901,Nusa Tenggara Timur (NTT),Kabupaten Kupang,Amabi Oefeto Timur,Nunmafo,85363,KANTOR PERWAKILAN,D,KABUPATEN KUPANG,TIMOR,Gate KOE,Agen Camplong,SABTU
KOE21901,Nusa Tenggara Timur (NTT),Kabupaten Kupang,Amabi Oefeto Timur,Oemofa,85363,KANTOR PERWAKILAN,D,KABUPATEN KUPANG,TIMOR,Gate KOE,Agen Camplong,SABTU
KOE21901,Nusa Tenggara Timur (NTT),Kabupaten Kupang,Amabi Oefeto Timur,Oemolo,85363,KANTOR PERWAKILAN,D,KABUPATEN KUPANG,TIMOR,Gate KOE,Agen Camplong,SABTU
KOE21901,Nusa Tenggara Timur (NTT),Kabupaten Kupang,Amabi Oefeto Timur,Oenaunu,85363,KANTOR PERWAKILAN,D,KABUPATEN KUPANG,TIMOR,Gate KOE,Agen Camplong,SABTU
KOE21901,Nusa Tenggara Timur (NTT),Kabupaten Kupang,Amabi Oefeto Timur,Oeniko,85363,KANTOR PERWAKILAN,D,KABUPATEN KUPANG,TIMOR,Gate KOE,Agen Camplong,SABTU
KOE21901,Nusa Tenggara Timur (NTT),Kabupaten Kupang,Amabi Oefeto Timur,Oenuntono (Oenunutono),85363,KANTOR PERWAKILAN,D,KABUPATEN KUPANG,TIMOR,Gate KOE,Agen Camplong,SABTU
KOE21901,Nusa Tenggara Timur (NTT),Kabupaten Kupang,Amabi Oefeto Timur,Pathau,85363,KANTOR PERWAKILAN,D,KABUPATEN KUPANG,TIMOR,Gate KOE,Agen Camplong,SABTU
KOE21901,Nusa Tenggara Timur (NTT),Kabupaten Kupang,Amabi Oefeto Timur,Seki,85363,KANTOR PERWAKILAN,D,KABUPATEN KUPANG,TIMOR,Gate KOE,Agen Camplong,SABTU
KOE21905,Nusa Tenggara Timur (NTT),Kabupaten Kupang,Amarasi,Apren,85367,KANTOR PERWAKILAN,C,KABUPATEN KUPANG,TIMOR,Gate KOE,Agen Tesbatan,"SENIN, KAMIS, SABTU"
KOE21905,Nusa Tenggara Timur (NTT),Kabupaten Kupang,Amarasi,Kotabes,85367,KANTOR PERWAKILAN,C,KABUPATEN KUPANG,TIMOR,Gate KOE,Agen Tesbatan,"SENIN, KAMIS, SABTU"
KOE21905,Nusa Tenggara Timur (NTT),Kabupaten Kupang,Amarasi,Nonbes,85367,KANTOR PERWAKILAN,C,KABUPATEN KUPANG,TIMOR,Gate KOE,Agen Tesbatan,"SENIN, KAMIS, SABTU"
KOE21905,Nusa Tenggara Timur (NTT),Kabupaten Kupang,Amarasi,Oenoni,85367,KANTOR PERWAKILAN,C,KABUPATEN KUPANG,TIMOR,Gate KOE,Agen Tesbatan,"SENIN, KAMIS, SABTU"
KOE21905,Nusa Tenggara Timur (NTT),Kabupaten Kupang,Amarasi,Oenoni Dua,85367,KANTOR PERWAKILAN,C,KABUPATEN KUPANG,TIMOR,Gate KOE,Agen Tesbatan,"SENIN, KAMIS, SABTU"
KOE21905,Nusa Tenggara Timur (NTT),Kabupaten Kupang,Amarasi,Oesena,85367,KANTOR PERWAKILAN,C,KABUPATEN KUPANG,TIMOR,Gate KOE,Agen Tesbatan,"SENIN, KAMIS, SABTU"
KOE21905,Nusa Tenggara Timur (NTT),Kabupaten Kupang,Amarasi,Ponain,85367,KANTOR PERWAKILAN,C,KABUPATEN KUPANG,TIMOR,Gate KOE,Agen Tesbatan,"SENIN, KAMIS, SABTU"
KOE21905,Nusa Tenggara Timur (NTT),Kabupaten Kupang,Amarasi,Tesbatan,85367,KANTOR PERWAKILAN,C,KABUPATEN KUPANG,TIMOR,Gate KOE,Agen Tesbatan,"SENIN, KAMIS, SABTU"
KOE21902,Nusa Tenggara Timur (NTT),Kabupaten Kupang,Amarasi Barat,Erbaun,85367,KANTOR PERWAKILAN,D,KABUPATEN KUPANG,TIMOR,Gate KOE,Agen Tesbatan,"SENIN, KAMIS, SABTU"
KOE21902,Nusa Tenggara Timur (NTT),Kabupaten Kupang,Amarasi Barat,Merbaun,85367,KANTOR PERWAKILAN,D,KABUPATEN KUPANG,TIMOR,Gate KOE,Agen Tesbatan,"SENIN, KAMIS, SABTU"
KOE21902,Nusa Tenggara Timur (NTT),Kabupaten Kupang,Amarasi Barat,Nekbaun,85367,KANTOR PERWAKILAN,D,KABUPATEN KUPANG,TIMOR,Gate KOE,Agen Tesbatan,"SENIN, KAMIS, SABTU"
KOE21902,Nusa Tenggara Timur (NTT),Kabupaten Kupang,Amarasi Barat,Niukbaun,85367,KANTOR PERWAKILAN,D,KABUPATEN KUPANG,TIMOR,Gate KOE,Agen Tesbatan,"SENIN, KAMIS, SABTU"
KOE21902,Nusa Tenggara Timur (NTT),Kabupaten Kupang,Amarasi Barat,Soba,85367,KANTOR PERWAKILAN,D,KABUPATEN KUPANG,TIMOR,Gate KOE,Agen Tesbatan,"SENIN, KAMIS, SABTU"
KOE21902,Nusa Tenggara Timur (NTT),Kabupaten Kupang,Amarasi Barat,Teunbaun,85367,KANTOR PERWAKILAN,D,KABUPATEN KUPANG,TIMOR,Gate KOE,Agen Tesbatan,"SENIN, KAMIS, SABTU"
KOE21902,Nusa Tenggara Timur (NTT),Kabupaten Kupang,Amarasi Barat,Toobaun,85367,KANTOR PERWAKILAN,D,KABUPATEN KUPANG,TIMOR,Gate KOE,Agen Tesbatan,"SENIN, KAMIS, SABTU"
KOE21902,Nusa Tenggara Timur (NTT),Kabupaten Kupang,Amarasi Barat,Tunbaun,85367,KANTOR PERWAKILAN,D,KABUPATEN KUPANG,TIMOR,Gate KOE,Agen Tesbatan,"SENIN, KAMIS, SABTU"
KOE21903,Nusa Tenggara Timur (NTT),Kabupaten Kupang,Amarasi Selatan,Buraen,85367,KANTOR PERWAKILAN,D,KABUPATEN KUPANG,TIMOR,Gate KOE,Agen Tesbatan,"SENIN, KAMIS, SABTU"
KOE21903,Nusa Tenggara Timur (NTT),Kabupaten Kupang,Amarasi Selatan,Nekmese,85367,KANTOR PERWAKILAN,D,KABUPATEN KUPANG,TIMOR,Gate KOE,Agen Niki - Niki,"SENIN, KAMIS, SABTU"
KOE21903,Nusa Tenggara Timur (NTT),Kabupaten Kupang,Amarasi Selatan,Retraen,85367,KANTOR PERWAKILAN,D,KABUPATEN KUPANG,TIMOR,Gate KOE,Agen Tesbatan,"SENIN, KAMIS, SABTU"
KOE21903,Nusa Tenggara Timur (NTT),Kabupaten Kupang,Amarasi Selatan,Sahraen,85367,KANTOR PERWAKILAN,D,KABUPATEN KUPANG,TIMOR,Gate KOE,Agen Tesbatan,"SENIN, KAMIS, SABTU"
KOE21903,Nusa Tenggara Timur (NTT),Kabupaten Kupang,Amarasi Selatan,Sonraen,85367,KANTOR PERWAKILAN,D,KABUPATEN KUPANG,TIMOR,Gate KOE,Agen Tesbatan,"SENIN, KAMIS, SABTU"
KOE21904,Nusa Tenggara Timur (NTT),Kabupaten Kupang,Amarasi Timur,Enoraen,85367,KANTOR PERWAKILAN,D,KABUPATEN KUPANG,TIMOR,Gate KOE,Agen Tesbatan,"SENIN, KAMIS, SABTU"
KOE21904,Nusa Tenggara Timur (NTT),Kabupaten Kupang,Amarasi Timur,Oebesi,85367,KANTOR PERWAKILAN,D,KABUPATEN KUPANG,TIMOR,Gate KOE,Agen Tesbatan,"SENIN, KAMIS, SABTU"
KOE21904,Nusa Tenggara Timur (NTT),Kabupaten Kupang,Amarasi Timur,Pakubaun,85367,KANTOR PERWAKILAN,D,KABUPATEN KUPANG,TIMOR,Gate KOE,Agen Tesbatan,"SENIN, KAMIS, SABTU"
KOE21904,Nusa Tenggara Timur (NTT),Kabupaten Kupang,Amarasi Timur,Rabeka,85367,KANTOR PERWAKILAN,D,KABUPATEN KUPANG,TIMOR,Gate KOE,Agen Tesbatan,"SENIN, KAMIS, SABTU"
KOE21906,Nusa Tenggara Timur (NTT),Kabupaten Kupang,Amfoang Barat Daya,Bioba Baru (Barutaen),85364,KANTOR PERWAKILAN,D,KABUPATEN KUPANG,TIMOR,Gate KOE,KCU / Belum ada Agen,Belum ada Agen
KOE21906,Nusa Tenggara Timur (NTT),Kabupaten Kupang,Amfoang Barat Daya,Letkole,85364,KANTOR PERWAKILAN,D,KABUPATEN KUPANG,TIMOR,Gate KOE,KCU / Belum ada Agen,Belum ada Agen
KOE21906,Nusa Tenggara Timur (NTT),Kabupaten Kupang,Amfoang Barat Daya,Manubelon,85364,KANTOR PERWAKILAN,D,KABUPATEN KUPANG,TIMOR,Gate KOE,KCU / Belum ada Agen,Belum ada Agen
KOE21906,Nusa Tenggara Timur (NTT),Kabupaten Kupang,Amfoang Barat Daya,Nefoneut,85364,KANTOR PERWAKILAN,D,KABUPATEN KUPANG,TIMOR,Gate KOE,KCU / Belum ada Agen,Belum ada Agen
KOE21907,Nusa Tenggara Timur (NTT),Kabupaten Kupang,Amfoang Barat Laut,Faumes,85364,KANTOR PERWAKILAN,D,KABUPATEN KUPANG,TIMOR,Gate KOE,KCU / Belum ada Agen,Penerusan Jadwal Sabtu 
KOE21907,Nusa Tenggara Timur (NTT),Kabupaten Kupang,Amfoang Barat Laut,Honuk,85364,KANTOR PERWAKILAN,D,KABUPATEN KUPANG,TIMOR,Gate KOE,KCU / Belum ada Agen,Penerusan Jadwal Sabtu 
KOE21907,Nusa Tenggara Timur (NTT),Kabupaten Kupang,Amfoang Barat Laut,Oelfatu,85364,KANTOR PERWAKILAN,D,KABUPATEN KUPANG,TIMOR,Gate KOE,KCU / Belum ada Agen,Penerusan Jadwal Sabtu 
KOE21907,Nusa Tenggara Timur (NTT),Kabupaten Kupang,Amfoang Barat Laut,Saukibe,85364,KANTOR PERWAKILAN,D,KABUPATEN KUPANG,TIMOR,Gate KOE,KCU / Belum ada Agen,Penerusan Jadwal Sabtu 
KOE21907,Nusa Tenggara Timur (NTT),Kabupaten Kupang,Amfoang Barat Laut,Soliu,85364,KANTOR PERWAKILAN,D,KABUPATEN KUPANG,TIMOR,Gate KOE,KCU / Belum ada Agen,Penerusan Jadwal Sabtu 
KOE21907,Nusa Tenggara Timur (NTT),Kabupaten Kupang,Amfoang Barat Laut,Timau,85364,KANTOR PERWAKILAN,D,KABUPATEN KUPANG,TIMOR,Gate KOE,KCU / Belum ada Agen,Penerusan Jadwal Sabtu 
KOE21908,Nusa Tenggara Timur (NTT),Kabupaten Kupang,Amfoang Selatan,Fatumetan,85364,KANTOR PERWAKILAN,D,KABUPATEN KUPANG,TIMOR,Gate KOE,KCU / Belum ada Agen,Kamis
KOE21908,Nusa Tenggara Timur (NTT),Kabupaten Kupang,Amfoang Selatan,Fatusuki,85364,KANTOR PERWAKILAN,D,KABUPATEN KUPANG,TIMOR,Gate KOE,KCU / Belum ada Agen,Kamis
KOE21908,Nusa Tenggara Timur (NTT),Kabupaten Kupang,Amfoang Selatan,Leloboko,85364,KANTOR PERWAKILAN,D,KABUPATEN KUPANG,TIMOR,Gate KOE,Agen Kapan,Kamis
KOE21908,Nusa Tenggara Timur (NTT),Kabupaten Kupang,Amfoang Selatan,Lelogama,85364,KANTOR PERWAKILAN,D,KABUPATEN KUPANG,TIMOR,Gate KOE,KCU / Belum ada Agen,Kamis
KOE21908,Nusa Tenggara Timur (NTT),Kabupaten Kupang,Amfoang Selatan,Oelbanu,85364,KANTOR PERWAKILAN,D,KABUPATEN KUPANG,TIMOR,Gate KOE,KCU / Belum ada Agen,Kamis
KOE21908,Nusa Tenggara Timur (NTT),Kabupaten Kupang,Amfoang Selatan,Ohaem,85364,KANTOR PERWAKILAN,D,KABUPATEN KUPANG,TIMOR,Gate KOE,KCU / Belum ada Agen,Kamis
KOE21908,Nusa Tenggara Timur (NTT),Kabupaten Kupang,Amfoang Selatan,Ohaem Dua,85364,KANTOR PERWAKILAN,D,KABUPATEN KUPANG,TIMOR,Gate KOE,KCU / Belum ada Agen,Kamis
KOE21929,Nusa Tenggara Timur (NTT),Kabupaten Kupang,Amfoang Tengah,Binafun,85364,KANTOR PERWAKILAN,D,KABUPATEN KUPANG,TIMOR,Gate KOE,KCU / Belum ada Agen,Kamis
KOE21929,Nusa Tenggara Timur (NTT),Kabupaten Kupang,Amfoang Tengah,Bitobe,85364,KANTOR PERWAKILAN,D,KABUPATEN KUPANG,TIMOR,Gate KOE,KCU / Belum ada Agen,Belum ada Agen
KOE21929,Nusa Tenggara Timur (NTT),Kabupaten Kupang,Amfoang Tengah,Bonmuti,85364,KANTOR PERWAKILAN,D,KABUPATEN KUPANG,TIMOR,Gate KOE,KCU / Belum ada Agen,Belum ada Agen
KOE21929,Nusa Tenggara Timur (NTT),Kabupaten Kupang,Amfoang Tengah,Fatumonas,85364,KANTOR PERWAKILAN,D,KABUPATEN KUPANG,TIMOR,Gate KOE,KCU / Belum ada Agen,Belum ada Agen
KOE21927,Nusa Tenggara Timur (NTT),Kabupaten Kupang,Amfoang Timur,Kifu,85364,KANTOR PERWAKILAN,D,KABUPATEN KUPANG,TIMOR,Gate KOE,KCU / Belum ada Agen,Penerusan Jadwal Sabtu 
KOE21927,Nusa Tenggara Timur (NTT),Kabupaten Kupang,Amfoang Timur,Natemnanu (Natummanu),85364,KANTOR PERWAKILAN,D,KABUPATEN KUPANG,TIMOR,Gate KOE,KCU / Belum ada Agen,Penerusan Jadwal Sabtu 
KOE21927,Nusa Tenggara Timur (NTT),Kabupaten Kupang,Amfoang Timur,Netemnanu Selatan,85364,KANTOR PERWAKILAN,D,KABUPATEN KUPANG,TIMOR,Gate KOE,KCU / Belum ada Agen,Penerusan Jadwal Sabtu 
KOE21927,Nusa Tenggara Timur (NTT),Kabupaten Kupang,Amfoang Timur,Netemnanu Utara,85364,KANTOR PERWAKILAN,D,KABUPATEN KUPANG,TIMOR,Gate KOE,KCU / Belum ada Agen,Penerusan Jadwal Sabtu 
KOE21927,Nusa Tenggara Timur (NTT),Kabupaten Kupang,Amfoang Timur,Nunuanah,85364,KANTOR PERWAKILAN,D,KABUPATEN KUPANG,TIMOR,Gate KOE,KCU / Belum ada Agen,Penerusan Jadwal Sabtu 
KOE21909,Nusa Tenggara Timur (NTT),Kabupaten Kupang,Amfoang Utara,Afoan,85365,KANTOR PERWAKILAN,D,KABUPATEN KUPANG,TIMOR,Gate KOE,KCU / Belum ada Agen,Penerusan Jadwal Sabtu 
KOE21909,Nusa Tenggara Timur (NTT),Kabupaten Kupang,Amfoang Utara,Bakuin,85365,KANTOR PERWAKILAN,D,KABUPATEN KUPANG,TIMOR,Gate KOE,KCU / Belum ada Agen,Penerusan Jadwal Sabtu 
KOE21909,Nusa Tenggara Timur (NTT),Kabupaten Kupang,Amfoang Utara,Fatunaus,85365,KANTOR PERWAKILAN,D,KABUPATEN KUPANG,TIMOR,Gate KOE,KCU / Belum ada Agen,Penerusan Jadwal Sabtu 
KOE21909,Nusa Tenggara Timur (NTT),Kabupaten Kupang,Amfoang Utara,Kolabe,85365,KANTOR PERWAKILAN,D,KABUPATEN KUPANG,TIMOR,Gate KOE,KCU / Belum ada Agen,Penerusan Jadwal Sabtu 
KOE21909,Nusa Tenggara Timur (NTT),Kabupaten Kupang,Amfoang Utara,Lilmus,85365,KANTOR PERWAKILAN,D,KABUPATEN KUPANG,TIMOR,Gate KOE,KCU / Belum ada Agen,Penerusan Jadwal Sabtu 
KOE21909,Nusa Tenggara Timur (NTT),Kabupaten Kupang,Amfoang Utara,Naikliu,85365,KANTOR PERWAKILAN,D,KABUPATEN KUPANG,TIMOR,Gate KOE,KCU / Belum ada Agen,Penerusan Jadwal Sabtu 
KOE21910,Nusa Tenggara Timur (NTT),Kabupaten Kupang,Fatuleu,Camplong I,85363,KANTOR PERWAKILAN,D,KABUPATEN KUPANG,TIMOR,Gate KOE,Agen Camplong,DELIVERY TIAP HARI
KOE21910,Nusa Tenggara Timur (NTT),Kabupaten Kupang,Fatuleu,Camplong II,85363,KANTOR PERWAKILAN,D,KABUPATEN KUPANG,TIMOR,Gate KOE,Agen Camplong,DELIVERY TIAP HARI
KOE21910,Nusa Tenggara Timur (NTT),Kabupaten Kupang,Fatuleu,Ekateta,85363,KANTOR PERWAKILAN,D,KABUPATEN KUPANG,TIMOR,Gate KOE,Agen Camplong,DELIVERY TIAP HARI
KOE21910,Nusa Tenggara Timur (NTT),Kabupaten Kupang,Fatuleu,Kiuoni,85363,KANTOR PERWAKILAN,D,KABUPATEN KUPANG,TIMOR,Gate KOE,Agen Camplong,DELIVERY TIAP HARI
KOE21910,Nusa Tenggara Timur (NTT),Kabupaten Kupang,Fatuleu,Kuimasi,85363,KANTOR PERWAKILAN,D,KABUPATEN KUPANG,TIMOR,Gate KOE,Agen Camplong,DELIVERY TIAP HARI
KOE21910,Nusa Tenggara Timur (NTT),Kabupaten Kupang,Fatuleu,Naunu,85363,KANTOR PERWAKILAN,D,KABUPATEN KUPANG,TIMOR,Gate KOE,Agen Camplong,DELIVERY TIAP HARI
KOE21910,Nusa Tenggara Timur (NTT),Kabupaten Kupang,Fatuleu,Oebola,85363,KANTOR PERWAKILAN,D,KABUPATEN KUPANG,TIMOR,Gate KOE,Agen Camplong,DELIVERY TIAP HARI
KOE21910,Nusa Tenggara Timur (NTT),Kabupaten Kupang,Fatuleu,Oebola Dalam,85363,KANTOR PERWAKILAN,D,KABUPATEN KUPANG,TIMOR,Gate KOE,Agen Camplong,DELIVERY TIAP HARI
KOE21910,Nusa Tenggara Timur (NTT),Kabupaten Kupang,Fatuleu,Sillu,85363,KANTOR PERWAKILAN,D,KABUPATEN KUPANG,TIMOR,Gate KOE,Agen Niki - Niki,DELIVERY TIAP HARI
KOE21910,Nusa Tenggara Timur (NTT),Kabupaten Kupang,Fatuleu,Tulnaku,85363,KANTOR PERWAKILAN,D,KABUPATEN KUPANG,TIMOR,Gate KOE,Agen Camplong,DELIVERY TIAP HARI
KOE21911,Nusa Tenggara Timur (NTT),Kabupaten Kupang,Fatuleu Barat,Kalali,85223,KANTOR PERWAKILAN,D,KABUPATEN KUPANG,TIMOR,Gate KOE,Agen Camplong,"SENIN,RABU,SABTU"
KOE21911,Nusa Tenggara Timur (NTT),Kabupaten Kupang,Fatuleu Barat,Naitae,85223,KANTOR PERWAKILAN,D,KABUPATEN KUPANG,TIMOR,Gate KOE,Agen Camplong,"SENIN,RABU,SABTU"
KOE21911,Nusa Tenggara Timur (NTT),Kabupaten Kupang,Fatuleu Barat,Nuataus,85223,KANTOR PERWAKILAN,D,KABUPATEN KUPANG,TIMOR,Gate KOE,Agen Camplong,"SENIN,RABU,SABTU"
KOE21911,Nusa Tenggara Timur (NTT),Kabupaten Kupang,Fatuleu Barat,Poto,85223,KANTOR PERWAKILAN,D,KABUPATEN KUPANG,TIMOR,Gate KOE,Agen Camplong,"SENIN,RABU,SABTU"
KOE21911,Nusa Tenggara Timur (NTT),Kabupaten Kupang,Fatuleu Barat,Tuakau,85223,KANTOR PERWAKILAN,D,KABUPATEN KUPANG,TIMOR,Gate KOE,Agen Camplong,"SENIN,RABU,SABTU"
KOE21912,Nusa Tenggara Timur (NTT),Kabupaten Kupang,Fatuleu Tengah,Nonbaun,85223,KANTOR PERWAKILAN,C,KABUPATEN KUPANG,TIMOR,Gate KOE,Agen Camplong,DELIVERY TIAP HARI
KOE21912,Nusa Tenggara Timur (NTT),Kabupaten Kupang,Fatuleu Tengah,Nunsaen,85223,KANTOR PERWAKILAN,C,KABUPATEN KUPANG,TIMOR,Gate KOE,Agen Camplong,DELIVERY TIAP HARI
KOE21912,Nusa Tenggara Timur (NTT),Kabupaten Kupang,Fatuleu Tengah,Oelbiteno,85223,KANTOR PERWAKILAN,C,KABUPATEN KUPANG,TIMOR,Gate KOE,Agen Camplong,DELIVERY TIAP HARI
KOE21912,Nusa Tenggara Timur (NTT),Kabupaten Kupang,Fatuleu Tengah,Passi,85223,KANTOR PERWAKILAN,C,KABUPATEN KUPANG,TIMOR,Gate KOE,Agen Camplong,DELIVERY TIAP HARI
KOE21914,Nusa Tenggara Timur (NTT),Kabupaten Kupang,Kupang Barat,Batakte,85351,KANTOR PERWAKILAN,B,KABUPATEN KUPANG,TIMOR,Gate KOE,Hub Oesapa,Setiap Hari
KOE21914,Nusa Tenggara Timur (NTT),Kabupaten Kupang,Kupang Barat,Bolok,85351,KANTOR PERWAKILAN,B,KABUPATEN KUPANG,TIMOR,Gate KOE,Hub Oepura,Setiap Hari
KOE21914,Nusa Tenggara Timur (NTT),Kabupaten Kupang,Kupang Barat,Kuanheun,85351,KANTOR PERWAKILAN,B,KABUPATEN KUPANG,TIMOR,Gate KOE,Hub Oepura,Setiap Hari
KOE21914,Nusa Tenggara Timur (NTT),Kabupaten Kupang,Kupang Barat,Lifuleo,85351,KANTOR PERWAKILAN,B,KABUPATEN KUPANG,TIMOR,Gate KOE,Cabang Rote,Setiap Hari
KOE21914,Nusa Tenggara Timur (NTT),Kabupaten Kupang,Kupang Barat,Manulai I,85351,KANTOR PERWAKILAN,B,KABUPATEN KUPANG,TIMOR,Gate KOE,Hub Oepura,Setiap Hari
KOE21914,Nusa Tenggara Timur (NTT),Kabupaten Kupang,Kupang Barat,Nitneo,85351,KANTOR PERWAKILAN,B,KABUPATEN KUPANG,TIMOR,Gate KOE,Hub Oepura,Setiap Hari
KOE21914,Nusa Tenggara Timur (NTT),Kabupaten Kupang,Kupang Barat,Oematanunu,85351,KANTOR PERWAKILAN,B,KABUPATEN KUPANG,TIMOR,Gate KOE,Hub Oepura,Setiap Hari
KOE21914,Nusa Tenggara Timur (NTT),Kabupaten Kupang,Kupang Barat,Oenaek,85351,KANTOR PERWAKILAN,B,KABUPATEN KUPANG,TIMOR,Gate KOE,Cabang Malaka,Setiap Hari
KOE21914,Nusa Tenggara Timur (NTT),Kabupaten Kupang,Kupang Barat,Oenesu,85351,KANTOR PERWAKILAN,B,KABUPATEN KUPANG,TIMOR,Gate KOE,Hub Oepura,Setiap Hari
KOE21914,Nusa Tenggara Timur (NTT),Kabupaten Kupang,Kupang Barat,Sumlili,85351,KANTOR PERWAKILAN,B,KABUPATEN KUPANG,TIMOR,Gate KOE,Hub Oepura,Setiap Hari
KOE21914,Nusa Tenggara Timur (NTT),Kabupaten Kupang,Kupang Barat,Tablolong,85351,KANTOR PERWAKILAN,B,KABUPATEN KUPANG,TIMOR,Gate KOE,Hub Oepura,Setiap Hari
KOE21914,Nusa Tenggara Timur (NTT),Kabupaten Kupang,Kupang Barat,Tesabela,85351,KANTOR PERWAKILAN,B,KABUPATEN KUPANG,TIMOR,Gate KOE,Cabang Rote,Setiap Hari
KOE21915,Nusa Tenggara Timur (NTT),Kabupaten Kupang,Kupang Tengah,Mata Air,85361,KANTOR PERWAKILAN,B,KABUPATEN KUPANG,TIMOR,Gate KOE,Agen Reok,Setiap Hari
KOE21915,Nusa Tenggara Timur (NTT),Kabupaten Kupang,Kupang Tengah,Noelbaki,85361,KANTOR PERWAKILAN,B,KABUPATEN KUPANG,TIMOR,Gate KOE,Hub Oesapa,Setiap Hari
KOE21915,Nusa Tenggara Timur (NTT),Kabupaten Kupang,Kupang Tengah,Oebelo,85361,KANTOR PERWAKILAN,B,KABUPATEN KUPANG,TIMOR,Gate KOE,Cabang Soe,Setiap Hari
KOE21915,Nusa Tenggara Timur (NTT),Kabupaten Kupang,Kupang Tengah,Oelnasi,85361,KANTOR PERWAKILAN,B,KABUPATEN KUPANG,TIMOR,Gate KOE,Hub Oesapa,Setiap Hari
KOE21915,Nusa Tenggara Timur (NTT),Kabupaten Kupang,Kupang Tengah,Oelpuah,85361,KANTOR PERWAKILAN,B,KABUPATEN KUPANG,TIMOR,Gate KOE,Hub Oesapa,Setiap Hari
KOE21915,Nusa Tenggara Timur (NTT),Kabupaten Kupang,Kupang Tengah,Penfui Timur,85361,KANTOR PERWAKILAN,B,KABUPATEN KUPANG,TIMOR,Gate KOE,Hub Oesapa,Setiap Hari
KOE21915,Nusa Tenggara Timur (NTT),Kabupaten Kupang,Kupang Tengah,Tanah Merah,85361,KANTOR PERWAKILAN,B,KABUPATEN KUPANG,TIMOR,Gate KOE,Hub Oesapa,Setiap Hari
KOE21915,Nusa Tenggara Timur (NTT),Kabupaten Kupang,Kupang Tengah,Tarus,85361,KANTOR PERWAKILAN,B,KABUPATEN KUPANG,TIMOR,Gate KOE,Hub Oesapa,Setiap Hari
KOE21916,Nusa Tenggara Timur (NTT),Kabupaten Kupang,Kupang Timur,Babau,85362,KANTOR PERWAKILAN,B,KABUPATEN KUPANG,TIMOR,Gate KOE,Cabang Oesao,Setiap Hari
KOE21916,Nusa Tenggara Timur (NTT),Kabupaten Kupang,Kupang Timur,Manusak,85362,KANTOR PERWAKILAN,B,KABUPATEN KUPANG,TIMOR,Gate KOE,Cabang Oesao,Setiap Hari
KOE21916,Nusa Tenggara Timur (NTT),Kabupaten Kupang,Kupang Timur,Merdeka,85362,KANTOR PERWAKILAN,B,KABUPATEN KUPANG,TIMOR,Gate KOE,Cabang Alor,Setiap Hari
KOE21916,Nusa Tenggara Timur (NTT),Kabupaten Kupang,Kupang Timur,Naibonat,85362,KANTOR PERWAKILAN,B,KABUPATEN KUPANG,TIMOR,Gate KOE,Cabang Oesao,Setiap Hari
KOE21916,Nusa Tenggara Timur (NTT),Kabupaten Kupang,Kupang Timur,Nunkurus,85362,KANTOR PERWAKILAN,B,KABUPATEN KUPANG,TIMOR,Gate KOE,Cabang Oesao,Setiap Hari
KOE21916,Nusa Tenggara Timur (NTT),Kabupaten Kupang,Kupang Timur,Oefafi,85362,KANTOR PERWAKILAN,B,KABUPATEN KUPANG,TIMOR,Gate KOE,Cabang Oesao,Setiap Hari
KOE21916,Nusa Tenggara Timur (NTT),Kabupaten Kupang,Kupang Timur,Oelatimo,85362,KANTOR PERWAKILAN,B,KABUPATEN KUPANG,TIMOR,Gate KOE,Cabang Oesao,Setiap Hari
KOE21916,Nusa Tenggara Timur (NTT),Kabupaten Kupang,Kupang Timur,Oesao,85362,KANTOR PERWAKILAN,B,KABUPATEN KUPANG,TIMOR,Gate KOE,Cabang Oesao,Setiap Hari
KOE21916,Nusa Tenggara Timur (NTT),Kabupaten Kupang,Kupang Timur,Oesao II,85362,KANTOR PERWAKILAN,B,KABUPATEN KUPANG,TIMOR,Gate KOE,Cabang Oesao,Setiap Hari
KOE21916,Nusa Tenggara Timur (NTT),Kabupaten Kupang,Kupang Timur,Pukdale,85362,KANTOR PERWAKILAN,B,KABUPATEN KUPANG,TIMOR,Gate KOE,Cabang Oesao,Setiap Hari
KOE21916,Nusa Tenggara Timur (NTT),Kabupaten Kupang,Kupang Timur,Tanah Putih,85362,KANTOR PERWAKILAN,B,KABUPATEN KUPANG,TIMOR,Gate KOE,Cabang Oesao,Setiap Hari
KOE21916,Nusa Tenggara Timur (NTT),Kabupaten Kupang,Kupang Timur,Tuapukan,85362,KANTOR PERWAKILAN,B,KABUPATEN KUPANG,TIMOR,Gate KOE,Cabang Oesao,Setiap Hari
KOE21916,Nusa Tenggara Timur (NTT),Kabupaten Kupang,Kupang Timur,Tuatuka,85362,KANTOR PERWAKILAN,B,KABUPATEN KUPANG,TIMOR,Gate KOE,Cabang Oesao,Setiap Hari
KOE21917,Nusa Tenggara Timur (NTT),Kabupaten Kupang,Nekamese,Bismark (Bismarak),85391,KANTOR PERWAKILAN,C,KABUPATEN KUPANG,TIMOR,Gate KOE,Hub Oepura,Setiap Hari
KOE21917,Nusa Tenggara Timur (NTT),Kabupaten Kupang,Nekamese,Bone,85391,KANTOR PERWAKILAN,C,KABUPATEN KUPANG,TIMOR,Gate KOE,Agen Niki - Niki,Setiap Hari
KOE21917,Nusa Tenggara Timur (NTT),Kabupaten Kupang,Nekamese,Oben,85391,KANTOR PERWAKILAN,C,KABUPATEN KUPANG,TIMOR,Gate KOE,Hub Oepura,Setiap Hari
KOE21917,Nusa Tenggara Timur (NTT),Kabupaten Kupang,Nekamese,Oelomin,85391,KANTOR PERWAKILAN,C,KABUPATEN KUPANG,TIMOR,Gate KOE,Hub Oepura,Setiap Hari
KOE21917,Nusa Tenggara Timur (NTT),Kabupaten Kupang,Nekamese,Oemasi,85391,KANTOR PERWAKILAN,C,KABUPATEN KUPANG,TIMOR,Gate KOE,Hub Oepura,Setiap Hari
KOE21917,Nusa Tenggara Timur (NTT),Kabupaten Kupang,Nekamese,Oenif,85391,KANTOR PERWAKILAN,C,KABUPATEN KUPANG,TIMOR,Gate KOE,Hub Oepura,Setiap Hari
KOE21917,Nusa Tenggara Timur (NTT),Kabupaten Kupang,Nekamese,Oepaha,85391,KANTOR PERWAKILAN,C,KABUPATEN KUPANG,TIMOR,Gate KOE,Hub Oepura,Setiap Hari
KOE21917,Nusa Tenggara Timur (NTT),Kabupaten Kupang,Nekamese,Taloitan (Taloetan),85391,KANTOR PERWAKILAN,C,KABUPATEN KUPANG,TIMOR,Gate KOE,Hub Oepura,Setiap Hari
KOE21917,Nusa Tenggara Timur (NTT),Kabupaten Kupang,Nekamese,Tasikona,85391,KANTOR PERWAKILAN,C,KABUPATEN KUPANG,TIMOR,Gate KOE,Hub Oepura,Setiap Hari
KOE21917,Nusa Tenggara Timur (NTT),Kabupaten Kupang,Nekamese,Tunfeu,85391,KANTOR PERWAKILAN,C,KABUPATEN KUPANG,TIMOR,Gate KOE,Hub Oepura,Setiap Hari
KOE21917,Nusa Tenggara Timur (NTT),Kabupaten Kupang,Nekamese,Usapisonbai,85391,KANTOR PERWAKILAN,C,KABUPATEN KUPANG,TIMOR,Gate KOE,Hub Oepura,Setiap Hari
KOE21900,Nusa Tenggara Timur (NTT),Kabupaten Kupang,Oelamasi,Oelamasi,0,KANTOR PERWAKILAN,B,KABUPATEN KUPANG,TIMOR,Gate KOE,Cabang Oesao,Setiap Hari
KOE21922,Nusa Tenggara Timur (NTT),Kabupaten Kupang,Semau,Batuinan,85353,KANTOR PERWAKILAN,D,KABUPATEN KUPANG,TIMOR,Gate KOE,Agen Semau,0
KOE21922,Nusa Tenggara Timur (NTT),Kabupaten Kupang,Semau,Bokonusan,85353,KANTOR PERWAKILAN,D,KABUPATEN KUPANG,TIMOR,Gate KOE,Agen Semau,0
KOE21922,Nusa Tenggara Timur (NTT),Kabupaten Kupang,Semau,Hansisi,85353,KANTOR PERWAKILAN,D,KABUPATEN KUPANG,TIMOR,Gate KOE,Agen Semau,0
KOE21922,Nusa Tenggara Timur (NTT),Kabupaten Kupang,Semau,Huilelot,85353,KANTOR PERWAKILAN,D,KABUPATEN KUPANG,TIMOR,Gate KOE,Agen Semau,0
KOE21922,Nusa Tenggara Timur (NTT),Kabupaten Kupang,Semau,Letbaun,85353,KANTOR PERWAKILAN,D,KABUPATEN KUPANG,TIMOR,Gate KOE,Agen Semau,0
KOE21922,Nusa Tenggara Timur (NTT),Kabupaten Kupang,Semau,Otan,85353,KANTOR PERWAKILAN,D,KABUPATEN KUPANG,TIMOR,Gate KOE,Agen Semau,0
KOE21922,Nusa Tenggara Timur (NTT),Kabupaten Kupang,Semau,Uiasa,85353,KANTOR PERWAKILAN,D,KABUPATEN KUPANG,TIMOR,Gate KOE,Agen Semau,0
KOE21922,Nusa Tenggara Timur (NTT),Kabupaten Kupang,Semau,Uitao,85353,KANTOR PERWAKILAN,D,KABUPATEN KUPANG,TIMOR,Gate KOE,Agen Semau,0
KOE21923,Nusa Tenggara Timur (NTT),Kabupaten Kupang,Semau Selatan,Akle,85353,KANTOR PERWAKILAN,D,KABUPATEN KUPANG,TIMOR,Gate KOE,Agen Semau,0
KOE21923,Nusa Tenggara Timur (NTT),Kabupaten Kupang,Semau Selatan,Naiken (Naikean),85353,KANTOR PERWAKILAN,D,KABUPATEN KUPANG,TIMOR,Gate KOE,Agen Semau,0
KOE21923,Nusa Tenggara Timur (NTT),Kabupaten Kupang,Semau Selatan,Onansila (Oenansila),85353,KANTOR PERWAKILAN,D,KABUPATEN KUPANG,TIMOR,Gate KOE,Agen Semau,0
KOE21923,Nusa Tenggara Timur (NTT),Kabupaten Kupang,Semau Selatan,Uiboa,85353,KANTOR PERWAKILAN,D,KABUPATEN KUPANG,TIMOR,Gate KOE,Agen Semau,0
KOE21923,Nusa Tenggara Timur (NTT),Kabupaten Kupang,Semau Selatan,Uitiuh Ana,85353,KANTOR PERWAKILAN,D,KABUPATEN KUPANG,TIMOR,Gate KOE,Agen Semau,0
KOE21923,Nusa Tenggara Timur (NTT),Kabupaten Kupang,Semau Selatan,Uitiuh Tuan,85353,KANTOR PERWAKILAN,D,KABUPATEN KUPANG,TIMOR,Gate KOE,Agen Semau,0
KOE21924,Nusa Tenggara Timur (NTT),Kabupaten Kupang,Sulamu,Bipolo,85368,KANTOR PERWAKILAN,C,KABUPATEN KUPANG,TIMOR,Gate KOE,Agen Bipolo,"SENIN,RABU,SABTU"
KOE21924,Nusa Tenggara Timur (NTT),Kabupaten Kupang,Sulamu,Oeteta,85368,KANTOR PERWAKILAN,C,KABUPATEN KUPANG,TIMOR,Gate KOE,Agen Bipolo,"SENIN,RABU,SABTU"
KOE21924,Nusa Tenggara Timur (NTT),Kabupaten Kupang,Sulamu,Pantai Beringin,85368,KANTOR PERWAKILAN,C,KABUPATEN KUPANG,TIMOR,Gate KOE,Agen Bipolo,"SENIN,RABU,SABTU"
KOE21924,Nusa Tenggara Timur (NTT),Kabupaten Kupang,Sulamu,Pantulan,85368,KANTOR PERWAKILAN,C,KABUPATEN KUPANG,TIMOR,Gate KOE,Agen Bipolo,"SENIN,RABU,SABTU"
KOE21924,Nusa Tenggara Timur (NTT),Kabupaten Kupang,Sulamu,Pariti,85368,KANTOR PERWAKILAN,C,KABUPATEN KUPANG,TIMOR,Gate KOE,Agen Bipolo,"SENIN,RABU,SABTU"
KOE21924,Nusa Tenggara Timur (NTT),Kabupaten Kupang,Sulamu,Pitai,85368,KANTOR PERWAKILAN,C,KABUPATEN KUPANG,TIMOR,Gate KOE,Agen Bipolo,"SENIN,RABU,SABTU"
KOE21924,Nusa Tenggara Timur (NTT),Kabupaten Kupang,Sulamu,Sulamu,85368,KANTOR PERWAKILAN,C,KABUPATEN KUPANG,TIMOR,Gate KOE,Agen Bipolo,"SENIN,RABU,SABTU"
KOE21925,Nusa Tenggara Timur (NTT),Kabupaten Kupang,Taebenu,Baumata,85361,KANTOR PERWAKILAN,B,KABUPATEN KUPANG,TIMOR,Gate KOE,Hub Oesapa,
KOE21925,Nusa Tenggara Timur (NTT),Kabupaten Kupang,Taebenu,Baumata Barat,85361,KANTOR PERWAKILAN,B,KABUPATEN KUPANG,TIMOR,Gate KOE,Hub Oesapa,
KOE21925,Nusa Tenggara Timur (NTT),Kabupaten Kupang,Taebenu,Baumata Timur,85361,KANTOR PERWAKILAN,B,KABUPATEN KUPANG,TIMOR,Gate KOE,Hub Oesapa,
KOE21925,Nusa Tenggara Timur (NTT),Kabupaten Kupang,Taebenu,Baumata Utara,85361,KANTOR PERWAKILAN,B,KABUPATEN KUPANG,TIMOR,Gate KOE,Hub Oesapa,
KOE21925,Nusa Tenggara Timur (NTT),Kabupaten Kupang,Taebenu,Bokong,85361,KANTOR PERWAKILAN,B,KABUPATEN KUPANG,TIMOR,Gate KOE,Agen Niki - Niki,
KOE21925,Nusa Tenggara Timur (NTT),Kabupaten Kupang,Taebenu,Kuaklalo,85361,KANTOR PERWAKILAN,B,KABUPATEN KUPANG,TIMOR,Gate KOE,Hub Oesapa,
KOE21925,Nusa Tenggara Timur (NTT),Kabupaten Kupang,Taebenu,Oeletsala,85361,KANTOR PERWAKILAN,B,KABUPATEN KUPANG,TIMOR,Gate KOE,Hub Oesapa,
KOE21925,Nusa Tenggara Timur (NTT),Kabupaten Kupang,Taebenu,Oeltua,85361,KANTOR PERWAKILAN,B,KABUPATEN KUPANG,TIMOR,Gate KOE,Hub Oesapa,
KOE21926,Nusa Tenggara Timur (NTT),Kabupaten Kupang,Takari,Benu,85369,KANTOR PERWAKILAN,B,KABUPATEN KUPANG,TIMOR,Gate KOE,Agen Camplong,DELIVERY TIAP HARI
KOE21926,Nusa Tenggara Timur (NTT),Kabupaten Kupang,Takari,Fatukona,85369,KANTOR PERWAKILAN,B,KABUPATEN KUPANG,TIMOR,Gate KOE,Agen Camplong,DELIVERY TIAP HARI
KOE21926,Nusa Tenggara Timur (NTT),Kabupaten Kupang,Takari,Hueknutu,85369,KANTOR PERWAKILAN,B,KABUPATEN KUPANG,TIMOR,Gate KOE,Agen Camplong,DELIVERY TIAP HARI
KOE21926,Nusa Tenggara Timur (NTT),Kabupaten Kupang,Takari,Kauniki,85369,KANTOR PERWAKILAN,B,KABUPATEN KUPANG,TIMOR,Gate KOE,Agen Camplong,DELIVERY TIAP HARI
KOE21926,Nusa Tenggara Timur (NTT),Kabupaten Kupang,Takari,Noelmina,85369,KANTOR PERWAKILAN,B,KABUPATEN KUPANG,TIMOR,Gate KOE,Agen Camplong,DELIVERY TIAP HARI
KOE21926,Nusa Tenggara Timur (NTT),Kabupaten Kupang,Takari,Oelnaineno,85369,KANTOR PERWAKILAN,B,KABUPATEN KUPANG,TIMOR,Gate KOE,Agen Camplong,DELIVERY TIAP HARI
KOE21926,Nusa Tenggara Timur (NTT),Kabupaten Kupang,Takari,Oesusu,85369,KANTOR PERWAKILAN,B,KABUPATEN KUPANG,TIMOR,Gate KOE,Agen Camplong,DELIVERY TIAP HARI
KOE21926,Nusa Tenggara Timur (NTT),Kabupaten Kupang,Takari,Takari,85369,KANTOR PERWAKILAN,B,KABUPATEN KUPANG,TIMOR,Gate KOE,Agen Camplong,DELIVERY TIAP HARI
KOE21926,Nusa Tenggara Timur (NTT),Kabupaten Kupang,Takari,Tanini,85369,KANTOR PERWAKILAN,B,KABUPATEN KUPANG,TIMOR,Gate KOE,Agen Camplong,DELIVERY TIAP HARI
KOE21926,Nusa Tenggara Timur (NTT),Kabupaten Kupang,Takari,Tuapanaf,85369,KANTOR PERWAKILAN,B,KABUPATEN KUPANG,TIMOR,Gate KOE,Agen Camplong,DELIVERY TIAP HARI
KOE20321,Nusa Tenggara Timur (NTT),Timor Tengah Utara ,Bikomi Nilulat,Haumeni Ana,85651,KANTOR PERWAKILAN,D,KEFA,TIMOR,Gate KOE,Cabang Kefa,Setiap Hari
KOE20321,Nusa Tenggara Timur (NTT),Timor Tengah Utara ,Bikomi Nilulat,Inbate,85651,KANTOR PERWAKILAN,D,KEFA,TIMOR,Gate KOE,Cabang Kefa,Setiap Hari
KOE20321,Nusa Tenggara Timur (NTT),Timor Tengah Utara ,Bikomi Nilulat,Nainaban,85651,KANTOR PERWAKILAN,D,KEFA,TIMOR,Gate KOE,Cabang Kefa,Setiap Hari
KOE20321,Nusa Tenggara Timur (NTT),Timor Tengah Utara ,Bikomi Nilulat,Nilulat,85651,KANTOR PERWAKILAN,D,KEFA,TIMOR,Gate KOE,Cabang Kefa,Setiap Hari
KOE20321,Nusa Tenggara Timur (NTT),Timor Tengah Utara ,Bikomi Nilulat,Sunkaen,85651,KANTOR PERWAKILAN,D,KEFA,TIMOR,Gate KOE,Cabang Kefa,Setiap Hari
KOE20321,Nusa Tenggara Timur (NTT),Timor Tengah Utara ,Bikomi Nilulat,Tubu,85651,KANTOR PERWAKILAN,D,KEFA,TIMOR,Gate KOE,Cabang Kefa,Setiap Hari
KOE20320,Nusa Tenggara Timur (NTT),Timor Tengah Utara ,Bikomi Selatan,Kiusili,85651,KANTOR PERWAKILAN,C,KEFA,TIMOR,Gate KOE,Cabang Kefa,Setiap Hari
KOE20320,Nusa Tenggara Timur (NTT),Timor Tengah Utara ,Bikomi Selatan,Maurisu,85651,KANTOR PERWAKILAN,C,KEFA,TIMOR,Gate KOE,Cabang Kefa,Setiap Hari
KOE20320,Nusa Tenggara Timur (NTT),Timor Tengah Utara ,Bikomi Selatan,Maurisu Selatan,85651,KANTOR PERWAKILAN,C,KEFA,TIMOR,Gate KOE,Cabang Kefa,Setiap Hari
KOE20320,Nusa Tenggara Timur (NTT),Timor Tengah Utara ,Bikomi Selatan,Maurisu Tengah,85651,KANTOR PERWAKILAN,C,KEFA,TIMOR,Gate KOE,Cabang Kefa,Setiap Hari
KOE20320,Nusa Tenggara Timur (NTT),Timor Tengah Utara ,Bikomi Selatan,Maurisu Utara,85651,KANTOR PERWAKILAN,C,KEFA,TIMOR,Gate KOE,Cabang Kefa,Setiap Hari
KOE20320,Nusa Tenggara Timur (NTT),Timor Tengah Utara ,Bikomi Selatan,Naiola,85651,KANTOR PERWAKILAN,C,KEFA,TIMOR,Gate KOE,Cabang Kefa,Setiap Hari
KOE20320,Nusa Tenggara Timur (NTT),Timor Tengah Utara ,Bikomi Selatan,Naiola Timur,85651,KANTOR PERWAKILAN,C,KEFA,TIMOR,Gate KOE,Cabang Kefa,Setiap Hari
KOE20320,Nusa Tenggara Timur (NTT),Timor Tengah Utara ,Bikomi Selatan,Oelami,85651,KANTOR PERWAKILAN,C,KEFA,TIMOR,Gate KOE,Cabang Kefa,Setiap Hari
KOE20320,Nusa Tenggara Timur (NTT),Timor Tengah Utara ,Bikomi Selatan,Oetalus,85651,KANTOR PERWAKILAN,C,KEFA,TIMOR,Gate KOE,Cabang Kefa,Setiap Hari
KOE20320,Nusa Tenggara Timur (NTT),Timor Tengah Utara ,Bikomi Selatan,Tublopo,85651,KANTOR PERWAKILAN,C,KEFA,TIMOR,Gate KOE,Cabang Kefa,Setiap Hari
KOE20319,Nusa Tenggara Timur (NTT),Timor Tengah Utara ,Bikomi Tengah,Buk,85651,KANTOR PERWAKILAN,C,KEFA,TIMOR,Gate KOE,Cabang Kefa,Setiap Hari
KOE20319,Nusa Tenggara Timur (NTT),Timor Tengah Utara ,Bikomi Tengah,Kuenak,85651,KANTOR PERWAKILAN,C,KEFA,TIMOR,Gate KOE,Cabang Kefa,Setiap Hari
KOE20319,Nusa Tenggara Timur (NTT),Timor Tengah Utara ,Bikomi Tengah,Nimasi,85651,KANTOR PERWAKILAN,C,KEFA,TIMOR,Gate KOE,Cabang Kefa,Setiap Hari
KOE20319,Nusa Tenggara Timur (NTT),Timor Tengah Utara ,Bikomi Tengah,Oelbonak,85651,KANTOR PERWAKILAN,C,KEFA,TIMOR,Gate KOE,Cabang Kefa,Setiap Hari
KOE20319,Nusa Tenggara Timur (NTT),Timor Tengah Utara ,Bikomi Tengah,Oenenu,85651,KANTOR PERWAKILAN,C,KEFA,TIMOR,Gate KOE,Cabang Kefa,Setiap Hari
KOE20319,Nusa Tenggara Timur (NTT),Timor Tengah Utara ,Bikomi Tengah,Oenenu Selatan,85651,KANTOR PERWAKILAN,C,KEFA,TIMOR,Gate KOE,Cabang Kefa,Setiap Hari
KOE20319,Nusa Tenggara Timur (NTT),Timor Tengah Utara ,Bikomi Tengah,Oenenu Utara,85651,KANTOR PERWAKILAN,C,KEFA,TIMOR,Gate KOE,Cabang Kefa,Setiap Hari
KOE20319,Nusa Tenggara Timur (NTT),Timor Tengah Utara ,Bikomi Tengah,Oenino,85651,KANTOR PERWAKILAN,C,KEFA,TIMOR,Gate KOE,Cabang Kefa,Setiap Hari
KOE20319,Nusa Tenggara Timur (NTT),Timor Tengah Utara ,Bikomi Tengah,Sono,85651,KANTOR PERWAKILAN,C,KEFA,TIMOR,Gate KOE,Cabang Kefa,Setiap Hari
KOE20318,Nusa Tenggara Timur (NTT),Timor Tengah Utara ,Bikomi Utara,Baas,85651,KANTOR PERWAKILAN,D,KEFA,TIMOR,Gate KOE,Cabang Kefa,Setiap Hari
KOE20318,Nusa Tenggara Timur (NTT),Timor Tengah Utara ,Bikomi Utara,Banain A,85651,KANTOR PERWAKILAN,D,KEFA,TIMOR,Gate KOE,Cabang Kefa,Setiap Hari
KOE20318,Nusa Tenggara Timur (NTT),Timor Tengah Utara ,Bikomi Utara,Banain B,85651,KANTOR PERWAKILAN,D,KEFA,TIMOR,Gate KOE,Cabang Kefa,Setiap Hari
KOE20318,Nusa Tenggara Timur (NTT),Timor Tengah Utara ,Bikomi Utara,Banain C,85651,KANTOR PERWAKILAN,D,KEFA,TIMOR,Gate KOE,Cabang Kefa,Setiap Hari
KOE20318,Nusa Tenggara Timur (NTT),Timor Tengah Utara ,Bikomi Utara,Faennake,85651,KANTOR PERWAKILAN,D,KEFA,TIMOR,Gate KOE,Cabang Kefa,Setiap Hari
KOE20318,Nusa Tenggara Timur (NTT),Timor Tengah Utara ,Bikomi Utara,Haumeni,85651,KANTOR PERWAKILAN,D,KEFA,TIMOR,Gate KOE,Cabang Kefa,Setiap Hari
KOE20318,Nusa Tenggara Timur (NTT),Timor Tengah Utara ,Bikomi Utara,Napan,85651,KANTOR PERWAKILAN,D,KEFA,TIMOR,Gate KOE,Cabang Kefa,Setiap Hari
KOE20318,Nusa Tenggara Timur (NTT),Timor Tengah Utara ,Bikomi Utara,Sainoni,85651,KANTOR PERWAKILAN,D,KEFA,TIMOR,Gate KOE,Cabang Kefa,Setiap Hari
KOE20318,Nusa Tenggara Timur (NTT),Timor Tengah Utara ,Bikomi Utara,Tes,85651,KANTOR PERWAKILAN,D,KEFA,TIMOR,Gate KOE,Cabang Kefa,Setiap Hari
KOE20300,Nusa Tenggara Timur (NTT),Timor Tengah Utara ,Kota Kefamenanu,Aplasi,85614,KANTOR PERWAKILAN,B,KEFA,TIMOR,Gate KOE,Cabang Kefa,Setiap Hari
KOE20300,Nusa Tenggara Timur (NTT),Timor Tengah Utara ,Kota Kefamenanu,Bansone,85615,KANTOR PERWAKILAN,B,KEFA,TIMOR,Gate KOE,Cabang Kefa,Setiap Hari
KOE20300,Nusa Tenggara Timur (NTT),Timor Tengah Utara ,Kota Kefamenanu,Benpasi,85613,KANTOR PERWAKILAN,B,KEFA,TIMOR,Gate KOE,Cabang Kefa,Setiap Hari
KOE20300,Nusa Tenggara Timur (NTT),Timor Tengah Utara ,Kota Kefamenanu,Kefamenanu Selatan,85613,KANTOR PERWAKILAN,B,KEFA,TIMOR,Gate KOE,Cabang Kefa,Setiap Hari
KOE20300,Nusa Tenggara Timur (NTT),Timor Tengah Utara ,Kota Kefamenanu,Kefamenanu Tengah,85612,KANTOR PERWAKILAN,B,KEFA,TIMOR,Gate KOE,Cabang Kefa,Setiap Hari
KOE20300,Nusa Tenggara Timur (NTT),Timor Tengah Utara ,Kota Kefamenanu,Kefamenanu Utara,85611,KANTOR PERWAKILAN,B,KEFA,TIMOR,Gate KOE,Cabang Kefa,Setiap Hari
KOE20300,Nusa Tenggara Timur (NTT),Timor Tengah Utara ,Kota Kefamenanu,Maubeli,85617,KANTOR PERWAKILAN,B,KEFA,TIMOR,Gate KOE,Cabang Kefa,Setiap Hari
KOE20300,Nusa Tenggara Timur (NTT),Timor Tengah Utara ,Kota Kefamenanu,Sasi,85616,KANTOR PERWAKILAN,B,KEFA,TIMOR,Gate KOE,Cabang Kefa,Setiap Hari
KOE20300,Nusa Tenggara Timur (NTT),Timor Tengah Utara ,Kota Kefamenanu,Tubuhue,85617,KANTOR PERWAKILAN,B,KEFA,TIMOR,Gate KOE,Cabang Kefa,Setiap Hari
KOE20305,Nusa Tenggara Timur (NTT),Timor Tengah Utara ,Miomafo Barat,Eban,85661,KANTOR PERWAKILAN,D,KEFA,TIMOR,Gate KOE,Cabang Kefa,Setiap Hari
KOE20305,Nusa Tenggara Timur (NTT),Timor Tengah Utara ,Miomafo Barat,Fatuneno,85661,KANTOR PERWAKILAN,D,KEFA,TIMOR,Gate KOE,Cabang Kefa,Setiap Hari
KOE20305,Nusa Tenggara Timur (NTT),Timor Tengah Utara ,Miomafo Barat,Fatunisuan,85661,KANTOR PERWAKILAN,D,KEFA,TIMOR,Gate KOE,Cabang Kefa,Setiap Hari
KOE20305,Nusa Tenggara Timur (NTT),Timor Tengah Utara ,Miomafo Barat,Fatutasu,85661,KANTOR PERWAKILAN,D,KEFA,TIMOR,Gate KOE,Cabang Kefa,Setiap Hari
KOE20305,Nusa Tenggara Timur (NTT),Timor Tengah Utara ,Miomafo Barat,Haulasi,85661,KANTOR PERWAKILAN,D,KEFA,TIMOR,Gate KOE,Cabang Kefa,Setiap Hari
KOE20305,Nusa Tenggara Timur (NTT),Timor Tengah Utara ,Miomafo Barat,Lemon,85661,KANTOR PERWAKILAN,D,KEFA,TIMOR,Gate KOE,Cabang Kefa,Setiap Hari
KOE20305,Nusa Tenggara Timur (NTT),Timor Tengah Utara ,Miomafo Barat,Manusasi,85661,KANTOR PERWAKILAN,D,KEFA,TIMOR,Gate KOE,Cabang Kefa,Setiap Hari
KOE20305,Nusa Tenggara Timur (NTT),Timor Tengah Utara ,Miomafo Barat,Neotoko,85661,KANTOR PERWAKILAN,D,KEFA,TIMOR,Gate KOE,Cabang Kefa,Setiap Hari
KOE20305,Nusa Tenggara Timur (NTT),Timor Tengah Utara ,Miomafo Barat,Noepesu,85661,KANTOR PERWAKILAN,D,KEFA,TIMOR,Gate KOE,Cabang Kefa,Setiap Hari
KOE20305,Nusa Tenggara Timur (NTT),Timor Tengah Utara ,Miomafo Barat,Sa'tab,85661,KANTOR PERWAKILAN,D,KEFA,TIMOR,Gate KOE,Cabang Kefa,Setiap Hari
KOE20305,Nusa Tenggara Timur (NTT),Timor Tengah Utara ,Miomafo Barat,Saenam,85661,KANTOR PERWAKILAN,D,KEFA,TIMOR,Gate KOE,Cabang Kefa,Setiap Hari
KOE20305,Nusa Tenggara Timur (NTT),Timor Tengah Utara ,Miomafo Barat,Sallu,85661,KANTOR PERWAKILAN,D,KEFA,TIMOR,Gate KOE,Cabang Kefa,Setiap Hari
KOE20305,Nusa Tenggara Timur (NTT),Timor Tengah Utara ,Miomafo Barat,Suanae,85661,KANTOR PERWAKILAN,D,KEFA,TIMOR,Gate KOE,Cabang Kefa,Setiap Hari
KOE20314,Nusa Tenggara Timur (NTT),Timor Tengah Utara ,Miomafo Tengah,Akomi,85661,KANTOR PERWAKILAN,C,KEFA,TIMOR,Gate KOE,Cabang Kefa,Setiap Hari
KOE20314,Nusa Tenggara Timur (NTT),Timor Tengah Utara ,Miomafo Tengah,Bijaepasu,85661,KANTOR PERWAKILAN,C,KEFA,TIMOR,Gate KOE,Cabang Kefa,Setiap Hari
KOE20314,Nusa Tenggara Timur (NTT),Timor Tengah Utara ,Miomafo Tengah,Neonasi,85661,KANTOR PERWAKILAN,C,KEFA,TIMOR,Gate KOE,Cabang Kefa,Setiap Hari
KOE20314,Nusa Tenggara Timur (NTT),Timor Tengah Utara ,Miomafo Tengah,Nian,85661,KANTOR PERWAKILAN,C,KEFA,TIMOR,Gate KOE,Cabang Kefa,Setiap Hari
KOE20314,Nusa Tenggara Timur (NTT),Timor Tengah Utara ,Miomafo Tengah,Tuabatan,85661,KANTOR PERWAKILAN,C,KEFA,TIMOR,Gate KOE,Cabang Kefa,Setiap Hari
KOE20314,Nusa Tenggara Timur (NTT),Timor Tengah Utara ,Miomafo Tengah,Tuabatan Barat,85661,KANTOR PERWAKILAN,C,KEFA,TIMOR,Gate KOE,Cabang Kefa,Setiap Hari
KOE20304,Nusa Tenggara Timur (NTT),Timor Tengah Utara ,Miomafo Timur,Amol,85651,KANTOR PERWAKILAN,C,KEFA,TIMOR,Gate KOE,Cabang Kefa,Setiap Hari
KOE20304,Nusa Tenggara Timur (NTT),Timor Tengah Utara ,Miomafo Timur,Bitefa,85651,KANTOR PERWAKILAN,C,KEFA,TIMOR,Gate KOE,Cabang Kefa,Setiap Hari
KOE20304,Nusa Tenggara Timur (NTT),Timor Tengah Utara ,Miomafo Timur,Bokon,85651,KANTOR PERWAKILAN,C,KEFA,TIMOR,Gate KOE,Cabang Kefa,Setiap Hari
KOE20304,Nusa Tenggara Timur (NTT),Timor Tengah Utara ,Miomafo Timur,Fatusene,85651,KANTOR PERWAKILAN,C,KEFA,TIMOR,Gate KOE,Cabang Kefa,Setiap Hari
KOE20304,Nusa Tenggara Timur (NTT),Timor Tengah Utara ,Miomafo Timur,Femnasi,85651,KANTOR PERWAKILAN,C,KEFA,TIMOR,Gate KOE,Cabang Kefa,Setiap Hari
KOE20304,Nusa Tenggara Timur (NTT),Timor Tengah Utara ,Miomafo Timur,Jak,85651,KANTOR PERWAKILAN,C,KEFA,TIMOR,Gate KOE,Cabang Kefa,Setiap Hari
KOE20304,Nusa Tenggara Timur (NTT),Timor Tengah Utara ,Miomafo Timur,Kaenbaun,85651,KANTOR PERWAKILAN,C,KEFA,TIMOR,Gate KOE,Cabang Kefa,Setiap Hari
KOE20304,Nusa Tenggara Timur (NTT),Timor Tengah Utara ,Miomafo Timur,Oesena,85651,KANTOR PERWAKILAN,C,KEFA,TIMOR,Gate KOE,Cabang Kefa,Setiap Hari
KOE20304,Nusa Tenggara Timur (NTT),Timor Tengah Utara ,Miomafo Timur,Taekas,85651,KANTOR PERWAKILAN,C,KEFA,TIMOR,Gate KOE,Cabang Kefa,Setiap Hari
KOE20304,Nusa Tenggara Timur (NTT),Timor Tengah Utara ,Miomafo Timur,Tunoe,85651,KANTOR PERWAKILAN,C,KEFA,TIMOR,Gate KOE,Cabang Kefa,Setiap Hari
KOE20304,Nusa Tenggara Timur (NTT),Timor Tengah Utara ,Miomafo Timur,Tuntun,85651,KANTOR PERWAKILAN,C,KEFA,TIMOR,Gate KOE,Cabang Kefa,Setiap Hari
KOE20313,Nusa Tenggara Timur (NTT),Timor Tengah Utara ,Musi,Ainan,85661,KANTOR PERWAKILAN,C,KEFA,TIMOR,Gate KOE,Cabang Kefa,Setiap Hari
KOE20313,Nusa Tenggara Timur (NTT),Timor Tengah Utara ,Musi,Batnes,85661,KANTOR PERWAKILAN,C,KEFA,TIMOR,Gate KOE,Cabang Kefa,Setiap Hari
KOE20313,Nusa Tenggara Timur (NTT),Timor Tengah Utara ,Musi,Bisafe,85661,KANTOR PERWAKILAN,C,KEFA,TIMOR,Gate KOE,Cabang Kefa,Setiap Hari
KOE20313,Nusa Tenggara Timur (NTT),Timor Tengah Utara ,Musi,Oelneke,85661,KANTOR PERWAKILAN,C,KEFA,TIMOR,Gate KOE,Cabang Kefa,Setiap Hari
KOE20313,Nusa Tenggara Timur (NTT),Timor Tengah Utara ,Musi,Oeolo,85661,KANTOR PERWAKILAN,C,KEFA,TIMOR,Gate KOE,Cabang Kefa,Setiap Hari
KOE20313,Nusa Tenggara Timur (NTT),Timor Tengah Utara ,Musi,Oetulu,85661,KANTOR PERWAKILAN,C,KEFA,TIMOR,Gate KOE,Cabang Kefa,Setiap Hari
KOE20312,Nusa Tenggara Timur (NTT),Timor Tengah Utara ,Mutis,Naekake A,85661,KANTOR PERWAKILAN,D,KEFA,TIMOR,Gate KOE,Cabang Kefa,Setiap Hari
KOE20312,Nusa Tenggara Timur (NTT),Timor Tengah Utara ,Mutis,Naekake B,85661,KANTOR PERWAKILAN,D,KEFA,TIMOR,Gate KOE,Cabang Kefa,Setiap Hari
KOE20312,Nusa Tenggara Timur (NTT),Timor Tengah Utara ,Mutis,Noelelo,85661,KANTOR PERWAKILAN,D,KEFA,TIMOR,Gate KOE,Cabang Kefa,Setiap Hari
KOE20312,Nusa Tenggara Timur (NTT),Timor Tengah Utara ,Mutis,Tasinifu,85661,KANTOR PERWAKILAN,D,KEFA,TIMOR,Gate KOE,Cabang Kefa,Setiap Hari
KOE20309,Nusa Tenggara Timur (NTT),Timor Tengah Utara ,Noemuti,Banfanu,85661,KANTOR PERWAKILAN,C,KEFA,TIMOR,Gate KOE,Cabang Kefa,Setiap Hari
KOE20309,Nusa Tenggara Timur (NTT),Timor Tengah Utara ,Noemuti,Bijeli,85661,KANTOR PERWAKILAN,C,KEFA,TIMOR,Gate KOE,Cabang Kefa,Setiap Hari
KOE20309,Nusa Tenggara Timur (NTT),Timor Tengah Utara ,Noemuti,Fatumuti,85661,KANTOR PERWAKILAN,C,KEFA,TIMOR,Gate KOE,Cabang Kefa,Setiap Hari
KOE20309,Nusa Tenggara Timur (NTT),Timor Tengah Utara ,Noemuti,Kiuola,85661,KANTOR PERWAKILAN,C,KEFA,TIMOR,Gate KOE,Cabang Kefa,Setiap Hari
KOE20309,Nusa Tenggara Timur (NTT),Timor Tengah Utara ,Noemuti,Nibaaf,85661,KANTOR PERWAKILAN,C,KEFA,TIMOR,Gate KOE,Cabang Kefa,Setiap Hari
KOE20309,Nusa Tenggara Timur (NTT),Timor Tengah Utara ,Noemuti,Nifuboke,85661,KANTOR PERWAKILAN,C,KEFA,TIMOR,Gate KOE,Cabang Kefa,Setiap Hari
KOE20309,Nusa Tenggara Timur (NTT),Timor Tengah Utara ,Noemuti,Noebaun,85661,KANTOR PERWAKILAN,C,KEFA,TIMOR,Gate KOE,Cabang Kefa,Setiap Hari
KOE20309,Nusa Tenggara Timur (NTT),Timor Tengah Utara ,Noemuti,Noemuti,85661,KANTOR PERWAKILAN,C,KEFA,TIMOR,Gate KOE,Cabang Kefa,Setiap Hari
KOE20309,Nusa Tenggara Timur (NTT),Timor Tengah Utara ,Noemuti,Oenak,85661,KANTOR PERWAKILAN,C,KEFA,TIMOR,Gate KOE,Cabang Kefa,Setiap Hari
KOE20309,Nusa Tenggara Timur (NTT),Timor Tengah Utara ,Noemuti,Oeperigi,85661,KANTOR PERWAKILAN,C,KEFA,TIMOR,Gate KOE,Cabang Kefa,Setiap Hari
KOE20309,Nusa Tenggara Timur (NTT),Timor Tengah Utara ,Noemuti,Popnam,85661,KANTOR PERWAKILAN,C,KEFA,TIMOR,Gate KOE,Cabang Kefa,Setiap Hari
KOE20309,Nusa Tenggara Timur (NTT),Timor Tengah Utara ,Noemuti,Seo,85661,KANTOR PERWAKILAN,C,KEFA,TIMOR,Gate KOE,Cabang Kefa,Setiap Hari
KOE20310,Nusa Tenggara Timur (NTT),Timor Tengah Utara ,Noemuti Timur,Haekto,85661,KANTOR PERWAKILAN,D,KEFA,TIMOR,Gate KOE,Cabang Kefa,Setiap Hari
KOE20310,Nusa Tenggara Timur (NTT),Timor Tengah Utara ,Noemuti Timur,Kuaken,85661,KANTOR PERWAKILAN,D,KEFA,TIMOR,Gate KOE,Cabang Kefa,Setiap Hari
KOE20310,Nusa Tenggara Timur (NTT),Timor Tengah Utara ,Noemuti Timur,Manikin,85661,KANTOR PERWAKILAN,D,KEFA,TIMOR,Gate KOE,Cabang Kefa,Setiap Hari
KOE20310,Nusa Tenggara Timur (NTT),Timor Tengah Utara ,Noemuti Timur,Naob,85661,KANTOR PERWAKILAN,D,KEFA,TIMOR,Gate KOE,Cabang Kefa,Setiap Hari
KOE20324,Nusa Tenggara Timur (NTT),Timor Tengah Utara ,Biboki Feotleu,Birunatun,85682,KANTOR PERWAKILAN,D,KEFA,TIMOR,Gate KOE,Cabang Kefa,"Senin, Rabu, Jumat, Minggu"
KOE20324,Nusa Tenggara Timur (NTT),Timor Tengah Utara ,Biboki Feotleu,Kuluan,85682,KANTOR PERWAKILAN,D,KEFA,TIMOR,Gate KOE,Cabang Kefa,"Senin, Rabu, Jumat, Minggu"
KOE20324,Nusa Tenggara Timur (NTT),Timor Tengah Utara ,Biboki Feotleu,Makun,85682,KANTOR PERWAKILAN,D,KEFA,TIMOR,Gate KOE,Cabang Kefa,"Senin, Rabu, Jumat, Minggu"
KOE20324,Nusa Tenggara Timur (NTT),Timor Tengah Utara ,Biboki Feotleu,Manumean,85682,KANTOR PERWAKILAN,D,KEFA,TIMOR,Gate KOE,Cabang Kefa,"Senin, Rabu, Jumat, Minggu"
KOE20324,Nusa Tenggara Timur (NTT),Timor Tengah Utara ,Biboki Feotleu,Naku,85682,KANTOR PERWAKILAN,D,KEFA,TIMOR,Gate KOE,Cabang Kefa,"Senin, Rabu, Jumat, Minggu"
KOE20323,Nusa Tenggara Timur (NTT),Timor Tengah Utara ,Biboki Moenleu,Kaubele,85681,KANTOR PERWAKILAN,D,KEFA,TIMOR,Gate KOE,Cabang Kefa,"Senin, Rabu, Jumat, Minggu"
KOE20323,Nusa Tenggara Timur (NTT),Timor Tengah Utara ,Biboki Moenleu,Luniup,85681,KANTOR PERWAKILAN,D,KEFA,TIMOR,Gate KOE,Cabang Kefa,"Senin, Rabu, Jumat, Minggu"
KOE20323,Nusa Tenggara Timur (NTT),Timor Tengah Utara ,Biboki Moenleu,Matabesi,85681,KANTOR PERWAKILAN,D,KEFA,TIMOR,Gate KOE,Cabang Kefa,"Senin, Rabu, Jumat, Minggu"
KOE20323,Nusa Tenggara Timur (NTT),Timor Tengah Utara ,Biboki Moenleu,Oepuah,85681,KANTOR PERWAKILAN,D,KEFA,TIMOR,Gate KOE,Cabang Kefa,"Senin, Rabu, Jumat, Minggu"
KOE20323,Nusa Tenggara Timur (NTT),Timor Tengah Utara ,Biboki Moenleu,Oepuah Selatan,85681,KANTOR PERWAKILAN,D,KEFA,TIMOR,Gate KOE,Cabang Kefa,"Senin, Rabu, Jumat, Minggu"
KOE20323,Nusa Tenggara Timur (NTT),Timor Tengah Utara ,Biboki Moenleu,Oepuah Utara,85681,KANTOR PERWAKILAN,D,KEFA,TIMOR,Gate KOE,Cabang Kefa,"Senin, Rabu, Jumat, Minggu"
KOE20323,Nusa Tenggara Timur (NTT),Timor Tengah Utara ,Biboki Moenleu,Tunbes,85681,KANTOR PERWAKILAN,D,KEFA,TIMOR,Gate KOE,Cabang Kefa,"Senin, Rabu, Jumat, Minggu"
KOE20301,Nusa Tenggara Timur (NTT),Timor Tengah Utara ,Biboki Selatan,Oenaem,85681,KANTOR PERWAKILAN,D,KEFA,TIMOR,Gate KOE,Cabang Kefa,"Senin, Rabu, Jumat, Minggu"
KOE20301,Nusa Tenggara Timur (NTT),Timor Tengah Utara ,Biboki Selatan,Pantae,85681,KANTOR PERWAKILAN,D,KEFA,TIMOR,Gate KOE,Cabang Kefa,"Senin, Rabu, Jumat, Minggu"
KOE20301,Nusa Tenggara Timur (NTT),Timor Tengah Utara ,Biboki Selatan,Sainiup,85681,KANTOR PERWAKILAN,D,KEFA,TIMOR,Gate KOE,Cabang Kefa,"Senin, Rabu, Jumat, Minggu"
KOE20301,Nusa Tenggara Timur (NTT),Timor Tengah Utara ,Biboki Selatan,Supun,85681,KANTOR PERWAKILAN,D,KEFA,TIMOR,Gate KOE,Cabang Kefa,"Senin, Rabu, Jumat, Minggu"
KOE20301,Nusa Tenggara Timur (NTT),Timor Tengah Utara ,Biboki Selatan,Tautpah,85681,KANTOR PERWAKILAN,D,KEFA,TIMOR,Gate KOE,Cabang Kefa,"Senin, Rabu, Jumat, Minggu"
KOE20301,Nusa Tenggara Timur (NTT),Timor Tengah Utara ,Biboki Selatan,Tokbesi,85681,KANTOR PERWAKILAN,D,KEFA,TIMOR,Gate KOE,Cabang Kefa,"Senin, Rabu, Jumat, Minggu"
KOE20301,Nusa Tenggara Timur (NTT),Timor Tengah Utara ,Biboki Selatan,Tunbaen,85681,KANTOR PERWAKILAN,D,KEFA,TIMOR,Gate KOE,Cabang Kefa,"Senin, Rabu, Jumat, Minggu"
KOE20301,Nusa Tenggara Timur (NTT),Timor Tengah Utara ,Biboki Selatan,Upfaon,85681,KANTOR PERWAKILAN,D,KEFA,TIMOR,Gate KOE,Cabang Kefa,"Senin, Rabu, Jumat, Minggu"
KOE20322,Nusa Tenggara Timur (NTT),Timor Tengah Utara ,Biboki Tan Pah,Oekopa,85681,KANTOR PERWAKILAN,D,KEFA,TIMOR,Gate KOE,Cabang Kefa,"Senin, Rabu, Jumat, Minggu"
KOE20322,Nusa Tenggara Timur (NTT),Timor Tengah Utara ,Biboki Tan Pah,Oerinbesi,85681,KANTOR PERWAKILAN,D,KEFA,TIMOR,Gate KOE,Cabang Kefa,"Senin, Rabu, Jumat, Minggu"
KOE20322,Nusa Tenggara Timur (NTT),Timor Tengah Utara ,Biboki Tan Pah,Teba,85681,KANTOR PERWAKILAN,D,KEFA,TIMOR,Gate KOE,Cabang Kefa,"Senin, Rabu, Jumat, Minggu"
KOE20322,Nusa Tenggara Timur (NTT),Timor Tengah Utara ,Biboki Tan Pah,Teba Timur,85681,KANTOR PERWAKILAN,D,KEFA,TIMOR,Gate KOE,Cabang Kefa,"Senin, Rabu, Jumat, Minggu"
KOE20302,Nusa Tenggara Timur (NTT),Timor Tengah Utara ,Biboki Utara,Biloe,85682,KANTOR PERWAKILAN,D,KEFA,TIMOR,Gate KOE,Cabang Kefa,"Senin, Rabu, Jumat, Minggu"
KOE20302,Nusa Tenggara Timur (NTT),Timor Tengah Utara ,Biboki Utara,Boronubaen,85682,KANTOR PERWAKILAN,D,KEFA,TIMOR,Gate KOE,Cabang Kefa,"Senin, Rabu, Jumat, Minggu"
KOE20302,Nusa Tenggara Timur (NTT),Timor Tengah Utara ,Biboki Utara,Boronubaen Timur,85682,KANTOR PERWAKILAN,D,KEFA,TIMOR,Gate KOE,Cabang Kefa,"Senin, Rabu, Jumat, Minggu"
KOE20302,Nusa Tenggara Timur (NTT),Timor Tengah Utara ,Biboki Utara,Hautaes,85682,KANTOR PERWAKILAN,D,KEFA,TIMOR,Gate KOE,Cabang Kefa,"Senin, Rabu, Jumat, Minggu"
KOE20302,Nusa Tenggara Timur (NTT),Timor Tengah Utara ,Biboki Utara,Hauteas Barat,85682,KANTOR PERWAKILAN,D,KEFA,TIMOR,Gate KOE,Cabang Kefa,"Senin, Rabu, Jumat, Minggu"
KOE20302,Nusa Tenggara Timur (NTT),Timor Tengah Utara ,Biboki Utara,Lokomea,85682,KANTOR PERWAKILAN,D,KEFA,TIMOR,Gate KOE,Cabang Kefa,"Senin, Rabu, Jumat, Minggu"
KOE20302,Nusa Tenggara Timur (NTT),Timor Tengah Utara ,Biboki Utara,Sapaen,85682,KANTOR PERWAKILAN,D,KEFA,TIMOR,Gate KOE,Cabang Kefa,"Senin, Rabu, Jumat, Minggu"
KOE20302,Nusa Tenggara Timur (NTT),Timor Tengah Utara ,Biboki Utara,Taunbaen,85682,KANTOR PERWAKILAN,D,KEFA,TIMOR,Gate KOE,Cabang Kefa,"Senin, Rabu, Jumat, Minggu"
KOE20302,Nusa Tenggara Timur (NTT),Timor Tengah Utara ,Biboki Utara,Taunbaen Timur,85682,KANTOR PERWAKILAN,D,KEFA,TIMOR,Gate KOE,Cabang Kefa,"Senin, Rabu, Jumat, Minggu"
KOE20302,Nusa Tenggara Timur (NTT),Timor Tengah Utara ,Biboki Utara,Tualena,85682,KANTOR PERWAKILAN,D,KEFA,TIMOR,Gate KOE,Cabang Kefa,"Senin, Rabu, Jumat, Minggu"
KOE20303,Nusa Tenggara Timur (NTT),Timor Tengah Utara ,Insana,Ainiut,85671,KANTOR PERWAKILAN,C,KEFA,TIMOR,Gate KOE,Cabang Kefa,"Senin, Rabu, Jumat, Minggu"
KOE20303,Nusa Tenggara Timur (NTT),Timor Tengah Utara ,Insana,Bitauni,85671,KANTOR PERWAKILAN,C,KEFA,TIMOR,Gate KOE,Cabang Kefa,"Senin, Rabu, Jumat, Minggu"
KOE20303,Nusa Tenggara Timur (NTT),Timor Tengah Utara ,Insana,Botof,85671,KANTOR PERWAKILAN,C,KEFA,TIMOR,Gate KOE,Cabang Kefa,"Senin, Rabu, Jumat, Minggu"
KOE20303,Nusa Tenggara Timur (NTT),Timor Tengah Utara ,Insana,Fatoin,85671,KANTOR PERWAKILAN,C,KEFA,TIMOR,Gate KOE,Cabang Kefa,"Senin, Rabu, Jumat, Minggu"
KOE20303,Nusa Tenggara Timur (NTT),Timor Tengah Utara ,Insana,Fatu'ana,85671,KANTOR PERWAKILAN,C,KEFA,TIMOR,Gate KOE,Cabang Kefa,"Senin, Rabu, Jumat, Minggu"
KOE20303,Nusa Tenggara Timur (NTT),Timor Tengah Utara ,Insana,Keun,85671,KANTOR PERWAKILAN,C,KEFA,TIMOR,Gate KOE,Cabang Kefa,"Senin, Rabu, Jumat, Minggu"
KOE20303,Nusa Tenggara Timur (NTT),Timor Tengah Utara ,Insana,Loeram,85671,KANTOR PERWAKILAN,C,KEFA,TIMOR,Gate KOE,Cabang Kefa,"Senin, Rabu, Jumat, Minggu"
KOE20303,Nusa Tenggara Timur (NTT),Timor Tengah Utara ,Insana,Manunain A,85671,KANTOR PERWAKILAN,C,KEFA,TIMOR,Gate KOE,Cabang Kefa,"Senin, Rabu, Jumat, Minggu"
KOE20303,Nusa Tenggara Timur (NTT),Timor Tengah Utara ,Insana,Manunain B,85671,KANTOR PERWAKILAN,C,KEFA,TIMOR,Gate KOE,Cabang Kefa,"Senin, Rabu, Jumat, Minggu"
KOE20303,Nusa Tenggara Timur (NTT),Timor Tengah Utara ,Insana,Nansean,85671,KANTOR PERWAKILAN,C,KEFA,TIMOR,Gate KOE,Cabang Kefa,"Senin, Rabu, Jumat, Minggu"
KOE20303,Nusa Tenggara Timur (NTT),Timor Tengah Utara ,Insana,Nansean Timur,85671,KANTOR PERWAKILAN,C,KEFA,TIMOR,Gate KOE,Cabang Kefa,"Senin, Rabu, Jumat, Minggu"
KOE20303,Nusa Tenggara Timur (NTT),Timor Tengah Utara ,Insana,Nunmafo,85671,KANTOR PERWAKILAN,C,KEFA,TIMOR,Gate KOE,Cabang Kefa,"Senin, Rabu, Jumat, Minggu"
KOE20303,Nusa Tenggara Timur (NTT),Timor Tengah Utara ,Insana,Oenbit,85671,KANTOR PERWAKILAN,C,KEFA,TIMOR,Gate KOE,Cabang Kefa,"Senin, Rabu, Jumat, Minggu"
KOE20303,Nusa Tenggara Timur (NTT),Timor Tengah Utara ,Insana,Sekon,85671,KANTOR PERWAKILAN,C,KEFA,TIMOR,Gate KOE,Cabang Kefa,"Senin, Rabu, Jumat, Minggu"
KOE20303,Nusa Tenggara Timur (NTT),Timor Tengah Utara ,Insana,Susulaku,85671,KANTOR PERWAKILAN,C,KEFA,TIMOR,Gate KOE,Cabang Kefa,"Senin, Rabu, Jumat, Minggu"
KOE20303,Nusa Tenggara Timur (NTT),Timor Tengah Utara ,Insana,Susulaku B,85671,KANTOR PERWAKILAN,C,KEFA,TIMOR,Gate KOE,Cabang Kefa,"Senin, Rabu, Jumat, Minggu"
KOE20303,Nusa Tenggara Timur (NTT),Timor Tengah Utara ,Insana,Tapenpah,85671,KANTOR PERWAKILAN,C,KEFA,TIMOR,Gate KOE,Cabang Kefa,"Senin, Rabu, Jumat, Minggu"
KOE20317,Nusa Tenggara Timur (NTT),Timor Tengah Utara ,Insana Barat,Atmen,85671,KANTOR PERWAKILAN,C,KEFA,TIMOR,Gate KOE,Cabang Kefa,"Senin, Rabu, Jumat, Minggu"
KOE20317,Nusa Tenggara Timur (NTT),Timor Tengah Utara ,Insana Barat,Atmen II,85671,KANTOR PERWAKILAN,C,KEFA,TIMOR,Gate KOE,Cabang Kefa,"Senin, Rabu, Jumat, Minggu"
KOE20317,Nusa Tenggara Timur (NTT),Timor Tengah Utara ,Insana Barat,Bannae,85671,KANTOR PERWAKILAN,C,KEFA,TIMOR,Gate KOE,Cabang Kefa,"Senin, Rabu, Jumat, Minggu"
KOE20317,Nusa Tenggara Timur (NTT),Timor Tengah Utara ,Insana Barat,Lapeom,85671,KANTOR PERWAKILAN,C,KEFA,TIMOR,Gate KOE,Cabang Kefa,"Senin, Rabu, Jumat, Minggu"
KOE20317,Nusa Tenggara Timur (NTT),Timor Tengah Utara ,Insana Barat,Letneo,85671,KANTOR PERWAKILAN,C,KEFA,TIMOR,Gate KOE,Cabang Kefa,"Senin, Rabu, Jumat, Minggu"
KOE20317,Nusa Tenggara Timur (NTT),Timor Tengah Utara ,Insana Barat,Letneo Selatan,85671,KANTOR PERWAKILAN,C,KEFA,TIMOR,Gate KOE,Cabang Kefa,"Senin, Rabu, Jumat, Minggu"
KOE20317,Nusa Tenggara Timur (NTT),Timor Tengah Utara ,Insana Barat,Nifunenas,85671,KANTOR PERWAKILAN,C,KEFA,TIMOR,Gate KOE,Cabang Kefa,"Senin, Rabu, Jumat, Minggu"
KOE20317,Nusa Tenggara Timur (NTT),Timor Tengah Utara ,Insana Barat,Oabikase,85671,KANTOR PERWAKILAN,C,KEFA,TIMOR,Gate KOE,Cabang Kefa,"Senin, Rabu, Jumat, Minggu"
KOE20317,Nusa Tenggara Timur (NTT),Timor Tengah Utara ,Insana Barat,Subun,85671,KANTOR PERWAKILAN,C,KEFA,TIMOR,Gate KOE,Cabang Kefa,"Senin, Rabu, Jumat, Minggu"
KOE20317,Nusa Tenggara Timur (NTT),Timor Tengah Utara ,Insana Barat,Subun Bestobe,85671,KANTOR PERWAKILAN,C,KEFA,TIMOR,Gate KOE,Cabang Kefa,"Senin, Rabu, Jumat, Minggu"
KOE20317,Nusa Tenggara Timur (NTT),Timor Tengah Utara ,Insana Barat,Subun Tualele,85671,KANTOR PERWAKILAN,C,KEFA,TIMOR,Gate KOE,Cabang Kefa,"Senin, Rabu, Jumat, Minggu"
KOE20317,Nusa Tenggara Timur (NTT),Timor Tengah Utara ,Insana Barat,Usapinonot,85671,KANTOR PERWAKILAN,C,KEFA,TIMOR,Gate KOE,Cabang Kefa,"Senin, Rabu, Jumat, Minggu"
KOE20316,Nusa Tenggara Timur (NTT),Timor Tengah Utara ,Insana Fafinesu,Banuan/Baunuan,85671,KANTOR PERWAKILAN,D,KEFA,TIMOR,Gate KOE,Cabang Kefa,"Senin, Rabu, Jumat, Minggu"
KOE20316,Nusa Tenggara Timur (NTT),Timor Tengah Utara ,Insana Fafinesu,Fafinesu,85671,KANTOR PERWAKILAN,D,KEFA,TIMOR,Gate KOE,Cabang Kefa,"Senin, Rabu, Jumat, Minggu"
KOE20316,Nusa Tenggara Timur (NTT),Timor Tengah Utara ,Insana Fafinesu,Fafinesu A,85671,KANTOR PERWAKILAN,D,KEFA,TIMOR,Gate KOE,Cabang Kefa,"Senin, Rabu, Jumat, Minggu"
KOE20316,Nusa Tenggara Timur (NTT),Timor Tengah Utara ,Insana Fafinesu,Fafinesu B,85671,KANTOR PERWAKILAN,D,KEFA,TIMOR,Gate KOE,Cabang Kefa,"Senin, Rabu, Jumat, Minggu"
KOE20316,Nusa Tenggara Timur (NTT),Timor Tengah Utara ,Insana Fafinesu,Fafinesu C,85671,KANTOR PERWAKILAN,D,KEFA,TIMOR,Gate KOE,Cabang Kefa,"Senin, Rabu, Jumat, Minggu"
KOE20316,Nusa Tenggara Timur (NTT),Timor Tengah Utara ,Insana Fafinesu,Oenain,85671,KANTOR PERWAKILAN,D,KEFA,TIMOR,Gate KOE,Cabang Kefa,"Senin, Rabu, Jumat, Minggu"
KOE20315,Nusa Tenggara Timur (NTT),Timor Tengah Utara ,Insana Tengah,Lanaus,85671,KANTOR PERWAKILAN,C,KEFA,TIMOR,Gate KOE,Cabang Kefa,"Senin, Rabu, Jumat, Minggu"
KOE20315,Nusa Tenggara Timur (NTT),Timor Tengah Utara ,Insana Tengah,Letmafo,85671,KANTOR PERWAKILAN,C,KEFA,TIMOR,Gate KOE,Cabang Kefa,"Senin, Rabu, Jumat, Minggu"
KOE20315,Nusa Tenggara Timur (NTT),Timor Tengah Utara ,Insana Tengah,Letmafo Timur,85671,KANTOR PERWAKILAN,C,KEFA,TIMOR,Gate KOE,Cabang Kefa,"Senin, Rabu, Jumat, Minggu"
KOE20315,Nusa Tenggara Timur (NTT),Timor Tengah Utara ,Insana Tengah,Maubesi,85671,KANTOR PERWAKILAN,C,KEFA,TIMOR,Gate KOE,Cabang Kefa,"Senin, Rabu, Jumat, Minggu"
KOE20315,Nusa Tenggara Timur (NTT),Timor Tengah Utara ,Insana Tengah,Oehalo,85671,KANTOR PERWAKILAN,C,KEFA,TIMOR,Gate KOE,Cabang Kefa,"Senin, Rabu, Jumat, Minggu"
KOE20315,Nusa Tenggara Timur (NTT),Timor Tengah Utara ,Insana Tengah,Sone,85671,KANTOR PERWAKILAN,C,KEFA,TIMOR,Gate KOE,Cabang Kefa,"Senin, Rabu, Jumat, Minggu"
KOE20315,Nusa Tenggara Timur (NTT),Timor Tengah Utara ,Insana Tengah,Tainsala,85671,KANTOR PERWAKILAN,C,KEFA,TIMOR,Gate KOE,Cabang Kefa,"Senin, Rabu, Jumat, Minggu"
KOE20306,Nusa Tenggara Timur (NTT),Timor Tengah Utara ,Biboki Anleu,Kotafoun,85613,KANTOR PERWAKILAN,D,KEFA,TIMOR,Gate KOE,Cabang Kefa,"Selasa, Kamis, Sabtu"
KOE20306,Nusa Tenggara Timur (NTT),Timor Tengah Utara ,Biboki Anleu,Maukabatan,85613,KANTOR PERWAKILAN,D,KEFA,TIMOR,Gate KOE,Cabang Kefa,"Selasa, Kamis, Sabtu"
KOE20306,Nusa Tenggara Timur (NTT),Timor Tengah Utara ,Biboki Anleu,Motadik,85613,KANTOR PERWAKILAN,D,KEFA,TIMOR,Gate KOE,Cabang Kefa,"Selasa, Kamis, Sabtu"
KOE20306,Nusa Tenggara Timur (NTT),Timor Tengah Utara ,Biboki Anleu,Nifutasi,85613,KANTOR PERWAKILAN,D,KEFA,TIMOR,Gate KOE,Cabang Kefa,"Selasa, Kamis, Sabtu"
KOE20306,Nusa Tenggara Timur (NTT),Timor Tengah Utara ,Biboki Anleu,Nonatbatan,85613,KANTOR PERWAKILAN,D,KEFA,TIMOR,Gate KOE,Cabang Kefa,"Selasa, Kamis, Sabtu"
KOE20306,Nusa Tenggara Timur (NTT),Timor Tengah Utara ,Biboki Anleu,Oemanu,85613,KANTOR PERWAKILAN,D,KEFA,TIMOR,Gate KOE,Cabang Kefa,"Selasa, Kamis, Sabtu"
KOE20306,Nusa Tenggara Timur (NTT),Timor Tengah Utara ,Biboki Anleu,Ponu,85613,KANTOR PERWAKILAN,D,KEFA,TIMOR,Gate KOE,Cabang Kefa,"Selasa, Kamis, Sabtu"
KOE20306,Nusa Tenggara Timur (NTT),Timor Tengah Utara ,Biboki Anleu,Sifaniha,85613,KANTOR PERWAKILAN,D,KEFA,TIMOR,Gate KOE,Cabang Kefa,"Selasa, Kamis, Sabtu"
KOE20306,Nusa Tenggara Timur (NTT),Timor Tengah Utara ,Biboki Anleu,Tuamese,85613,KANTOR PERWAKILAN,D,KEFA,TIMOR,Gate KOE,Cabang Kefa,"Selasa, Kamis, Sabtu"
KOE20307,Nusa Tenggara Timur (NTT),Timor Tengah Utara ,Insana Utara,Fatumtasa,85671,KANTOR PERWAKILAN,D,KEFA,TIMOR,Gate KOE,Cabang Kefa,"Selasa, Kamis, Sabtu"
KOE20307,Nusa Tenggara Timur (NTT),Timor Tengah Utara ,Insana Utara,Humusu A,85671,KANTOR PERWAKILAN,D,KEFA,TIMOR,Gate KOE,Cabang Kefa,"Selasa, Kamis, Sabtu"
KOE20307,Nusa Tenggara Timur (NTT),Timor Tengah Utara ,Insana Utara,Humusu B,85671,KANTOR PERWAKILAN,D,KEFA,TIMOR,Gate KOE,Cabang Kefa,"Selasa, Kamis, Sabtu"
KOE20307,Nusa Tenggara Timur (NTT),Timor Tengah Utara ,Insana Utara,Humusu C,85671,KANTOR PERWAKILAN,D,KEFA,TIMOR,Gate KOE,Cabang Kefa,"Selasa, Kamis, Sabtu"
KOE20307,Nusa Tenggara Timur (NTT),Timor Tengah Utara ,Insana Utara,Oesoko,85671,KANTOR PERWAKILAN,D,KEFA,TIMOR,Gate KOE,Cabang Kefa,"Selasa, Kamis, Sabtu"
KOE20311,Nusa Tenggara Timur (NTT),Timor Tengah Utara ,Naibenu,Bakitolas,85651,KANTOR PERWAKILAN,C,KEFA,TIMOR,Gate KOE,Cabang Kefa,"Selasa, Kamis, Sabtu"
KOE20311,Nusa Tenggara Timur (NTT),Timor Tengah Utara ,Naibenu,Benus,85651,KANTOR PERWAKILAN,C,KEFA,TIMOR,Gate KOE,Cabang Kefa,"Selasa, Kamis, Sabtu"
KOE20311,Nusa Tenggara Timur (NTT),Timor Tengah Utara ,Naibenu,Manamas,85651,KANTOR PERWAKILAN,C,KEFA,TIMOR,Gate KOE,Cabang Kefa,"Selasa, Kamis, Sabtu"
KOE20311,Nusa Tenggara Timur (NTT),Timor Tengah Utara ,Naibenu,Sunsea,85651,KANTOR PERWAKILAN,C,KEFA,TIMOR,Gate KOE,Cabang Kefa,"Selasa, Kamis, Sabtu"
KOE10000,Nusa Tenggara Timur (NTT),Kupang,Kupang,Kupang,0,CABANG UTAMA,A,KOTA KUPANG,KOTA KUPANG,Gate KOE,,Setiap Hari
KOE10029,Nusa Tenggara Timur (NTT),Kupang ,Alak,Alak,85231,CABANG UTAMA,A,KOTA KUPANG,KOTA KUPANG,Gate KOE,,Setiap Hari
KOE10029,Nusa Tenggara Timur (NTT),Kupang ,Alak,Batuplat,85237,CABANG UTAMA,A,KOTA KUPANG,KOTA KUPANG,Gate KOE,,Setiap Hari
KOE10029,Nusa Tenggara Timur (NTT),Kupang ,Alak,Fatufeto,85234,CABANG UTAMA,A,KOTA KUPANG,KOTA KUPANG,Gate KOE,,Setiap Hari
KOE10029,Nusa Tenggara Timur (NTT),Kupang ,Alak,Mantasi,85235,CABANG UTAMA,A,KOTA KUPANG,KOTA KUPANG,Gate KOE,,Setiap Hari
KOE10029,Nusa Tenggara Timur (NTT),Kupang ,Alak,Manulai II,85238,CABANG UTAMA,A,KOTA KUPANG,KOTA KUPANG,Gate KOE,,Setiap Hari
KOE10029,Nusa Tenggara Timur (NTT),Kupang ,Alak,Manutapen,85236,CABANG UTAMA,A,KOTA KUPANG,KOTA KUPANG,Gate KOE,,Setiap Hari
KOE10029,Nusa Tenggara Timur (NTT),Kupang ,Alak,Naioni,85239,CABANG UTAMA,A,KOTA KUPANG,KOTA KUPANG,Gate KOE,,Setiap Hari
KOE10029,Nusa Tenggara Timur (NTT),Kupang ,Alak,Namosain,85232,CABANG UTAMA,A,KOTA KUPANG,KOTA KUPANG,Gate KOE,,Setiap Hari
KOE10029,Nusa Tenggara Timur (NTT),Kupang ,Alak,Nunbaun Delha,85233,CABANG UTAMA,A,KOTA KUPANG,KOTA KUPANG,Gate KOE,,Setiap Hari
KOE10029,Nusa Tenggara Timur (NTT),Kupang ,Alak,Nunbaun Sabu,85233,CABANG UTAMA,A,KOTA KUPANG,KOTA KUPANG,Gate KOE,,Setiap Hari
KOE10029,Nusa Tenggara Timur (NTT),Kupang ,Alak,Nunhila,85234,CABANG UTAMA,A,KOTA KUPANG,KOTA KUPANG,Gate KOE,,Setiap Hari
KOE10029,Nusa Tenggara Timur (NTT),Kupang ,Alak,Penkase Oeleta,85231,CABANG UTAMA,A,KOTA KUPANG,KOTA KUPANG,Gate KOE,,Setiap Hari
KOE10030,Nusa Tenggara Timur (NTT),Kupang ,Kelapa Lima,Kelapa Lima,85228,CABANG UTAMA,A,KOTA KUPANG,KOTA KUPANG,Gate KOE,,Setiap Hari
KOE10030,Nusa Tenggara Timur (NTT),Kupang ,Kelapa Lima,Lasiana,85228,CABANG UTAMA,A,KOTA KUPANG,KOTA KUPANG,Gate KOE,,Setiap Hari
KOE10030,Nusa Tenggara Timur (NTT),Kupang ,Kelapa Lima,Oesapa,85228,CABANG UTAMA,A,KOTA KUPANG,KOTA KUPANG,Gate KOE,,Setiap Hari
KOE10030,Nusa Tenggara Timur (NTT),Kupang ,Kelapa Lima,Oesapa Barat,85228,CABANG UTAMA,A,KOTA KUPANG,KOTA KUPANG,Gate KOE,,Setiap Hari
KOE10030,Nusa Tenggara Timur (NTT),Kupang ,Kelapa Lima,Oesapa Selatan,85228,CABANG UTAMA,A,KOTA KUPANG,KOTA KUPANG,Gate KOE,,Setiap Hari
KOE10033,Nusa Tenggara Timur (NTT),Kupang ,Kota Lama,Air Mata,85229,CABANG UTAMA,A,KOTA KUPANG,KOTA KUPANG,Gate KOE,,Setiap Hari
KOE10033,Nusa Tenggara Timur (NTT),Kupang ,Kota Lama,Bonipoi,85221,CABANG UTAMA,A,KOTA KUPANG,KOTA KUPANG,Gate KOE,,Setiap Hari
KOE10033,Nusa Tenggara Timur (NTT),Kupang ,Kota Lama,Fatubesi,85226,CABANG UTAMA,A,KOTA KUPANG,KOTA KUPANG,Gate KOE,,Setiap Hari
KOE10033,Nusa Tenggara Timur (NTT),Kupang ,Kota Lama,Lai Lai Bisi Kopan,85221,CABANG UTAMA,A,KOTA KUPANG,KOTA KUPANG,Gate KOE,,Setiap Hari
KOE10033,Nusa Tenggara Timur (NTT),Kupang ,Kota Lama,Merdeka,85225,CABANG UTAMA,A,KOTA KUPANG,KOTA KUPANG,Gate KOE,Cabang Alor,Setiap Hari
KOE10033,Nusa Tenggara Timur (NTT),Kupang ,Kota Lama,Nefonaek,85229,CABANG UTAMA,A,KOTA KUPANG,KOTA KUPANG,Gate KOE,,Setiap Hari
KOE10033,Nusa Tenggara Timur (NTT),Kupang ,Kota Lama,Oeba,85226,CABANG UTAMA,A,KOTA KUPANG,KOTA KUPANG,Gate KOE,,Setiap Hari
KOE10033,Nusa Tenggara Timur (NTT),Kupang ,Kota Lama,Pasir Panjang,85227,CABANG UTAMA,A,KOTA KUPANG,KOTA KUPANG,Gate KOE,Agen Rincah,Setiap Hari
KOE10033,Nusa Tenggara Timur (NTT),Kupang ,Kota Lama,Kampung Solor,85229,CABANG UTAMA,A,KOTA KUPANG,KOTA KUPANG,Gate KOE,,Setiap Hari
KOE10033,Nusa Tenggara Timur (NTT),Kupang ,Kota Lama,Tode Kisar,85229,CABANG UTAMA,A,KOTA KUPANG,KOTA KUPANG,Gate KOE,,Setiap Hari
KOE10034,Nusa Tenggara Timur (NTT),Kupang ,Kota Raja,Air Nona,85119,CABANG UTAMA,A,KOTA KUPANG,KOTA KUPANG,Gate KOE,,Setiap Hari
KOE10034,Nusa Tenggara Timur (NTT),Kupang ,Kota Raja,Bakunase,85116,CABANG UTAMA,A,KOTA KUPANG,KOTA KUPANG,Gate KOE,,Setiap Hari
KOE10034,Nusa Tenggara Timur (NTT),Kupang ,Kota Raja,Fontein,85112,CABANG UTAMA,A,KOTA KUPANG,KOTA KUPANG,Gate KOE,,Setiap Hari
KOE10034,Nusa Tenggara Timur (NTT),Kupang ,Kota Raja,Kuanino,85119,CABANG UTAMA,A,KOTA KUPANG,KOTA KUPANG,Gate KOE,,Setiap Hari
KOE10034,Nusa Tenggara Timur (NTT),Kupang ,Kota Raja,Naikoten I (Satu),85118,CABANG UTAMA,A,KOTA KUPANG,KOTA KUPANG,Gate KOE,,Setiap Hari
KOE10034,Nusa Tenggara Timur (NTT),Kupang ,Kota Raja,Naikoten II (Dua),85118,CABANG UTAMA,A,KOTA KUPANG,KOTA KUPANG,Gate KOE,,Setiap Hari
KOE10034,Nusa Tenggara Timur (NTT),Kupang ,Kota Raja,Nunleu,85119,CABANG UTAMA,A,KOTA KUPANG,KOTA KUPANG,Gate KOE,Agen Niki - Niki,Setiap Hari
KOE10031,Nusa Tenggara Timur (NTT),Kupang ,Maulafa,Bello,85148,CABANG UTAMA,A,KOTA KUPANG,KOTA KUPANG,Gate KOE,,Setiap Hari
KOE10031,Nusa Tenggara Timur (NTT),Kupang ,Maulafa,Fatukoa,85144,CABANG UTAMA,A,KOTA KUPANG,KOTA KUPANG,Gate KOE,,Setiap Hari
KOE10031,Nusa Tenggara Timur (NTT),Kupang ,Maulafa,Kolhua,85146,CABANG UTAMA,A,KOTA KUPANG,KOTA KUPANG,Gate KOE,,Setiap Hari
KOE10031,Nusa Tenggara Timur (NTT),Kupang ,Maulafa,Maulafa,85141,CABANG UTAMA,A,KOTA KUPANG,KOTA KUPANG,Gate KOE,,Setiap Hari
KOE10031,Nusa Tenggara Timur (NTT),Kupang ,Maulafa,Naikolan,85142,CABANG UTAMA,A,KOTA KUPANG,KOTA KUPANG,Gate KOE,,Setiap Hari
KOE10031,Nusa Tenggara Timur (NTT),Kupang ,Maulafa,Naimata,85147,CABANG UTAMA,A,KOTA KUPANG,KOTA KUPANG,Gate KOE,,Setiap Hari
KOE10031,Nusa Tenggara Timur (NTT),Kupang ,Maulafa,Oepura,85142,CABANG UTAMA,A,KOTA KUPANG,KOTA KUPANG,Gate KOE,,Setiap Hari
KOE10031,Nusa Tenggara Timur (NTT),Kupang ,Maulafa,Penfui,85148,CABANG UTAMA,A,KOTA KUPANG,KOTA KUPANG,Gate KOE,,Setiap Hari
KOE10031,Nusa Tenggara Timur (NTT),Kupang ,Maulafa,Sikumana,85143,CABANG UTAMA,A,KOTA KUPANG,KOTA KUPANG,Gate KOE,,Setiap Hari
KOE10032,Nusa Tenggara Timur (NTT),Kupang ,Oebobo,Bakunase Dua,85116,CABANG UTAMA,A,KOTA KUPANG,KOTA KUPANG,Gate KOE,,Setiap Hari
KOE10032,Nusa Tenggara Timur (NTT),Kupang ,Oebobo,Fatululi,85111,CABANG UTAMA,A,KOTA KUPANG,KOTA KUPANG,Gate KOE,,Setiap Hari
KOE10032,Nusa Tenggara Timur (NTT),Kupang ,Oebobo,Kayu Putih,85111,CABANG UTAMA,A,KOTA KUPANG,KOTA KUPANG,Gate KOE,,Setiap Hari
KOE10032,Nusa Tenggara Timur (NTT),Kupang ,Oebobo,Liliba,85111,CABANG UTAMA,A,KOTA KUPANG,KOTA KUPANG,Gate KOE,,Setiap Hari
KOE10032,Nusa Tenggara Timur (NTT),Kupang ,Oebobo,Oebobo,85111,CABANG UTAMA,A,KOTA KUPANG,KOTA KUPANG,Gate KOE,Cabang Soe,Setiap Hari
KOE10032,Nusa Tenggara Timur (NTT),Kupang ,Oebobo,Oebufu,85111,CABANG UTAMA,A,KOTA KUPANG,KOTA KUPANG,Gate KOE,,Setiap Hari
KOE10032,Nusa Tenggara Timur (NTT),Kupang ,Oebobo,Oetete,85112,CABANG UTAMA,A,KOTA KUPANG,KOTA KUPANG,Gate KOE,,Setiap Hari
KOE10032,Nusa Tenggara Timur (NTT),Kupang ,Oebobo,Tuak Daun Merah,85111,CABANG UTAMA,A,KOTA KUPANG,KOTA KUPANG,Gate KOE,,Setiap Hari
KOE22005,Nusa Tenggara Timur (NTT),Malaka ,Botin Leobele,Babotin,85765,KANTOR PERWAKILAN,D,MALAKA,TIMOR,Gate KOE,Cabang Malaka,
KOE22005,Nusa Tenggara Timur (NTT),Malaka ,Botin Leobele,Babotin Maemina,85765,KANTOR PERWAKILAN,D,MALAKA,TIMOR,Gate KOE,Cabang Malaka,
KOE22005,Nusa Tenggara Timur (NTT),Malaka ,Botin Leobele,Babotin Selatan,85765,KANTOR PERWAKILAN,D,MALAKA,TIMOR,Gate KOE,Cabang Malaka,
KOE22005,Nusa Tenggara Timur (NTT),Malaka ,Botin Leobele,Kereana,85765,KANTOR PERWAKILAN,D,MALAKA,TIMOR,Gate KOE,Cabang Malaka,
KOE22005,Nusa Tenggara Timur (NTT),Malaka ,Botin Leobele,Takarai,85765,KANTOR PERWAKILAN,D,MALAKA,TIMOR,Gate KOE,Cabang Malaka,
KOE22004,Nusa Tenggara Timur (NTT),Malaka ,Io Kufeu,Bani-Bani,85765,KANTOR PERWAKILAN,D,MALAKA,TIMOR,Gate KOE,Cabang Malaka,
KOE22004,Nusa Tenggara Timur (NTT),Malaka ,Io Kufeu,Biau,85765,KANTOR PERWAKILAN,D,MALAKA,TIMOR,Gate KOE,Cabang Malaka,
KOE22004,Nusa Tenggara Timur (NTT),Malaka ,Io Kufeu,Fatoin,85765,KANTOR PERWAKILAN,D,MALAKA,TIMOR,Gate KOE,Cabang Kefa,
KOE22004,Nusa Tenggara Timur (NTT),Malaka ,Io Kufeu,Ikan Tuanbeis,85765,KANTOR PERWAKILAN,D,MALAKA,TIMOR,Gate KOE,Cabang Malaka,
KOE22004,Nusa Tenggara Timur (NTT),Malaka ,Io Kufeu,Kufeu,85765,KANTOR PERWAKILAN,D,MALAKA,TIMOR,Gate KOE,Cabang Malaka,
KOE22004,Nusa Tenggara Timur (NTT),Malaka ,Io Kufeu,Tunabesi,85765,KANTOR PERWAKILAN,D,MALAKA,TIMOR,Gate KOE,Cabang Malaka,
KOE22004,Nusa Tenggara Timur (NTT),Malaka ,Io Kufeu,Tunmat,85765,KANTOR PERWAKILAN,D,MALAKA,TIMOR,Gate KOE,Cabang Malaka,
KOE20101,Nusa Tenggara Timur (NTT),Malaka ,Kobalima,Babulu,85766,KANTOR PERWAKILAN,B,MALAKA,TIMOR,Gate KOE,Cabang Malaka,
KOE20101,Nusa Tenggara Timur (NTT),Malaka ,Kobalima,Babulu Selatan,85766,KANTOR PERWAKILAN,B,MALAKA,TIMOR,Gate KOE,Cabang Malaka,
KOE20101,Nusa Tenggara Timur (NTT),Malaka ,Kobalima,Lakekun,85766,KANTOR PERWAKILAN,B,MALAKA,TIMOR,Gate KOE,Cabang Malaka,
KOE20101,Nusa Tenggara Timur (NTT),Malaka ,Kobalima,Lakekun Barat,85766,KANTOR PERWAKILAN,B,MALAKA,TIMOR,Gate KOE,Cabang Malaka,
KOE20101,Nusa Tenggara Timur (NTT),Malaka ,Kobalima,Lakekun Utara,85766,KANTOR PERWAKILAN,B,MALAKA,TIMOR,Gate KOE,Cabang Malaka,
KOE20101,Nusa Tenggara Timur (NTT),Malaka ,Kobalima,Litamali,85766,KANTOR PERWAKILAN,B,MALAKA,TIMOR,Gate KOE,Cabang Malaka,
KOE20101,Nusa Tenggara Timur (NTT),Malaka ,Kobalima,Rainawe,85766,KANTOR PERWAKILAN,B,MALAKA,TIMOR,Gate KOE,Cabang Malaka,
KOE20101,Nusa Tenggara Timur (NTT),Malaka ,Kobalima,Sisi,85766,KANTOR PERWAKILAN,B,MALAKA,TIMOR,Gate KOE,Cabang Malaka,
KOE22003,Nusa Tenggara Timur (NTT),Malaka ,Kobalima Timur,Alas,85766,KANTOR PERWAKILAN,C,MALAKA,TIMOR,Gate KOE,Cabang Malaka,
KOE22003,Nusa Tenggara Timur (NTT),Malaka ,Kobalima Timur,Alas Selatan,85766,KANTOR PERWAKILAN,C,MALAKA,TIMOR,Gate KOE,Cabang Malaka,
KOE22003,Nusa Tenggara Timur (NTT),Malaka ,Kobalima Timur,Alas Utara,85766,KANTOR PERWAKILAN,C,MALAKA,TIMOR,Gate KOE,Cabang Malaka,
KOE22003,Nusa Tenggara Timur (NTT),Malaka ,Kobalima Timur,Kotabiru,85766,KANTOR PERWAKILAN,C,MALAKA,TIMOR,Gate KOE,Cabang Malaka,
KOE22002,Nusa Tenggara Timur (NTT),Malaka ,Laenmanen,Bisesmus,85718,KANTOR PERWAKILAN,D,MALAKA,TIMOR,Gate KOE,Cabang Malaka,
KOE22002,Nusa Tenggara Timur (NTT),Malaka ,Laenmanen,Boni Bais,85718,KANTOR PERWAKILAN,D,MALAKA,TIMOR,Gate KOE,Cabang Malaka,
KOE22002,Nusa Tenggara Timur (NTT),Malaka ,Laenmanen,Kapitan Meo,85718,KANTOR PERWAKILAN,D,MALAKA,TIMOR,Gate KOE,Cabang Malaka,
KOE22002,Nusa Tenggara Timur (NTT),Malaka ,Laenmanen,Meotroi,85718,KANTOR PERWAKILAN,D,MALAKA,TIMOR,Gate KOE,Cabang Malaka,
KOE22002,Nusa Tenggara Timur (NTT),Malaka ,Laenmanen,Nauke Kusa,85718,KANTOR PERWAKILAN,D,MALAKA,TIMOR,Gate KOE,Cabang Malaka,
KOE22002,Nusa Tenggara Timur (NTT),Malaka ,Laenmanen,Oenaek,85718,KANTOR PERWAKILAN,D,MALAKA,TIMOR,Gate KOE,Cabang Malaka,
KOE22002,Nusa Tenggara Timur (NTT),Malaka ,Laenmanen,Tesa,85718,KANTOR PERWAKILAN,D,MALAKA,TIMOR,Gate KOE,Cabang Malaka,
KOE22002,Nusa Tenggara Timur (NTT),Malaka ,Laenmanen,Tniumanu,85718,KANTOR PERWAKILAN,D,MALAKA,TIMOR,Gate KOE,Cabang Malaka,
KOE22002,Nusa Tenggara Timur (NTT),Malaka ,Laenmanen,Uabau,85718,KANTOR PERWAKILAN,D,MALAKA,TIMOR,Gate KOE,Cabang Malaka,
KOE20106,Nusa Tenggara Timur (NTT),Malaka ,Malaka Barat,Besikama,85763,KANTOR PERWAKILAN,B,MALAKA,TIMOR,Gate KOE,Cabang Malaka,
KOE20106,Nusa Tenggara Timur (NTT),Malaka ,Malaka Barat,Fafoe,85763,KANTOR PERWAKILAN,B,MALAKA,TIMOR,Gate KOE,Cabang Malaka,
KOE20106,Nusa Tenggara Timur (NTT),Malaka ,Malaka Barat,Lasaen,85763,KANTOR PERWAKILAN,B,MALAKA,TIMOR,Gate KOE,Cabang Malaka,
KOE20106,Nusa Tenggara Timur (NTT),Malaka ,Malaka Barat,Loofoun,85763,KANTOR PERWAKILAN,B,MALAKA,TIMOR,Gate KOE,Cabang Malaka,
KOE20106,Nusa Tenggara Timur (NTT),Malaka ,Malaka Barat,Maktihan,85763,KANTOR PERWAKILAN,B,MALAKA,TIMOR,Gate KOE,Cabang Malaka,
KOE20106,Nusa Tenggara Timur (NTT),Malaka ,Malaka Barat,Motaain,85763,KANTOR PERWAKILAN,B,MALAKA,TIMOR,Gate KOE,Cabang Malaka,
KOE20106,Nusa Tenggara Timur (NTT),Malaka ,Malaka Barat,Motaulun,85763,KANTOR PERWAKILAN,B,MALAKA,TIMOR,Gate KOE,Cabang Malaka,
KOE20106,Nusa Tenggara Timur (NTT),Malaka ,Malaka Barat,Naas,85763,KANTOR PERWAKILAN,B,MALAKA,TIMOR,Gate KOE,Cabang Malaka,
KOE20106,Nusa Tenggara Timur (NTT),Malaka ,Malaka Barat,Oan Mane,85763,KANTOR PERWAKILAN,B,MALAKA,TIMOR,Gate KOE,Cabang Malaka,
KOE20106,Nusa Tenggara Timur (NTT),Malaka ,Malaka Barat,Rabasa,85763,KANTOR PERWAKILAN,B,MALAKA,TIMOR,Gate KOE,Cabang Malaka,
KOE20106,Nusa Tenggara Timur (NTT),Malaka ,Malaka Barat,Rabasa Haerain,85763,KANTOR PERWAKILAN,B,MALAKA,TIMOR,Gate KOE,Cabang Malaka,
KOE20106,Nusa Tenggara Timur (NTT),Malaka ,Malaka Barat,Rabasahain,85763,KANTOR PERWAKILAN,B,MALAKA,TIMOR,Gate KOE,Cabang Malaka,
KOE20106,Nusa Tenggara Timur (NTT),Malaka ,Malaka Barat,Raimataus,85763,KANTOR PERWAKILAN,B,MALAKA,TIMOR,Gate KOE,Cabang Malaka,
KOE20106,Nusa Tenggara Timur (NTT),Malaka ,Malaka Barat,Sikun,85763,KANTOR PERWAKILAN,B,MALAKA,TIMOR,Gate KOE,Cabang Malaka,
KOE20106,Nusa Tenggara Timur (NTT),Malaka ,Malaka Barat,Umalor,85763,KANTOR PERWAKILAN,B,MALAKA,TIMOR,Gate KOE,Cabang Malaka,
KOE20106,Nusa Tenggara Timur (NTT),Malaka ,Malaka Barat,Umatoos,85763,KANTOR PERWAKILAN,B,MALAKA,TIMOR,Gate KOE,Cabang Malaka,
KOE20104,Nusa Tenggara Timur (NTT),Malaka ,Malaka Tengah,Bakiruk,85762,KANTOR PERWAKILAN,B,MALAKA,TIMOR,Gate KOE,Cabang Malaka,
KOE20104,Nusa Tenggara Timur (NTT),Malaka ,Malaka Tengah,Barada,85762,KANTOR PERWAKILAN,B,MALAKA,TIMOR,Gate KOE,Cabang Malaka,
KOE20104,Nusa Tenggara Timur (NTT),Malaka ,Malaka Tengah,Barene,85762,KANTOR PERWAKILAN,B,MALAKA,TIMOR,Gate KOE,Cabang Malaka,
KOE20104,Nusa Tenggara Timur (NTT),Malaka ,Malaka Tengah,Bereliku,85762,KANTOR PERWAKILAN,B,MALAKA,TIMOR,Gate KOE,Cabang Malaka,
KOE20104,Nusa Tenggara Timur (NTT),Malaka ,Malaka Tengah,Fahiluka,85762,KANTOR PERWAKILAN,B,MALAKA,TIMOR,Gate KOE,Cabang Malaka,
KOE20104,Nusa Tenggara Timur (NTT),Malaka ,Malaka Tengah,Harekakae,85762,KANTOR PERWAKILAN,B,MALAKA,TIMOR,Gate KOE,Cabang Malaka,
KOE20104,Nusa Tenggara Timur (NTT),Malaka ,Malaka Tengah,Kakaniuk,85762,KANTOR PERWAKILAN,B,MALAKA,TIMOR,Gate KOE,Cabang Malaka,
KOE20104,Nusa Tenggara Timur (NTT),Malaka ,Malaka Tengah,Kamanasa,85762,KANTOR PERWAKILAN,B,MALAKA,TIMOR,Gate KOE,Cabang Malaka,
KOE20104,Nusa Tenggara Timur (NTT),Malaka ,Malaka Tengah,Kateri,85762,KANTOR PERWAKILAN,B,MALAKA,TIMOR,Gate KOE,Cabang Malaka,
KOE20104,Nusa Tenggara Timur (NTT),Malaka ,Malaka Tengah,Kletek,85762,KANTOR PERWAKILAN,B,MALAKA,TIMOR,Gate KOE,Cabang Malaka,
KOE20104,Nusa Tenggara Timur (NTT),Malaka ,Malaka Tengah,Lawalu,85762,KANTOR PERWAKILAN,B,MALAKA,TIMOR,Gate KOE,Cabang Malaka,
KOE20104,Nusa Tenggara Timur (NTT),Malaka ,Malaka Tengah,Naimana,85762,KANTOR PERWAKILAN,B,MALAKA,TIMOR,Gate KOE,Cabang Malaka,
KOE20104,Nusa Tenggara Timur (NTT),Malaka ,Malaka Tengah,Railor Tahak,85762,KANTOR PERWAKILAN,B,MALAKA,TIMOR,Gate KOE,Cabang Malaka,
KOE20104,Nusa Tenggara Timur (NTT),Malaka ,Malaka Tengah,Suai,85762,KANTOR PERWAKILAN,B,MALAKA,TIMOR,Gate KOE,Cabang Malaka,
KOE20104,Nusa Tenggara Timur (NTT),Malaka ,Malaka Tengah,Umakatahan,85762,KANTOR PERWAKILAN,B,MALAKA,TIMOR,Gate KOE,Cabang Malaka,
KOE20104,Nusa Tenggara Timur (NTT),Malaka ,Malaka Tengah,Umanen Lawalu,85762,KANTOR PERWAKILAN,B,MALAKA,TIMOR,Gate KOE,Cabang Malaka,
KOE20104,Nusa Tenggara Timur (NTT),Malaka ,Malaka Tengah,Wehali,85762,KANTOR PERWAKILAN,B,MALAKA,TIMOR,Gate KOE,Cabang Malaka,
KOE20103,Nusa Tenggara Timur (NTT),Malaka ,Malaka Timur,Dirma,85761,KANTOR PERWAKILAN,C,MALAKA,TIMOR,Gate KOE,Cabang Malaka,
KOE20103,Nusa Tenggara Timur (NTT),Malaka ,Malaka Timur,Kusa,85761,KANTOR PERWAKILAN,C,MALAKA,TIMOR,Gate KOE,Cabang Malaka,
KOE20103,Nusa Tenggara Timur (NTT),Malaka ,Malaka Timur,Numponi,85761,KANTOR PERWAKILAN,C,MALAKA,TIMOR,Gate KOE,Cabang Malaka,
KOE20103,Nusa Tenggara Timur (NTT),Malaka ,Malaka Timur,Raiulun,85761,KANTOR PERWAKILAN,C,MALAKA,TIMOR,Gate KOE,Cabang Atambua,
KOE20103,Nusa Tenggara Timur (NTT),Malaka ,Malaka Timur,Sanleo,85761,KANTOR PERWAKILAN,C,MALAKA,TIMOR,Gate KOE,Cabang Malaka,
KOE20103,Nusa Tenggara Timur (NTT),Malaka ,Malaka Timur,Wemeda,85761,KANTOR PERWAKILAN,C,MALAKA,TIMOR,Gate KOE,Cabang Malaka,
KOE20112,Nusa Tenggara Timur (NTT),Malaka ,Rinhat,Alala,85764,KANTOR PERWAKILAN,D,MALAKA,TIMOR,Gate KOE,Cabang Malaka,
KOE20112,Nusa Tenggara Timur (NTT),Malaka ,Rinhat,Biudukfoho,85764,KANTOR PERWAKILAN,D,MALAKA,TIMOR,Gate KOE,Cabang Malaka,
KOE20112,Nusa Tenggara Timur (NTT),Malaka ,Rinhat,Boen,85764,KANTOR PERWAKILAN,D,MALAKA,TIMOR,Gate KOE,Cabang Malaka,
KOE20112,Nusa Tenggara Timur (NTT),Malaka ,Rinhat,Lotas,85764,KANTOR PERWAKILAN,D,MALAKA,TIMOR,Gate KOE,Agen Niki - Niki,
KOE20112,Nusa Tenggara Timur (NTT),Malaka ,Rinhat,Muke,85764,KANTOR PERWAKILAN,D,MALAKA,TIMOR,Gate KOE,Agen Camplong,
KOE20112,Nusa Tenggara Timur (NTT),Malaka ,Rinhat,Nabutaek,85764,KANTOR PERWAKILAN,D,MALAKA,TIMOR,Gate KOE,Cabang Malaka,
KOE20112,Nusa Tenggara Timur (NTT),Malaka ,Rinhat,Naet,85764,KANTOR PERWAKILAN,D,MALAKA,TIMOR,Gate KOE,Cabang Malaka,
KOE20112,Nusa Tenggara Timur (NTT),Malaka ,Rinhat,Naiusu,85764,KANTOR PERWAKILAN,D,MALAKA,TIMOR,Gate KOE,Cabang Malaka,
KOE20112,Nusa Tenggara Timur (NTT),Malaka ,Rinhat,Nanebot,85764,KANTOR PERWAKILAN,D,MALAKA,TIMOR,Gate KOE,Cabang Malaka,
KOE20112,Nusa Tenggara Timur (NTT),Malaka ,Rinhat,Nanin,85764,KANTOR PERWAKILAN,D,MALAKA,TIMOR,Gate KOE,Cabang Malaka,
KOE20112,Nusa Tenggara Timur (NTT),Malaka ,Rinhat,Niti,85764,KANTOR PERWAKILAN,D,MALAKA,TIMOR,Gate KOE,Agen Niki - Niki,
KOE20112,Nusa Tenggara Timur (NTT),Malaka ,Rinhat,Oekmurak,85764,KANTOR PERWAKILAN,D,MALAKA,TIMOR,Gate KOE,Cabang Malaka,
KOE20112,Nusa Tenggara Timur (NTT),Malaka ,Rinhat,Raisamane,85764,KANTOR PERWAKILAN,D,MALAKA,TIMOR,Gate KOE,Cabang Malaka,
KOE20112,Nusa Tenggara Timur (NTT),Malaka ,Rinhat,Saenama,85764,KANTOR PERWAKILAN,D,MALAKA,TIMOR,Gate KOE,Cabang Malaka,
KOE20112,Nusa Tenggara Timur (NTT),Malaka ,Rinhat,Tafuli,85764,KANTOR PERWAKILAN,D,MALAKA,TIMOR,Gate KOE,Cabang Malaka,
KOE20112,Nusa Tenggara Timur (NTT),Malaka ,Rinhat,Tafuli I,85764,KANTOR PERWAKILAN,D,MALAKA,TIMOR,Gate KOE,Cabang Malaka,
KOE20112,Nusa Tenggara Timur (NTT),Malaka ,Rinhat,Weain,85764,KANTOR PERWAKILAN,D,MALAKA,TIMOR,Gate KOE,Cabang Malaka,
KOE20112,Nusa Tenggara Timur (NTT),Malaka ,Rinhat,Webetun,85764,KANTOR PERWAKILAN,D,MALAKA,TIMOR,Gate KOE,Cabang Malaka,
KOE20112,Nusa Tenggara Timur (NTT),Malaka ,Rinhat,Wekeke,85764,KANTOR PERWAKILAN,D,MALAKA,TIMOR,Gate KOE,Cabang Malaka,
KOE20112,Nusa Tenggara Timur (NTT),Malaka ,Rinhat,Wekmidar,85764,KANTOR PERWAKILAN,D,MALAKA,TIMOR,Gate KOE,Cabang Malaka,
KOE20113,Nusa Tenggara Timur (NTT),Malaka ,Sasitamean,As Manulea,85765,KANTOR PERWAKILAN,D,MALAKA,TIMOR,Gate KOE,Cabang Malaka,
KOE20113,Nusa Tenggara Timur (NTT),Malaka ,Sasitamean,Beaneno,85765,KANTOR PERWAKILAN,D,MALAKA,TIMOR,Gate KOE,Cabang Malaka,
KOE20113,Nusa Tenggara Timur (NTT),Malaka ,Sasitamean,Builaran,85765,KANTOR PERWAKILAN,D,MALAKA,TIMOR,Gate KOE,Cabang Malaka,
KOE20113,Nusa Tenggara Timur (NTT),Malaka ,Sasitamean,Fatuaruin,85765,KANTOR PERWAKILAN,D,MALAKA,TIMOR,Gate KOE,Cabang Malaka,
KOE20113,Nusa Tenggara Timur (NTT),Malaka ,Sasitamean,Manulea,85765,KANTOR PERWAKILAN,D,MALAKA,TIMOR,Gate KOE,Cabang Malaka,
KOE20113,Nusa Tenggara Timur (NTT),Malaka ,Sasitamean,Manumutin Silole,85765,KANTOR PERWAKILAN,D,MALAKA,TIMOR,Gate KOE,Cabang Malaka,
KOE20113,Nusa Tenggara Timur (NTT),Malaka ,Sasitamean,Naibone,85765,KANTOR PERWAKILAN,D,MALAKA,TIMOR,Gate KOE,Cabang Malaka,
KOE20113,Nusa Tenggara Timur (NTT),Malaka ,Sasitamean,Naisau,85765,KANTOR PERWAKILAN,D,MALAKA,TIMOR,Gate KOE,Cabang Malaka,
KOE20113,Nusa Tenggara Timur (NTT),Malaka ,Sasitamean,Umutnana,85765,KANTOR PERWAKILAN,D,MALAKA,TIMOR,Gate KOE,Cabang Malaka,
KOE22001,Nusa Tenggara Timur (NTT),Malaka ,Weliman,Angkaes,85763,KANTOR PERWAKILAN,B,MALAKA,TIMOR,Gate KOE,Cabang Malaka,
KOE22001,Nusa Tenggara Timur (NTT),Malaka ,Weliman,Bonetasea,85763,KANTOR PERWAKILAN,B,MALAKA,TIMOR,Gate KOE,Cabang Malaka,
KOE22001,Nusa Tenggara Timur (NTT),Malaka ,Weliman,Forekmodok,85763,KANTOR PERWAKILAN,B,MALAKA,TIMOR,Gate KOE,Cabang Malaka,
KOE22001,Nusa Tenggara Timur (NTT),Malaka ,Weliman,Haitimuk,85763,KANTOR PERWAKILAN,B,MALAKA,TIMOR,Gate KOE,Cabang Malaka,
KOE22001,Nusa Tenggara Timur (NTT),Malaka ,Weliman,Haliklaran,85763,KANTOR PERWAKILAN,B,MALAKA,TIMOR,Gate KOE,Cabang Malaka,
KOE22001,Nusa Tenggara Timur (NTT),Malaka ,Weliman,Kleseleon,85763,KANTOR PERWAKILAN,B,MALAKA,TIMOR,Gate KOE,Cabang Malaka,
KOE22001,Nusa Tenggara Timur (NTT),Malaka ,Weliman,Lakulo,85763,KANTOR PERWAKILAN,B,MALAKA,TIMOR,Gate KOE,Cabang Malaka,
KOE22001,Nusa Tenggara Timur (NTT),Malaka ,Weliman,Laleten,85763,KANTOR PERWAKILAN,B,MALAKA,TIMOR,Gate KOE,Cabang Malaka,
KOE22001,Nusa Tenggara Timur (NTT),Malaka ,Weliman,Lamudur,85763,KANTOR PERWAKILAN,B,MALAKA,TIMOR,Gate KOE,Cabang Malaka,
KOE22001,Nusa Tenggara Timur (NTT),Malaka ,Weliman,Leunklot,85763,KANTOR PERWAKILAN,B,MALAKA,TIMOR,Gate KOE,Cabang Malaka,
KOE22001,Nusa Tenggara Timur (NTT),Malaka ,Weliman,Taaba,85763,KANTOR PERWAKILAN,B,MALAKA,TIMOR,Gate KOE,Cabang Malaka,
KOE22001,Nusa Tenggara Timur (NTT),Malaka ,Weliman,Umalawain,85763,KANTOR PERWAKILAN,B,MALAKA,TIMOR,Gate KOE,Cabang Malaka,
KOE22001,Nusa Tenggara Timur (NTT),Malaka ,Weliman,Wederok,85763,KANTOR PERWAKILAN,B,MALAKA,TIMOR,Gate KOE,Cabang Malaka,
KOE22001,Nusa Tenggara Timur (NTT),Malaka ,Weliman,Wesey,85763,KANTOR PERWAKILAN,B,MALAKA,TIMOR,Gate KOE,Cabang Malaka,
KOE22000,Nusa Tenggara Timur (NTT),Malaka ,Wewiku,Alkani,85763,KANTOR PERWAKILAN,C,MALAKA,TIMOR,Gate KOE,Cabang Malaka,
KOE22000,Nusa Tenggara Timur (NTT),Malaka ,Wewiku,Badarai,85763,KANTOR PERWAKILAN,C,MALAKA,TIMOR,Gate KOE,Cabang Malaka,
KOE22000,Nusa Tenggara Timur (NTT),Malaka ,Wewiku,Biris,85763,KANTOR PERWAKILAN,C,MALAKA,TIMOR,Gate KOE,Cabang Malaka,
KOE22000,Nusa Tenggara Timur (NTT),Malaka ,Wewiku,Halibasar,85763,KANTOR PERWAKILAN,C,MALAKA,TIMOR,Gate KOE,Cabang Malaka,
KOE22000,Nusa Tenggara Timur (NTT),Malaka ,Wewiku,Lamea,85763,KANTOR PERWAKILAN,C,MALAKA,TIMOR,Gate KOE,Cabang Malaka,
KOE22000,Nusa Tenggara Timur (NTT),Malaka ,Wewiku,Lorotolus,85763,KANTOR PERWAKILAN,C,MALAKA,TIMOR,Gate KOE,Cabang Malaka,
KOE22000,Nusa Tenggara Timur (NTT),Malaka ,Wewiku,Rabasa Biris,85763,KANTOR PERWAKILAN,C,MALAKA,TIMOR,Gate KOE,Cabang Malaka,
KOE22000,Nusa Tenggara Timur (NTT),Malaka ,Wewiku,Seserai,85763,KANTOR PERWAKILAN,C,MALAKA,TIMOR,Gate KOE,Cabang Malaka,
KOE22000,Nusa Tenggara Timur (NTT),Malaka ,Wewiku,Webriamata,85763,KANTOR PERWAKILAN,C,MALAKA,TIMOR,Gate KOE,Cabang Malaka,
KOE22000,Nusa Tenggara Timur (NTT),Malaka ,Wewiku,Weoe,85763,KANTOR PERWAKILAN,C,MALAKA,TIMOR,Gate KOE,Cabang Malaka,
KOE22000,Nusa Tenggara Timur (NTT),Malaka ,Wewiku,Weseben,85763,KANTOR PERWAKILAN,C,MALAKA,TIMOR,Gate KOE,Cabang Malaka,
KOE22000,Nusa Tenggara Timur (NTT),Malaka ,Wewiku,Weulun,85763,KANTOR PERWAKILAN,C,MALAKA,TIMOR,Gate KOE,Cabang Malaka,
KOE21508,Nusa Tenggara Timur (NTT),Rote Ndao ,Rote Barat,Nemberala,85982,KANTOR PERWAKILAN,C,ROTE,KEPULAUAN,Gate KOE,,"RABU,SABTU"
KOE21508,Nusa Tenggara Timur (NTT),Rote Ndao ,Rote Barat,Oelolot,85981,KANTOR PERWAKILAN,C,ROTE,KEPULAUAN,Gate KOE,,"RABU,SABTU"
KOE21508,Nusa Tenggara Timur (NTT),Rote Ndao ,Rote Barat,Oenggaut,85982,KANTOR PERWAKILAN,C,ROTE,KEPULAUAN,Gate KOE,,"RABU,SABTU"
KOE21508,Nusa Tenggara Timur (NTT),Rote Ndao ,Rote Barat,Oenitas,85981,KANTOR PERWAKILAN,C,ROTE,KEPULAUAN,Gate KOE,,"RABU,SABTU"
KOE21508,Nusa Tenggara Timur (NTT),Rote Ndao ,Rote Barat,Sedeoen,85982,KANTOR PERWAKILAN,C,ROTE,KEPULAUAN,Gate KOE,,"RABU,SABTU"
KOE21509,Nusa Tenggara Timur (NTT),Rote Ndao ,Landu Leko,Bolatena,85974,KANTOR PERWAKILAN,C,ROTE,KEPULAUAN,Gate KOE,,"SENIN, KAMIS"
KOE21509,Nusa Tenggara Timur (NTT),Rote Ndao ,Landu Leko,Daiama,85974,KANTOR PERWAKILAN,C,ROTE,KEPULAUAN,Gate KOE,,"SENIN, KAMIS"
KOE21509,Nusa Tenggara Timur (NTT),Rote Ndao ,Landu Leko,Lifuleo,85974,KANTOR PERWAKILAN,C,ROTE,KEPULAUAN,Gate KOE,,"SENIN, KAMIS"
KOE21509,Nusa Tenggara Timur (NTT),Rote Ndao ,Landu Leko,Pukuafu,85974,KANTOR PERWAKILAN,C,ROTE,KEPULAUAN,Gate KOE,,"SENIN, KAMIS"
KOE21509,Nusa Tenggara Timur (NTT),Rote Ndao ,Landu Leko,Sotimori,85974,KANTOR PERWAKILAN,C,ROTE,KEPULAUAN,Gate KOE,,"SENIN, KAMIS"
KOE21502,Nusa Tenggara Timur (NTT),Rote Ndao ,Pantai Baru,Batulilok,85973,KANTOR PERWAKILAN,C,ROTE,KEPULAUAN,Gate KOE,,"SENIN,KAMIS"
KOE21502,Nusa Tenggara Timur (NTT),Rote Ndao ,Pantai Baru,Edalode,85973,KANTOR PERWAKILAN,C,ROTE,KEPULAUAN,Gate KOE,,"SENIN,KAMIS"
KOE21502,Nusa Tenggara Timur (NTT),Rote Ndao ,Pantai Baru,Keoen,85973,KANTOR PERWAKILAN,C,ROTE,KEPULAUAN,Gate KOE,,"SENIN,KAMIS"
KOE21502,Nusa Tenggara Timur (NTT),Rote Ndao ,Pantai Baru,Lenupetu,85973,KANTOR PERWAKILAN,C,ROTE,KEPULAUAN,Gate KOE,,"SENIN,KAMIS"
KOE21502,Nusa Tenggara Timur (NTT),Rote Ndao ,Pantai Baru,Nusakdale,85973,KANTOR PERWAKILAN,C,ROTE,KEPULAUAN,Gate KOE,,"SENIN,KAMIS"
KOE21502,Nusa Tenggara Timur (NTT),Rote Ndao ,Pantai Baru,Oebau,85973,KANTOR PERWAKILAN,C,ROTE,KEPULAUAN,Gate KOE,,"SENIN,KAMIS"
KOE21502,Nusa Tenggara Timur (NTT),Rote Ndao ,Pantai Baru,Oeledo,85973,KANTOR PERWAKILAN,C,ROTE,KEPULAUAN,Gate KOE,,"SENIN,KAMIS"
KOE21502,Nusa Tenggara Timur (NTT),Rote Ndao ,Pantai Baru,Sonimanu,85973,KANTOR PERWAKILAN,C,ROTE,KEPULAUAN,Gate KOE,,"SENIN,KAMIS"
KOE21502,Nusa Tenggara Timur (NTT),Rote Ndao ,Pantai Baru,Tesabela,85973,KANTOR PERWAKILAN,C,ROTE,KEPULAUAN,Gate KOE,,"SENIN,KAMIS"
KOE21505,Nusa Tenggara Timur (NTT),Rote Ndao ,Rote Tengah,Lidabesi,85972,KANTOR PERWAKILAN,C,ROTE,KEPULAUAN,Gate KOE,,"SENIN,KAMIS"
KOE21505,Nusa Tenggara Timur (NTT),Rote Ndao ,Rote Tengah,Lidamanu,85972,KANTOR PERWAKILAN,C,ROTE,KEPULAUAN,Gate KOE,,"SENIN,KAMIS"
KOE21505,Nusa Tenggara Timur (NTT),Rote Ndao ,Rote Tengah,Limakoli,85972,KANTOR PERWAKILAN,C,ROTE,KEPULAUAN,Gate KOE,,"SENIN,KAMIS"
KOE21505,Nusa Tenggara Timur (NTT),Rote Ndao ,Rote Tengah,Maubesi,85972,KANTOR PERWAKILAN,C,ROTE,KEPULAUAN,Gate KOE,,"SENIN,KAMIS"
KOE21505,Nusa Tenggara Timur (NTT),Rote Ndao ,Rote Tengah,Nggodimeda,85972,KANTOR PERWAKILAN,C,ROTE,KEPULAUAN,Gate KOE,,"SENIN,KAMIS"
KOE21505,Nusa Tenggara Timur (NTT),Rote Ndao ,Rote Tengah,Suebela,85972,KANTOR PERWAKILAN,C,ROTE,KEPULAUAN,Gate KOE,,"SENIN,KAMIS"
KOE21506,Nusa Tenggara Timur (NTT),Rote Ndao ,Rote Timur,Lakamola,85974,KANTOR PERWAKILAN,C,ROTE,KEPULAUAN,Gate KOE,,"SENIN,KAMIS"
KOE21506,Nusa Tenggara Timur (NTT),Rote Ndao ,Rote Timur,Matasio,85974,KANTOR PERWAKILAN,C,ROTE,KEPULAUAN,Gate KOE,,"SENIN,KAMIS"
KOE21506,Nusa Tenggara Timur (NTT),Rote Ndao ,Rote Timur,Mukekuku,85974,KANTOR PERWAKILAN,C,ROTE,KEPULAUAN,Gate KOE,,"SENIN,KAMIS"
KOE21506,Nusa Tenggara Timur (NTT),Rote Ndao ,Rote Timur,Serubeba,85974,KANTOR PERWAKILAN,C,ROTE,KEPULAUAN,Gate KOE,,"SENIN,KAMIS"
KOE21504,Nusa Tenggara Timur (NTT),Rote Ndao ,Rote Barat Laut,Boni,85981,KANTOR PERWAKILAN,C,ROTE,KEPULAUAN,Gate KOE,,"SELASA,JUMAT"
KOE21504,Nusa Tenggara Timur (NTT),Rote Ndao ,Rote Barat Laut,Daudolu,85981,KANTOR PERWAKILAN,C,ROTE,KEPULAUAN,Gate KOE,,"SELASA,JUMAT"
KOE21504,Nusa Tenggara Timur (NTT),Rote Ndao ,Rote Barat Laut,Ingguinak,85981,KANTOR PERWAKILAN,C,ROTE,KEPULAUAN,Gate KOE,,"SELASA,JUMAT"
KOE21504,Nusa Tenggara Timur (NTT),Rote Ndao ,Rote Barat Laut,Lidor,85981,KANTOR PERWAKILAN,C,ROTE,KEPULAUAN,Gate KOE,,"SELASA,JUMAT"
KOE21504,Nusa Tenggara Timur (NTT),Rote Ndao ,Rote Barat Laut,Modosinal,85981,KANTOR PERWAKILAN,C,ROTE,KEPULAUAN,Gate KOE,,"SELASA,JUMAT"
KOE21504,Nusa Tenggara Timur (NTT),Rote Ndao ,Rote Barat Laut,Netenaen,85981,KANTOR PERWAKILAN,C,ROTE,KEPULAUAN,Gate KOE,,"SELASA,JUMAT"
KOE21504,Nusa Tenggara Timur (NTT),Rote Ndao ,Rote Barat Laut,Oebela,85981,KANTOR PERWAKILAN,C,ROTE,KEPULAUAN,Gate KOE,,"SELASA,JUMAT"
KOE21504,Nusa Tenggara Timur (NTT),Rote Ndao ,Rote Barat Laut,Oelua,85981,KANTOR PERWAKILAN,C,ROTE,KEPULAUAN,Gate KOE,,"SELASA,JUMAT"
KOE21504,Nusa Tenggara Timur (NTT),Rote Ndao ,Rote Barat Laut,Oetutulu,85981,KANTOR PERWAKILAN,C,ROTE,KEPULAUAN,Gate KOE,,"SELASA,JUMAT"
KOE21504,Nusa Tenggara Timur (NTT),Rote Ndao ,Rote Barat Laut,Temas,85981,KANTOR PERWAKILAN,C,ROTE,KEPULAUAN,Gate KOE,,"SELASA,JUMAT"
KOE21504,Nusa Tenggara Timur (NTT),Rote Ndao ,Rote Barat Laut,Tolama,85981,KANTOR PERWAKILAN,C,ROTE,KEPULAUAN,Gate KOE,,"SELASA,JUMAT"
KOE21504,Nusa Tenggara Timur (NTT),Rote Ndao ,Rote Barat Laut,Tualima,85981,KANTOR PERWAKILAN,C,ROTE,KEPULAUAN,Gate KOE,,"SELASA,JUMAT"
KOE21507,Nusa Tenggara Timur (NTT),Rote Ndao ,Rote Selatan,Daleholu,85972,KANTOR PERWAKILAN,C,ROTE,KEPULAUAN,Gate KOE,,"SENIN,KAMIS"
KOE21507,Nusa Tenggara Timur (NTT),Rote Ndao ,Rote Selatan,Dodaek,85972,KANTOR PERWAKILAN,C,ROTE,KEPULAUAN,Gate KOE,,"SENIN,KAMIS"
KOE21507,Nusa Tenggara Timur (NTT),Rote Ndao ,Rote Selatan,Inaoe,85972,KANTOR PERWAKILAN,C,ROTE,KEPULAUAN,Gate KOE,,"SENIN,KAMIS"
KOE21507,Nusa Tenggara Timur (NTT),Rote Ndao ,Rote Selatan,Tebole,85972,KANTOR PERWAKILAN,C,ROTE,KEPULAUAN,Gate KOE,,"SENIN,KAMIS"
KOE21503,Nusa Tenggara Timur (NTT),Rote Ndao ,Rote Barat Daya,Batutua,85982,KANTOR PERWAKILAN,C,ROTE,KEPULAUAN,Gate KOE,,"SENIN,KAMIS"
KOE21503,Nusa Tenggara Timur (NTT),Rote Ndao ,Rote Barat Daya,Landu,85982,KANTOR PERWAKILAN,C,ROTE,KEPULAUAN,Gate KOE,,"SENIN,KAMIS"
KOE21503,Nusa Tenggara Timur (NTT),Rote Ndao ,Rote Barat Daya,Lekik,85982,KANTOR PERWAKILAN,C,ROTE,KEPULAUAN,Gate KOE,,"SENIN,KAMIS"
KOE21503,Nusa Tenggara Timur (NTT),Rote Ndao ,Rote Barat Daya,Mbokak,85982,KANTOR PERWAKILAN,C,ROTE,KEPULAUAN,Gate KOE,,"SENIN,KAMIS"
KOE21503,Nusa Tenggara Timur (NTT),Rote Ndao ,Rote Barat Daya,Oebou,85982,KANTOR PERWAKILAN,C,ROTE,KEPULAUAN,Gate KOE,,"SENIN,KAMIS"
KOE21503,Nusa Tenggara Timur (NTT),Rote Ndao ,Rote Barat Daya,Oehandi,85982,KANTOR PERWAKILAN,C,ROTE,KEPULAUAN,Gate KOE,,"SENIN,KAMIS"
KOE21503,Nusa Tenggara Timur (NTT),Rote Ndao ,Rote Barat Daya,Oelasin,85982,KANTOR PERWAKILAN,C,ROTE,KEPULAUAN,Gate KOE,,"SENIN,KAMIS"
KOE21503,Nusa Tenggara Timur (NTT),Rote Ndao ,Rote Barat Daya,Oeseli,85982,KANTOR PERWAKILAN,C,ROTE,KEPULAUAN,Gate KOE,,"SENIN,KAMIS"
KOE21501,Nusa Tenggara Timur (NTT),Rote Ndao ,Lobalain,Baadale,85912,KANTOR PERWAKILAN,B,ROTE,KEPULAUAN,Gate KOE,,SETIAP HARI
KOE21501,Nusa Tenggara Timur (NTT),Rote Ndao ,Lobalain,Bebalain,85918,KANTOR PERWAKILAN,B,ROTE,KEPULAUAN,Gate KOE,,SETIAP HARI
KOE21501,Nusa Tenggara Timur (NTT),Rote Ndao ,Lobalain,Helebeik,85918,KANTOR PERWAKILAN,B,ROTE,KEPULAUAN,Gate KOE,,SETIAP HARI
KOE21501,Nusa Tenggara Timur (NTT),Rote Ndao ,Lobalain,Holoama,85918,KANTOR PERWAKILAN,B,ROTE,KEPULAUAN,Gate KOE,,SETIAP HARI
KOE21501,Nusa Tenggara Timur (NTT),Rote Ndao ,Lobalain,Kuli,85918,KANTOR PERWAKILAN,B,ROTE,KEPULAUAN,Gate KOE,,SETIAP HARI
KOE21501,Nusa Tenggara Timur (NTT),Rote Ndao ,Lobalain,Metina,85918,KANTOR PERWAKILAN,B,ROTE,KEPULAUAN,Gate KOE,,SETIAP HARI
KOE21501,Nusa Tenggara Timur (NTT),Rote Ndao ,Lobalain,Namodale,85918,KANTOR PERWAKILAN,B,ROTE,KEPULAUAN,Gate KOE,,SETIAP HARI
KOE21501,Nusa Tenggara Timur (NTT),Rote Ndao ,Lobalain,Oelunggu,85917,KANTOR PERWAKILAN,B,ROTE,KEPULAUAN,Gate KOE,,SETIAP HARI
KOE21501,Nusa Tenggara Timur (NTT),Rote Ndao ,Lobalain,Tuanatuk,85913,KANTOR PERWAKILAN,B,ROTE,KEPULAUAN,Gate KOE,,SETIAP HARI
KOE21500,Nusa Tenggara Timur (NTT),Rote Ndao ,Baa,Baa,0,KANTOR PERWAKILAN,B,ROTE,KEPULAUAN,Gate KOE,,SETIAP HARI
KOE21509,Nusa Tenggara Timur (NTT),Rote Ndao ,Landu Leko,Daeurendale,85974,KANTOR PERWAKILAN,C,ROTE,KEPULAUAN,Gate KOE,,"SENIN, KAMIS"
KOE21501,Nusa Tenggara Timur (NTT),Rote Ndao ,Lobalain,Kolobolon,85918,KANTOR PERWAKILAN,B,ROTE,KEPULAUAN,Gate KOE,,"SENIN, KAMIS"
KOE21501,Nusa Tenggara Timur (NTT),Rote Ndao ,Lobalain,Mokdale,85914,KANTOR PERWAKILAN,B,ROTE,KEPULAUAN,Gate KOE,,SETIAP HARI
KOE21501,Nusa Tenggara Timur (NTT),Rote Ndao ,Lobalain,Oematamboli,85918,KANTOR PERWAKILAN,B,ROTE,KEPULAUAN,Gate KOE,,SETIAP HARI
KOE21501,Nusa Tenggara Timur (NTT),Rote Ndao ,Lobalain,Sanggaoen,85916,KANTOR PERWAKILAN,B,ROTE,KEPULAUAN,Gate KOE,,SETIAP HARI
KOE21501,Nusa Tenggara Timur (NTT),Rote Ndao ,Lobalain,Suelain,85918,KANTOR PERWAKILAN,B,ROTE,KEPULAUAN,Gate KOE,,SETIAP HARI
KOE21510,Nusa Tenggara Timur (NTT),Rote Ndao ,Ndao Nuse,Anarae,85983,KANTOR PERWAKILAN,D,ROTE,KEPULAUAN,Gate KOE,,-
KOE21510,Nusa Tenggara Timur (NTT),Rote Ndao ,Ndao Nuse,Mbali Lendeiki,85983,KANTOR PERWAKILAN,D,ROTE,KEPULAUAN,Gate KOE,,-
KOE21510,Nusa Tenggara Timur (NTT),Rote Ndao ,Ndao Nuse,Mbiu Lombo,85983,KANTOR PERWAKILAN,D,ROTE,KEPULAUAN,Gate KOE,,-
KOE21510,Nusa Tenggara Timur (NTT),Rote Ndao ,Ndao Nuse,Ndaonuse,85983,KANTOR PERWAKILAN,D,ROTE,KEPULAUAN,Gate KOE,,-
KOE21510,Nusa Tenggara Timur (NTT),Rote Ndao ,Ndao Nuse,Nuse,85983,KANTOR PERWAKILAN,D,ROTE,KEPULAUAN,Gate KOE,,-
KOE21502,Nusa Tenggara Timur (NTT),Rote Ndao ,Pantai Baru,Olafulihaa,85973,KANTOR PERWAKILAN,C,ROTE,KEPULAUAN,Gate KOE,,"SENIN,KAMIS"
KOE21502,Nusa Tenggara Timur (NTT),Rote Ndao ,Pantai Baru,Tunganamo,85973,KANTOR PERWAKILAN,C,ROTE,KEPULAUAN,Gate KOE,,"SENIN,KAMIS"
KOE21508,Nusa Tenggara Timur (NTT),Rote Ndao ,Rote Barat,Bo'a (Boa),85982,KANTOR PERWAKILAN,C,ROTE,KEPULAUAN,Gate KOE,,"RABU,SABTU"
KOE21508,Nusa Tenggara Timur (NTT),Rote Ndao ,Rote Barat,Mbueain,85981,KANTOR PERWAKILAN,C,ROTE,KEPULAUAN,Gate KOE,,"RABU,SABTU"
KOE21503,Nusa Tenggara Timur (NTT),Rote Ndao ,Rote Barat Daya,Dolasi,85982,KANTOR PERWAKILAN,C,ROTE,KEPULAUAN,Gate KOE,,"SENIN,KAMIS"
KOE21503,Nusa Tenggara Timur (NTT),Rote Ndao ,Rote Barat Daya,Lalukoen,85982,KANTOR PERWAKILAN,C,ROTE,KEPULAUAN,Gate KOE,,"SENIN,KAMIS"
KOE21503,Nusa Tenggara Timur (NTT),Rote Ndao ,Rote Barat Daya,Meoain,85982,KANTOR PERWAKILAN,C,ROTE,KEPULAUAN,Gate KOE,,"SENIN,KAMIS"
KOE21503,Nusa Tenggara Timur (NTT),Rote Ndao ,Rote Barat Daya,Oebaffok,85982,KANTOR PERWAKILAN,C,ROTE,KEPULAUAN,Gate KOE,,"SENIN,KAMIS"
KOE21503,Nusa Tenggara Timur (NTT),Rote Ndao ,Rote Barat Daya,Oebatu,85982,KANTOR PERWAKILAN,C,ROTE,KEPULAUAN,Gate KOE,,"SENIN,KAMIS"
KOE21503,Nusa Tenggara Timur (NTT),Rote Ndao ,Rote Barat Daya,Oeteffu,85982,KANTOR PERWAKILAN,C,ROTE,KEPULAUAN,Gate KOE,,"SENIN,KAMIS"
KOE21504,Nusa Tenggara Timur (NTT),Rote Ndao ,Rote Barat Laut,Busalangga,85981,KANTOR PERWAKILAN,C,ROTE,KEPULAUAN,Gate KOE,,"SELASA,JUMAT"
KOE21507,Nusa Tenggara Timur (NTT),Rote Ndao ,Rote Selatan,Lenguselu,85972,KANTOR PERWAKILAN,C,ROTE,KEPULAUAN,Gate KOE,,"SENIN,KAMIS"
KOE21505,Nusa Tenggara Timur (NTT),Rote Ndao ,Rote Tengah,Onotali,85972,KANTOR PERWAKILAN,C,ROTE,KEPULAUAN,Gate KOE,,"SENIN,KAMIS"
KOE21506,Nusa Tenggara Timur (NTT),Rote Ndao ,Rote Timur,Faifua,85974,KANTOR PERWAKILAN,C,ROTE,KEPULAUAN,Gate KOE,,"SENIN,KAMIS"
KOE21506,Nusa Tenggara Timur (NTT),Rote Ndao ,Rote Timur,Hundi Hopo,85974,KANTOR PERWAKILAN,C,ROTE,KEPULAUAN,Gate KOE,,"SENIN,KAMIS"
KOE21506,Nusa Tenggara Timur (NTT),Rote Ndao ,Rote Timur,Londalusi,85974,KANTOR PERWAKILAN,C,ROTE,KEPULAUAN,Gate KOE,,"SENIN,KAMIS"
KOE20611,Nusa Tenggara Timur (NTT),Manggarai,Lambaleda,Lambaleda,0,MITRA,D,RUTENG,FLORES,Gate LBJ,Tidak ada kec ini di ruteng,Tidak ada kec ini di ruteng
KOE21913,Nusa Tenggara Timur (NTT),Sabu Raijua ,Hawu Mehara,Daieko,85391,KANTOR PERWAKILAN,C,SABU,KEPULAUAN,Gate KOE,Cabang Sabu,Setiap Hari
KOE21913,Nusa Tenggara Timur (NTT),Sabu Raijua ,Hawu Mehara,Gurimonearu,85391,KANTOR PERWAKILAN,C,SABU,KEPULAUAN,Gate KOE,Cabang Sabu,Setiap Hari
KOE21913,Nusa Tenggara Timur (NTT),Sabu Raijua ,Hawu Mehara,Ledeae,85391,KANTOR PERWAKILAN,C,SABU,KEPULAUAN,Gate KOE,Cabang Sabu,Setiap Hari
KOE21913,Nusa Tenggara Timur (NTT),Sabu Raijua ,Hawu Mehara,Lederaga,85391,KANTOR PERWAKILAN,C,SABU,KEPULAUAN,Gate KOE,Cabang Sabu,Setiap Hari
KOE21913,Nusa Tenggara Timur (NTT),Sabu Raijua ,Hawu Mehara,Lobohede,85391,KANTOR PERWAKILAN,C,SABU,KEPULAUAN,Gate KOE,Cabang Sabu,Setiap Hari
KOE21913,Nusa Tenggara Timur (NTT),Sabu Raijua ,Hawu Mehara,Molie (Mole),85391,KANTOR PERWAKILAN,C,SABU,KEPULAUAN,Gate KOE,Cabang Sabu,Setiap Hari
KOE21913,Nusa Tenggara Timur (NTT),Sabu Raijua ,Hawu Mehara,Pedarro (Pedaro),85391,KANTOR PERWAKILAN,C,SABU,KEPULAUAN,Gate KOE,Cabang Sabu,Setiap Hari
KOE21913,Nusa Tenggara Timur (NTT),Sabu Raijua ,Hawu Mehara,Raemadia (Ramedue),85391,KANTOR PERWAKILAN,C,SABU,KEPULAUAN,Gate KOE,Cabang Sabu,Setiap Hari
KOE21913,Nusa Tenggara Timur (NTT),Sabu Raijua ,Hawu Mehara,Tanajawa,85391,KANTOR PERWAKILAN,C,SABU,KEPULAUAN,Gate KOE,Cabang Sabu,Setiap Hari
KOE21913,Nusa Tenggara Timur (NTT),Sabu Raijua ,Hawu Mehara,Wadumedi (Wadumeddi),85391,KANTOR PERWAKILAN,C,SABU,KEPULAUAN,Gate KOE,Cabang Sabu,Setiap Hari
KOE21919,Nusa Tenggara Timur (NTT),Sabu Raijua ,Sabu Barat,Delo,85391,KANTOR PERWAKILAN,B,SABU,KEPULAUAN,Gate KOE,Cabang Sabu,Setiap Hari
KOE21919,Nusa Tenggara Timur (NTT),Sabu Raijua ,Sabu Barat,Depe,85391,KANTOR PERWAKILAN,B,SABU,KEPULAUAN,Gate KOE,Cabang Sabu,Setiap Hari
KOE21919,Nusa Tenggara Timur (NTT),Sabu Raijua ,Sabu Barat,Djadu,85391,KANTOR PERWAKILAN,B,SABU,KEPULAUAN,Gate KOE,Cabang Sabu,Setiap Hari
KOE21919,Nusa Tenggara Timur (NTT),Sabu Raijua ,Sabu Barat,Ledeana,85391,KANTOR PERWAKILAN,B,SABU,KEPULAUAN,Gate KOE,Cabang Sabu,Setiap Hari
KOE21919,Nusa Tenggara Timur (NTT),Sabu Raijua ,Sabu Barat,Ledekepaka,85391,KANTOR PERWAKILAN,B,SABU,KEPULAUAN,Gate KOE,Cabang Sabu,Setiap Hari
KOE21919,Nusa Tenggara Timur (NTT),Sabu Raijua ,Sabu Barat,Mebba,85391,KANTOR PERWAKILAN,B,SABU,KEPULAUAN,Gate KOE,Cabang Sabu,Setiap Hari
KOE21919,Nusa Tenggara Timur (NTT),Sabu Raijua ,Sabu Barat,Menia,85391,KANTOR PERWAKILAN,B,SABU,KEPULAUAN,Gate KOE,Cabang Sabu,Setiap Hari
KOE21919,Nusa Tenggara Timur (NTT),Sabu Raijua ,Sabu Barat,Naawawi,85391,KANTOR PERWAKILAN,B,SABU,KEPULAUAN,Gate KOE,Cabang Sabu,Setiap Hari
KOE21919,Nusa Tenggara Timur (NTT),Sabu Raijua ,Sabu Barat,Raedewa,85391,KANTOR PERWAKILAN,B,SABU,KEPULAUAN,Gate KOE,Cabang Sabu,Setiap Hari
KOE21919,Nusa Tenggara Timur (NTT),Sabu Raijua ,Sabu Barat,Raeloro,85391,KANTOR PERWAKILAN,B,SABU,KEPULAUAN,Gate KOE,Cabang Sabu,Setiap Hari
KOE21919,Nusa Tenggara Timur (NTT),Sabu Raijua ,Sabu Barat,Raemadia,85391,KANTOR PERWAKILAN,B,SABU,KEPULAUAN,Gate KOE,Cabang Sabu,Setiap Hari
KOE21919,Nusa Tenggara Timur (NTT),Sabu Raijua ,Sabu Barat,Raemude,85391,KANTOR PERWAKILAN,B,SABU,KEPULAUAN,Gate KOE,Cabang Sabu,Setiap Hari
KOE21919,Nusa Tenggara Timur (NTT),Sabu Raijua ,Sabu Barat,Raenalulu,85391,KANTOR PERWAKILAN,B,SABU,KEPULAUAN,Gate KOE,Cabang Sabu,Setiap Hari
KOE21919,Nusa Tenggara Timur (NTT),Sabu Raijua ,Sabu Barat,Raenyale,85391,KANTOR PERWAKILAN,B,SABU,KEPULAUAN,Gate KOE,Cabang Sabu,Setiap Hari
KOE21919,Nusa Tenggara Timur (NTT),Sabu Raijua ,Sabu Barat,Roboaba,85391,KANTOR PERWAKILAN,B,SABU,KEPULAUAN,Gate KOE,Cabang Sabu,Setiap Hari
KOE21919,Nusa Tenggara Timur (NTT),Sabu Raijua ,Sabu Barat,Teriwu,85391,KANTOR PERWAKILAN,B,SABU,KEPULAUAN,Gate KOE,Cabang Sabu,Setiap Hari
KOE21919,Nusa Tenggara Timur (NTT),Sabu Raijua ,Sabu Barat,Titinalede,85391,KANTOR PERWAKILAN,B,SABU,KEPULAUAN,Gate KOE,Cabang Sabu,Setiap Hari
KOE22100,Nusa Tenggara Timur (NTT),Sabu Raijua ,Sabu Tengah,Bebae,85392,KANTOR PERWAKILAN,B,SABU,KEPULAUAN,Gate KOE,Cabang Sabu,Setiap Hari
KOE22100,Nusa Tenggara Timur (NTT),Sabu Raijua ,Sabu Tengah,Eilode,85392,KANTOR PERWAKILAN,B,SABU,KEPULAUAN,Gate KOE,Cabang Sabu,Setiap Hari
KOE22100,Nusa Tenggara Timur (NTT),Sabu Raijua ,Sabu Tengah,Eimadake (Eimmadake),85392,KANTOR PERWAKILAN,B,SABU,KEPULAUAN,Gate KOE,Cabang Sabu,Setiap Hari
KOE22100,Nusa Tenggara Timur (NTT),Sabu Raijua ,Sabu Tengah,Eimau,85392,KANTOR PERWAKILAN,B,SABU,KEPULAUAN,Gate KOE,Cabang Sabu,Setiap Hari
KOE22100,Nusa Tenggara Timur (NTT),Sabu Raijua ,Sabu Tengah,Jiwuwu,85392,KANTOR PERWAKILAN,B,SABU,KEPULAUAN,Gate KOE,Cabang Sabu,Setiap Hari
KOE22100,Nusa Tenggara Timur (NTT),Sabu Raijua ,Sabu Tengah,Loboaju,85392,KANTOR PERWAKILAN,B,SABU,KEPULAUAN,Gate KOE,Cabang Sabu,Setiap Hari
KOE22100,Nusa Tenggara Timur (NTT),Sabu Raijua ,Sabu Tengah,Matei,85392,KANTOR PERWAKILAN,B,SABU,KEPULAUAN,Gate KOE,Cabang Sabu,Setiap Hari
KOE22100,Nusa Tenggara Timur (NTT),Sabu Raijua ,Sabu Tengah,Tada,85392,KANTOR PERWAKILAN,B,SABU,KEPULAUAN,Gate KOE,Cabang Sabu,Setiap Hari
KOE21921,Nusa Tenggara Timur (NTT),Sabu Raijua ,Sabu Timur,Bodae,85392,KANTOR PERWAKILAN,B,SABU,KEPULAUAN,Gate KOE,Cabang Sabu,Setiap Hari
KOE21921,Nusa Tenggara Timur (NTT),Sabu Raijua ,Sabu Timur,Bolou,85392,KANTOR PERWAKILAN,B,SABU,KEPULAUAN,Gate KOE,Cabang Sabu,Setiap Hari
KOE21921,Nusa Tenggara Timur (NTT),Sabu Raijua ,Sabu Timur,Eiada,85392,KANTOR PERWAKILAN,B,SABU,KEPULAUAN,Gate KOE,Cabang Sabu,Setiap Hari
KOE21921,Nusa Tenggara Timur (NTT),Sabu Raijua ,Sabu Timur,Huwaga,85392,KANTOR PERWAKILAN,B,SABU,KEPULAUAN,Gate KOE,Cabang Sabu,Setiap Hari
KOE21921,Nusa Tenggara Timur (NTT),Sabu Raijua ,Sabu Timur,Keduru,85392,KANTOR PERWAKILAN,B,SABU,KEPULAUAN,Gate KOE,Cabang Sabu,Setiap Hari
KOE21921,Nusa Tenggara Timur (NTT),Sabu Raijua ,Sabu Timur,Keliha,85392,KANTOR PERWAKILAN,B,SABU,KEPULAUAN,Gate KOE,Cabang Sabu,Setiap Hari
KOE21921,Nusa Tenggara Timur (NTT),Sabu Raijua ,Sabu Timur,Kujiratu,85392,KANTOR PERWAKILAN,B,SABU,KEPULAUAN,Gate KOE,Cabang Sabu,Setiap Hari
KOE21921,Nusa Tenggara Timur (NTT),Sabu Raijua ,Sabu Timur,Limagu (Limaggu),85392,KANTOR PERWAKILAN,B,SABU,KEPULAUAN,Gate KOE,Cabang Sabu,Setiap Hari
KOE21921,Nusa Tenggara Timur (NTT),Sabu Raijua ,Sabu Timur,Lobodei,85392,KANTOR PERWAKILAN,B,SABU,KEPULAUAN,Gate KOE,Cabang Sabu,Setiap Hari
KOE21921,Nusa Tenggara Timur (NTT),Sabu Raijua ,Sabu Timur,Loborai,85392,KANTOR PERWAKILAN,B,SABU,KEPULAUAN,Gate KOE,Cabang Sabu,Setiap Hari
KOE21918,Nusa Tenggara Timur (NTT),Sabu Raijua ,Raijua,Ledeke,85393,KANTOR PERWAKILAN,D,SABU,KEPULAUAN,Gate KOE,Cabang Sabu,Rabu Dan Sabtu
KOE21920,Nusa Tenggara Timur (NTT),Sabu Raijua ,Sabu Liae,Ledeke,85391,KANTOR PERWAKILAN,C,SABU,KEPULAUAN,Gate KOE,Cabang Sabu,Rabu Dan Sabtu
KOE21920,Nusa Tenggara Timur (NTT),Sabu Raijua ,Sabu Liae,Dainao,85391,KANTOR PERWAKILAN,C,SABU,KEPULAUAN,Gate KOE,Cabang Sabu,Rabu Dan Sabtu
KOE21920,Nusa Tenggara Timur (NTT),Sabu Raijua ,Sabu Liae,Deme,85391,KANTOR PERWAKILAN,C,SABU,KEPULAUAN,Gate KOE,Cabang Sabu,Rabu Dan Sabtu
KOE21920,Nusa Tenggara Timur (NTT),Sabu Raijua ,Sabu Liae,Eikare,85391,KANTOR PERWAKILAN,C,SABU,KEPULAUAN,Gate KOE,Cabang Sabu,Rabu Dan Sabtu
KOE21920,Nusa Tenggara Timur (NTT),Sabu Raijua ,Sabu Liae,Eilogo,85391,KANTOR PERWAKILAN,C,SABU,KEPULAUAN,Gate KOE,Cabang Sabu,Rabu Dan Sabtu
KOE21920,Nusa Tenggara Timur (NTT),Sabu Raijua ,Sabu Liae,Halapadji,85391,KANTOR PERWAKILAN,C,SABU,KEPULAUAN,Gate KOE,Cabang Sabu,Rabu Dan Sabtu
KOE21920,Nusa Tenggara Timur (NTT),Sabu Raijua ,Sabu Liae,Kotahawu,85391,KANTOR PERWAKILAN,C,SABU,KEPULAUAN,Gate KOE,Cabang Sabu,Rabu Dan Sabtu
KOE21920,Nusa Tenggara Timur (NTT),Sabu Raijua ,Sabu Liae,Lede Talo,85391,KANTOR PERWAKILAN,C,SABU,KEPULAUAN,Gate KOE,Cabang Sabu,Rabu Dan Sabtu
KOE21920,Nusa Tenggara Timur (NTT),Sabu Raijua ,Sabu Liae,Loboroi,85391,KANTOR PERWAKILAN,C,SABU,KEPULAUAN,Gate KOE,Cabang Sabu,Rabu Dan Sabtu
KOE21920,Nusa Tenggara Timur (NTT),Sabu Raijua ,Sabu Liae,Mehona,85391,KANTOR PERWAKILAN,C,SABU,KEPULAUAN,Gate KOE,Cabang Sabu,Rabu Dan Sabtu
KOE21920,Nusa Tenggara Timur (NTT),Sabu Raijua ,Sabu Liae,Raerobo,85391,KANTOR PERWAKILAN,C,SABU,KEPULAUAN,Gate KOE,Cabang Sabu,Rabu Dan Sabtu
KOE21920,Nusa Tenggara Timur (NTT),Sabu Raijua ,Sabu Liae,Waduwala,85391,KANTOR PERWAKILAN,C,SABU,KEPULAUAN,Gate KOE,Cabang Sabu,Rabu Dan Sabtu
KOE21918,Nusa Tenggara Timur (NTT),Sabu Raijua ,Raijua,Ballu,85393,KANTOR PERWAKILAN,D,SABU,KEPULAUAN,Gate KOE,Cabang Sabu,Menunggu Jadwal Perahu ( Normalnya 2 Kali Seminggu)
KOE21918,Nusa Tenggara Timur (NTT),Sabu Raijua ,Raijua,Bolua,85393,KANTOR PERWAKILAN,D,SABU,KEPULAUAN,Gate KOE,Cabang Sabu,Menunggu Jadwal Perahu ( Normalnya 2 Kali Seminggu)
KOE21918,Nusa Tenggara Timur (NTT),Sabu Raijua ,Raijua,Kolorae,85393,KANTOR PERWAKILAN,D,SABU,KEPULAUAN,Gate KOE,Cabang Sabu,Menunggu Jadwal Perahu ( Normalnya 2 Kali Seminggu)
KOE21918,Nusa Tenggara Timur (NTT),Sabu Raijua ,Raijua,Ledeunu,85393,KANTOR PERWAKILAN,D,SABU,KEPULAUAN,Gate KOE,Cabang Sabu,Menunggu Jadwal Perahu ( Normalnya 2 Kali Seminggu)
KOE20706,Nusa Tenggara Timur (NTT),Timor Tengah Selatan ,Amanuban Barat,Haumenibaki,85551,MITRA,D,SOE,TIMOR,Gate KOE,Cabang Soe,Setiap Hari
KOE20706,Nusa Tenggara Timur (NTT),Timor Tengah Selatan ,Amanuban Barat,Mnelalete,85514,MITRA,D,SOE,TIMOR,Gate KOE,Cabang Soe,Setiap Hari
KOE20706,Nusa Tenggara Timur (NTT),Timor Tengah Selatan ,Amanuban Barat,Nifukani,85551,MITRA,D,SOE,TIMOR,Gate KOE,Cabang Soe,Setiap Hari
KOE20706,Nusa Tenggara Timur (NTT),Timor Tengah Selatan ,Amanuban Barat,Nulle,85551,MITRA,D,SOE,TIMOR,Gate KOE,Cabang Soe,Setiap Hari
KOE20706,Nusa Tenggara Timur (NTT),Timor Tengah Selatan ,Amanuban Barat,Nusa,85551,MITRA,D,SOE,TIMOR,Gate KOE,Cabang Soe,Setiap Hari
KOE20706,Nusa Tenggara Timur (NTT),Timor Tengah Selatan ,Amanuban Barat,Pusu,85551,MITRA,D,SOE,TIMOR,Gate KOE,Cabang Soe,Setiap Hari
KOE20706,Nusa Tenggara Timur (NTT),Timor Tengah Selatan ,Amanuban Barat,Tublopo (Meometan),85551,MITRA,D,SOE,TIMOR,Gate KOE,Cabang Soe,Setiap Hari
KOE20706,Nusa Tenggara Timur (NTT),Timor Tengah Selatan ,Amanuban Barat,Tubuhue,85551,MITRA,D,SOE,TIMOR,Gate KOE,Cabang Soe,Setiap Hari
KOE20729,Nusa Tenggara Timur (NTT),Timor Tengah Selatan ,Kota Soe,Cendana,85519,MITRA,B,SOE,TIMOR,Gate KOE,Cabang Soe,Setiap Hari
KOE20729,Nusa Tenggara Timur (NTT),Timor Tengah Selatan ,Kota Soe,Kampung Baru,85519,MITRA,B,SOE,TIMOR,Gate KOE,Cabang Soe,Setiap Hari
KOE20729,Nusa Tenggara Timur (NTT),Timor Tengah Selatan ,Kota Soe,Karang Siri,85519,MITRA,B,SOE,TIMOR,Gate KOE,Cabang Soe,Setiap Hari
KOE20729,Nusa Tenggara Timur (NTT),Timor Tengah Selatan ,Kota Soe,Kobekamusa,85515,MITRA,B,SOE,TIMOR,Gate KOE,Cabang Soe,Setiap Hari
KOE20729,Nusa Tenggara Timur (NTT),Timor Tengah Selatan ,Kota Soe,Kota Baru,85519,MITRA,B,SOE,TIMOR,Gate KOE,Cabang Soe,Setiap Hari
KOE20729,Nusa Tenggara Timur (NTT),Timor Tengah Selatan ,Kota Soe,Kuatae,85519,MITRA,B,SOE,TIMOR,Gate KOE,Cabang Soe,Setiap Hari
KOE20729,Nusa Tenggara Timur (NTT),Timor Tengah Selatan ,Kota Soe,Noemeto,85519,MITRA,B,SOE,TIMOR,Gate KOE,Cabang Soe,Setiap Hari
KOE20729,Nusa Tenggara Timur (NTT),Timor Tengah Selatan ,Kota Soe,Nonohonis,85517,MITRA,B,SOE,TIMOR,Gate KOE,Cabang Soe,Setiap Hari
KOE20729,Nusa Tenggara Timur (NTT),Timor Tengah Selatan ,Kota Soe,Nunumeu,85516,MITRA,B,SOE,TIMOR,Gate KOE,Cabang Soe,Setiap Hari
KOE20729,Nusa Tenggara Timur (NTT),Timor Tengah Selatan ,Kota Soe,Oebesa,85515,MITRA,B,SOE,TIMOR,Gate KOE,Cabang Soe,Setiap Hari
KOE20729,Nusa Tenggara Timur (NTT),Timor Tengah Selatan ,Kota Soe,Oekefan,85519,MITRA,B,SOE,TIMOR,Gate KOE,Cabang Soe,Setiap Hari
KOE20729,Nusa Tenggara Timur (NTT),Timor Tengah Selatan ,Kota Soe,So E (Soe),85519,MITRA,B,SOE,TIMOR,Gate KOE,Cabang Soe,Setiap Hari
KOE20729,Nusa Tenggara Timur (NTT),Timor Tengah Selatan ,Kota Soe,Taubneno,85511,MITRA,B,SOE,TIMOR,Gate KOE,Cabang Soe,Setiap Hari
KOE20728,Nusa Tenggara Timur (NTT),Timor Tengah Selatan ,Kuatnana,Enoneontes,85551,MITRA,D,SOE,TIMOR,Gate KOE,Agen Niki - Niki,Setiap Hari
KOE20728,Nusa Tenggara Timur (NTT),Timor Tengah Selatan ,Kuatnana,Lakat,85551,MITRA,D,SOE,TIMOR,Gate KOE,Agen Niki - Niki,Setiap Hari
KOE20728,Nusa Tenggara Timur (NTT),Timor Tengah Selatan ,Kuatnana,Naukae,85551,MITRA,D,SOE,TIMOR,Gate KOE,Agen Niki - Niki,Setiap Hari
KOE20728,Nusa Tenggara Timur (NTT),Timor Tengah Selatan ,Kuatnana,Oe Oe,85551,MITRA,D,SOE,TIMOR,Gate KOE,Agen Niki - Niki,Setiap Hari
KOE20728,Nusa Tenggara Timur (NTT),Timor Tengah Selatan ,Kuatnana,Oof,85551,MITRA,D,SOE,TIMOR,Gate KOE,Agen Niki - Niki,Setiap Hari
KOE20728,Nusa Tenggara Timur (NTT),Timor Tengah Selatan ,Kuatnana,Supul,85551,MITRA,D,SOE,TIMOR,Gate KOE,Agen Niki - Niki,Setiap Hari
KOE20728,Nusa Tenggara Timur (NTT),Timor Tengah Selatan ,Kuatnana,Tetaf,85551,MITRA,D,SOE,TIMOR,Gate KOE,Agen Niki - Niki,Setiap Hari
KOE20728,Nusa Tenggara Timur (NTT),Timor Tengah Selatan ,Kuatnana,Tubmonas,85551,MITRA,D,SOE,TIMOR,Gate KOE,Agen Niki - Niki,Setiap Hari
KOE20708,Nusa Tenggara Timur (NTT),Timor Tengah Selatan ,Mollo Selatan,Bikekneno,85561,MITRA,D,SOE,TIMOR,Gate KOE,Cabang Soe,Setiap Hari
KOE20708,Nusa Tenggara Timur (NTT),Timor Tengah Selatan ,Mollo Selatan,Kesetnana,85561,MITRA,D,SOE,TIMOR,Gate KOE,Cabang Soe,Setiap Hari
KOE20700,Nusa Tenggara Timur (NTT),Timor Tengah Selatan ,Soe,Soe,0,MITRA,B,SOE,TIMOR,Gate KOE,Cabang Soe,Setiap Hari
KOE20712,Nusa Tenggara Timur (NTT),Timor Tengah Selatan ,Boking,Baus,85573,MITRA,D,SOE,TIMOR,Gate KOE,Cabang Soe,Pembahasan Ada Nya Agen Boking
KOE20712,Nusa Tenggara Timur (NTT),Timor Tengah Selatan ,Boking,Boking,85573,MITRA,D,SOE,TIMOR,Gate KOE,Cabang Soe,Pembahasan Ada Nya Agen Boking
KOE20712,Nusa Tenggara Timur (NTT),Timor Tengah Selatan ,Boking,Fatu Manufui,85573,MITRA,D,SOE,TIMOR,Gate KOE,Cabang Soe,Pembahasan Ada Nya Agen Boking
KOE20712,Nusa Tenggara Timur (NTT),Timor Tengah Selatan ,Boking,Leonani (Leonmeni),85573,MITRA,D,SOE,TIMOR,Gate KOE,Cabang Soe,Pembahasan Ada Nya Agen Boking
KOE20712,Nusa Tenggara Timur (NTT),Timor Tengah Selatan ,Boking,Meusin,85573,MITRA,D,SOE,TIMOR,Gate KOE,Cabang Soe,Pembahasan Ada Nya Agen Boking
KOE20712,Nusa Tenggara Timur (NTT),Timor Tengah Selatan ,Boking,Nano,85573,MITRA,D,SOE,TIMOR,Gate KOE,Cabang Soe,Pembahasan Ada Nya Agen Boking
KOE20712,Nusa Tenggara Timur (NTT),Timor Tengah Selatan ,Boking,Sabun,85573,MITRA,D,SOE,TIMOR,Gate KOE,Cabang Soe,Pembahasan Ada Nya Agen Boking
KOE20702,Nusa Tenggara Timur (NTT),Timor Tengah Selatan ,Amanatun Selatan,Kualeu,85573,MITRA,C,SOE,TIMOR,Gate KOE,Agen Kapan,1Minggu 2X
KOE20709,Nusa Tenggara Timur (NTT),Timor Tengah Selatan ,Amanuban Tengah,Baki,85571,MITRA,C,SOE,TIMOR,Gate KOE,Agen Niki - Niki,1Minggu 2X
KOE20709,Nusa Tenggara Timur (NTT),Timor Tengah Selatan ,Amanuban Tengah,Bone,85571,MITRA,C,SOE,TIMOR,Gate KOE,Agen Niki - Niki,1Minggu 2X
KOE20709,Nusa Tenggara Timur (NTT),Timor Tengah Selatan ,Amanuban Tengah,Maunum Niki Niki,85571,MITRA,C,SOE,TIMOR,Gate KOE,Agen Niki - Niki,1Minggu 2X
KOE20709,Nusa Tenggara Timur (NTT),Timor Tengah Selatan ,Amanuban Tengah,Nakfunu,85571,MITRA,C,SOE,TIMOR,Gate KOE,Agen Niki - Niki,1Minggu 2X
KOE20709,Nusa Tenggara Timur (NTT),Timor Tengah Selatan ,Amanuban Tengah,Niki Niki,85571,MITRA,C,SOE,TIMOR,Gate KOE,Agen Niki - Niki,1Minggu 2X
KOE20709,Nusa Tenggara Timur (NTT),Timor Tengah Selatan ,Amanuban Tengah,Nobi Nobi,85571,MITRA,C,SOE,TIMOR,Gate KOE,Agen Niki - Niki,1Minggu 2X
KOE20709,Nusa Tenggara Timur (NTT),Timor Tengah Selatan ,Amanuban Tengah,Noebesa,85571,MITRA,C,SOE,TIMOR,Gate KOE,Agen Niki - Niki,1Minggu 2X
KOE20709,Nusa Tenggara Timur (NTT),Timor Tengah Selatan ,Amanuban Tengah,Oeekam,85571,MITRA,C,SOE,TIMOR,Gate KOE,Agen Niki - Niki,1Minggu 2X
KOE20709,Nusa Tenggara Timur (NTT),Timor Tengah Selatan ,Amanuban Tengah,Sopo,85571,MITRA,C,SOE,TIMOR,Gate KOE,Agen Niki - Niki,1Minggu 2X
KOE20709,Nusa Tenggara Timur (NTT),Timor Tengah Selatan ,Amanuban Tengah,Taebesa,85571,MITRA,C,SOE,TIMOR,Gate KOE,Agen Niki - Niki,1Minggu 2X
KOE20709,Nusa Tenggara Timur (NTT),Timor Tengah Selatan ,Amanuban Tengah,Tumu,85571,MITRA,C,SOE,TIMOR,Gate KOE,Agen Niki - Niki,1Minggu 2X
KOE20707,Nusa Tenggara Timur (NTT),Timor Tengah Selatan ,Mollo Utara,Ajaobaki,85552,MITRA,C,SOE,TIMOR,Gate KOE,Agen Kapan,1Minggu 2X
KOE20707,Nusa Tenggara Timur (NTT),Timor Tengah Selatan ,Mollo Utara,Bijaepunu,85552,MITRA,C,SOE,TIMOR,Gate KOE,Agen Kapan,1Minggu 2X
KOE20707,Nusa Tenggara Timur (NTT),Timor Tengah Selatan ,Mollo Utara,Bosen,85552,MITRA,C,SOE,TIMOR,Gate KOE,Agen Kapan,1Minggu 2X
KOE20707,Nusa Tenggara Timur (NTT),Timor Tengah Selatan ,Mollo Utara,Eon Besi,85552,MITRA,C,SOE,TIMOR,Gate KOE,Agen Kapan,1Minggu 2X
KOE20707,Nusa Tenggara Timur (NTT),Timor Tengah Selatan ,Mollo Utara,Fatukoto,85552,MITRA,C,SOE,TIMOR,Gate KOE,Agen Kapan,1Minggu 2X
KOE20707,Nusa Tenggara Timur (NTT),Timor Tengah Selatan ,Mollo Utara,Halme,85552,MITRA,C,SOE,TIMOR,Gate KOE,Agen Kapan,1Minggu 2X
KOE20707,Nusa Tenggara Timur (NTT),Timor Tengah Selatan ,Mollo Utara,Iusmolo,85552,MITRA,C,SOE,TIMOR,Gate KOE,Agen Kapan,1Minggu 2X
KOE20707,Nusa Tenggara Timur (NTT),Timor Tengah Selatan ,Mollo Utara,Kokfe'u,85552,MITRA,C,SOE,TIMOR,Gate KOE,Agen Kapan,1Minggu 2X
KOE20707,Nusa Tenggara Timur (NTT),Timor Tengah Selatan ,Mollo Utara,Lelobatan,85552,MITRA,C,SOE,TIMOR,Gate KOE,Agen Kapan,1Minggu 2X
KOE20707,Nusa Tenggara Timur (NTT),Timor Tengah Selatan ,Mollo Utara,Leloboko,85552,MITRA,C,SOE,TIMOR,Gate KOE,Agen Kapan,1Minggu 2X
KOE20707,Nusa Tenggara Timur (NTT),Timor Tengah Selatan ,Mollo Utara,Nefokoko,85552,MITRA,C,SOE,TIMOR,Gate KOE,Agen Kapan,1Minggu 2X
KOE20707,Nusa Tenggara Timur (NTT),Timor Tengah Selatan ,Mollo Utara,Netpala,85552,MITRA,C,SOE,TIMOR,Gate KOE,Agen Kapan,1Minggu 2X
KOE20707,Nusa Tenggara Timur (NTT),Timor Tengah Selatan ,Mollo Utara,Obesi,85552,MITRA,C,SOE,TIMOR,Gate KOE,Agen Kapan,1Minggu 2X
KOE20707,Nusa Tenggara Timur (NTT),Timor Tengah Selatan ,Mollo Utara,Sebot,85552,MITRA,C,SOE,TIMOR,Gate KOE,Agen Kapan,1Minggu 2X
KOE20707,Nusa Tenggara Timur (NTT),Timor Tengah Selatan ,Mollo Utara,Taiftob,85552,MITRA,C,SOE,TIMOR,Gate KOE,Agen Kapan,1Minggu 2X
KOE20707,Nusa Tenggara Timur (NTT),Timor Tengah Selatan ,Mollo Utara,To'fen,85552,MITRA,C,SOE,TIMOR,Gate KOE,Agen Kapan,1Minggu 2X
KOE20707,Nusa Tenggara Timur (NTT),Timor Tengah Selatan ,Mollo Utara,To'manat,85552,MITRA,C,SOE,TIMOR,Gate KOE,Agen Kapan,1Minggu 2X
KOE20707,Nusa Tenggara Timur (NTT),Timor Tengah Selatan ,Mollo Utara,Tunua,85552,MITRA,C,SOE,TIMOR,Gate KOE,Agen Kapan,1Minggu 2X
KOE20702,Nusa Tenggara Timur (NTT),Timor Tengah Selatan ,Amanatun Selatan,Oinlasi,85573,MITRA,C,SOE,TIMOR,Gate KOE,Agen Niki - Niki,1Minggu 1X
KOE20733,Nusa Tenggara Timur (NTT),Timor Tengah Selatan ,Fatukopa,Besnam,85572,MITRA,D,SOE,TIMOR,Gate KOE,Agen Niki - Niki,1Minggu 1X
KOE20733,Nusa Tenggara Timur (NTT),Timor Tengah Selatan ,Fatukopa,Ello,85572,MITRA,D,SOE,TIMOR,Gate KOE,Agen Niki - Niki,1Minggu 1X
KOE20733,Nusa Tenggara Timur (NTT),Timor Tengah Selatan ,Fatukopa,Fatukopa,85572,MITRA,D,SOE,TIMOR,Gate KOE,Agen Niki - Niki,1Minggu 1X
KOE20733,Nusa Tenggara Timur (NTT),Timor Tengah Selatan ,Fatukopa,Kiki,85572,MITRA,D,SOE,TIMOR,Gate KOE,Agen Niki - Niki,1Minggu 1X
KOE20733,Nusa Tenggara Timur (NTT),Timor Tengah Selatan ,Fatukopa,Nifulinah,85572,MITRA,D,SOE,TIMOR,Gate KOE,Agen Niki - Niki,1Minggu 1X
KOE20733,Nusa Tenggara Timur (NTT),Timor Tengah Selatan ,Fatukopa,Nunfutu,85572,MITRA,D,SOE,TIMOR,Gate KOE,Agen Niki - Niki,1Minggu 1X
KOE20733,Nusa Tenggara Timur (NTT),Timor Tengah Selatan ,Fatukopa,Taebone,85572,MITRA,D,SOE,TIMOR,Gate KOE,Agen Niki - Niki,1Minggu 1X
KOE20713,Nusa Tenggara Timur (NTT),Timor Tengah Selatan ,Fatumnasi,Fatumnasi,85561,MITRA,D,SOE,TIMOR,Gate KOE,Agen Niki - Niki,1Minggu 1X
KOE20732,Nusa Tenggara Timur (NTT),Timor Tengah Selatan ,Fautmolo,Besle'u,85572,MITRA,D,SOE,TIMOR,Gate KOE,Agen Niki - Niki,1Minggu 1X
KOE20732,Nusa Tenggara Timur (NTT),Timor Tengah Selatan ,Fautmolo,Bileon,85572,MITRA,D,SOE,TIMOR,Gate KOE,Agen Niki - Niki,1Minggu 1X
KOE20732,Nusa Tenggara Timur (NTT),Timor Tengah Selatan ,Fautmolo,Kaeneno,85572,MITRA,D,SOE,TIMOR,Gate KOE,Agen Niki - Niki,1Minggu 1X
KOE20732,Nusa Tenggara Timur (NTT),Timor Tengah Selatan ,Fautmolo,Nunuhakniti,85572,MITRA,D,SOE,TIMOR,Gate KOE,Agen Niki - Niki,1Minggu 1X
KOE20732,Nusa Tenggara Timur (NTT),Timor Tengah Selatan ,Fautmolo,Oeleon,85572,MITRA,D,SOE,TIMOR,Gate KOE,Agen Niki - Niki,1Minggu 1X
KOE20732,Nusa Tenggara Timur (NTT),Timor Tengah Selatan ,Fautmolo,Sillu,85572,MITRA,D,SOE,TIMOR,Gate KOE,Agen Niki - Niki,1Minggu 1X
KOE20732,Nusa Tenggara Timur (NTT),Timor Tengah Selatan ,Fautmolo,Tunis,85572,MITRA,D,SOE,TIMOR,Gate KOE,Agen Niki - Niki,1Minggu 1X
KOE20715,Nusa Tenggara Timur (NTT),Timor Tengah Selatan ,Kie (Ki'e),Belle,85575,MITRA,D,SOE,TIMOR,Gate KOE,Agen Niki - Niki,1Minggu 1X
KOE20715,Nusa Tenggara Timur (NTT),Timor Tengah Selatan ,Kie (Ki'e),Boti,85575,MITRA,D,SOE,TIMOR,Gate KOE,Agen Niki - Niki,1Minggu 1X
KOE20715,Nusa Tenggara Timur (NTT),Timor Tengah Selatan ,Kie (Ki'e),Enonapi,85575,MITRA,D,SOE,TIMOR,Gate KOE,Agen Niki - Niki,1Minggu 1X
KOE20715,Nusa Tenggara Timur (NTT),Timor Tengah Selatan ,Kie (Ki'e),Fallas,85575,MITRA,D,SOE,TIMOR,Gate KOE,Agen Niki - Niki,1Minggu 1X
KOE20715,Nusa Tenggara Timur (NTT),Timor Tengah Selatan ,Kie (Ki'e),Fatukusi,85575,MITRA,D,SOE,TIMOR,Gate KOE,Agen Niki - Niki,1Minggu 1X
KOE20715,Nusa Tenggara Timur (NTT),Timor Tengah Selatan ,Kie (Ki'e),Fatuulan,85575,MITRA,D,SOE,TIMOR,Gate KOE,Agen Niki - Niki,1Minggu 1X
KOE20715,Nusa Tenggara Timur (NTT),Timor Tengah Selatan ,Kie (Ki'e),Naile'u,85575,MITRA,D,SOE,TIMOR,Gate KOE,Agen Niki - Niki,1Minggu 1X
KOE20715,Nusa Tenggara Timur (NTT),Timor Tengah Selatan ,Kie (Ki'e),Napi,85575,MITRA,D,SOE,TIMOR,Gate KOE,Agen Niki - Niki,1Minggu 1X
KOE20715,Nusa Tenggara Timur (NTT),Timor Tengah Selatan ,Kie (Ki'e),Nekmese,85575,MITRA,D,SOE,TIMOR,Gate KOE,Agen Niki - Niki,1Minggu 1X
KOE20715,Nusa Tenggara Timur (NTT),Timor Tengah Selatan ,Kie (Ki'e),Oenai,85575,MITRA,D,SOE,TIMOR,Gate KOE,Agen Niki - Niki,1Minggu 1X
KOE20715,Nusa Tenggara Timur (NTT),Timor Tengah Selatan ,Kie (Ki'e),Oinlasi,85575,MITRA,D,SOE,TIMOR,Gate KOE,Agen Niki - Niki,1Minggu 1X
KOE20715,Nusa Tenggara Timur (NTT),Timor Tengah Selatan ,Kie (Ki'e),Pili,85575,MITRA,D,SOE,TIMOR,Gate KOE,Agen Niki - Niki,1Minggu 1X
KOE20715,Nusa Tenggara Timur (NTT),Timor Tengah Selatan ,Kie (Ki'e),Tesi Ayofanu,85575,MITRA,D,SOE,TIMOR,Gate KOE,Agen Niki - Niki,1Minggu 1X
KOE20731,Nusa Tenggara Timur (NTT),Timor Tengah Selatan ,Kok Baun,Benahe (Benehe),85574,MITRA,D,SOE,TIMOR,Gate KOE,Agen Niki - Niki,1Minggu 1X
KOE20731,Nusa Tenggara Timur (NTT),Timor Tengah Selatan ,Kok Baun,Koloto,85574,MITRA,D,SOE,TIMOR,Gate KOE,Agen Niki - Niki,1Minggu 1X
KOE20731,Nusa Tenggara Timur (NTT),Timor Tengah Selatan ,Kok Baun,Lotas,85574,MITRA,D,SOE,TIMOR,Gate KOE,Agen Niki - Niki,1Minggu 1X
KOE20731,Nusa Tenggara Timur (NTT),Timor Tengah Selatan ,Kok Baun,Niti,85574,MITRA,D,SOE,TIMOR,Gate KOE,Agen Niki - Niki,1Minggu 1X
KOE20731,Nusa Tenggara Timur (NTT),Timor Tengah Selatan ,Kok Baun,Obaki,85574,MITRA,D,SOE,TIMOR,Gate KOE,Agen Niki - Niki,1Minggu 1X
KOE20731,Nusa Tenggara Timur (NTT),Timor Tengah Selatan ,Kok Baun,Sapnala,85574,MITRA,D,SOE,TIMOR,Gate KOE,Agen Niki - Niki,1Minggu 1X
KOE20714,Nusa Tenggara Timur (NTT),Timor Tengah Selatan ,Kolbano,Oeleu,85563,MITRA,D,SOE,TIMOR,Gate KOE,Agen Niki - Niki,1Minggu 1X
KOE20716,Nusa Tenggara Timur (NTT),Timor Tengah Selatan ,Kot Olin,Binenok,85575,MITRA,D,SOE,TIMOR,Gate KOE,Agen Niki - Niki,1Minggu 1X
KOE20716,Nusa Tenggara Timur (NTT),Timor Tengah Selatan ,Kot Olin,Fatuat,85575,MITRA,D,SOE,TIMOR,Gate KOE,Agen Niki - Niki,1Minggu 1X
KOE20716,Nusa Tenggara Timur (NTT),Timor Tengah Selatan ,Kot Olin,Hoibeti,85575,MITRA,D,SOE,TIMOR,Gate KOE,Agen Niki - Niki,1Minggu 1X
KOE20716,Nusa Tenggara Timur (NTT),Timor Tengah Selatan ,Kot Olin,Kot Olin,85575,MITRA,D,SOE,TIMOR,Gate KOE,Agen Niki - Niki,1Minggu 1X
KOE20716,Nusa Tenggara Timur (NTT),Timor Tengah Selatan ,Kot Olin,Nualunat,85575,MITRA,D,SOE,TIMOR,Gate KOE,Agen Niki - Niki,1Minggu 1X
KOE20716,Nusa Tenggara Timur (NTT),Timor Tengah Selatan ,Kot Olin,Nunbena,85575,MITRA,D,SOE,TIMOR,Gate KOE,Agen Niki - Niki,1Minggu 1X
KOE20716,Nusa Tenggara Timur (NTT),Timor Tengah Selatan ,Kot Olin,O Obibi,85575,MITRA,D,SOE,TIMOR,Gate KOE,Agen Niki - Niki,1Minggu 1X
KOE20716,Nusa Tenggara Timur (NTT),Timor Tengah Selatan ,Kot Olin,Panite,85575,MITRA,D,SOE,TIMOR,Gate KOE,Agen Niki - Niki,1Minggu 1X
KOE20718,Nusa Tenggara Timur (NTT),Timor Tengah Selatan ,Kuanfatu,Basmuti,85563,MITRA,D,SOE,TIMOR,Gate KOE,Cabang Soe,1Minggu 1X
KOE20718,Nusa Tenggara Timur (NTT),Timor Tengah Selatan ,Kuanfatu,Kakan,85563,MITRA,D,SOE,TIMOR,Gate KOE,Cabang Soe,1Minggu 1X
KOE20718,Nusa Tenggara Timur (NTT),Timor Tengah Selatan ,Kuanfatu,Kelle,85563,MITRA,D,SOE,TIMOR,Gate KOE,Cabang Soe,1Minggu 1X
KOE20718,Nusa Tenggara Timur (NTT),Timor Tengah Selatan ,Kuanfatu,Kelle Tunan,85563,MITRA,D,SOE,TIMOR,Gate KOE,Cabang Soe,1Minggu 1X
KOE20718,Nusa Tenggara Timur (NTT),Timor Tengah Selatan ,Kuanfatu,Kuanfatu,85563,MITRA,D,SOE,TIMOR,Gate KOE,Cabang Soe,1Minggu 1X
KOE20718,Nusa Tenggara Timur (NTT),Timor Tengah Selatan ,Kuanfatu,Kusi,85563,MITRA,D,SOE,TIMOR,Gate KOE,Cabang Soe,1Minggu 1X
KOE20718,Nusa Tenggara Timur (NTT),Timor Tengah Selatan ,Kuanfatu,Kusi Utara,85563,MITRA,D,SOE,TIMOR,Gate KOE,Cabang Soe,1Minggu 1X
KOE20718,Nusa Tenggara Timur (NTT),Timor Tengah Selatan ,Kuanfatu,Lasi,85563,MITRA,D,SOE,TIMOR,Gate KOE,Cabang Soe,1Minggu 1X
KOE20718,Nusa Tenggara Timur (NTT),Timor Tengah Selatan ,Kuanfatu,Noebeba,85563,MITRA,D,SOE,TIMOR,Gate KOE,Cabang Soe,1Minggu 1X
KOE20718,Nusa Tenggara Timur (NTT),Timor Tengah Selatan ,Kuanfatu,Oebo,85563,MITRA,D,SOE,TIMOR,Gate KOE,Cabang Soe,1Minggu 1X
KOE20718,Nusa Tenggara Timur (NTT),Timor Tengah Selatan ,Kuanfatu,Oehan,85563,MITRA,D,SOE,TIMOR,Gate KOE,Cabang Soe,1Minggu 1X
KOE20718,Nusa Tenggara Timur (NTT),Timor Tengah Selatan ,Kuanfatu,Olais,85563,MITRA,D,SOE,TIMOR,Gate KOE,Cabang Soe,1Minggu 1X
KOE20718,Nusa Tenggara Timur (NTT),Timor Tengah Selatan ,Kuanfatu,Taupi,85563,MITRA,D,SOE,TIMOR,Gate KOE,Cabang Soe,1Minggu 1X
KOE20708,Nusa Tenggara Timur (NTT),Timor Tengah Selatan ,Mollo Selatan,Oinlasi,85561,MITRA,D,SOE,TIMOR,Gate KOE,Agen Niki - Niki,1Minggu 1X
KOE20725,Nusa Tenggara Timur (NTT),Timor Tengah Selatan ,Noebana,Fatumnasi,85573,MITRA,D,SOE,TIMOR,Gate KOE,Agen Niki - Niki,1Minggu 1X
KOE20725,Nusa Tenggara Timur (NTT),Timor Tengah Selatan ,Noebana,Mella,85573,MITRA,D,SOE,TIMOR,Gate KOE,Agen Niki - Niki,1Minggu 1X
KOE20725,Nusa Tenggara Timur (NTT),Timor Tengah Selatan ,Noebana,Mnelapetu,85573,MITRA,D,SOE,TIMOR,Gate KOE,Agen Niki - Niki,1Minggu 1X
KOE20725,Nusa Tenggara Timur (NTT),Timor Tengah Selatan ,Noebana,Noebana,85573,MITRA,D,SOE,TIMOR,Gate KOE,Agen Niki - Niki,1Minggu 1X
KOE20725,Nusa Tenggara Timur (NTT),Timor Tengah Selatan ,Noebana,Suni,85573,MITRA,D,SOE,TIMOR,Gate KOE,Agen Niki - Niki,1Minggu 1X
KOE20724,Nusa Tenggara Timur (NTT),Timor Tengah Selatan ,Nunbena,Feto Mone,85561,MITRA,D,SOE,TIMOR,Gate KOE,Agen Niki - Niki,1Minggu 1X
KOE20724,Nusa Tenggara Timur (NTT),Timor Tengah Selatan ,Nunbena,Liliana,85561,MITRA,D,SOE,TIMOR,Gate KOE,Agen Niki - Niki,1Minggu 1X
KOE20724,Nusa Tenggara Timur (NTT),Timor Tengah Selatan ,Nunbena,Noebesi,85561,MITRA,D,SOE,TIMOR,Gate KOE,Agen Niki - Niki,1Minggu 1X
KOE20724,Nusa Tenggara Timur (NTT),Timor Tengah Selatan ,Nunbena,Nunbena,85561,MITRA,D,SOE,TIMOR,Gate KOE,Agen Niki - Niki,1Minggu 1X
KOE20724,Nusa Tenggara Timur (NTT),Timor Tengah Selatan ,Nunbena,Taneotob,85561,MITRA,D,SOE,TIMOR,Gate KOE,Agen Niki - Niki,1Minggu 1X
KOE20724,Nusa Tenggara Timur (NTT),Timor Tengah Selatan ,Nunbena,Tunbes,85561,MITRA,D,SOE,TIMOR,Gate KOE,Agen Niki - Niki,1Minggu 1X
KOE20719,Nusa Tenggara Timur (NTT),Timor Tengah Selatan ,Nunkolo,Fat,85573,MITRA,D,SOE,TIMOR,Gate KOE,Agen Niki - Niki,1Minggu 1X
KOE20719,Nusa Tenggara Timur (NTT),Timor Tengah Selatan ,Nunkolo,Haumeni,85573,MITRA,D,SOE,TIMOR,Gate KOE,Agen Niki - Niki,1Minggu 1X
KOE20719,Nusa Tenggara Timur (NTT),Timor Tengah Selatan ,Nunkolo,Hoineno,85573,MITRA,D,SOE,TIMOR,Gate KOE,Agen Niki - Niki,1Minggu 1X
KOE20719,Nusa Tenggara Timur (NTT),Timor Tengah Selatan ,Nunkolo,Nenoat,85573,MITRA,D,SOE,TIMOR,Gate KOE,Agen Niki - Niki,1Minggu 1X
KOE20719,Nusa Tenggara Timur (NTT),Timor Tengah Selatan ,Nunkolo,Nunkolo,85573,MITRA,D,SOE,TIMOR,Gate KOE,Agen Niki - Niki,1Minggu 1X
KOE20719,Nusa Tenggara Timur (NTT),Timor Tengah Selatan ,Nunkolo,Op,85573,MITRA,D,SOE,TIMOR,Gate KOE,Agen Niki - Niki,1Minggu 1X
KOE20719,Nusa Tenggara Timur (NTT),Timor Tengah Selatan ,Nunkolo,Putun,85573,MITRA,D,SOE,TIMOR,Gate KOE,Agen Niki - Niki,1Minggu 1X
KOE20719,Nusa Tenggara Timur (NTT),Timor Tengah Selatan ,Nunkolo,Saenam,85573,MITRA,D,SOE,TIMOR,Gate KOE,Agen Niki - Niki,1Minggu 1X
KOE20719,Nusa Tenggara Timur (NTT),Timor Tengah Selatan ,Nunkolo,Sahan,85573,MITRA,D,SOE,TIMOR,Gate KOE,Agen Niki - Niki,1Minggu 1X
KOE20720,Nusa Tenggara Timur (NTT),Timor Tengah Selatan ,Oenino,Abi,85572,MITRA,D,SOE,TIMOR,Gate KOE,Agen Niki - Niki,1Minggu 1X
KOE20720,Nusa Tenggara Timur (NTT),Timor Tengah Selatan ,Oenino,Hoi,85572,MITRA,D,SOE,TIMOR,Gate KOE,Agen Niki - Niki,1Minggu 1X
KOE20720,Nusa Tenggara Timur (NTT),Timor Tengah Selatan ,Oenino,Neke,85572,MITRA,D,SOE,TIMOR,Gate KOE,Agen Niki - Niki,1Minggu 1X
KOE20720,Nusa Tenggara Timur (NTT),Timor Tengah Selatan ,Oenino,Niki Niki Un,85572,MITRA,D,SOE,TIMOR,Gate KOE,Agen Niki - Niki,1Minggu 1X
KOE20720,Nusa Tenggara Timur (NTT),Timor Tengah Selatan ,Oenino,Noe Noni,85572,MITRA,D,SOE,TIMOR,Gate KOE,Agen Niki - Niki,1Minggu 1X
KOE20720,Nusa Tenggara Timur (NTT),Timor Tengah Selatan ,Oenino,Oenino,85572,MITRA,D,SOE,TIMOR,Gate KOE,Agen Niki - Niki,1Minggu 1X
KOE20720,Nusa Tenggara Timur (NTT),Timor Tengah Selatan ,Oenino,Pene Utara,85572,MITRA,D,SOE,TIMOR,Gate KOE,Agen Niki - Niki,1Minggu 1X
KOE20721,Nusa Tenggara Timur (NTT),Timor Tengah Selatan ,Polen,Balu,85561,MITRA,D,SOE,TIMOR,Gate KOE,Agen Niki - Niki,1Minggu 1X
KOE20721,Nusa Tenggara Timur (NTT),Timor Tengah Selatan ,Polen,Bijeli,85561,MITRA,D,SOE,TIMOR,Gate KOE,Agen Niki - Niki,1Minggu 1X
KOE20721,Nusa Tenggara Timur (NTT),Timor Tengah Selatan ,Polen,Fatumnutu,85561,MITRA,D,SOE,TIMOR,Gate KOE,Agen Niki - Niki,1Minggu 1X
KOE20721,Nusa Tenggara Timur (NTT),Timor Tengah Selatan ,Polen,Konbaki,85561,MITRA,D,SOE,TIMOR,Gate KOE,Agen Niki - Niki,1Minggu 1X
KOE20721,Nusa Tenggara Timur (NTT),Timor Tengah Selatan ,Polen,Laob,85561,MITRA,D,SOE,TIMOR,Gate KOE,Agen Niki - Niki,1Minggu 1X
KOE20721,Nusa Tenggara Timur (NTT),Timor Tengah Selatan ,Polen,Loli,85561,MITRA,D,SOE,TIMOR,Gate KOE,Agen Niki - Niki,1Minggu 1X
KOE20721,Nusa Tenggara Timur (NTT),Timor Tengah Selatan ,Polen,Mnesatbubak,85561,MITRA,D,SOE,TIMOR,Gate KOE,Agen Niki - Niki,1Minggu 1X
KOE20721,Nusa Tenggara Timur (NTT),Timor Tengah Selatan ,Polen,Oelnunuh,85561,MITRA,D,SOE,TIMOR,Gate KOE,Agen Niki - Niki,1Minggu 1X
KOE20721,Nusa Tenggara Timur (NTT),Timor Tengah Selatan ,Polen,Puna,85561,MITRA,D,SOE,TIMOR,Gate KOE,Agen Niki - Niki,1Minggu 1X
KOE20721,Nusa Tenggara Timur (NTT),Timor Tengah Selatan ,Polen,Sainoni,85561,MITRA,D,SOE,TIMOR,Gate KOE,Agen Niki - Niki,1Minggu 1X
KOE20721,Nusa Tenggara Timur (NTT),Timor Tengah Selatan ,Polen,Usapimnasi,85561,MITRA,D,SOE,TIMOR,Gate KOE,Agen Niki - Niki,1Minggu 1X
KOE20723,Nusa Tenggara Timur (NTT),Timor Tengah Selatan ,Santian,Manufui,85573,MITRA,D,SOE,TIMOR,Gate KOE,Agen Niki - Niki,1Minggu 1X
KOE20723,Nusa Tenggara Timur (NTT),Timor Tengah Selatan ,Santian,Naifatu,85573,MITRA,D,SOE,TIMOR,Gate KOE,Agen Niki - Niki,1Minggu 1X
KOE20723,Nusa Tenggara Timur (NTT),Timor Tengah Selatan ,Santian,Nenotes,85573,MITRA,D,SOE,TIMOR,Gate KOE,Agen Niki - Niki,1Minggu 1X
KOE20723,Nusa Tenggara Timur (NTT),Timor Tengah Selatan ,Santian,Poli,85573,MITRA,D,SOE,TIMOR,Gate KOE,Agen Niki - Niki,1Minggu 1X
KOE20723,Nusa Tenggara Timur (NTT),Timor Tengah Selatan ,Santian,Santian,85573,MITRA,D,SOE,TIMOR,Gate KOE,Agen Niki - Niki,1Minggu 1X
KOE20722,Nusa Tenggara Timur (NTT),Timor Tengah Selatan ,Toianas,Bokong,85574,MITRA,D,SOE,TIMOR,Gate KOE,Agen Niki - Niki,1Minggu 1X
KOE20722,Nusa Tenggara Timur (NTT),Timor Tengah Selatan ,Toianas,Lobus,85574,MITRA,D,SOE,TIMOR,Gate KOE,Agen Niki - Niki,1Minggu 1X
KOE20722,Nusa Tenggara Timur (NTT),Timor Tengah Selatan ,Toianas,Milli,85574,MITRA,D,SOE,TIMOR,Gate KOE,Agen Niki - Niki,1Minggu 1X
KOE20722,Nusa Tenggara Timur (NTT),Timor Tengah Selatan ,Toianas,Noeolin,85574,MITRA,D,SOE,TIMOR,Gate KOE,Agen Niki - Niki,1Minggu 1X
KOE20722,Nusa Tenggara Timur (NTT),Timor Tengah Selatan ,Toianas,Oeleu,85574,MITRA,D,SOE,TIMOR,Gate KOE,Agen Niki - Niki,1Minggu 1X
KOE20722,Nusa Tenggara Timur (NTT),Timor Tengah Selatan ,Toianas,Sambet,85574,MITRA,D,SOE,TIMOR,Gate KOE,Agen Niki - Niki,1Minggu 1X
KOE20722,Nusa Tenggara Timur (NTT),Timor Tengah Selatan ,Toianas,Skinu,85574,MITRA,D,SOE,TIMOR,Gate KOE,Agen Niki - Niki,1Minggu 1X
KOE20722,Nusa Tenggara Timur (NTT),Timor Tengah Selatan ,Toianas,Toianas,85574,MITRA,D,SOE,TIMOR,Gate KOE,Agen Niki - Niki,1Minggu 1X
KOE20722,Nusa Tenggara Timur (NTT),Timor Tengah Selatan ,Toianas,Tuataum,85574,MITRA,D,SOE,TIMOR,Gate KOE,Agen Niki - Niki,1Minggu 1X
KOE20702,Nusa Tenggara Timur (NTT),Timor Tengah Selatan ,Amanatun Selatan,Anin,85573,MITRA,C,SOE,TIMOR,Gate KOE,Agen Niki - Niki,1 Minggu 2X
KOE20702,Nusa Tenggara Timur (NTT),Timor Tengah Selatan ,Amanatun Selatan,Fae,85573,MITRA,C,SOE,TIMOR,Gate KOE,Agen Niki - Niki,1 Minggu 2X
KOE20702,Nusa Tenggara Timur (NTT),Timor Tengah Selatan ,Amanatun Selatan,Fatulunu,85573,MITRA,C,SOE,TIMOR,Gate KOE,Agen Niki - Niki,1 Minggu 2X
KOE20702,Nusa Tenggara Timur (NTT),Timor Tengah Selatan ,Amanatun Selatan,Fenun,85573,MITRA,C,SOE,TIMOR,Gate KOE,Agen Niki - Niki,1 Minggu 2X
KOE20702,Nusa Tenggara Timur (NTT),Timor Tengah Selatan ,Amanatun Selatan,Kokoi,85573,MITRA,C,SOE,TIMOR,Gate KOE,Agen Niki - Niki,1 Minggu 2X
KOE20702,Nusa Tenggara Timur (NTT),Timor Tengah Selatan ,Amanatun Selatan,Lanu,85573,MITRA,C,SOE,TIMOR,Gate KOE,Agen Niki - Niki,1 Minggu 2X
KOE20702,Nusa Tenggara Timur (NTT),Timor Tengah Selatan ,Amanatun Selatan,Netutnana,85573,MITRA,C,SOE,TIMOR,Gate KOE,Agen Niki - Niki,1 Minggu 2X
KOE20702,Nusa Tenggara Timur (NTT),Timor Tengah Selatan ,Amanatun Selatan,Nifuleo,85573,MITRA,C,SOE,TIMOR,Gate KOE,Agen Niki - Niki,1 Minggu 2X
KOE20702,Nusa Tenggara Timur (NTT),Timor Tengah Selatan ,Amanatun Selatan,Nunleu,85573,MITRA,C,SOE,TIMOR,Gate KOE,Agen Niki - Niki,1 Minggu 2X
KOE20702,Nusa Tenggara Timur (NTT),Timor Tengah Selatan ,Amanatun Selatan,Sunu,85573,MITRA,C,SOE,TIMOR,Gate KOE,Agen Niki - Niki,1 Minggu 2X
KOE20702,Nusa Tenggara Timur (NTT),Timor Tengah Selatan ,Amanatun Selatan,Toi,85573,MITRA,C,SOE,TIMOR,Gate KOE,Agen Niki - Niki,1 Minggu 2X
KOE20701,Nusa Tenggara Timur (NTT),Timor Tengah Selatan ,Amanatun Utara,Fatilo,85574,MITRA,D,SOE,TIMOR,Gate KOE,Agen Niki - Niki,1 Minggu 2X
KOE20701,Nusa Tenggara Timur (NTT),Timor Tengah Selatan ,Amanatun Utara,Fatuoni,85574,MITRA,D,SOE,TIMOR,Gate KOE,Agen Niki - Niki,1 Minggu 2X
KOE20701,Nusa Tenggara Timur (NTT),Timor Tengah Selatan ,Amanatun Utara,Lilo,85574,MITRA,D,SOE,TIMOR,Gate KOE,Agen Niki - Niki,1 Minggu 2X
KOE20701,Nusa Tenggara Timur (NTT),Timor Tengah Selatan ,Amanatun Utara,Muna,85574,MITRA,D,SOE,TIMOR,Gate KOE,Agen Niki - Niki,1 Minggu 2X
KOE20701,Nusa Tenggara Timur (NTT),Timor Tengah Selatan ,Amanatun Utara,Nasi,85574,MITRA,D,SOE,TIMOR,Gate KOE,Agen Niki - Niki,1 Minggu 2X
KOE20701,Nusa Tenggara Timur (NTT),Timor Tengah Selatan ,Amanatun Utara,Snok,85574,MITRA,D,SOE,TIMOR,Gate KOE,Agen Niki - Niki,1 Minggu 2X
KOE20701,Nusa Tenggara Timur (NTT),Timor Tengah Selatan ,Amanatun Utara,Sono,85574,MITRA,D,SOE,TIMOR,Gate KOE,Agen Niki - Niki,1 Minggu 2X
KOE20701,Nusa Tenggara Timur (NTT),Timor Tengah Selatan ,Amanatun Utara,Tauanas,85574,MITRA,D,SOE,TIMOR,Gate KOE,Agen Niki - Niki,1 Minggu 2X
KOE20701,Nusa Tenggara Timur (NTT),Timor Tengah Selatan ,Amanatun Utara,Tumu,85574,MITRA,D,SOE,TIMOR,Gate KOE,Agen Niki - Niki,1 Minggu 2X
KOE20704,Nusa Tenggara Timur (NTT),Timor Tengah Selatan ,Amanuban Selatan,Batnun,85562,MITRA,C,SOE,TIMOR,Gate KOE,Cabang Soe,1 Minggu 2X
KOE20704,Nusa Tenggara Timur (NTT),Timor Tengah Selatan ,Amanuban Selatan,Bena,85562,MITRA,C,SOE,TIMOR,Gate KOE,Cabang Soe,1 Minggu 2X
KOE20704,Nusa Tenggara Timur (NTT),Timor Tengah Selatan ,Amanuban Selatan,Enoneten,85562,MITRA,C,SOE,TIMOR,Gate KOE,Cabang Soe,1 Minggu 2X
KOE20704,Nusa Tenggara Timur (NTT),Timor Tengah Selatan ,Amanuban Selatan,Kiubaat,85562,MITRA,C,SOE,TIMOR,Gate KOE,Cabang Soe,1 Minggu 2X
KOE20704,Nusa Tenggara Timur (NTT),Timor Tengah Selatan ,Amanuban Selatan,Linamnutu,85562,MITRA,C,SOE,TIMOR,Gate KOE,Cabang Soe,1 Minggu 2X
KOE20704,Nusa Tenggara Timur (NTT),Timor Tengah Selatan ,Amanuban Selatan,Mio,85562,MITRA,C,SOE,TIMOR,Gate KOE,Cabang Soe,1 Minggu 2X
KOE20704,Nusa Tenggara Timur (NTT),Timor Tengah Selatan ,Amanuban Selatan,Noemuke,85562,MITRA,C,SOE,TIMOR,Gate KOE,Cabang Soe,1 Minggu 2X
KOE20704,Nusa Tenggara Timur (NTT),Timor Tengah Selatan ,Amanuban Selatan,Oebelo,85562,MITRA,C,SOE,TIMOR,Gate KOE,Cabang Soe,1 Minggu 2X
KOE20704,Nusa Tenggara Timur (NTT),Timor Tengah Selatan ,Amanuban Selatan,Oekiu,85562,MITRA,C,SOE,TIMOR,Gate KOE,Cabang Soe,1 Minggu 2X
KOE20704,Nusa Tenggara Timur (NTT),Timor Tengah Selatan ,Amanuban Selatan,Pollo,85562,MITRA,C,SOE,TIMOR,Gate KOE,Cabang Soe,1 Minggu 2X
KOE20710,Nusa Tenggara Timur (NTT),Timor Tengah Selatan ,Amanuban Timur,Billa,85572,MITRA,D,SOE,TIMOR,Gate KOE,Agen Niki - Niki,1 Minggu 2X
KOE20710,Nusa Tenggara Timur (NTT),Timor Tengah Selatan ,Amanuban Timur,Mauleum,85572,MITRA,D,SOE,TIMOR,Gate KOE,Agen Niki - Niki,1 Minggu 2X
KOE20710,Nusa Tenggara Timur (NTT),Timor Tengah Selatan ,Amanuban Timur,Mnelaanen,85572,MITRA,D,SOE,TIMOR,Gate KOE,Agen Niki - Niki,1 Minggu 2X
KOE20710,Nusa Tenggara Timur (NTT),Timor Tengah Selatan ,Amanuban Timur,Nifukiu,85572,MITRA,D,SOE,TIMOR,Gate KOE,Agen Niki - Niki,1 Minggu 2X
KOE20710,Nusa Tenggara Timur (NTT),Timor Tengah Selatan ,Amanuban Timur,Oe Ekam,85572,MITRA,D,SOE,TIMOR,Gate KOE,Agen Niki - Niki,1 Minggu 2X
KOE20710,Nusa Tenggara Timur (NTT),Timor Tengah Selatan ,Amanuban Timur,Oelet,85572,MITRA,D,SOE,TIMOR,Gate KOE,Agen Niki - Niki,1 Minggu 2X
KOE20710,Nusa Tenggara Timur (NTT),Timor Tengah Selatan ,Amanuban Timur,Pisan,85572,MITRA,D,SOE,TIMOR,Gate KOE,Agen Niki - Niki,1 Minggu 2X
KOE20710,Nusa Tenggara Timur (NTT),Timor Tengah Selatan ,Amanuban Timur,Sini,85572,MITRA,D,SOE,TIMOR,Gate KOE,Agen Niki - Niki,1 Minggu 2X
KOE20710,Nusa Tenggara Timur (NTT),Timor Tengah Selatan ,Amanuban Timur,Telukh,85572,MITRA,D,SOE,TIMOR,Gate KOE,Agen Niki - Niki,1 Minggu 2X
KOE20710,Nusa Tenggara Timur (NTT),Timor Tengah Selatan ,Amanuban Timur,Tliu,85572,MITRA,D,SOE,TIMOR,Gate KOE,Agen Niki - Niki,1 Minggu 2X
KOE20711,Nusa Tenggara Timur (NTT),Timor Tengah Selatan ,Batu Putih,Benlutu,85562,MITRA,D,SOE,TIMOR,Gate KOE,Cabang Soe,1 Minggu 2X
KOE20711,Nusa Tenggara Timur (NTT),Timor Tengah Selatan ,Batu Putih,Boentuka,85562,MITRA,D,SOE,TIMOR,Gate KOE,Cabang Soe,1 Minggu 2X
KOE20711,Nusa Tenggara Timur (NTT),Timor Tengah Selatan ,Batu Putih,Hane,85562,MITRA,D,SOE,TIMOR,Gate KOE,Cabang Soe,1 Minggu 2X
KOE20711,Nusa Tenggara Timur (NTT),Timor Tengah Selatan ,Batu Putih,Oebobo,85562,MITRA,D,SOE,TIMOR,Gate KOE,Cabang Soe,1 Minggu 2X
KOE20711,Nusa Tenggara Timur (NTT),Timor Tengah Selatan ,Batu Putih,Oehela,85562,MITRA,D,SOE,TIMOR,Gate KOE,Cabang Soe,1 Minggu 2X
KOE20711,Nusa Tenggara Timur (NTT),Timor Tengah Selatan ,Batu Putih,Tuakole,85562,MITRA,D,SOE,TIMOR,Gate KOE,Cabang Soe,1 Minggu 2X
KOE20711,Nusa Tenggara Timur (NTT),Timor Tengah Selatan ,Batu Putih,Tuppan,85562,MITRA,D,SOE,TIMOR,Gate KOE,Cabang Soe,1 Minggu 2X
KOE20713,Nusa Tenggara Timur (NTT),Timor Tengah Selatan ,Fatumnasi,Kuanoel,85561,MITRA,D,SOE,TIMOR,Gate KOE,Agen Kapan,1 Minggu 2X
KOE20713,Nusa Tenggara Timur (NTT),Timor Tengah Selatan ,Fatumnasi,Mutis,85561,MITRA,D,SOE,TIMOR,Gate KOE,Agen Kapan,1 Minggu 2X
KOE20713,Nusa Tenggara Timur (NTT),Timor Tengah Selatan ,Fatumnasi,Nenas,85561,MITRA,D,SOE,TIMOR,Gate KOE,Agen Kapan,1 Minggu 2X
KOE20713,Nusa Tenggara Timur (NTT),Timor Tengah Selatan ,Fatumnasi,Nuapin,85561,MITRA,D,SOE,TIMOR,Gate KOE,Agen Kapan,1 Minggu 2X
KOE20714,Nusa Tenggara Timur (NTT),Timor Tengah Selatan ,Kolbano,Babuin,85563,MITRA,D,SOE,TIMOR,Gate KOE,Agen Kolbano,1 Minggu 2X
KOE20714,Nusa Tenggara Timur (NTT),Timor Tengah Selatan ,Kolbano,Haunobenak,85563,MITRA,D,SOE,TIMOR,Gate KOE,Agen Kolbano,1 Minggu 2X
KOE20714,Nusa Tenggara Timur (NTT),Timor Tengah Selatan ,Kolbano,Kolbano,85563,MITRA,D,SOE,TIMOR,Gate KOE,Agen Kolbano,1 Minggu 2X
KOE20714,Nusa Tenggara Timur (NTT),Timor Tengah Selatan ,Kolbano,Noesiu,85563,MITRA,D,SOE,TIMOR,Gate KOE,Agen Kolbano,1 Minggu 2X
KOE20714,Nusa Tenggara Timur (NTT),Timor Tengah Selatan ,Kolbano,Nununamat,85563,MITRA,D,SOE,TIMOR,Gate KOE,Agen Kolbano,1 Minggu 2X
KOE20714,Nusa Tenggara Timur (NTT),Timor Tengah Selatan ,Kolbano,Oetuke,85563,MITRA,D,SOE,TIMOR,Gate KOE,Agen Kolbano,1 Minggu 2X
KOE20714,Nusa Tenggara Timur (NTT),Timor Tengah Selatan ,Kolbano,Ofu,85563,MITRA,D,SOE,TIMOR,Gate KOE,Agen Kolbano,1 Minggu 2X
KOE20714,Nusa Tenggara Timur (NTT),Timor Tengah Selatan ,Kolbano,Pana,85563,MITRA,D,SOE,TIMOR,Gate KOE,Agen Kolbano,1 Minggu 2X
KOE20714,Nusa Tenggara Timur (NTT),Timor Tengah Selatan ,Kolbano,Pene Selatan,85563,MITRA,D,SOE,TIMOR,Gate KOE,Agen Kolbano,1 Minggu 2X
KOE20714,Nusa Tenggara Timur (NTT),Timor Tengah Selatan ,Kolbano,Sei,85563,MITRA,D,SOE,TIMOR,Gate KOE,Agen Kolbano,1 Minggu 2X
KOE20714,Nusa Tenggara Timur (NTT),Timor Tengah Selatan ,Kolbano,Spaha,85563,MITRA,D,SOE,TIMOR,Gate KOE,Agen Kolbano,1 Minggu 2X
KOE20717,Nusa Tenggara Timur (NTT),Timor Tengah Selatan ,Kualin,Kiufatu,85562,MITRA,D,SOE,TIMOR,Gate KOE,Cabang Soe,1 Minggu 2X
KOE20717,Nusa Tenggara Timur (NTT),Timor Tengah Selatan ,Kualin,Kualin,85562,MITRA,D,SOE,TIMOR,Gate KOE,Cabang Soe,1 Minggu 2X
KOE20717,Nusa Tenggara Timur (NTT),Timor Tengah Selatan ,Kualin,Nunusunu,85562,MITRA,D,SOE,TIMOR,Gate KOE,Cabang Soe,1 Minggu 2X
KOE20717,Nusa Tenggara Timur (NTT),Timor Tengah Selatan ,Kualin,Oemaman,85562,MITRA,D,SOE,TIMOR,Gate KOE,Cabang Soe,1 Minggu 2X
KOE20717,Nusa Tenggara Timur (NTT),Timor Tengah Selatan ,Kualin,Oni,85562,MITRA,D,SOE,TIMOR,Gate KOE,Cabang Soe,1 Minggu 2X
KOE20717,Nusa Tenggara Timur (NTT),Timor Tengah Selatan ,Kualin,Toineke,85562,MITRA,D,SOE,TIMOR,Gate KOE,Cabang Soe,1 Minggu 2X
KOE20717,Nusa Tenggara Timur (NTT),Timor Tengah Selatan ,Kualin,Tuafanu,85562,MITRA,D,SOE,TIMOR,Gate KOE,Cabang Soe,1 Minggu 2X
KOE20717,Nusa Tenggara Timur (NTT),Timor Tengah Selatan ,Kualin,Tuapakas,85562,MITRA,D,SOE,TIMOR,Gate KOE,Cabang Soe,1 Minggu 2X
KOE20727,Nusa Tenggara Timur (NTT),Timor Tengah Selatan ,Mollo Barat,Besana,85561,MITRA,D,SOE,TIMOR,Gate KOE,Cabang Soe,1 Minggu 2X
KOE20727,Nusa Tenggara Timur (NTT),Timor Tengah Selatan ,Mollo Barat,Fatukoko,85561,MITRA,D,SOE,TIMOR,Gate KOE,Cabang Soe,1 Minggu 2X
KOE20727,Nusa Tenggara Timur (NTT),Timor Tengah Selatan ,Mollo Barat,Koa,85561,MITRA,D,SOE,TIMOR,Gate KOE,Cabang Soe,1 Minggu 2X
KOE20727,Nusa Tenggara Timur (NTT),Timor Tengah Selatan ,Mollo Barat,Oel Uban (Oeuban),85561,MITRA,D,SOE,TIMOR,Gate KOE,Cabang Soe,1 Minggu 2X
KOE20727,Nusa Tenggara Timur (NTT),Timor Tengah Selatan ,Mollo Barat,Salbait,85561,MITRA,D,SOE,TIMOR,Gate KOE,Cabang Soe,1 Minggu 2X
KOE20708,Nusa Tenggara Timur (NTT),Timor Tengah Selatan ,Mollo Selatan,Biloto,85561,MITRA,D,SOE,TIMOR,Gate KOE,Cabang Soe,1 Minggu 2X
KOE20708,Nusa Tenggara Timur (NTT),Timor Tengah Selatan ,Mollo Selatan,Bisene,85561,MITRA,D,SOE,TIMOR,Gate KOE,Cabang Soe,1 Minggu 2X
KOE20708,Nusa Tenggara Timur (NTT),Timor Tengah Selatan ,Mollo Selatan,Noinbila,85561,MITRA,D,SOE,TIMOR,Gate KOE,Cabang Soe,1 Minggu 2X
KOE20708,Nusa Tenggara Timur (NTT),Timor Tengah Selatan ,Mollo Selatan,Tuasene,85561,MITRA,D,SOE,TIMOR,Gate KOE,Cabang Soe,1 Minggu 2X
KOE20726,Nusa Tenggara Timur (NTT),Timor Tengah Selatan ,Mollo Tengah,Binaus,85561,MITRA,D,SOE,TIMOR,Gate KOE,Agen Kapan,1 Minggu 2X
KOE20726,Nusa Tenggara Timur (NTT),Timor Tengah Selatan ,Mollo Tengah,Kualeu,85561,MITRA,D,SOE,TIMOR,Gate KOE,Agen Kapan,1 Minggu 2X
KOE20726,Nusa Tenggara Timur (NTT),Timor Tengah Selatan ,Mollo Tengah,Neke Manifeto,85561,MITRA,D,SOE,TIMOR,Gate KOE,Agen Kapan,1 Minggu 2X
KOE20726,Nusa Tenggara Timur (NTT),Timor Tengah Selatan ,Mollo Tengah,Oel'ekam,85561,MITRA,D,SOE,TIMOR,Gate KOE,Agen Kapan,1 Minggu 2X
KOE20726,Nusa Tenggara Timur (NTT),Timor Tengah Selatan ,Mollo Tengah,Oelbubuk,85561,MITRA,D,SOE,TIMOR,Gate KOE,Agen Kapan,1 Minggu 2X
KOE20726,Nusa Tenggara Timur (NTT),Timor Tengah Selatan ,Mollo Tengah,Pika,85561,MITRA,D,SOE,TIMOR,Gate KOE,Agen Kapan,1 Minggu 2X
KOE20734,Nusa Tenggara Timur (NTT),Timor Tengah Selatan ,Noebeba,Eno Nabuasa,85562,MITRA,D,SOE,TIMOR,Gate KOE,Cabang Soe,1 Minggu 2X
KOE20734,Nusa Tenggara Timur (NTT),Timor Tengah Selatan ,Noebeba,Fatutnana,85562,MITRA,D,SOE,TIMOR,Gate KOE,Cabang Soe,1 Minggu 2X
KOE20734,Nusa Tenggara Timur (NTT),Timor Tengah Selatan ,Noebeba,Naip,85562,MITRA,D,SOE,TIMOR,Gate KOE,Cabang Soe,1 Minggu 2X
KOE20734,Nusa Tenggara Timur (NTT),Timor Tengah Selatan ,Noebeba,Oe Ekam (Oelekam),85562,MITRA,D,SOE,TIMOR,Gate KOE,Cabang Soe,1 Minggu 2X
KOE20734,Nusa Tenggara Timur (NTT),Timor Tengah Selatan ,Noebeba,Oebaki,85562,MITRA,D,SOE,TIMOR,Gate KOE,Cabang Soe,1 Minggu 2X
KOE20734,Nusa Tenggara Timur (NTT),Timor Tengah Selatan ,Noebeba,Oepliki,85562,MITRA,D,SOE,TIMOR,Gate KOE,Cabang Soe,1 Minggu 2X
KOE20734,Nusa Tenggara Timur (NTT),Timor Tengah Selatan ,Noebeba,Teas,85562,MITRA,D,SOE,TIMOR,Gate KOE,Cabang Soe,1 Minggu 2X
KOE20730,Nusa Tenggara Timur (NTT),Timor Tengah Selatan ,Tobu,Bestobe,85552,MITRA,D,SOE,TIMOR,Gate KOE,Agen Kapan,1 Minggu 2X
KOE20730,Nusa Tenggara Timur (NTT),Timor Tengah Selatan ,Tobu,Bonleu,85561,MITRA,D,SOE,TIMOR,Gate KOE,Agen Kapan,1 Minggu 2X
KOE20730,Nusa Tenggara Timur (NTT),Timor Tengah Selatan ,Tobu,Huetalan,85552,MITRA,D,SOE,TIMOR,Gate KOE,Agen Kapan,1 Minggu 2X
KOE20730,Nusa Tenggara Timur (NTT),Timor Tengah Selatan ,Tobu,Pubasu,85552,MITRA,D,SOE,TIMOR,Gate KOE,Agen Kapan,1 Minggu 2X
KOE20730,Nusa Tenggara Timur (NTT),Timor Tengah Selatan ,Tobu,Saubalan,85552,MITRA,D,SOE,TIMOR,Gate KOE,Agen Kapan,1 Minggu 2X
KOE20730,Nusa Tenggara Timur (NTT),Timor Tengah Selatan ,Tobu,Tobu,85552,MITRA,D,SOE,TIMOR,Gate KOE,Agen Kapan,1 Minggu 2X
KOE20730,Nusa Tenggara Timur (NTT),Timor Tengah Selatan ,Tobu,Tune,85561,MITRA,D,SOE,TIMOR,Gate KOE,Agen Kapan,1 Minggu 2X
KOE20730,Nusa Tenggara Timur (NTT),Timor Tengah Selatan ,Tobu,Tutem,85552,MITRA,D,SOE,TIMOR,Gate KOE,Agen Kapan,1 Minggu 2X
KOE21601,Nusa Tenggara Timur (NTT),Sumba Barat Daya ,Kodi,Ate Dalo,87261,KANTOR PERWAKILAN,D,TAMBOLAKA,SUMBA ,Gate KOE,Cabang Tambolaka,"SCHEDULE SENIN, RABU, JUMAT"
KOE21601,Nusa Tenggara Timur (NTT),Sumba Barat Daya ,Kodi,Bondo Kodi,87261,KANTOR PERWAKILAN,D,TAMBOLAKA,SUMBA ,Gate KOE,Cabang Tambolaka,"SCHEDULE SELASA, KAMIS, SABTU"
KOE21601,Nusa Tenggara Timur (NTT),Sumba Barat Daya ,Kodi,Hamonggo Lele,87261,KANTOR PERWAKILAN,D,TAMBOLAKA,SUMBA ,Gate KOE,Cabang Tambolaka,"SCHEDULE SELASA, KAMIS, SABTU"
KOE21601,Nusa Tenggara Timur (NTT),Sumba Barat Daya ,Kodi,Homba Rande,87261,KANTOR PERWAKILAN,D,TAMBOLAKA,SUMBA ,Gate KOE,Cabang Tambolaka,"SCHEDULE SELASA, KAMIS, SABTU"
KOE21601,Nusa Tenggara Timur (NTT),Sumba Barat Daya ,Kodi,Kapaka Madeta,87261,KANTOR PERWAKILAN,D,TAMBOLAKA,SUMBA ,Gate KOE,Cabang Tambolaka,"SCHEDULE SELASA, KAMIS, SABTU"
KOE21601,Nusa Tenggara Timur (NTT),Sumba Barat Daya ,Kodi,Kawango Hari,87261,KANTOR PERWAKILAN,D,TAMBOLAKA,SUMBA ,Gate KOE,Cabang Tambolaka,"SCHEDULE SELASA, KAMIS, SABTU"
KOE21601,Nusa Tenggara Timur (NTT),Sumba Barat Daya ,Kodi,Koki,87261,KANTOR PERWAKILAN,D,TAMBOLAKA,SUMBA ,Gate KOE,Cabang Tambolaka,"SCHEDULE SELASA, KAMIS, SABTU"
KOE21601,Nusa Tenggara Timur (NTT),Sumba Barat Daya ,Kodi,Mali Iha,87261,KANTOR PERWAKILAN,D,TAMBOLAKA,SUMBA ,Gate KOE,Cabang Tambolaka,"SCHEDULE SELASA, KAMIS, SABTU"
KOE21601,Nusa Tenggara Timur (NTT),Sumba Barat Daya ,Kodi,Onggol,87261,KANTOR PERWAKILAN,D,TAMBOLAKA,SUMBA ,Gate KOE,Cabang Tambolaka,"SCHEDULE SELASA, KAMIS, SABTU"
KOE21601,Nusa Tenggara Timur (NTT),Sumba Barat Daya ,Kodi,Pero Batang,87261,KANTOR PERWAKILAN,D,TAMBOLAKA,SUMBA ,Gate KOE,Cabang Tambolaka,"SCHEDULE SELASA, KAMIS, SABTU"
KOE21601,Nusa Tenggara Timur (NTT),Sumba Barat Daya ,Kodi,Pero Konda,87261,KANTOR PERWAKILAN,D,TAMBOLAKA,SUMBA ,Gate KOE,Cabang Tambolaka,"SCHEDULE SELASA, KAMIS, SABTU"
KOE21601,Nusa Tenggara Timur (NTT),Sumba Barat Daya ,Kodi,Tanjung Karoso,87261,KANTOR PERWAKILAN,D,TAMBOLAKA,SUMBA ,Gate KOE,Cabang Tambolaka,"SCHEDULE SELASA, KAMIS, SABTU"
KOE21601,Nusa Tenggara Timur (NTT),Sumba Barat Daya ,Kodi,Watu Wona,87261,KANTOR PERWAKILAN,D,TAMBOLAKA,SUMBA ,Gate KOE,Cabang Tambolaka,"SCHEDULE SELASA, KAMIS, SABTU"
KOE21601,Nusa Tenggara Timur (NTT),Sumba Barat Daya ,Kodi,Wura Homba,87261,KANTOR PERWAKILAN,D,TAMBOLAKA,SUMBA ,Gate KOE,Cabang Tambolaka,"SCHEDULE SELASA, KAMIS, SABTU"
KOE21609,Nusa Tenggara Timur (NTT),Sumba Barat Daya ,Kodi Balaghar,Kahale,87262,KANTOR PERWAKILAN,D,TAMBOLAKA,SUMBA ,Gate KOE,Cabang Tambolaka,"SCHEDULE SELASA, KAMIS, SABTU"
KOE21609,Nusa Tenggara Timur (NTT),Sumba Barat Daya ,Kodi Balaghar,Panenggo Ede,87262,KANTOR PERWAKILAN,D,TAMBOLAKA,SUMBA ,Gate KOE,Cabang Tambolaka,"SCHEDULE SELASA, KAMIS, SABTU"
KOE21609,Nusa Tenggara Timur (NTT),Sumba Barat Daya ,Kodi Balaghar,Waiha,87262,KANTOR PERWAKILAN,D,TAMBOLAKA,SUMBA ,Gate KOE,Cabang Tambolaka,"SCHEDULE SELASA, KAMIS, SABTU"
KOE21609,Nusa Tenggara Timur (NTT),Sumba Barat Daya ,Kodi Balaghar,Waikarara,87262,KANTOR PERWAKILAN,D,TAMBOLAKA,SUMBA ,Gate KOE,Cabang Tambolaka,"SCHEDULE SELASA, KAMIS, SABTU"
KOE21609,Nusa Tenggara Timur (NTT),Sumba Barat Daya ,Kodi Balaghar,Wailangira,87262,KANTOR PERWAKILAN,D,TAMBOLAKA,SUMBA ,Gate KOE,Cabang Tambolaka,"SCHEDULE SELASA, KAMIS, SABTU"
KOE21609,Nusa Tenggara Timur (NTT),Sumba Barat Daya ,Kodi Balaghar,Wainyapu,87262,KANTOR PERWAKILAN,D,TAMBOLAKA,SUMBA ,Gate KOE,Cabang Tambolaka,"SCHEDULE SELASA, KAMIS, SABTU"
KOE21604,Nusa Tenggara Timur (NTT),Sumba Barat Daya ,Kodi Bangedo,Ana Gogka,87262,KANTOR PERWAKILAN,D,TAMBOLAKA,SUMBA ,Gate KOE,Cabang Tambolaka,"SCHEDULE SELASA, KAMIS, SABTU"
KOE21604,Nusa Tenggara Timur (NTT),Sumba Barat Daya ,Kodi Bangedo,Delu Depa,87262,KANTOR PERWAKILAN,D,TAMBOLAKA,SUMBA ,Gate KOE,Cabang Tambolaka,"SCHEDULE SELASA, KAMIS, SABTU"
KOE21604,Nusa Tenggara Timur (NTT),Sumba Barat Daya ,Kodi Bangedo,Dinjo,87262,KANTOR PERWAKILAN,D,TAMBOLAKA,SUMBA ,Gate KOE,Cabang Tambolaka,"SCHEDULE SELASA, KAMIS, SABTU"
KOE21604,Nusa Tenggara Timur (NTT),Sumba Barat Daya ,Kodi Bangedo,Karang Indah,87262,KANTOR PERWAKILAN,D,TAMBOLAKA,SUMBA ,Gate KOE,Cabang Tambolaka,"SCHEDULE SELASA, KAMIS, SABTU"
KOE21604,Nusa Tenggara Timur (NTT),Sumba Barat Daya ,Kodi Bangedo,Lete Loko,87262,KANTOR PERWAKILAN,D,TAMBOLAKA,SUMBA ,Gate KOE,Cabang Tambolaka,"SCHEDULE SELASA, KAMIS, SABTU"
KOE21604,Nusa Tenggara Timur (NTT),Sumba Barat Daya ,Kodi Bangedo,Manu Toghi,87262,KANTOR PERWAKILAN,D,TAMBOLAKA,SUMBA ,Gate KOE,Cabang Tambolaka,"SCHEDULE SELASA, KAMIS, SABTU"
KOE21604,Nusa Tenggara Timur (NTT),Sumba Barat Daya ,Kodi Bangedo,Mata Kapore,87262,KANTOR PERWAKILAN,D,TAMBOLAKA,SUMBA ,Gate KOE,Cabang Tambolaka,"SCHEDULE SELASA, KAMIS, SABTU"
KOE21604,Nusa Tenggara Timur (NTT),Sumba Barat Daya ,Kodi Bangedo,Mere Kehe,87262,KANTOR PERWAKILAN,D,TAMBOLAKA,SUMBA ,Gate KOE,Cabang Tambolaka,"SCHEDULE SELASA, KAMIS, SABTU"
KOE21604,Nusa Tenggara Timur (NTT),Sumba Barat Daya ,Kodi Bangedo,Rada Loko,87262,KANTOR PERWAKILAN,D,TAMBOLAKA,SUMBA ,Gate KOE,Cabang Tambolaka,"SCHEDULE SELASA, KAMIS, SABTU"
KOE21604,Nusa Tenggara Timur (NTT),Sumba Barat Daya ,Kodi Bangedo,Rada Malando,87262,KANTOR PERWAKILAN,D,TAMBOLAKA,SUMBA ,Gate KOE,Cabang Tambolaka,"SCHEDULE SELASA, KAMIS, SABTU"
KOE21604,Nusa Tenggara Timur (NTT),Sumba Barat Daya ,Kodi Bangedo,Tana Mete,87262,KANTOR PERWAKILAN,D,TAMBOLAKA,SUMBA ,Gate KOE,Cabang Tambolaka,"SCHEDULE SELASA, KAMIS, SABTU"
KOE21604,Nusa Tenggara Timur (NTT),Sumba Barat Daya ,Kodi Bangedo,Umbu Ngedo,87262,KANTOR PERWAKILAN,D,TAMBOLAKA,SUMBA ,Gate KOE,Cabang Tambolaka,"SCHEDULE SELASA, KAMIS, SABTU"
KOE21604,Nusa Tenggara Timur (NTT),Sumba Barat Daya ,Kodi Bangedo,Waikadada,87262,KANTOR PERWAKILAN,D,TAMBOLAKA,SUMBA ,Gate KOE,Cabang Tambolaka,"SCHEDULE SELASA, KAMIS, SABTU"
KOE21604,Nusa Tenggara Timur (NTT),Sumba Barat Daya ,Kodi Bangedo,Waikaninyo,87262,KANTOR PERWAKILAN,D,TAMBOLAKA,SUMBA ,Gate KOE,Cabang Tambolaka,"SCHEDULE SELASA, KAMIS, SABTU"
KOE21604,Nusa Tenggara Timur (NTT),Sumba Barat Daya ,Kodi Bangedo,Waimahaka,87262,KANTOR PERWAKILAN,D,TAMBOLAKA,SUMBA ,Gate KOE,Cabang Tambolaka,"SCHEDULE SELASA, KAMIS, SABTU"
KOE21604,Nusa Tenggara Timur (NTT),Sumba Barat Daya ,Kodi Bangedo,Waimaringi,87262,KANTOR PERWAKILAN,D,TAMBOLAKA,SUMBA ,Gate KOE,Cabang Tambolaka,"SCHEDULE SELASA, KAMIS, SABTU"
KOE21604,Nusa Tenggara Timur (NTT),Sumba Barat Daya ,Kodi Bangedo,Waipaddi,87262,KANTOR PERWAKILAN,D,TAMBOLAKA,SUMBA ,Gate KOE,Cabang Tambolaka,"SCHEDULE SELASA, KAMIS, SABTU"
KOE21604,Nusa Tenggara Timur (NTT),Sumba Barat Daya ,Kodi Bangedo,Walla Ndimu,87262,KANTOR PERWAKILAN,D,TAMBOLAKA,SUMBA ,Gate KOE,Cabang Tambolaka,"SCHEDULE SELASA, KAMIS, SABTU"
KOE21605,Nusa Tenggara Timur (NTT),Sumba Barat Daya ,Kodi Utara,Bila Cenge,87261,KANTOR PERWAKILAN,D,TAMBOLAKA,SUMBA ,Gate KOE,Cabang Tambolaka,"SCHEDULE SELASA, KAMIS, SABTU"
KOE21605,Nusa Tenggara Timur (NTT),Sumba Barat Daya ,Kodi Utara,Bukambero,87261,KANTOR PERWAKILAN,D,TAMBOLAKA,SUMBA ,Gate KOE,Cabang Tambolaka,"SCHEDULE SELASA, KAMIS, SABTU"
KOE21605,Nusa Tenggara Timur (NTT),Sumba Barat Daya ,Kodi Utara,Hameli Ate,87261,KANTOR PERWAKILAN,D,TAMBOLAKA,SUMBA ,Gate KOE,Cabang Tambolaka,"SCHEDULE SELASA, KAMIS, SABTU"
KOE21605,Nusa Tenggara Timur (NTT),Sumba Barat Daya ,Kodi Utara,Hoha Wungo,87261,KANTOR PERWAKILAN,D,TAMBOLAKA,SUMBA ,Gate KOE,Cabang Tambolaka,"SCHEDULE SELASA, KAMIS, SABTU"
KOE21605,Nusa Tenggara Timur (NTT),Sumba Barat Daya ,Kodi Utara,Homba Karipit,87261,KANTOR PERWAKILAN,D,TAMBOLAKA,SUMBA ,Gate KOE,Cabang Tambolaka,"SCHEDULE SELASA, KAMIS, SABTU"
KOE21605,Nusa Tenggara Timur (NTT),Sumba Barat Daya ,Kodi Utara,Homba Pare,87261,KANTOR PERWAKILAN,D,TAMBOLAKA,SUMBA ,Gate KOE,Cabang Tambolaka,"SCHEDULE SELASA, KAMIS, SABTU"
KOE21605,Nusa Tenggara Timur (NTT),Sumba Barat Daya ,Kodi Utara,Kadaghu Tana,87261,KANTOR PERWAKILAN,D,TAMBOLAKA,SUMBA ,Gate KOE,Cabang Tambolaka,"SCHEDULE SELASA, KAMIS, SABTU"
KOE21605,Nusa Tenggara Timur (NTT),Sumba Barat Daya ,Kodi Utara,Kadu Eta,87261,KANTOR PERWAKILAN,D,TAMBOLAKA,SUMBA ,Gate KOE,Cabang Tambolaka,"SCHEDULE SELASA, KAMIS, SABTU"
KOE21605,Nusa Tenggara Timur (NTT),Sumba Barat Daya ,Kodi Utara,Kalena Rongo,87261,KANTOR PERWAKILAN,D,TAMBOLAKA,SUMBA ,Gate KOE,Cabang Tambolaka,"SCHEDULE SELASA, KAMIS, SABTU"
KOE21605,Nusa Tenggara Timur (NTT),Sumba Barat Daya ,Kodi Utara,Kandu Wela,87261,KANTOR PERWAKILAN,D,TAMBOLAKA,SUMBA ,Gate KOE,Cabang Tambolaka,"SCHEDULE SELASA, KAMIS, SABTU"
KOE21605,Nusa Tenggara Timur (NTT),Sumba Barat Daya ,Kodi Utara,Kori,87261,KANTOR PERWAKILAN,D,TAMBOLAKA,SUMBA ,Gate KOE,Cabang Tambolaka,"SCHEDULE SELASA, KAMIS, SABTU"
KOE21605,Nusa Tenggara Timur (NTT),Sumba Barat Daya ,Kodi Utara,Magho Linyo,87261,KANTOR PERWAKILAN,D,TAMBOLAKA,SUMBA ,Gate KOE,Cabang Tambolaka,"SCHEDULE SELASA, KAMIS, SABTU"
KOE21605,Nusa Tenggara Timur (NTT),Sumba Barat Daya ,Kodi Utara,Mangganipi,87261,KANTOR PERWAKILAN,D,TAMBOLAKA,SUMBA ,Gate KOE,Cabang Tambolaka,"SCHEDULE SELASA, KAMIS, SABTU"
KOE21605,Nusa Tenggara Timur (NTT),Sumba Barat Daya ,Kodi Utara,Noha,87261,KANTOR PERWAKILAN,D,TAMBOLAKA,SUMBA ,Gate KOE,Cabang Tambolaka,"SCHEDULE SELASA, KAMIS, SABTU"
KOE21605,Nusa Tenggara Timur (NTT),Sumba Barat Daya ,Kodi Utara,Waiholo,87261,KANTOR PERWAKILAN,D,TAMBOLAKA,SUMBA ,Gate KOE,Cabang Tambolaka,"SCHEDULE SELASA, KAMIS, SABTU"
KOE21605,Nusa Tenggara Timur (NTT),Sumba Barat Daya ,Kodi Utara,Wailabubur,87261,KANTOR PERWAKILAN,D,TAMBOLAKA,SUMBA ,Gate KOE,Cabang Tambolaka,"SCHEDULE SELASA, KAMIS, SABTU"
KOE21605,Nusa Tenggara Timur (NTT),Sumba Barat Daya ,Kodi Utara,Waitaru,87261,KANTOR PERWAKILAN,D,TAMBOLAKA,SUMBA ,Gate KOE,Cabang Tambolaka,"SCHEDULE SELASA, KAMIS, SABTU"
KOE21605,Nusa Tenggara Timur (NTT),Sumba Barat Daya ,Kodi Utara,Wee Wella,87261,KANTOR PERWAKILAN,D,TAMBOLAKA,SUMBA ,Gate KOE,Cabang Tambolaka,"SCHEDULE SELASA, KAMIS, SABTU"
KOE21610,Nusa Tenggara Timur (NTT),Sumba Barat Daya ,Kota Tambolaka,Kadi Pada,87255,KANTOR PERWAKILAN,B,TAMBOLAKA,SUMBA ,Gate KOE,Cabang Tambolaka,Setiap Hari
KOE21610,Nusa Tenggara Timur (NTT),Sumba Barat Daya ,Kota Tambolaka,Kalembu Kaha,87255,KANTOR PERWAKILAN,B,TAMBOLAKA,SUMBA ,Gate KOE,Cabang Tambolaka,Setiap Hari
KOE21610,Nusa Tenggara Timur (NTT),Sumba Barat Daya ,Kota Tambolaka,Kalena Wano,87255,KANTOR PERWAKILAN,B,TAMBOLAKA,SUMBA ,Gate KOE,Cabang Tambolaka,Setiap Hari
KOE21610,Nusa Tenggara Timur (NTT),Sumba Barat Daya ,Kota Tambolaka,Langga Lero,87255,KANTOR PERWAKILAN,B,TAMBOLAKA,SUMBA ,Gate KOE,Cabang Tambolaka,Setiap Hari
KOE21610,Nusa Tenggara Timur (NTT),Sumba Barat Daya ,Kota Tambolaka,Rada Mata,87255,KANTOR PERWAKILAN,B,TAMBOLAKA,SUMBA ,Gate KOE,Cabang Tambolaka,Setiap Hari
KOE21610,Nusa Tenggara Timur (NTT),Sumba Barat Daya ,Kota Tambolaka,Waitabula,87255,KANTOR PERWAKILAN,B,TAMBOLAKA,SUMBA ,Gate KOE,Cabang Tambolaka,Setiap Hari
KOE21610,Nusa Tenggara Timur (NTT),Sumba Barat Daya ,Kota Tambolaka,Watu Kawula,87255,KANTOR PERWAKILAN,B,TAMBOLAKA,SUMBA ,Gate KOE,Cabang Tambolaka,Setiap Hari
KOE21610,Nusa Tenggara Timur (NTT),Sumba Barat Daya ,Kota Tambolaka,Wee Londa,87255,KANTOR PERWAKILAN,B,TAMBOLAKA,SUMBA ,Gate KOE,Cabang Tambolaka,Setiap Hari
KOE21610,Nusa Tenggara Timur (NTT),Sumba Barat Daya ,Kota Tambolaka,Wee Pangali,87255,KANTOR PERWAKILAN,B,TAMBOLAKA,SUMBA ,Gate KOE,Cabang Tambolaka,Setiap Hari
KOE21610,Nusa Tenggara Timur (NTT),Sumba Barat Daya ,Kota Tambolaka,Wee Rena,87255,KANTOR PERWAKILAN,B,TAMBOLAKA,SUMBA ,Gate KOE,Cabang Tambolaka,Setiap Hari
KOE21606,Nusa Tenggara Timur (NTT),Sumba Barat Daya ,Loura (Laura),Bondo Boghila,87254,KANTOR PERWAKILAN,B,TAMBOLAKA,SUMBA ,Gate KOE,Cabang Tambolaka,Setiap Hari
KOE21606,Nusa Tenggara Timur (NTT),Sumba Barat Daya ,Loura (Laura),Karuni,87254,KANTOR PERWAKILAN,B,TAMBOLAKA,SUMBA ,Gate KOE,Cabang Tambolaka,Setiap Hari
KOE21606,Nusa Tenggara Timur (NTT),Sumba Barat Daya ,Loura (Laura),Lete Konda,87254,KANTOR PERWAKILAN,B,TAMBOLAKA,SUMBA ,Gate KOE,Cabang Tambolaka,Setiap Hari
KOE21606,Nusa Tenggara Timur (NTT),Sumba Barat Daya ,Loura (Laura),Loko Kalada,87254,KANTOR PERWAKILAN,B,TAMBOLAKA,SUMBA ,Gate KOE,Cabang Tambolaka,Setiap Hari
KOE21606,Nusa Tenggara Timur (NTT),Sumba Barat Daya ,Loura (Laura),Payola Umbu,87254,KANTOR PERWAKILAN,B,TAMBOLAKA,SUMBA ,Gate KOE,Cabang Tambolaka,Setiap Hari
KOE21606,Nusa Tenggara Timur (NTT),Sumba Barat Daya ,Loura (Laura),Pogo Tena,87254,KANTOR PERWAKILAN,B,TAMBOLAKA,SUMBA ,Gate KOE,Cabang Tambolaka,Setiap Hari
KOE21606,Nusa Tenggara Timur (NTT),Sumba Barat Daya ,Loura (Laura),Rama Dana,87254,KANTOR PERWAKILAN,B,TAMBOLAKA,SUMBA ,Gate KOE,Cabang Tambolaka,Setiap Hari
KOE21606,Nusa Tenggara Timur (NTT),Sumba Barat Daya ,Loura (Laura),Totok,87254,KANTOR PERWAKILAN,B,TAMBOLAKA,SUMBA ,Gate KOE,Cabang Tambolaka,Setiap Hari
KOE21606,Nusa Tenggara Timur (NTT),Sumba Barat Daya ,Loura (Laura),Wee Kambala,87254,KANTOR PERWAKILAN,B,TAMBOLAKA,SUMBA ,Gate KOE,Cabang Tambolaka,Setiap Hari
KOE21606,Nusa Tenggara Timur (NTT),Sumba Barat Daya ,Loura (Laura),Wee Mananda,87254,KANTOR PERWAKILAN,B,TAMBOLAKA,SUMBA ,Gate KOE,Cabang Tambolaka,Setiap Hari
KOE21600,Nusa Tenggara Timur (NTT),Sumba Barat Daya ,Tambolaka,Tambolaka,0,KANTOR PERWAKILAN,B,TAMBOLAKA,SUMBA ,Gate KOE,Cabang Tambolaka,Setiap Hari
KOE21602,Nusa Tenggara Timur (NTT),Sumba Barat Daya ,Wewewa Barat,Kabali Dana,87253,KANTOR PERWAKILAN,D,TAMBOLAKA,SUMBA ,Gate KOE,Cabang Tambolaka,"SCHEDULE SENIN, RABU, JUMAT"
KOE21602,Nusa Tenggara Timur (NTT),Sumba Barat Daya ,Wewewa Barat,Kalaki Kambe,87253,KANTOR PERWAKILAN,D,TAMBOLAKA,SUMBA ,Gate KOE,Cabang Tambolaka,"SCHEDULE SENIN, RABU, JUMAT"
KOE21602,Nusa Tenggara Timur (NTT),Sumba Barat Daya ,Wewewa Barat,Kalembu Kanaika,87253,KANTOR PERWAKILAN,D,TAMBOLAKA,SUMBA ,Gate KOE,Cabang Tambolaka,"SCHEDULE SENIN, RABU, JUMAT"
KOE21602,Nusa Tenggara Timur (NTT),Sumba Barat Daya ,Wewewa Barat,Kalembu Weri,87253,KANTOR PERWAKILAN,D,TAMBOLAKA,SUMBA ,Gate KOE,Cabang Tambolaka,"SCHEDULE SENIN, RABU, JUMAT"
KOE21602,Nusa Tenggara Timur (NTT),Sumba Barat Daya ,Wewewa Barat,Kalimbu Tilu,87253,KANTOR PERWAKILAN,D,TAMBOLAKA,SUMBA ,Gate KOE,Cabang Tambolaka,"SCHEDULE SENIN, RABU, JUMAT"
KOE21602,Nusa Tenggara Timur (NTT),Sumba Barat Daya ,Wewewa Barat,Laga Lete,87253,KANTOR PERWAKILAN,D,TAMBOLAKA,SUMBA ,Gate KOE,Cabang Tambolaka,"SCHEDULE SELASA, KAMIS, SABTU"
KOE21602,Nusa Tenggara Timur (NTT),Sumba Barat Daya ,Wewewa Barat,Lua Koba,87253,KANTOR PERWAKILAN,D,TAMBOLAKA,SUMBA ,Gate KOE,Cabang Tambolaka,"SCHEDULE SENIN, RABU, JUMAT"
KOE21602,Nusa Tenggara Timur (NTT),Sumba Barat Daya ,Wewewa Barat,Marokota,87253,KANTOR PERWAKILAN,D,TAMBOLAKA,SUMBA ,Gate KOE,Cabang Tambolaka,"SCHEDULE SENIN, RABU, JUMAT"
KOE21602,Nusa Tenggara Timur (NTT),Sumba Barat Daya ,Wewewa Barat,Menne Ate,87253,KANTOR PERWAKILAN,D,TAMBOLAKA,SUMBA ,Gate KOE,Cabang Tambolaka,"SCHEDULE SENIN, RABU, JUMAT"
KOE21602,Nusa Tenggara Timur (NTT),Sumba Barat Daya ,Wewewa Barat,Raba Ege,87253,KANTOR PERWAKILAN,D,TAMBOLAKA,SUMBA ,Gate KOE,Cabang Tambolaka,"SCHEDULE SENIN, RABU, JUMAT"
KOE21602,Nusa Tenggara Timur (NTT),Sumba Barat Daya ,Wewewa Barat,Reda Pada,87253,KANTOR PERWAKILAN,D,TAMBOLAKA,SUMBA ,Gate KOE,Cabang Tambolaka,"SCHEDULE SENIN, RABU, JUMAT"
KOE21602,Nusa Tenggara Timur (NTT),Sumba Barat Daya ,Wewewa Barat,Tawo Rara,87253,KANTOR PERWAKILAN,D,TAMBOLAKA,SUMBA ,Gate KOE,Cabang Tambolaka,"SCHEDULE SENIN, RABU, JUMAT"
KOE21602,Nusa Tenggara Timur (NTT),Sumba Barat Daya ,Wewewa Barat,Waimangura,87253,KANTOR PERWAKILAN,D,TAMBOLAKA,SUMBA ,Gate KOE,Cabang Tambolaka,"SCHEDULE SENIN, RABU, JUMAT"
KOE21602,Nusa Tenggara Timur (NTT),Sumba Barat Daya ,Wewewa Barat,Wali Ate,87253,KANTOR PERWAKILAN,D,TAMBOLAKA,SUMBA ,Gate KOE,Cabang Tambolaka,"SCHEDULE SENIN, RABU, JUMAT"
KOE21602,Nusa Tenggara Timur (NTT),Sumba Barat Daya ,Wewewa Barat,Watu Labara,87253,KANTOR PERWAKILAN,D,TAMBOLAKA,SUMBA ,Gate KOE,Cabang Tambolaka,"SCHEDULE SENIN, RABU, JUMAT"
KOE21602,Nusa Tenggara Timur (NTT),Sumba Barat Daya ,Wewewa Barat,Wee Kombaka,87253,KANTOR PERWAKILAN,D,TAMBOLAKA,SUMBA ,Gate KOE,Cabang Tambolaka,"SCHEDULE SENIN, RABU, JUMAT"
KOE21602,Nusa Tenggara Timur (NTT),Sumba Barat Daya ,Wewewa Barat,Wee Kura,87253,KANTOR PERWAKILAN,D,TAMBOLAKA,SUMBA ,Gate KOE,Cabang Tambolaka,"SCHEDULE SENIN, RABU, JUMAT"
KOE21607,Nusa Tenggara Timur (NTT),Sumba Barat Daya ,Wewewa Selatan,Delo,87263,KANTOR PERWAKILAN,D,TAMBOLAKA,SUMBA ,Gate KOE,Cabang Sabu,"SCHEDULE SENIN, RABU, JUMAT"
KOE21607,Nusa Tenggara Timur (NTT),Sumba Barat Daya ,Wewewa Selatan,Bondo Bela,87263,KANTOR PERWAKILAN,D,TAMBOLAKA,SUMBA ,Gate KOE,Cabang Tambolaka,"SCHEDULE SENIN, RABU, JUMAT"
KOE21607,Nusa Tenggara Timur (NTT),Sumba Barat Daya ,Wewewa Selatan,Bondo Ukka,87263,KANTOR PERWAKILAN,D,TAMBOLAKA,SUMBA ,Gate KOE,Cabang Tambolaka,"SCHEDULE SENIN, RABU, JUMAT"
KOE21607,Nusa Tenggara Timur (NTT),Sumba Barat Daya ,Wewewa Selatan,Buru Deilo,87263,KANTOR PERWAKILAN,D,TAMBOLAKA,SUMBA ,Gate KOE,Cabang Tambolaka,"SCHEDULE SENIN, RABU, JUMAT"
KOE21607,Nusa Tenggara Timur (NTT),Sumba Barat Daya ,Wewewa Selatan,Buru Kaghu,87263,KANTOR PERWAKILAN,D,TAMBOLAKA,SUMBA ,Gate KOE,Cabang Tambolaka,"SCHEDULE SENIN, RABU, JUMAT"
KOE21607,Nusa Tenggara Timur (NTT),Sumba Barat Daya ,Wewewa Selatan,Denduka,87263,KANTOR PERWAKILAN,D,TAMBOLAKA,SUMBA ,Gate KOE,Cabang Tambolaka,"SCHEDULE SENIN, RABU, JUMAT"
KOE21607,Nusa Tenggara Timur (NTT),Sumba Barat Daya ,Wewewa Selatan,Mandungo,87263,KANTOR PERWAKILAN,D,TAMBOLAKA,SUMBA ,Gate KOE,Cabang Tambolaka,"SCHEDULE SENIN, RABU, JUMAT"
KOE21607,Nusa Tenggara Timur (NTT),Sumba Barat Daya ,Wewewa Selatan,Milla Ate,87263,KANTOR PERWAKILAN,D,TAMBOLAKA,SUMBA ,Gate KOE,Cabang Tambolaka,"SCHEDULE SENIN, RABU, JUMAT"
KOE21607,Nusa Tenggara Timur (NTT),Sumba Barat Daya ,Wewewa Selatan,Rita Baru,87263,KANTOR PERWAKILAN,D,TAMBOLAKA,SUMBA ,Gate KOE,Cabang Tambolaka,"SCHEDULE SENIN, RABU, JUMAT"
KOE21607,Nusa Tenggara Timur (NTT),Sumba Barat Daya ,Wewewa Selatan,Tena Teke,87263,KANTOR PERWAKILAN,D,TAMBOLAKA,SUMBA ,Gate KOE,Cabang Tambolaka,"SCHEDULE SENIN, RABU, JUMAT"
KOE21607,Nusa Tenggara Timur (NTT),Sumba Barat Daya ,Wewewa Selatan,Umbu Wangu,87263,KANTOR PERWAKILAN,D,TAMBOLAKA,SUMBA ,Gate KOE,Cabang Tambolaka,"SCHEDULE SENIN, RABU, JUMAT"
KOE21607,Nusa Tenggara Timur (NTT),Sumba Barat Daya ,Wewewa Selatan,Weri Lolo,87263,KANTOR PERWAKILAN,D,TAMBOLAKA,SUMBA ,Gate KOE,Cabang Tambolaka,"SCHEDULE SENIN, RABU, JUMAT"
KOE21611,Nusa Tenggara Timur (NTT),Sumba Barat Daya ,Wewewa Tengah (Wewera Tengah),Bolora,87252,KANTOR PERWAKILAN,C,TAMBOLAKA,SUMBA ,Gate KOE,Cabang Tambolaka,"SCHEDULE SENIN, RABU, JUMAT"
KOE21611,Nusa Tenggara Timur (NTT),Sumba Barat Daya ,Wewewa Tengah (Wewera Tengah),Eka Pata,87252,KANTOR PERWAKILAN,C,TAMBOLAKA,SUMBA ,Gate KOE,Cabang Tambolaka,"SCHEDULE SENIN, RABU, JUMAT"
KOE21611,Nusa Tenggara Timur (NTT),Sumba Barat Daya ,Wewewa Tengah (Wewera Tengah),Kalingara,87252,KANTOR PERWAKILAN,C,TAMBOLAKA,SUMBA ,Gate KOE,Cabang Tambolaka,"SCHEDULE SENIN, RABU, JUMAT"
KOE21611,Nusa Tenggara Timur (NTT),Sumba Barat Daya ,Wewewa Tengah (Wewera Tengah),Kanelu,87252,KANTOR PERWAKILAN,C,TAMBOLAKA,SUMBA ,Gate KOE,Cabang Tambolaka,"SCHEDULE SENIN, RABU, JUMAT"
KOE21611,Nusa Tenggara Timur (NTT),Sumba Barat Daya ,Wewewa Tengah (Wewera Tengah),Lombu,87252,KANTOR PERWAKILAN,C,TAMBOLAKA,SUMBA ,Gate KOE,Cabang Tambolaka,"SCHEDULE SENIN, RABU, JUMAT"
KOE21611,Nusa Tenggara Timur (NTT),Sumba Barat Daya ,Wewewa Tengah (Wewera Tengah),Omba Rade,87252,KANTOR PERWAKILAN,C,TAMBOLAKA,SUMBA ,Gate KOE,Cabang Tambolaka,"SCHEDULE SENIN, RABU, JUMAT"
KOE21611,Nusa Tenggara Timur (NTT),Sumba Barat Daya ,Wewewa Tengah (Wewera Tengah),Tanggaba,87252,KANTOR PERWAKILAN,C,TAMBOLAKA,SUMBA ,Gate KOE,Cabang Tambolaka,"SCHEDULE SENIN, RABU, JUMAT"
KOE21611,Nusa Tenggara Timur (NTT),Sumba Barat Daya ,Wewewa Tengah (Wewera Tengah),Wee Kokora,87252,KANTOR PERWAKILAN,C,TAMBOLAKA,SUMBA ,Gate KOE,Cabang Tambolaka,"SCHEDULE SENIN, RABU, JUMAT"
KOE21611,Nusa Tenggara Timur (NTT),Sumba Barat Daya ,Wewewa Tengah (Wewera Tengah),Wee Patando,87252,KANTOR PERWAKILAN,C,TAMBOLAKA,SUMBA ,Gate KOE,Cabang Tambolaka,"SCHEDULE SENIN, RABU, JUMAT"
KOE21611,Nusa Tenggara Timur (NTT),Sumba Barat Daya ,Wewewa Tengah (Wewera Tengah),Wee Rame,87252,KANTOR PERWAKILAN,C,TAMBOLAKA,SUMBA ,Gate KOE,Cabang Tambolaka,"SCHEDULE SENIN, RABU, JUMAT"
KOE21603,Nusa Tenggara Timur (NTT),Sumba Barat Daya ,Wewewa Timur,Dangga Mangu,87252,KANTOR PERWAKILAN,C,TAMBOLAKA,SUMBA ,Gate KOE,Cabang Tambolaka,"SCHEDULE SENIN, RABU, JUMAT"
KOE21603,Nusa Tenggara Timur (NTT),Sumba Barat Daya ,Wewewa Timur,Dikira,87252,KANTOR PERWAKILAN,C,TAMBOLAKA,SUMBA ,Gate KOE,Cabang Tambolaka,"SCHEDULE SENIN, RABU, JUMAT"
KOE21603,Nusa Tenggara Timur (NTT),Sumba Barat Daya ,Wewewa Timur,Kalembu Ndara Mane,87252,KANTOR PERWAKILAN,C,TAMBOLAKA,SUMBA ,Gate KOE,Cabang Tambolaka,"SCHEDULE SENIN, RABU, JUMAT"
KOE21603,Nusa Tenggara Timur (NTT),Sumba Barat Daya ,Wewewa Timur,Lete Komouna,87252,KANTOR PERWAKILAN,C,TAMBOLAKA,SUMBA ,Gate KOE,Cabang Tambolaka,"SCHEDULE SENIN, RABU, JUMAT"
KOE21603,Nusa Tenggara Timur (NTT),Sumba Barat Daya ,Wewewa Timur,Mareda Kalada,87252,KANTOR PERWAKILAN,C,TAMBOLAKA,SUMBA ,Gate KOE,Cabang Tambolaka,"SCHEDULE SENIN, RABU, JUMAT"
KOE21603,Nusa Tenggara Timur (NTT),Sumba Barat Daya ,Wewewa Timur,Mata Pyawu,87252,KANTOR PERWAKILAN,C,TAMBOLAKA,SUMBA ,Gate KOE,Cabang Tambolaka,"SCHEDULE SENIN, RABU, JUMAT"
KOE21603,Nusa Tenggara Timur (NTT),Sumba Barat Daya ,Wewewa Timur,Pada Eweta,87252,KANTOR PERWAKILAN,C,TAMBOLAKA,SUMBA ,Gate KOE,Cabang Tambolaka,"SCHEDULE SENIN, RABU, JUMAT"
KOE21603,Nusa Tenggara Timur (NTT),Sumba Barat Daya ,Wewewa Timur,Tema Tana,87252,KANTOR PERWAKILAN,C,TAMBOLAKA,SUMBA ,Gate KOE,Cabang Tambolaka,"SCHEDULE SENIN, RABU, JUMAT"
KOE21603,Nusa Tenggara Timur (NTT),Sumba Barat Daya ,Wewewa Timur,Wee Lima,87252,KANTOR PERWAKILAN,C,TAMBOLAKA,SUMBA ,Gate KOE,Cabang Tambolaka,"SCHEDULE SENIN, RABU, JUMAT"
KOE21603,Nusa Tenggara Timur (NTT),Sumba Barat Daya ,Wewewa Timur,Wee Limbu,87252,KANTOR PERWAKILAN,C,TAMBOLAKA,SUMBA ,Gate KOE,Cabang Tambolaka,"SCHEDULE SENIN, RABU, JUMAT"
KOE21608,Nusa Tenggara Timur (NTT),Sumba Barat Daya ,Wewewa Utara,Mali Mada,87252,KANTOR PERWAKILAN,C,TAMBOLAKA,SUMBA ,Gate KOE,Cabang Tambolaka,"SCHEDULE SENIN, RABU, JUMAT"
KOE21608,Nusa Tenggara Timur (NTT),Sumba Barat Daya ,Wewewa Utara,Mataloko,87252,KANTOR PERWAKILAN,C,TAMBOLAKA,SUMBA ,Gate KOE,Agen Golewa,"SCHEDULE SENIN, RABU, JUMAT"
KOE21608,Nusa Tenggara Timur (NTT),Sumba Barat Daya ,Wewewa Utara,Puu Potto,87252,KANTOR PERWAKILAN,C,TAMBOLAKA,SUMBA ,Gate KOE,Cabang Tambolaka,"SCHEDULE SENIN, RABU, JUMAT"
KOE21608,Nusa Tenggara Timur (NTT),Sumba Barat Daya ,Wewewa Utara,Wano Talla,87252,KANTOR PERWAKILAN,C,TAMBOLAKA,SUMBA ,Gate KOE,Cabang Tambolaka,"SCHEDULE SENIN, RABU, JUMAT"
KOE21608,Nusa Tenggara Timur (NTT),Sumba Barat Daya ,Wewewa Utara,Wee Namba,87252,KANTOR PERWAKILAN,C,TAMBOLAKA,SUMBA ,Gate KOE,Cabang Tambolaka,"SCHEDULE SENIN, RABU, JUMAT"
KOE21608,Nusa Tenggara Timur (NTT),Sumba Barat Daya ,Wewewa Utara,Wee Paboba,87252,KANTOR PERWAKILAN,C,TAMBOLAKA,SUMBA ,Gate KOE,Cabang Tambolaka,"SCHEDULE SENIN, RABU, JUMAT"
KOE10104,Nusa Tenggara Timur (NTT),Sumba Tengah ,Katiku Tana,Anakalang,87282,KANTOR PERWAKILAN,B,WAIBAKUL,SUMBA ,Gate KOE,Cabang Waibakul,
KOE10104,Nusa Tenggara Timur (NTT),Sumba Tengah ,Katiku Tana,Dewa Jara,87282,KANTOR PERWAKILAN,B,WAIBAKUL,SUMBA ,Gate KOE,Cabang Waibakul,
KOE10104,Nusa Tenggara Timur (NTT),Sumba Tengah ,Katiku Tana,Kabela Wuntu,87282,KANTOR PERWAKILAN,B,WAIBAKUL,SUMBA ,Gate KOE,Cabang Waibakul,
KOE10104,Nusa Tenggara Timur (NTT),Sumba Tengah ,Katiku Tana,Makata Keri,87282,KANTOR PERWAKILAN,B,WAIBAKUL,SUMBA ,Gate KOE,Cabang Waibakul,
KOE10104,Nusa Tenggara Timur (NTT),Sumba Tengah ,Katiku Tana,Mata Redi,87282,KANTOR PERWAKILAN,B,WAIBAKUL,SUMBA ,Gate KOE,Cabang Waibakul,
KOE10104,Nusa Tenggara Timur (NTT),Sumba Tengah ,Katiku Tana,Mata Woga,87282,KANTOR PERWAKILAN,B,WAIBAKUL,SUMBA ,Gate KOE,Cabang Waibakul,
KOE10104,Nusa Tenggara Timur (NTT),Sumba Tengah ,Katiku Tana,Umbu Riri,87282,KANTOR PERWAKILAN,B,WAIBAKUL,SUMBA ,Gate KOE,Cabang Waibakul,
KOE10105,Nusa Tenggara Timur (NTT),Sumba Tengah ,Katikutana Selatan,Dameka,87282,KANTOR PERWAKILAN,C,WAIBAKUL,SUMBA ,Gate KOE,Cabang Waibakul,
KOE10105,Nusa Tenggara Timur (NTT),Sumba Tengah ,Katikutana Selatan,Elu,87282,KANTOR PERWAKILAN,C,WAIBAKUL,SUMBA ,Gate KOE,Cabang Waibakul,
KOE10105,Nusa Tenggara Timur (NTT),Sumba Tengah ,Katikutana Selatan,Konda Maloba,87282,KANTOR PERWAKILAN,C,WAIBAKUL,SUMBA ,Gate KOE,Cabang Waibakul,
KOE10105,Nusa Tenggara Timur (NTT),Sumba Tengah ,Katikutana Selatan,Malinjak,87282,KANTOR PERWAKILAN,C,WAIBAKUL,SUMBA ,Gate KOE,Cabang Waibakul,
KOE10105,Nusa Tenggara Timur (NTT),Sumba Tengah ,Katikutana Selatan,Manurara,87282,KANTOR PERWAKILAN,C,WAIBAKUL,SUMBA ,Gate KOE,Cabang Waibakul,
KOE10105,Nusa Tenggara Timur (NTT),Sumba Tengah ,Katikutana Selatan,Oka Wacu,87282,KANTOR PERWAKILAN,C,WAIBAKUL,SUMBA ,Gate KOE,Cabang Waibakul,
KOE10105,Nusa Tenggara Timur (NTT),Sumba Tengah ,Katikutana Selatan,Tana Modu,87282,KANTOR PERWAKILAN,C,WAIBAKUL,SUMBA ,Gate KOE,Cabang Waibakul,
KOE10105,Nusa Tenggara Timur (NTT),Sumba Tengah ,Katikutana Selatan,Wailawa,87282,KANTOR PERWAKILAN,C,WAIBAKUL,SUMBA ,Gate KOE,Cabang Waibakul,
KOE10105,Nusa Tenggara Timur (NTT),Sumba Tengah ,Katikutana Selatan,Waimanu,87282,KANTOR PERWAKILAN,C,WAIBAKUL,SUMBA ,Gate KOE,Cabang Waibakul,
KOE10101,Nusa Tenggara Timur (NTT),Sumba Tengah ,Mamboro,Bondo Sulla,87258,KANTOR PERWAKILAN,D,WAIBAKUL,SUMBA ,Gate KOE,Cabang Waibakul,
KOE10101,Nusa Tenggara Timur (NTT),Sumba Tengah ,Mamboro,Cendana,87258,KANTOR PERWAKILAN,D,WAIBAKUL,SUMBA ,Gate KOE,Cabang Soe,
KOE10101,Nusa Tenggara Timur (NTT),Sumba Tengah ,Mamboro,Cendana Barat,87258,KANTOR PERWAKILAN,D,WAIBAKUL,SUMBA ,Gate KOE,Cabang Waibakul,
KOE10101,Nusa Tenggara Timur (NTT),Sumba Tengah ,Mamboro,Manu Wolu,87258,KANTOR PERWAKILAN,D,WAIBAKUL,SUMBA ,Gate KOE,Cabang Waibakul,
KOE10101,Nusa Tenggara Timur (NTT),Sumba Tengah ,Mamboro,Ole Ate,87258,KANTOR PERWAKILAN,D,WAIBAKUL,SUMBA ,Gate KOE,Cabang Waibakul,
KOE10101,Nusa Tenggara Timur (NTT),Sumba Tengah ,Mamboro,Ole Dewa,87258,KANTOR PERWAKILAN,D,WAIBAKUL,SUMBA ,Gate KOE,Cabang Waibakul,
KOE10101,Nusa Tenggara Timur (NTT),Sumba Tengah ,Mamboro,Susu Wendewa,87258,KANTOR PERWAKILAN,D,WAIBAKUL,SUMBA ,Gate KOE,Cabang Waibakul,
KOE10101,Nusa Tenggara Timur (NTT),Sumba Tengah ,Mamboro,Watu Asa,87258,KANTOR PERWAKILAN,D,WAIBAKUL,SUMBA ,Gate KOE,Cabang Waibakul,
KOE10101,Nusa Tenggara Timur (NTT),Sumba Tengah ,Mamboro,Wee Luri,87258,KANTOR PERWAKILAN,D,WAIBAKUL,SUMBA ,Gate KOE,Cabang Waibakul,
KOE10101,Nusa Tenggara Timur (NTT),Sumba Tengah ,Mamboro,Wendewa Barat,87258,KANTOR PERWAKILAN,D,WAIBAKUL,SUMBA ,Gate KOE,Cabang Waibakul,
KOE10101,Nusa Tenggara Timur (NTT),Sumba Tengah ,Mamboro,Wendewa Selatan,87258,KANTOR PERWAKILAN,D,WAIBAKUL,SUMBA ,Gate KOE,Cabang Waibakul,
KOE10101,Nusa Tenggara Timur (NTT),Sumba Tengah ,Mamboro,Wendewa Timur,87258,KANTOR PERWAKILAN,D,WAIBAKUL,SUMBA ,Gate KOE,Cabang Waibakul,
KOE10101,Nusa Tenggara Timur (NTT),Sumba Tengah ,Mamboro,Wendewa Utara,87258,KANTOR PERWAKILAN,D,WAIBAKUL,SUMBA ,Gate KOE,Cabang Waibakul,
KOE10102,Nusa Tenggara Timur (NTT),Sumba Tengah ,Umbu Ratu Nggay,Bolubokat Barat,87283,KANTOR PERWAKILAN,C,WAIBAKUL,SUMBA ,Gate KOE,Cabang Waibakul,
KOE10102,Nusa Tenggara Timur (NTT),Sumba Tengah ,Umbu Ratu Nggay,Bulu Bokat (Bolu Bokat),87283,KANTOR PERWAKILAN,C,WAIBAKUL,SUMBA ,Gate KOE,Cabang Waibakul,
KOE10102,Nusa Tenggara Timur (NTT),Sumba Tengah ,Umbu Ratu Nggay,Bulu Bokat Utara,87283,KANTOR PERWAKILAN,C,WAIBAKUL,SUMBA ,Gate KOE,Cabang Waibakul,
KOE10102,Nusa Tenggara Timur (NTT),Sumba Tengah ,Umbu Ratu Nggay,Lenang,87283,KANTOR PERWAKILAN,C,WAIBAKUL,SUMBA ,Gate KOE,Cabang Borong,
KOE10102,Nusa Tenggara Timur (NTT),Sumba Tengah ,Umbu Ratu Nggay,Lenang Selatan,87283,KANTOR PERWAKILAN,C,WAIBAKUL,SUMBA ,Gate KOE,Cabang Waibakul,
KOE10102,Nusa Tenggara Timur (NTT),Sumba Tengah ,Umbu Ratu Nggay,Mara Desa,87283,KANTOR PERWAKILAN,C,WAIBAKUL,SUMBA ,Gate KOE,Cabang Waibakul,
KOE10102,Nusa Tenggara Timur (NTT),Sumba Tengah ,Umbu Ratu Nggay,Maradesa Selatan,87283,KANTOR PERWAKILAN,C,WAIBAKUL,SUMBA ,Gate KOE,Cabang Waibakul,
KOE10102,Nusa Tenggara Timur (NTT),Sumba Tengah ,Umbu Ratu Nggay,Maradesa Timur,87283,KANTOR PERWAKILAN,C,WAIBAKUL,SUMBA ,Gate KOE,Cabang Waibakul,
KOE10102,Nusa Tenggara Timur (NTT),Sumba Tengah ,Umbu Ratu Nggay,Mbilur Pangadu,87283,KANTOR PERWAKILAN,C,WAIBAKUL,SUMBA ,Gate KOE,Cabang Waibakul,
KOE10102,Nusa Tenggara Timur (NTT),Sumba Tengah ,Umbu Ratu Nggay,Ngadu Bolu,87283,KANTOR PERWAKILAN,C,WAIBAKUL,SUMBA ,Gate KOE,Cabang Waibakul,
KOE10102,Nusa Tenggara Timur (NTT),Sumba Tengah ,Umbu Ratu Nggay,Ngadu Olu,87283,KANTOR PERWAKILAN,C,WAIBAKUL,SUMBA ,Gate KOE,Cabang Waibakul,
KOE10102,Nusa Tenggara Timur (NTT),Sumba Tengah ,Umbu Ratu Nggay,Padira Tana,87283,KANTOR PERWAKILAN,C,WAIBAKUL,SUMBA ,Gate KOE,Cabang Waibakul,
KOE10102,Nusa Tenggara Timur (NTT),Sumba Tengah ,Umbu Ratu Nggay,Prai Karoku Jangga,87283,KANTOR PERWAKILAN,C,WAIBAKUL,SUMBA ,Gate KOE,Cabang Waibakul,
KOE10102,Nusa Tenggara Timur (NTT),Sumba Tengah ,Umbu Ratu Nggay,Soru,87283,KANTOR PERWAKILAN,C,WAIBAKUL,SUMBA ,Gate KOE,Cabang Waibakul,
KOE10102,Nusa Tenggara Timur (NTT),Sumba Tengah ,Umbu Ratu Nggay,Tana Mbanas,87283,KANTOR PERWAKILAN,C,WAIBAKUL,SUMBA ,Gate KOE,Cabang Waibakul,
KOE10102,Nusa Tenggara Timur (NTT),Sumba Tengah ,Umbu Ratu Nggay,Tana Mbanas Barat,87283,KANTOR PERWAKILAN,C,WAIBAKUL,SUMBA ,Gate KOE,Cabang Waibakul,
KOE10102,Nusa Tenggara Timur (NTT),Sumba Tengah ,Umbu Ratu Nggay,Tana Mbanas Selatan,87283,KANTOR PERWAKILAN,C,WAIBAKUL,SUMBA ,Gate KOE,Cabang Waibakul,
KOE10102,Nusa Tenggara Timur (NTT),Sumba Tengah ,Umbu Ratu Nggay,Weluk Prai Memang,87283,KANTOR PERWAKILAN,C,WAIBAKUL,SUMBA ,Gate KOE,Cabang Waibakul,
KOE10103,Nusa Tenggara Timur (NTT),Sumba Tengah ,Umbu Ratu Nggay Barat,Anajiaka,87282,KANTOR PERWAKILAN,D,WAIBAKUL,SUMBA ,Gate KOE,Cabang Waibakul,
KOE10103,Nusa Tenggara Timur (NTT),Sumba Tengah ,Umbu Ratu Nggay Barat,Anapalu,87282,KANTOR PERWAKILAN,D,WAIBAKUL,SUMBA ,Gate KOE,Cabang Waibakul,
KOE10103,Nusa Tenggara Timur (NTT),Sumba Tengah ,Umbu Ratu Nggay Barat,Daha Elu,87282,KANTOR PERWAKILAN,D,WAIBAKUL,SUMBA ,Gate KOE,Cabang Waibakul,
KOE10103,Nusa Tenggara Timur (NTT),Sumba Tengah ,Umbu Ratu Nggay Barat,Dewa Tana,87282,KANTOR PERWAKILAN,D,WAIBAKUL,SUMBA ,Gate KOE,Cabang Waibakul,
KOE10103,Nusa Tenggara Timur (NTT),Sumba Tengah ,Umbu Ratu Nggay Barat,Holur Kambata,87282,KANTOR PERWAKILAN,D,WAIBAKUL,SUMBA ,Gate KOE,Cabang Waibakul,
KOE10103,Nusa Tenggara Timur (NTT),Sumba Tengah ,Umbu Ratu Nggay Barat,Maderi,87282,KANTOR PERWAKILAN,D,WAIBAKUL,SUMBA ,Gate KOE,Cabang Waibakul,
KOE10103,Nusa Tenggara Timur (NTT),Sumba Tengah ,Umbu Ratu Nggay Barat,Mata Waikajawi,87282,KANTOR PERWAKILAN,D,WAIBAKUL,SUMBA ,Gate KOE,Cabang Waibakul,
KOE10103,Nusa Tenggara Timur (NTT),Sumba Tengah ,Umbu Ratu Nggay Barat,Pondok,87282,KANTOR PERWAKILAN,D,WAIBAKUL,SUMBA ,Gate KOE,Cabang Waibakul,
KOE10103,Nusa Tenggara Timur (NTT),Sumba Tengah ,Umbu Ratu Nggay Barat,Praimadeta,87282,KANTOR PERWAKILAN,D,WAIBAKUL,SUMBA ,Gate KOE,Cabang Waibakul,
KOE10103,Nusa Tenggara Timur (NTT),Sumba Tengah ,Umbu Ratu Nggay Barat,Sambali Loku,87282,KANTOR PERWAKILAN,D,WAIBAKUL,SUMBA ,Gate KOE,Cabang Waibakul,
KOE10103,Nusa Tenggara Timur (NTT),Sumba Tengah ,Umbu Ratu Nggay Barat,Umbu Jodu,87282,KANTOR PERWAKILAN,D,WAIBAKUL,SUMBA ,Gate KOE,Cabang Waibakul,
KOE10103,Nusa Tenggara Timur (NTT),Sumba Tengah ,Umbu Ratu Nggay Barat,Umbu Kawolu,87282,KANTOR PERWAKILAN,D,WAIBAKUL,SUMBA ,Gate KOE,Cabang Waibakul,
KOE10103,Nusa Tenggara Timur (NTT),Sumba Tengah ,Umbu Ratu Nggay Barat,Umbu Langang,87282,KANTOR PERWAKILAN,D,WAIBAKUL,SUMBA ,Gate KOE,Cabang Waibakul,
KOE10103,Nusa Tenggara Timur (NTT),Sumba Tengah ,Umbu Ratu Nggay Barat,Umbu Mamijuk,87282,KANTOR PERWAKILAN,D,WAIBAKUL,SUMBA ,Gate KOE,Cabang Waibakul,
KOE10103,Nusa Tenggara Timur (NTT),Sumba Tengah ,Umbu Ratu Nggay Barat,Umbu Pabal,87282,KANTOR PERWAKILAN,D,WAIBAKUL,SUMBA ,Gate KOE,Cabang Waibakul,
KOE10103,Nusa Tenggara Timur (NTT),Sumba Tengah ,Umbu Ratu Nggay Barat,Umbu Pabal Selatan,87282,KANTOR PERWAKILAN,D,WAIBAKUL,SUMBA ,Gate KOE,Cabang Waibakul,
KOE10103,Nusa Tenggara Timur (NTT),Sumba Tengah ,Umbu Ratu Nggay Barat,Wairasa,87282,KANTOR PERWAKILAN,D,WAIBAKUL,SUMBA ,Gate KOE,Cabang Waibakul,
KOE10103,Nusa Tenggara Timur (NTT),Sumba Tengah ,Umbu Ratu Nggay Barat,Wangga Waiyengu,87282,KANTOR PERWAKILAN,D,WAIBAKUL,SUMBA ,Gate KOE,Cabang Waibakul,
KOE10100,Nusa Tenggara Timur (NTT),Sumba Tengah ,Waibakul,Waibakul,0,KANTOR PERWAKILAN,B,WAIBAKUL,SUMBA ,Gate KOE,Cabang Waibakul,
KOE21103,Nusa Tenggara Timur (NTT),Sumba Barat,Laratama,Laratama,0,MITRA,B,WAIKABUBAK,SUMBA ,Gate KOE,Cabang Waikabubak,Tidak ada kecamatan ini
KOE21104,Nusa Tenggara Timur (NTT),Sumba Barat,Walakaka,Walakaka,0,MITRA,C,WAIKABUBAK,SUMBA ,Gate KOE,Cabang Waikabubak,Tidak ada kecamatan ini
KOE21100,Nusa Tenggara Timur (NTT),Sumba Barat ,Kota Waikabubak,Kalembu Kuni,87217,MITRA,B,WAIKABUBAK,SUMBA ,Gate KOE,Cabang Waikabubak,Setiap Hari
KOE21100,Nusa Tenggara Timur (NTT),Sumba Barat ,Kota Waikabubak,Kampung Baru,87214,MITRA,B,WAIKABUBAK,SUMBA ,Gate KOE,Cabang Waikabubak,Setiap Hari
KOE21100,Nusa Tenggara Timur (NTT),Sumba Barat ,Kota Waikabubak,Kampung Sawah,87213,MITRA,B,WAIKABUBAK,SUMBA ,Gate KOE,Cabang Waikabubak,Setiap Hari
KOE21100,Nusa Tenggara Timur (NTT),Sumba Barat ,Kota Waikabubak,Kodaka,87215,MITRA,B,WAIKABUBAK,SUMBA ,Gate KOE,Cabang Waikabubak,Setiap Hari
KOE21100,Nusa Tenggara Timur (NTT),Sumba Barat ,Kota Waikabubak,Komerda,87211,MITRA,B,WAIKABUBAK,SUMBA ,Gate KOE,Cabang Waikabubak,Setiap Hari
KOE21100,Nusa Tenggara Timur (NTT),Sumba Barat ,Kota Waikabubak,Lapale,87217,MITRA,B,WAIKABUBAK,SUMBA ,Gate KOE,Cabang Waikabubak,Setiap Hari
KOE21100,Nusa Tenggara Timur (NTT),Sumba Barat ,Kota Waikabubak,Maliti,87217,MITRA,B,WAIKABUBAK,SUMBA ,Gate KOE,Cabang Waikabubak,Setiap Hari
KOE21100,Nusa Tenggara Timur (NTT),Sumba Barat ,Kota Waikabubak,Modu Waimaringu,87212,MITRA,B,WAIKABUBAK,SUMBA ,Gate KOE,Cabang Waikabubak,Setiap Hari
KOE21100,Nusa Tenggara Timur (NTT),Sumba Barat ,Kota Waikabubak,Pada Eweta,87217,MITRA,B,WAIKABUBAK,SUMBA ,Gate KOE,Cabang Tambolaka,Setiap Hari
KOE21100,Nusa Tenggara Timur (NTT),Sumba Barat ,Kota Waikabubak,Puu Mawo,87212,MITRA,B,WAIKABUBAK,SUMBA ,Gate KOE,Cabang Waikabubak,Setiap Hari
KOE21100,Nusa Tenggara Timur (NTT),Sumba Barat ,Kota Waikabubak,Soba Rade,87217,MITRA,B,WAIKABUBAK,SUMBA ,Gate KOE,Cabang Waikabubak,Setiap Hari
KOE21100,Nusa Tenggara Timur (NTT),Sumba Barat ,Kota Waikabubak,Tebara,87216,MITRA,B,WAIKABUBAK,SUMBA ,Gate KOE,Cabang Waikabubak,Setiap Hari
KOE21100,Nusa Tenggara Timur (NTT),Sumba Barat ,Kota Waikabubak,Wailiang,87212,MITRA,B,WAIKABUBAK,SUMBA ,Gate KOE,Cabang Waikabubak,Setiap Hari
KOE21109,Nusa Tenggara Timur (NTT),Sumba Barat ,Lamboya,Bodo Hula,87271,MITRA,C,WAIKABUBAK,SUMBA ,Gate KOE,Cabang Waikabubak,SCHEDULE HARI RABU DAN SABTU
KOE21109,Nusa Tenggara Timur (NTT),Sumba Barat ,Lamboya,Kabu Karudi,87271,MITRA,C,WAIKABUBAK,SUMBA ,Gate KOE,Cabang Waikabubak,SCHEDULE HARI RABU DAN SABTU
KOE21109,Nusa Tenggara Timur (NTT),Sumba Barat ,Lamboya,Laboya Bawa,87271,MITRA,C,WAIKABUBAK,SUMBA ,Gate KOE,Cabang Waikabubak,SCHEDULE HARI RABU DAN SABTU
KOE21109,Nusa Tenggara Timur (NTT),Sumba Barat ,Lamboya,Laboya Dete,87271,MITRA,C,WAIKABUBAK,SUMBA ,Gate KOE,Cabang Waikabubak,SCHEDULE HARI RABU DAN SABTU
KOE21109,Nusa Tenggara Timur (NTT),Sumba Barat ,Lamboya,Pala Moko,87271,MITRA,C,WAIKABUBAK,SUMBA ,Gate KOE,Cabang Waikabubak,SCHEDULE HARI RABU DAN SABTU
KOE21109,Nusa Tenggara Timur (NTT),Sumba Barat ,Lamboya,Patiala Bawa,87271,MITRA,C,WAIKABUBAK,SUMBA ,Gate KOE,Cabang Waikabubak,SCHEDULE HARI RABU DAN SABTU
KOE21109,Nusa Tenggara Timur (NTT),Sumba Barat ,Lamboya,Rajak (Rajaka),87271,MITRA,C,WAIKABUBAK,SUMBA ,Gate KOE,Cabang Waikabubak,SCHEDULE HARI RABU DAN SABTU
KOE21109,Nusa Tenggara Timur (NTT),Sumba Barat ,Lamboya,Ringu Rara,87271,MITRA,C,WAIKABUBAK,SUMBA ,Gate KOE,Cabang Waikabubak,SCHEDULE HARI RABU DAN SABTU
KOE21109,Nusa Tenggara Timur (NTT),Sumba Barat ,Lamboya,Sodan (Sodana),87271,MITRA,C,WAIKABUBAK,SUMBA ,Gate KOE,Cabang Waikabubak,SCHEDULE HARI RABU DAN SABTU
KOE21109,Nusa Tenggara Timur (NTT),Sumba Barat ,Lamboya,Wailibo (Welibo),87271,MITRA,C,WAIKABUBAK,SUMBA ,Gate KOE,Cabang Waikabubak,SCHEDULE HARI RABU DAN SABTU
KOE21109,Nusa Tenggara Timur (NTT),Sumba Barat ,Lamboya,Watu Karere,87271,MITRA,C,WAIKABUBAK,SUMBA ,Gate KOE,Cabang Waikabubak,SCHEDULE HARI RABU DAN SABTU
KOE21108,Nusa Tenggara Timur (NTT),Sumba Barat ,Lamboya Barat,Gaura,87271,MITRA,D,WAIKABUBAK,SUMBA ,Gate KOE,Cabang Waikabubak,SCHEDULE HARI SENIN DAN SABTU
KOE21108,Nusa Tenggara Timur (NTT),Sumba Barat ,Lamboya Barat,Harona Kala,87271,MITRA,D,WAIKABUBAK,SUMBA ,Gate KOE,Cabang Waikabubak,SCHEDULE HARI SENIN DAN SABTU
KOE21108,Nusa Tenggara Timur (NTT),Sumba Barat ,Lamboya Barat,Patiala Dete,87271,MITRA,D,WAIKABUBAK,SUMBA ,Gate KOE,Cabang Waikabubak,SCHEDULE HARI SENIN DAN SABTU
KOE21108,Nusa Tenggara Timur (NTT),Sumba Barat ,Lamboya Barat,Wee Tana,87271,MITRA,D,WAIKABUBAK,SUMBA ,Gate KOE,Cabang Waikabubak,SCHEDULE HARI SENIN DAN SABTU
KOE21107,Nusa Tenggara Timur (NTT),Sumba Barat ,Loli,Bali Ledo,87284,MITRA,B,WAIKABUBAK,SUMBA ,Gate KOE,Cabang Waikabubak,Setiap Hari
KOE21107,Nusa Tenggara Timur (NTT),Sumba Barat ,Loli,Bera Dolu,87284,MITRA,B,WAIKABUBAK,SUMBA ,Gate KOE,Cabang Waikabubak,Setiap Hari
KOE21107,Nusa Tenggara Timur (NTT),Sumba Barat ,Loli,Dede Kadu,87284,MITRA,B,WAIKABUBAK,SUMBA ,Gate KOE,Cabang Waikabubak,Setiap Hari
KOE21107,Nusa Tenggara Timur (NTT),Sumba Barat ,Loli,Dira Tana,87284,MITRA,B,WAIKABUBAK,SUMBA ,Gate KOE,Cabang Waikabubak,Setiap Hari
KOE21107,Nusa Tenggara Timur (NTT),Sumba Barat ,Loli,Doka Kaka,87284,MITRA,B,WAIKABUBAK,SUMBA ,Gate KOE,Cabang Waikabubak,Setiap Hari
KOE21107,Nusa Tenggara Timur (NTT),Sumba Barat ,Loli,Loda Pare,87284,MITRA,B,WAIKABUBAK,SUMBA ,Gate KOE,Cabang Waikabubak,Setiap Hari
KOE21107,Nusa Tenggara Timur (NTT),Sumba Barat ,Loli,Manola,87284,MITRA,B,WAIKABUBAK,SUMBA ,Gate KOE,Cabang Waikabubak,Setiap Hari
KOE21107,Nusa Tenggara Timur (NTT),Sumba Barat ,Loli,Soba Wawi,87284,MITRA,B,WAIKABUBAK,SUMBA ,Gate KOE,Cabang Waikabubak,Setiap Hari
KOE21107,Nusa Tenggara Timur (NTT),Sumba Barat ,Loli,Tana Rara,87284,MITRA,B,WAIKABUBAK,SUMBA ,Gate KOE,Cabang Waikabubak,Setiap Hari
KOE21107,Nusa Tenggara Timur (NTT),Sumba Barat ,Loli,Tema Tana,87284,MITRA,B,WAIKABUBAK,SUMBA ,Gate KOE,Cabang Tambolaka,Setiap Hari
KOE21107,Nusa Tenggara Timur (NTT),Sumba Barat ,Loli,Ubu Pede,87284,MITRA,B,WAIKABUBAK,SUMBA ,Gate KOE,Cabang Waikabubak,Setiap Hari
KOE21107,Nusa Tenggara Timur (NTT),Sumba Barat ,Loli,Ubu Raya,87284,MITRA,B,WAIKABUBAK,SUMBA ,Gate KOE,Cabang Waikabubak,Setiap Hari
KOE21107,Nusa Tenggara Timur (NTT),Sumba Barat ,Loli,Wee Dabo,87284,MITRA,B,WAIKABUBAK,SUMBA ,Gate KOE,Cabang Waikabubak,Setiap Hari
KOE21107,Nusa Tenggara Timur (NTT),Sumba Barat ,Loli,Wee Karou,87284,MITRA,B,WAIKABUBAK,SUMBA ,Gate KOE,Cabang Waikabubak,Setiap Hari
KOE21106,Nusa Tenggara Timur (NTT),Sumba Barat ,Tana Righu,Bondo Tera,87257,MITRA,D,WAIKABUBAK,SUMBA ,Gate KOE,Cabang Waikabubak,SCHEDULE HARI RABU DAN JUMAT
KOE21106,Nusa Tenggara Timur (NTT),Sumba Barat ,Tana Righu,Elu Loda,87257,MITRA,D,WAIKABUBAK,SUMBA ,Gate KOE,Cabang Waikabubak,SCHEDULE HARI RABU DAN JUMAT
KOE21106,Nusa Tenggara Timur (NTT),Sumba Barat ,Tana Righu,Kalebu Ana Kaka,87257,MITRA,D,WAIKABUBAK,SUMBA ,Gate KOE,Cabang Waikabubak,SCHEDULE HARI RABU DAN JUMAT
KOE21106,Nusa Tenggara Timur (NTT),Sumba Barat ,Tana Righu,Kareka Nduku,87257,MITRA,D,WAIKABUBAK,SUMBA ,Gate KOE,Cabang Waikabubak,SCHEDULE HARI RABU DAN JUMAT
KOE21106,Nusa Tenggara Timur (NTT),Sumba Barat ,Tana Righu,Kareka Nduku Selatan,87257,MITRA,D,WAIKABUBAK,SUMBA ,Gate KOE,Cabang Waikabubak,SCHEDULE HARI RABU DAN JUMAT
KOE21106,Nusa Tenggara Timur (NTT),Sumba Barat ,Tana Righu,Kareka Nduku Utara,87257,MITRA,D,WAIKABUBAK,SUMBA ,Gate KOE,Cabang Waikabubak,SCHEDULE HARI RABU DAN JUMAT
KOE21106,Nusa Tenggara Timur (NTT),Sumba Barat ,Tana Righu,Lingu Lango,87257,MITRA,D,WAIKABUBAK,SUMBA ,Gate KOE,Cabang Waikabubak,SCHEDULE HARI RABU DAN JUMAT
KOE21106,Nusa Tenggara Timur (NTT),Sumba Barat ,Tana Righu,Loko Ri (Ry),87257,MITRA,D,WAIKABUBAK,SUMBA ,Gate KOE,Cabang Waikabubak,SCHEDULE HARI RABU DAN JUMAT
KOE21106,Nusa Tenggara Timur (NTT),Sumba Barat ,Tana Righu,Lolo Tana,87257,MITRA,D,WAIKABUBAK,SUMBA ,Gate KOE,Cabang Waikabubak,SCHEDULE HARI RABU DAN JUMAT
KOE21106,Nusa Tenggara Timur (NTT),Sumba Barat ,Tana Righu,Lolo Wano,87257,MITRA,D,WAIKABUBAK,SUMBA ,Gate KOE,Cabang Waikabubak,SCHEDULE HARI RABU DAN JUMAT
KOE21106,Nusa Tenggara Timur (NTT),Sumba Barat ,Tana Righu,Malata,87257,MITRA,D,WAIKABUBAK,SUMBA ,Gate KOE,Cabang Waikabubak,SCHEDULE HARI SENIN DAN KAMIS
KOE21106,Nusa Tenggara Timur (NTT),Sumba Barat ,Tana Righu,Manu Kuku,87257,MITRA,D,WAIKABUBAK,SUMBA ,Gate KOE,Cabang Waikabubak,SCHEDULE HARI SENIN DAN KAMIS
KOE21106,Nusa Tenggara Timur (NTT),Sumba Barat ,Tana Righu,Manu Mada Pemekaran,87257,MITRA,D,WAIKABUBAK,SUMBA ,Gate KOE,Cabang Waikabubak,SCHEDULE HARI SENIN DAN KAMIS
KOE21106,Nusa Tenggara Timur (NTT),Sumba Barat ,Tana Righu,Ngadu Pada,87257,MITRA,D,WAIKABUBAK,SUMBA ,Gate KOE,Cabang Waikabubak,SCHEDULE HARI SENIN DAN KAMIS
KOE21106,Nusa Tenggara Timur (NTT),Sumba Barat ,Tana Righu,Tarona,87257,MITRA,D,WAIKABUBAK,SUMBA ,Gate KOE,Cabang Waikabubak,SCHEDULE HARI SENIN DAN KAMIS
KOE21106,Nusa Tenggara Timur (NTT),Sumba Barat ,Tana Righu,Wanokaza,87257,MITRA,D,WAIKABUBAK,SUMBA ,Gate KOE,Cabang Waikabubak,SCHEDULE HARI SENIN DAN KAMIS
KOE21106,Nusa Tenggara Timur (NTT),Sumba Barat ,Tana Righu,Wee Patola,87257,MITRA,D,WAIKABUBAK,SUMBA ,Gate KOE,Cabang Waikabubak,SCHEDULE HARI SENIN DAN KAMIS
KOE21106,Nusa Tenggara Timur (NTT),Sumba Barat ,Tana Righu,Zala Kadu,87257,MITRA,D,WAIKABUBAK,SUMBA ,Gate KOE,Cabang Waikabubak,SCHEDULE HARI SENIN DAN KAMIS
KOE21105,Nusa Tenggara Timur (NTT),Sumba Barat ,Wanokaka,Ana Wolu,87272,MITRA,C,WAIKABUBAK,SUMBA ,Gate KOE,Cabang Waikabubak,SCHEDULE HARI SELASA DAN KAMIS
KOE21105,Nusa Tenggara Timur (NTT),Sumba Barat ,Wanokaka,Bali Loku,87272,MITRA,C,WAIKABUBAK,SUMBA ,Gate KOE,Cabang Waikabubak,SCHEDULE HARI SELASA DAN KAMIS
KOE21105,Nusa Tenggara Timur (NTT),Sumba Barat ,Wanokaka,Hoba Wawi,87272,MITRA,C,WAIKABUBAK,SUMBA ,Gate KOE,Cabang Waikabubak,SCHEDULE HARI SELASA DAN KAMIS
KOE21105,Nusa Tenggara Timur (NTT),Sumba Barat ,Wanokaka,Hupu Mada,87272,MITRA,C,WAIKABUBAK,SUMBA ,Gate KOE,Cabang Waikabubak,SCHEDULE HARI SELASA DAN KAMIS
KOE21105,Nusa Tenggara Timur (NTT),Sumba Barat ,Wanokaka,Katiku Loku,87272,MITRA,C,WAIKABUBAK,SUMBA ,Gate KOE,Cabang Waikabubak,SCHEDULE HARI SELASA DAN KAMIS
KOE21105,Nusa Tenggara Timur (NTT),Sumba Barat ,Wanokaka,Mamodu,87272,MITRA,C,WAIKABUBAK,SUMBA ,Gate KOE,Cabang Waikabubak,SCHEDULE HARI SELASA DAN KAMIS
KOE21105,Nusa Tenggara Timur (NTT),Sumba Barat ,Wanokaka,Pahola,87272,MITRA,C,WAIKABUBAK,SUMBA ,Gate KOE,Cabang Waikabubak,SCHEDULE HARI SELASA DAN KAMIS
KOE21105,Nusa Tenggara Timur (NTT),Sumba Barat ,Wanokaka,Pari Rara,87272,MITRA,C,WAIKABUBAK,SUMBA ,Gate KOE,Cabang Waikabubak,SCHEDULE HARI SELASA DAN KAMIS
KOE21105,Nusa Tenggara Timur (NTT),Sumba Barat ,Wanokaka,Prai Bakul,87272,MITRA,C,WAIKABUBAK,SUMBA ,Gate KOE,Agen Lewa,SCHEDULE HARI SELASA DAN KAMIS
KOE21105,Nusa Tenggara Timur (NTT),Sumba Barat ,Wanokaka,Rewa Rara,87272,MITRA,C,WAIKABUBAK,SUMBA ,Gate KOE,Cabang Waikabubak,SCHEDULE HARI SELASA DAN KAMIS
KOE21105,Nusa Tenggara Timur (NTT),Sumba Barat ,Wanokaka,Rua,87272,MITRA,C,WAIKABUBAK,SUMBA ,Gate KOE,Cabang Waikabubak,SCHEDULE HARI SELASA DAN KAMIS
KOE21105,Nusa Tenggara Timur (NTT),Sumba Barat ,Wanokaka,Tara Manu,87272,MITRA,C,WAIKABUBAK,SUMBA ,Gate KOE,Cabang Waikabubak,SCHEDULE HARI SELASA DAN KAMIS
KOE21105,Nusa Tenggara Timur (NTT),Sumba Barat ,Wanokaka,Wai Hura,87272,MITRA,C,WAIKABUBAK,SUMBA ,Gate KOE,Cabang Waikabubak,SCHEDULE HARI SELASA DAN KAMIS
KOE21105,Nusa Tenggara Timur (NTT),Sumba Barat ,Wanokaka,Wei Mangoma,87272,MITRA,C,WAIKABUBAK,SUMBA ,Gate KOE,Cabang Waikabubak,SCHEDULE HARI SELASA DAN KAMIS
KOE21021,Nusa Tenggara Timur (NTT),Sumba Timur ,Kambera,Mauhau,87116,KANTOR PERWAKILAN,B,WAINGAPU,SUMBA ,Gate KOE,CABANG WAINGAPU,Setiap Hari
KOE21021,Nusa Tenggara Timur (NTT),Sumba Timur ,Kambera,Kambaniru,87114,KANTOR PERWAKILAN,B,WAINGAPU,SUMBA ,Gate KOE,CABANG WAINGAPU,Setiap Hari
KOE21021,Nusa Tenggara Timur (NTT),Sumba Timur ,Kambera,Prailiu,87113,KANTOR PERWAKILAN,B,WAINGAPU,SUMBA ,Gate KOE,CABANG WAINGAPU,Setiap Hari
KOE21021,Nusa Tenggara Timur (NTT),Sumba Timur ,Kambera,Wangga,87116,KANTOR PERWAKILAN,B,WAINGAPU,SUMBA ,Gate KOE,CABANG WAINGAPU,Setiap Hari
KOE21000,Nusa Tenggara Timur (NTT),Sumba Timur ,Kota Waingapu,Mbata Kapidu,87116,KANTOR PERWAKILAN,B,WAINGAPU,SUMBA ,Gate KOE,CABANG WAINGAPU,Setiap Hari
KOE21000,Nusa Tenggara Timur (NTT),Sumba Timur ,Kota Waingapu,Pambola Njara (Pambotanjara),87116,KANTOR PERWAKILAN,B,WAINGAPU,SUMBA ,Gate KOE,CABANG WAINGAPU,Setiap Hari
KOE21000,Nusa Tenggara Timur (NTT),Sumba Timur ,Kota Waingapu,Hambala,87112,KANTOR PERWAKILAN,B,WAINGAPU,SUMBA ,Gate KOE,CABANG WAINGAPU,Setiap Hari
KOE21000,Nusa Tenggara Timur (NTT),Sumba Timur ,Kota Waingapu,Kamalaputi,87111,KANTOR PERWAKILAN,B,WAINGAPU,SUMBA ,Gate KOE,CABANG WAINGAPU,Setiap Hari
KOE21000,Nusa Tenggara Timur (NTT),Sumba Timur ,Kota Waingapu,Kambajawa,87116,KANTOR PERWAKILAN,B,WAINGAPU,SUMBA ,Gate KOE,CABANG WAINGAPU,Setiap Hari
KOE21000,Nusa Tenggara Timur (NTT),Sumba Timur ,Kota Waingapu,Lukukamaru,87116,KANTOR PERWAKILAN,B,WAINGAPU,SUMBA ,Gate KOE,CABANG WAINGAPU,Setiap Hari
KOE21000,Nusa Tenggara Timur (NTT),Sumba Timur ,Kota Waingapu,Matawai,87116,KANTOR PERWAKILAN,B,WAINGAPU,SUMBA ,Gate KOE,CABANG WAINGAPU,Setiap Hari
KOE21006,Nusa Tenggara Timur (NTT),Sumba Timur ,Haharu,Mbata Puhu,87153,KANTOR PERWAKILAN,D,WAINGAPU,SUMBA ,Gate KOE,CABANG WAINGAPU,Senin dan Kamis
KOE21006,Nusa Tenggara Timur (NTT),Sumba Timur ,Haharu,Kadahang,87153,KANTOR PERWAKILAN,D,WAINGAPU,SUMBA ,Gate KOE,CABANG WAINGAPU,Senin dan Kamis
KOE21006,Nusa Tenggara Timur (NTT),Sumba Timur ,Haharu,Kalamba,87153,KANTOR PERWAKILAN,D,WAINGAPU,SUMBA ,Gate KOE,CABANG WAINGAPU,Senin dan Kamis
KOE21006,Nusa Tenggara Timur (NTT),Sumba Timur ,Haharu,Napu,87153,KANTOR PERWAKILAN,D,WAINGAPU,SUMBA ,Gate KOE,CABANG WAINGAPU,Senin dan Kamis
KOE21006,Nusa Tenggara Timur (NTT),Sumba Timur ,Haharu,Praibakul,87153,KANTOR PERWAKILAN,D,WAINGAPU,SUMBA ,Gate KOE,CABANG WAINGAPU,Senin dan Kamis
KOE21006,Nusa Tenggara Timur (NTT),Sumba Timur ,Haharu,Rambangaru,87153,KANTOR PERWAKILAN,D,WAINGAPU,SUMBA ,Gate KOE,CABANG WAINGAPU,Senin dan Kamis
KOE21006,Nusa Tenggara Timur (NTT),Sumba Timur ,Haharu,Wunga,87153,KANTOR PERWAKILAN,D,WAINGAPU,SUMBA ,Gate KOE,CABANG WAINGAPU,Senin dan Kamis
KOE21023,Nusa Tenggara Timur (NTT),Sumba Timur ,Kanatang,Hamba Praing,87153,KANTOR PERWAKILAN,C,WAINGAPU,SUMBA ,Gate KOE,CABANG WAINGAPU,Senin dan Kamis
KOE21023,Nusa Tenggara Timur (NTT),Sumba Timur ,Kanatang,Kuta,87153,KANTOR PERWAKILAN,C,WAINGAPU,SUMBA ,Gate KOE,CABANG WAINGAPU,Senin dan Kamis
KOE21023,Nusa Tenggara Timur (NTT),Sumba Timur ,Kanatang,Mondu,87153,KANTOR PERWAKILAN,C,WAINGAPU,SUMBA ,Gate KOE,CABANG WAINGAPU,Senin dan Kamis
KOE21023,Nusa Tenggara Timur (NTT),Sumba Timur ,Kanatang,Ndapayami,87153,KANTOR PERWAKILAN,C,WAINGAPU,SUMBA ,Gate KOE,CABANG WAINGAPU,Senin dan Kamis
KOE21023,Nusa Tenggara Timur (NTT),Sumba Timur ,Kanatang,Temu,87153,KANTOR PERWAKILAN,C,WAINGAPU,SUMBA ,Gate KOE,CABANG WAINGAPU,Senin dan Kamis
KOE21013,Nusa Tenggara Timur (NTT),Sumba Timur ,Pinupahar (Pirapahar),Lailunggi,87161,KANTOR PERWAKILAN,D,WAINGAPU,SUMBA ,Gate KOE,CABANG WAINGAPU,Selasa dan Jumad
KOE21013,Nusa Tenggara Timur (NTT),Sumba Timur ,Pinupahar (Pirapahar),Mahaniwa,87161,KANTOR PERWAKILAN,D,WAINGAPU,SUMBA ,Gate KOE,CABANG WAINGAPU,Selasa dan Jumad
KOE21013,Nusa Tenggara Timur (NTT),Sumba Timur ,Pinupahar (Pirapahar),Ramuk,87161,KANTOR PERWAKILAN,D,WAINGAPU,SUMBA ,Gate KOE,CABANG WAINGAPU,Selasa dan Jumad
KOE21013,Nusa Tenggara Timur (NTT),Sumba Timur ,Pinupahar (Pirapahar),Tawui,87161,KANTOR PERWAKILAN,D,WAINGAPU,SUMBA ,Gate KOE,CABANG WAINGAPU,Selasa dan Jumad
KOE21013,Nusa Tenggara Timur (NTT),Sumba Timur ,Pinupahar (Pirapahar),Wahang,87161,KANTOR PERWAKILAN,D,WAINGAPU,SUMBA ,Gate KOE,CABANG WAINGAPU,Selasa dan Jumad
KOE21013,Nusa Tenggara Timur (NTT),Sumba Timur ,Pinupahar (Pirapahar),Wangga Mbewa,87161,KANTOR PERWAKILAN,D,WAINGAPU,SUMBA ,Gate KOE,CABANG WAINGAPU,Selasa dan Jumad
KOE21007,Nusa Tenggara Timur (NTT),Sumba Timur ,Kahaunguweti (Kahaungu Eti),Kanmbata Bundung,87171,KANTOR PERWAKILAN,D,WAINGAPU,SUMBA ,Gate KOE,SUB AGEN MELOLO,SCHEDULE H+2 INBOUND WGP
KOE21007,Nusa Tenggara Timur (NTT),Sumba Timur ,Kahaunguweti (Kahaungu Eti),Matawai Maringgu,87171,KANTOR PERWAKILAN,D,WAINGAPU,SUMBA ,Gate KOE,SUB AGEN MELOLO,SCHEDULE H+2 INBOUND WGP
KOE21007,Nusa Tenggara Timur (NTT),Sumba Timur ,Kahaunguweti (Kahaungu Eti),Meurumba (Meorumba),87171,KANTOR PERWAKILAN,D,WAINGAPU,SUMBA ,Gate KOE,SUB AGEN MELOLO,SCHEDULE H+2 INBOUND WGP
KOE21007,Nusa Tenggara Timur (NTT),Sumba Timur ,Kahaunguweti (Kahaungu Eti),Kataka,87171,KANTOR PERWAKILAN,D,WAINGAPU,SUMBA ,Gate KOE,SUB AGEN MELOLO,SCHEDULE H+2 INBOUND WGP
KOE21007,Nusa Tenggara Timur (NTT),Sumba Timur ,Kahaunguweti (Kahaungu Eti),Matawai Katingga,87171,KANTOR PERWAKILAN,D,WAINGAPU,SUMBA ,Gate KOE,SUB AGEN MELOLO,SCHEDULE H+2 INBOUND WGP
KOE21008,Nusa Tenggara Timur (NTT),Sumba Timur ,Karera,Ananjaki,87172,KANTOR PERWAKILAN,D,WAINGAPU,SUMBA ,Gate KOE,SUB AGEN MELOLO,SCHEDULE H+2 INBOUND WGP
KOE21008,Nusa Tenggara Timur (NTT),Sumba Timur ,Karera,Jangga Mangu,87172,KANTOR PERWAKILAN,D,WAINGAPU,SUMBA ,Gate KOE,SUB AGEN MELOLO,SCHEDULE H+2 INBOUND WGP
KOE21008,Nusa Tenggara Timur (NTT),Sumba Timur ,Karera,Nangga,87172,KANTOR PERWAKILAN,D,WAINGAPU,SUMBA ,Gate KOE,SUB AGEN MELOLO,SCHEDULE H+2 INBOUND WGP
KOE21008,Nusa Tenggara Timur (NTT),Sumba Timur ,Karera,Nggongi,87172,KANTOR PERWAKILAN,D,WAINGAPU,SUMBA ,Gate KOE,SUB AGEN MELOLO,SCHEDULE H+2 INBOUND WGP
KOE21008,Nusa Tenggara Timur (NTT),Sumba Timur ,Karera,Praimadita,87172,KANTOR PERWAKILAN,D,WAINGAPU,SUMBA ,Gate KOE,SUB AGEN MELOLO,SCHEDULE H+2 INBOUND WGP
KOE21008,Nusa Tenggara Timur (NTT),Sumba Timur ,Karera,Praisalura,87172,KANTOR PERWAKILAN,D,WAINGAPU,SUMBA ,Gate KOE,SUB AGEN MELOLO,SCHEDULE H+2 INBOUND WGP
KOE21018,Nusa Tenggara Timur (NTT),Sumba Timur ,Mahu,Haray (Harai),87171,KANTOR PERWAKILAN,D,WAINGAPU,SUMBA ,Gate KOE,SUB AGEN MELOLO,SCHEDULE H+2 INBOUND WGP
KOE21018,Nusa Tenggara Timur (NTT),Sumba Timur ,Mahu,La Hiru,87171,KANTOR PERWAKILAN,D,WAINGAPU,SUMBA ,Gate KOE,SUB AGEN MELOLO,SCHEDULE H+2 INBOUND WGP
KOE21018,Nusa Tenggara Timur (NTT),Sumba Timur ,Mahu,Lujundilu,87171,KANTOR PERWAKILAN,D,WAINGAPU,SUMBA ,Gate KOE,SUB AGEN MELOLO,SCHEDULE H+2 INBOUND WGP
KOE21018,Nusa Tenggara Timur (NTT),Sumba Timur ,Mahu,Patamawai,87171,KANTOR PERWAKILAN,D,WAINGAPU,SUMBA ,Gate KOE,SUB AGEN MELOLO,SCHEDULE H+2 INBOUND WGP
KOE21018,Nusa Tenggara Timur (NTT),Sumba Timur ,Mahu,Praikalala,87171,KANTOR PERWAKILAN,D,WAINGAPU,SUMBA ,Gate KOE,SUB AGEN MELOLO,SCHEDULE H+2 INBOUND WGP
KOE21018,Nusa Tenggara Timur (NTT),Sumba Timur ,Mahu,Wairara,87171,KANTOR PERWAKILAN,D,WAINGAPU,SUMBA ,Gate KOE,SUB AGEN MELOLO,SCHEDULE H+2 INBOUND WGP
KOE21017,Nusa Tenggara Timur (NTT),Sumba Timur ,Ngadu Ngala,Hambautang (Hamba Wutang),87172,KANTOR PERWAKILAN,D,WAINGAPU,SUMBA ,Gate KOE,SUB AGEN MELOLO,SCHEDULE H+2 INBOUND WGP
KOE21017,Nusa Tenggara Timur (NTT),Sumba Timur ,Ngadu Ngala,Prai Witu,87172,KANTOR PERWAKILAN,D,WAINGAPU,SUMBA ,Gate KOE,SUB AGEN MELOLO,SCHEDULE H+2 INBOUND WGP
KOE21017,Nusa Tenggara Timur (NTT),Sumba Timur ,Ngadu Ngala,Kabanda,87172,KANTOR PERWAKILAN,D,WAINGAPU,SUMBA ,Gate KOE,SUB AGEN MELOLO,SCHEDULE H+2 INBOUND WGP
KOE21017,Nusa Tenggara Timur (NTT),Sumba Timur ,Ngadu Ngala,Kakaha,87172,KANTOR PERWAKILAN,D,WAINGAPU,SUMBA ,Gate KOE,SUB AGEN MELOLO,SCHEDULE H+2 INBOUND WGP
KOE21017,Nusa Tenggara Timur (NTT),Sumba Timur ,Ngadu Ngala,Prauraming,87172,KANTOR PERWAKILAN,D,WAINGAPU,SUMBA ,Gate KOE,SUB AGEN MELOLO,SCHEDULE H+2 INBOUND WGP
KOE21002,Nusa Tenggara Timur (NTT),Sumba Timur ,Paberiwai,Mahangwatu (Mehang Mata),87171,KANTOR PERWAKILAN,D,WAINGAPU,SUMBA ,Gate KOE,SUB AGEN MELOLO,SCHEDULE H+2 INBOUND WGP
KOE21002,Nusa Tenggara Timur (NTT),Sumba Timur ,Paberiwai,Pabera Tanera/Manera,87171,KANTOR PERWAKILAN,D,WAINGAPU,SUMBA ,Gate KOE,SUB AGEN MELOLO,SCHEDULE H+2 INBOUND WGP
KOE21002,Nusa Tenggara Timur (NTT),Sumba Timur ,Paberiwai,Kananggar,87171,KANTOR PERWAKILAN,D,WAINGAPU,SUMBA ,Gate KOE,SUB AGEN MELOLO,SCHEDULE H+2 INBOUND WGP
KOE21002,Nusa Tenggara Timur (NTT),Sumba Timur ,Paberiwai,Karera Jangga,87171,KANTOR PERWAKILAN,D,WAINGAPU,SUMBA ,Gate KOE,SUB AGEN MELOLO,SCHEDULE H+2 INBOUND WGP
KOE21002,Nusa Tenggara Timur (NTT),Sumba Timur ,Paberiwai,Laitaku,87171,KANTOR PERWAKILAN,D,WAINGAPU,SUMBA ,Gate KOE,SUB AGEN MELOLO,SCHEDULE H+2 INBOUND WGP
KOE21002,Nusa Tenggara Timur (NTT),Sumba Timur ,Paberiwai,Prai Mbana,87171,KANTOR PERWAKILAN,D,WAINGAPU,SUMBA ,Gate KOE,SUB AGEN MELOLO,SCHEDULE H+2 INBOUND WGP
KOE21002,Nusa Tenggara Timur (NTT),Sumba Timur ,Paberiwai,Winumuru,87171,KANTOR PERWAKILAN,D,WAINGAPU,SUMBA ,Gate KOE,SUB AGEN MELOLO,SCHEDULE H+2 INBOUND WGP
KOE21003,Nusa Tenggara Timur (NTT),Sumba Timur ,Pahunga Lodu,Tanamanang,87182,KANTOR PERWAKILAN,D,WAINGAPU,SUMBA ,Gate KOE,SUB AGEN MELOLO,SCHEDULE H+2 INBOUND WGP
KOE21003,Nusa Tenggara Timur (NTT),Sumba Timur ,Pahunga Lodu,Kaliuda,87182,KANTOR PERWAKILAN,D,WAINGAPU,SUMBA ,Gate KOE,SUB AGEN MELOLO,SCHEDULE H+2 INBOUND WGP
KOE21003,Nusa Tenggara Timur (NTT),Sumba Timur ,Pahunga Lodu,Kuruwaki,87182,KANTOR PERWAKILAN,D,WAINGAPU,SUMBA ,Gate KOE,SUB AGEN MELOLO,SCHEDULE H+2 INBOUND WGP
KOE21003,Nusa Tenggara Timur (NTT),Sumba Timur ,Pahunga Lodu,Lambakara,87182,KANTOR PERWAKILAN,D,WAINGAPU,SUMBA ,Gate KOE,SUB AGEN MELOLO,SCHEDULE H+2 INBOUND WGP
KOE21003,Nusa Tenggara Timur (NTT),Sumba Timur ,Pahunga Lodu,Mburukulu,87182,KANTOR PERWAKILAN,D,WAINGAPU,SUMBA ,Gate KOE,SUB AGEN MELOLO,SCHEDULE H+2 INBOUND WGP
KOE21003,Nusa Tenggara Timur (NTT),Sumba Timur ,Pahunga Lodu,Palanggai,87182,KANTOR PERWAKILAN,D,WAINGAPU,SUMBA ,Gate KOE,SUB AGEN MELOLO,SCHEDULE H+2 INBOUND WGP
KOE21003,Nusa Tenggara Timur (NTT),Sumba Timur ,Pahunga Lodu,Pamburu,87182,KANTOR PERWAKILAN,D,WAINGAPU,SUMBA ,Gate KOE,SUB AGEN MELOLO,SCHEDULE H+2 INBOUND WGP
KOE21003,Nusa Tenggara Timur (NTT),Sumba Timur ,Pahunga Lodu,Tamma,87182,KANTOR PERWAKILAN,D,WAINGAPU,SUMBA ,Gate KOE,SUB AGEN MELOLO,SCHEDULE H+2 INBOUND WGP
KOE21014,Nusa Tenggara Timur (NTT),Sumba Timur ,Rindi,Haikatapu (Heikatapu),87181,KANTOR PERWAKILAN,D,WAINGAPU,SUMBA ,Gate KOE,SUB AGEN MELOLO,SCHEDULE H+2 INBOUND WGP
KOE21014,Nusa Tenggara Timur (NTT),Sumba Timur ,Rindi,Hanggaroru,87181,KANTOR PERWAKILAN,D,WAINGAPU,SUMBA ,Gate KOE,SUB AGEN MELOLO,SCHEDULE H+2 INBOUND WGP
KOE21014,Nusa Tenggara Timur (NTT),Sumba Timur ,Rindi,Lai Lanjang,87181,KANTOR PERWAKILAN,D,WAINGAPU,SUMBA ,Gate KOE,SUB AGEN MELOLO,SCHEDULE H+2 INBOUND WGP
KOE21014,Nusa Tenggara Timur (NTT),Sumba Timur ,Rindi,Kabaru,87181,KANTOR PERWAKILAN,D,WAINGAPU,SUMBA ,Gate KOE,SUB AGEN MELOLO,SCHEDULE H+2 INBOUND WGP
KOE21014,Nusa Tenggara Timur (NTT),Sumba Timur ,Rindi,Kayuri,87181,KANTOR PERWAKILAN,D,WAINGAPU,SUMBA ,Gate KOE,SUB AGEN MELOLO,SCHEDULE H+2 INBOUND WGP
KOE21014,Nusa Tenggara Timur (NTT),Sumba Timur ,Rindi,Rindi,87181,KANTOR PERWAKILAN,D,WAINGAPU,SUMBA ,Gate KOE,SUB AGEN MELOLO,SCHEDULE H+2 INBOUND WGP
KOE21014,Nusa Tenggara Timur (NTT),Sumba Timur ,Rindi,Tamburi,87181,KANTOR PERWAKILAN,D,WAINGAPU,SUMBA ,Gate KOE,SUB AGEN MELOLO,SCHEDULE H+2 INBOUND WGP
KOE21014,Nusa Tenggara Timur (NTT),Sumba Timur ,Rindi,Tanaraing,87181,KANTOR PERWAKILAN,D,WAINGAPU,SUMBA ,Gate KOE,SUB AGEN MELOLO,SCHEDULE H+2 INBOUND WGP
KOE21015,Nusa Tenggara Timur (NTT),Sumba Timur ,Umalulu,Watu Hadang,87181,KANTOR PERWAKILAN,D,WAINGAPU,SUMBA ,Gate KOE,SUB AGEN MELOLO,SCHEDULE H+2 INBOUND WGP
KOE21015,Nusa Tenggara Timur (NTT),Sumba Timur ,Umalulu,Watukuda (Watu Puda),87181,KANTOR PERWAKILAN,D,WAINGAPU,SUMBA ,Gate KOE,SUB AGEN MELOLO,SCHEDULE H+2 INBOUND WGP
KOE21015,Nusa Tenggara Timur (NTT),Sumba Timur ,Umalulu,Lairuru,87181,KANTOR PERWAKILAN,D,WAINGAPU,SUMBA ,Gate KOE,SUB AGEN MELOLO,SCHEDULE H+2 INBOUND WGP
KOE21015,Nusa Tenggara Timur (NTT),Sumba Timur ,Umalulu,Lumbukore,87181,KANTOR PERWAKILAN,D,WAINGAPU,SUMBA ,Gate KOE,SUB AGEN MELOLO,SCHEDULE H+2 INBOUND WGP
KOE21015,Nusa Tenggara Timur (NTT),Sumba Timur ,Umalulu,Matawai Atu,87181,KANTOR PERWAKILAN,D,WAINGAPU,SUMBA ,Gate KOE,SUB AGEN MELOLO,SCHEDULE H+2 INBOUND WGP
KOE21015,Nusa Tenggara Timur (NTT),Sumba Timur ,Umalulu,Mutunggeding,87181,KANTOR PERWAKILAN,D,WAINGAPU,SUMBA ,Gate KOE,SUB AGEN MELOLO,SCHEDULE H+2 INBOUND WGP
KOE21015,Nusa Tenggara Timur (NTT),Sumba Timur ,Umalulu,Ngaru Kanoru,87181,KANTOR PERWAKILAN,D,WAINGAPU,SUMBA ,Gate KOE,SUB AGEN MELOLO,SCHEDULE H+2 INBOUND WGP
KOE21015,Nusa Tenggara Timur (NTT),Sumba Timur ,Umalulu,Patawang,87181,KANTOR PERWAKILAN,D,WAINGAPU,SUMBA ,Gate KOE,SUB AGEN MELOLO,SCHEDULE H+2 INBOUND WGP
KOE21015,Nusa Tenggara Timur (NTT),Sumba Timur ,Umalulu,Umalulu,87181,KANTOR PERWAKILAN,D,WAINGAPU,SUMBA ,Gate KOE,SUB AGEN MELOLO,SCHEDULE H+2 INBOUND WGP
KOE21015,Nusa Tenggara Timur (NTT),Sumba Timur ,Umalulu,Wanga,87181,KANTOR PERWAKILAN,D,WAINGAPU,SUMBA ,Gate KOE,SUB AGEN MELOLO,SCHEDULE H+2 INBOUND WGP
KOE21016,Nusa Tenggara Timur (NTT),Sumba Timur ,Wula Waijelu,La Tena,87182,KANTOR PERWAKILAN,D,WAINGAPU,SUMBA ,Gate KOE,SUB AGEN MELOLO,SCHEDULE H+2 INBOUND WGP
KOE21016,Nusa Tenggara Timur (NTT),Sumba Timur ,Wula Waijelu,Wulla (Wula),87182,KANTOR PERWAKILAN,D,WAINGAPU,SUMBA ,Gate KOE,SUB AGEN MELOLO,SCHEDULE H+2 INBOUND WGP
KOE21016,Nusa Tenggara Timur (NTT),Sumba Timur ,Wula Waijelu,Hadakamali,87182,KANTOR PERWAKILAN,D,WAINGAPU,SUMBA ,Gate KOE,SUB AGEN MELOLO,SCHEDULE H+2 INBOUND WGP
KOE21016,Nusa Tenggara Timur (NTT),Sumba Timur ,Wula Waijelu,Lainjanji,87182,KANTOR PERWAKILAN,D,WAINGAPU,SUMBA ,Gate KOE,SUB AGEN MELOLO,SCHEDULE H+2 INBOUND WGP
KOE21016,Nusa Tenggara Timur (NTT),Sumba Timur ,Wula Waijelu,Laipandak,87182,KANTOR PERWAKILAN,D,WAINGAPU,SUMBA ,Gate KOE,SUB AGEN MELOLO,SCHEDULE H+2 INBOUND WGP
KOE21016,Nusa Tenggara Timur (NTT),Sumba Timur ,Wula Waijelu,Lumbu Manggit,87182,KANTOR PERWAKILAN,D,WAINGAPU,SUMBA ,Gate KOE,SUB AGEN MELOLO,SCHEDULE H+2 INBOUND WGP
KOE21016,Nusa Tenggara Timur (NTT),Sumba Timur ,Wula Waijelu,Paranda,87182,KANTOR PERWAKILAN,D,WAINGAPU,SUMBA ,Gate KOE,SUB AGEN MELOLO,SCHEDULE H+2 INBOUND WGP
KOE21021,Nusa Tenggara Timur (NTT),Sumba Timur ,Kambera,Kiri Tana (Kiritana),87114,KANTOR PERWAKILAN,B,WAINGAPU,SUMBA ,Gate KOE,CABANG WAINGAPU,Rabu dan Jumad
KOE21021,Nusa Tenggara Timur (NTT),Sumba Timur ,Kambera,Mauliru,87116,KANTOR PERWAKILAN,B,WAINGAPU,SUMBA ,Gate KOE,CABANG WAINGAPU,Rabu dan Jumad
KOE21021,Nusa Tenggara Timur (NTT),Sumba Timur ,Kambera,Lambanapu,87115,KANTOR PERWAKILAN,B,WAINGAPU,SUMBA ,Gate KOE,CABANG WAINGAPU,Rabu dan Jumad
KOE21021,Nusa Tenggara Timur (NTT),Sumba Timur ,Kambera,Malumbi,87116,KANTOR PERWAKILAN,B,WAINGAPU,SUMBA ,Gate KOE,CABANG WAINGAPU,Rabu dan Jumad
KOE21007,Nusa Tenggara Timur (NTT),Sumba Timur ,Kahaunguweti (Kahaungu Eti),Kamanggih,87171,KANTOR PERWAKILAN,D,WAINGAPU,SUMBA ,Gate KOE,CABANG WAINGAPU,Kamis dan Sabtu
KOE21007,Nusa Tenggara Timur (NTT),Sumba Timur ,Kahaunguweti (Kahaungu Eti),Kotak Kawau,87171,KANTOR PERWAKILAN,D,WAINGAPU,SUMBA ,Gate KOE,CABANG WAINGAPU,Kamis dan Sabtu
KOE21007,Nusa Tenggara Timur (NTT),Sumba Timur ,Kahaunguweti (Kahaungu Eti),Lai Mbonga,87171,KANTOR PERWAKILAN,D,WAINGAPU,SUMBA ,Gate KOE,CABANG WAINGAPU,Kamis dan Sabtu
KOE21022,Nusa Tenggara Timur (NTT),Sumba Timur ,Kambata Mapambuhang,Lai Meta,87171,KANTOR PERWAKILAN,D,WAINGAPU,SUMBA ,Gate KOE,CABANG WAINGAPU,Kamis dan Sabtu
KOE21022,Nusa Tenggara Timur (NTT),Sumba Timur ,Kambata Mapambuhang,Luku Wingir (Wikir),87116,KANTOR PERWAKILAN,D,WAINGAPU,SUMBA ,Gate KOE,CABANG WAINGAPU,Kamis dan Sabtu
KOE21022,Nusa Tenggara Timur (NTT),Sumba Timur ,Kambata Mapambuhang,Mahu Bokul,87171,KANTOR PERWAKILAN,D,WAINGAPU,SUMBA ,Gate KOE,CABANG WAINGAPU,Kamis dan Sabtu
KOE21022,Nusa Tenggara Timur (NTT),Sumba Timur ,Kambata Mapambuhang,Waibidi (Waimbidi),87171,KANTOR PERWAKILAN,D,WAINGAPU,SUMBA ,Gate KOE,CABANG WAINGAPU,Kamis dan Sabtu
KOE21022,Nusa Tenggara Timur (NTT),Sumba Timur ,Kambata Mapambuhang,Maidang,87171,KANTOR PERWAKILAN,D,WAINGAPU,SUMBA ,Gate KOE,CABANG WAINGAPU,Kamis dan Sabtu
KOE21022,Nusa Tenggara Timur (NTT),Sumba Timur ,Kambata Mapambuhang,Marada Mundi,87171,KANTOR PERWAKILAN,D,WAINGAPU,SUMBA ,Gate KOE,CABANG WAINGAPU,Kamis dan Sabtu
KOE21010,Nusa Tenggara Timur (NTT),Sumba Timur ,Matawai Lappau (La Pawu),Katiku Tana,87171,KANTOR PERWAKILAN,D,WAINGAPU,SUMBA ,Gate KOE,CABANG WAINGAPU,Kamis dan Sabtu
KOE21010,Nusa Tenggara Timur (NTT),Sumba Timur ,Matawai Lappau (La Pawu),Prai Bokul/Bakul,87171,KANTOR PERWAKILAN,D,WAINGAPU,SUMBA ,Gate KOE,CABANG WAINGAPU,Kamis dan Sabtu
KOE21010,Nusa Tenggara Timur (NTT),Sumba Timur ,Matawai Lappau (La Pawu),Karipi,87171,KANTOR PERWAKILAN,D,WAINGAPU,SUMBA ,Gate KOE,CABANG WAINGAPU,Kamis dan Sabtu
KOE21010,Nusa Tenggara Timur (NTT),Sumba Timur ,Matawai Lappau (La Pawu),Katiku Luku,87171,KANTOR PERWAKILAN,D,WAINGAPU,SUMBA ,Gate KOE,CABANG WAINGAPU,Kamis dan Sabtu
KOE21010,Nusa Tenggara Timur (NTT),Sumba Timur ,Matawai Lappau (La Pawu),Katiku Wai,87171,KANTOR PERWAKILAN,D,WAINGAPU,SUMBA ,Gate KOE,CABANG WAINGAPU,Kamis dan Sabtu
KOE21010,Nusa Tenggara Timur (NTT),Sumba Timur ,Matawai Lappau (La Pawu),Wangga Meti,87171,KANTOR PERWAKILAN,D,WAINGAPU,SUMBA ,Gate KOE,CABANG WAINGAPU,Kamis dan Sabtu
KOE21012,Nusa Tenggara Timur (NTT),Sumba Timur ,Pandawai,Kambata Tana,87171,KANTOR PERWAKILAN,D,WAINGAPU,SUMBA ,Gate KOE,CABANG WAINGAPU,Kamis dan Sabtu
KOE21012,Nusa Tenggara Timur (NTT),Sumba Timur ,Pandawai,Kadumbul,87171,KANTOR PERWAKILAN,D,WAINGAPU,SUMBA ,Gate KOE,CABANG WAINGAPU,Kamis dan Sabtu
KOE21012,Nusa Tenggara Timur (NTT),Sumba Timur ,Pandawai,Kawangu,87171,KANTOR PERWAKILAN,D,WAINGAPU,SUMBA ,Gate KOE,CABANG WAINGAPU,Kamis dan Sabtu
KOE21012,Nusa Tenggara Timur (NTT),Sumba Timur ,Pandawai,Laindeha,87171,KANTOR PERWAKILAN,D,WAINGAPU,SUMBA ,Gate KOE,CABANG WAINGAPU,Kamis dan Sabtu
KOE21012,Nusa Tenggara Timur (NTT),Sumba Timur ,Pandawai,Maubokul,87171,KANTOR PERWAKILAN,D,WAINGAPU,SUMBA ,Gate KOE,CABANG WAINGAPU,Kamis dan Sabtu
KOE21012,Nusa Tenggara Timur (NTT),Sumba Timur ,Pandawai,Palakahembi,87171,KANTOR PERWAKILAN,D,WAINGAPU,SUMBA ,Gate KOE,CABANG WAINGAPU,Kamis dan Sabtu
KOE21012,Nusa Tenggara Timur (NTT),Sumba Timur ,Pandawai,Watumbaka,87171,KANTOR PERWAKILAN,D,WAINGAPU,SUMBA ,Gate KOE,CABANG WAINGAPU,Kamis dan Sabtu
KOE21008,Nusa Tenggara Timur (NTT),Sumba Timur ,Karera,Tandula Jangga,87172,KANTOR PERWAKILAN,D,WAINGAPU,SUMBA ,Gate KOE,SUB AGEN MELOLO,(CASH) SCHEDULE H+2 INBOUND WGP / HARI SELASA DAN JUMAT (COD)
KOE21020,Nusa Tenggara Timur (NTT),Sumba Timur ,Katala Hamu Lingu,Kompa Pari (Kombapari),87152,KANTOR PERWAKILAN,D,WAINGAPU,SUMBA ,Gate KOE,(CASH) SUB AGEN LEWA / (COD) CABANG WGP,(CASH) SCHEDULE H+2 INBOUND WGP / HARI SELASA DAN JUMAT (COD)
KOE21020,Nusa Tenggara Timur (NTT),Sumba Timur ,Katala Hamu Lingu,Lai Lara,87152,KANTOR PERWAKILAN,D,WAINGAPU,SUMBA ,Gate KOE,(CASH) SUB AGEN LEWA / (COD) CABANG WGP,(CASH) SCHEDULE H+2 INBOUND WGP / HARI SELASA DAN JUMAT (COD)
KOE21020,Nusa Tenggara Timur (NTT),Sumba Timur ,Katala Hamu Lingu,Prai Bakul,87152,KANTOR PERWAKILAN,D,WAINGAPU,SUMBA ,Gate KOE,(CASH) SUB AGEN LEWA / (COD) CABANG WGP,(CASH) SCHEDULE H+2 INBOUND WGP / HARI SELASA DAN JUMAT (COD)
KOE21020,Nusa Tenggara Timur (NTT),Sumba Timur ,Katala Hamu Lingu,Mandahu,87152,KANTOR PERWAKILAN,D,WAINGAPU,SUMBA ,Gate KOE,(CASH) SUB AGEN LEWA / (COD) CABANG WGP,(CASH) SCHEDULE H+2 INBOUND WGP / HARI SELASA DAN JUMAT (COD)
KOE21020,Nusa Tenggara Timur (NTT),Sumba Timur ,Katala Hamu Lingu,Matawai Amahu,87152,KANTOR PERWAKILAN,D,WAINGAPU,SUMBA ,Gate KOE,(CASH) SUB AGEN LEWA / (COD) CABANG WGP,(CASH) SCHEDULE H+2 INBOUND WGP / HARI SELASA DAN JUMAT (COD)
KOE21001,Nusa Tenggara Timur (NTT),Sumba Timur ,Lewa,Kambu Hapang,87152,KANTOR PERWAKILAN,D,WAINGAPU,SUMBA ,Gate KOE,(CASH) SUB AGEN LEWA / (COD) CABANG WGP,(CASH) SCHEDULE H+2 INBOUND WGP / HARI SELASA DAN JUMAT (COD)
KOE21001,Nusa Tenggara Timur (NTT),Sumba Timur ,Lewa,Lewapaku,87152,KANTOR PERWAKILAN,D,WAINGAPU,SUMBA ,Gate KOE,(CASH) SUB AGEN LEWA / (COD) CABANG WGP,(CASH) SCHEDULE H+2 INBOUND WGP / HARI SELASA DAN JUMAT (COD)
KOE21001,Nusa Tenggara Timur (NTT),Sumba Timur ,Lewa,Bidi Hunga,87152,KANTOR PERWAKILAN,D,WAINGAPU,SUMBA ,Gate KOE,(CASH) SUB AGEN LEWA / (COD) CABANG WGP,(CASH) SCHEDULE H+2 INBOUND WGP / HARI SELASA DAN JUMAT (COD)
KOE21001,Nusa Tenggara Timur (NTT),Sumba Timur ,Lewa,Kambata Wundut,87152,KANTOR PERWAKILAN,D,WAINGAPU,SUMBA ,Gate KOE,(CASH) SUB AGEN LEWA / (COD) CABANG WGP,(CASH) SCHEDULE H+2 INBOUND WGP / HARI SELASA DAN JUMAT (COD)
KOE21001,Nusa Tenggara Timur (NTT),Sumba Timur ,Lewa,Kondamara,87152,KANTOR PERWAKILAN,D,WAINGAPU,SUMBA ,Gate KOE,(CASH) SUB AGEN LEWA / (COD) CABANG WGP,(CASH) SCHEDULE H+2 INBOUND WGP / HARI SELASA DAN JUMAT (COD)
KOE21001,Nusa Tenggara Timur (NTT),Sumba Timur ,Lewa,Matawai Pawali,87152,KANTOR PERWAKILAN,D,WAINGAPU,SUMBA ,Gate KOE,(CASH) SUB AGEN LEWA / (COD) CABANG WGP,(CASH) SCHEDULE H+2 INBOUND WGP / HARI SELASA DAN JUMAT (COD)
KOE21001,Nusa Tenggara Timur (NTT),Sumba Timur ,Lewa,Rakawatu,87152,KANTOR PERWAKILAN,D,WAINGAPU,SUMBA ,Gate KOE,(CASH) SUB AGEN LEWA / (COD) CABANG WGP,(CASH) SCHEDULE H+2 INBOUND WGP / HARI SELASA DAN JUMAT (COD)
KOE21001,Nusa Tenggara Timur (NTT),Sumba Timur ,Lewa,Tanarara,87152,KANTOR PERWAKILAN,D,WAINGAPU,SUMBA ,Gate KOE,(CASH) SUB AGEN LEWA / (COD) CABANG WGP,(CASH) SCHEDULE H+2 INBOUND WGP / HARI SELASA DAN JUMAT (COD)
KOE21019,Nusa Tenggara Timur (NTT),Sumba Timur ,Lewa Tidahu,Laihawu,87152,KANTOR PERWAKILAN,D,WAINGAPU,SUMBA ,Gate KOE,(CASH) SUB AGEN LEWA / (COD) CABANG WGP,(CASH) SCHEDULE H+2 INBOUND WGP / HARI SELASA DAN JUMAT (COD)
KOE21019,Nusa Tenggara Timur (NTT),Sumba Timur ,Lewa Tidahu,Mondu Lambi,87152,KANTOR PERWAKILAN,D,WAINGAPU,SUMBA ,Gate KOE,(CASH) SUB AGEN LEWA / (COD) CABANG WGP,(CASH) SCHEDULE H+2 INBOUND WGP / HARI SELASA DAN JUMAT (COD)
KOE21019,Nusa Tenggara Timur (NTT),Sumba Timur ,Lewa Tidahu,BidiPraing,87152,KANTOR PERWAKILAN,D,WAINGAPU,SUMBA ,Gate KOE,(CASH) SUB AGEN LEWA / (COD) CABANG WGP,(CASH) SCHEDULE H+2 INBOUND WGP / HARI SELASA DAN JUMAT (COD)
KOE21019,Nusa Tenggara Timur (NTT),Sumba Timur ,Lewa Tidahu,Kangeli,87152,KANTOR PERWAKILAN,D,WAINGAPU,SUMBA ,Gate KOE,(CASH) SUB AGEN LEWA / (COD) CABANG WGP,(CASH) SCHEDULE H+2 INBOUND WGP / HARI SELASA DAN JUMAT (COD)
KOE21019,Nusa Tenggara Timur (NTT),Sumba Timur ,Lewa Tidahu,Umamanu,87152,KANTOR PERWAKILAN,D,WAINGAPU,SUMBA ,Gate KOE,(CASH) SUB AGEN LEWA / (COD) CABANG WGP,(CASH) SCHEDULE H+2 INBOUND WGP / HARI SELASA DAN JUMAT (COD)
KOE21019,Nusa Tenggara Timur (NTT),Sumba Timur ,Lewa Tidahu,Watumbelar,87152,KANTOR PERWAKILAN,D,WAINGAPU,SUMBA ,Gate KOE,(CASH) SUB AGEN LEWA / (COD) CABANG WGP,(CASH) SCHEDULE H+2 INBOUND WGP / HARI SELASA DAN JUMAT (COD)
KOE21011,Nusa Tenggara Timur (NTT),Sumba Timur ,Nggaha Oriangu,Ngadulangi,87152,KANTOR PERWAKILAN,C,WAINGAPU,SUMBA ,Gate KOE,(CASH) SUB AGEN LEWA / (COD) CABANG WGP,(CASH) SCHEDULE H+2 INBOUND WGP / HARI SELASA DAN JUMAT (COD)
KOE21011,Nusa Tenggara Timur (NTT),Sumba Timur ,Nggaha Oriangu,Prai Karang,87152,KANTOR PERWAKILAN,C,WAINGAPU,SUMBA ,Gate KOE,(CASH) SUB AGEN LEWA / (COD) CABANG WGP,(CASH) SCHEDULE H+2 INBOUND WGP / HARI SELASA DAN JUMAT (COD)
KOE21011,Nusa Tenggara Timur (NTT),Sumba Timur ,Nggaha Oriangu,Prai Paha,87152,KANTOR PERWAKILAN,C,WAINGAPU,SUMBA ,Gate KOE,(CASH) SUB AGEN LEWA / (COD) CABANG WGP,(CASH) SCHEDULE H+2 INBOUND WGP / HARI SELASA DAN JUMAT (COD)
KOE21011,Nusa Tenggara Timur (NTT),Sumba Timur ,Nggaha Oriangu,Kahiri,87152,KANTOR PERWAKILAN,C,WAINGAPU,SUMBA ,Gate KOE,(CASH) SUB AGEN LEWA / (COD) CABANG WGP,(CASH) SCHEDULE H+2 INBOUND WGP / HARI SELASA DAN JUMAT (COD)
KOE21011,Nusa Tenggara Timur (NTT),Sumba Timur ,Nggaha Oriangu,Makamenggit,87152,KANTOR PERWAKILAN,C,WAINGAPU,SUMBA ,Gate KOE,(CASH) SUB AGEN LEWA / (COD) CABANG WGP,(CASH) SCHEDULE H+2 INBOUND WGP / HARI SELASA DAN JUMAT (COD)
KOE21011,Nusa Tenggara Timur (NTT),Sumba Timur ,Nggaha Oriangu,Pulu Panjang,87152,KANTOR PERWAKILAN,C,WAINGAPU,SUMBA ,Gate KOE,(CASH) SUB AGEN LEWA / (COD) CABANG WGP,(CASH) SCHEDULE H+2 INBOUND WGP / HARI SELASA DAN JUMAT (COD)
KOE21011,Nusa Tenggara Timur (NTT),Sumba Timur ,Nggaha Oriangu,Tanatuku,87152,KANTOR PERWAKILAN,C,WAINGAPU,SUMBA ,Gate KOE,(CASH) SUB AGEN LEWA / (COD) CABANG WGP,(CASH) SCHEDULE H+2 INBOUND WGP / HARI SELASA DAN JUMAT (COD)
KOE21011,Nusa Tenggara Timur (NTT),Sumba Timur ,Nggaha Oriangu,Tandula Jangga,87152,KANTOR PERWAKILAN,C,WAINGAPU,SUMBA ,Gate KOE,(CASH) SUB AGEN LEWA / (COD) CABANG WGP,(CASH) SCHEDULE H+2 INBOUND WGP / HARI SELASA DAN JUMAT (COD)
KOE21005,Nusa Tenggara Timur (NTT),Sumba Timur ,Tabundung,Pindu Horomi (Hurani),87161,KANTOR PERWAKILAN,D,WAINGAPU,SUMBA ,Gate KOE,(CASH) SUB AGEN LEWA / (COD) CABANG WGP,(CASH) SCHEDULE H+2 INBOUND WGP / HARI SELASA DAN JUMAT (COD)
KOE21005,Nusa Tenggara Timur (NTT),Sumba Timur ,Tabundung,Bangga Watu,87161,KANTOR PERWAKILAN,D,WAINGAPU,SUMBA ,Gate KOE,(CASH) SUB AGEN LEWA / (COD) CABANG WGP,(CASH) SCHEDULE H+2 INBOUND WGP / HARI SELASA DAN JUMAT (COD)
KOE21005,Nusa Tenggara Timur (NTT),Sumba Timur ,Tabundung,Billa,87161,KANTOR PERWAKILAN,D,WAINGAPU,SUMBA ,Gate KOE,(CASH) SUB AGEN LEWA / (COD) CABANG WGP,(CASH) SCHEDULE H+2 INBOUND WGP / HARI SELASA DAN JUMAT (COD)
KOE21005,Nusa Tenggara Timur (NTT),Sumba Timur ,Tabundung,Karita,87161,KANTOR PERWAKILAN,D,WAINGAPU,SUMBA ,Gate KOE,(CASH) SUB AGEN LEWA / (COD) CABANG WGP,(CASH) SCHEDULE H+2 INBOUND WGP / HARI SELASA DAN JUMAT (COD)
KOE21005,Nusa Tenggara Timur (NTT),Sumba Timur ,Tabundung,Kuki Talu,87161,KANTOR PERWAKILAN,D,WAINGAPU,SUMBA ,Gate KOE,(CASH) SUB AGEN LEWA / (COD) CABANG WGP,(CASH) SCHEDULE H+2 INBOUND WGP / HARI SELASA DAN JUMAT (COD)
KOE21005,Nusa Tenggara Timur (NTT),Sumba Timur ,Tabundung,Praing Kareha,87161,KANTOR PERWAKILAN,D,WAINGAPU,SUMBA ,Gate KOE,(CASH) SUB AGEN LEWA / (COD) CABANG WGP,(CASH) SCHEDULE H+2 INBOUND WGP / HARI SELASA DAN JUMAT (COD)
KOE21005,Nusa Tenggara Timur (NTT),Sumba Timur ,Tabundung,Tapil,87161,KANTOR PERWAKILAN,D,WAINGAPU,SUMBA ,Gate KOE,(CASH) SUB AGEN LEWA / (COD) CABANG WGP,(CASH) SCHEDULE H+2 INBOUND WGP / HARI SELASA DAN JUMAT (COD)
KOE21005,Nusa Tenggara Timur (NTT),Sumba Timur ,Tabundung,Tarimbang,87161,KANTOR PERWAKILAN,D,WAINGAPU,SUMBA ,Gate KOE,(CASH) SUB AGEN LEWA / (COD) CABANG WGP,(CASH) SCHEDULE H+2 INBOUND WGP / HARI SELASA DAN JUMAT (COD)
KOE21005,Nusa Tenggara Timur (NTT),Sumba Timur ,Tabundung,Waikanabu,87161,KANTOR PERWAKILAN,D,WAINGAPU,SUMBA ,Gate KOE,(CASH) SUB AGEN LEWA / (COD) CABANG WGP,(CASH) SCHEDULE H+2 INBOUND WGP / HARI SELASA DAN JUMAT (COD)
KOE21005,Nusa Tenggara Timur (NTT),Sumba Timur ,Tabundung,Wudi Pandak,87161,KANTOR PERWAKILAN,D,WAINGAPU,SUMBA ,Gate KOE,(CASH) SUB AGEN LEWA / (COD) CABANG WGP,(CASH) SCHEDULE H+2 INBOUND WGP / HARI SELASA DAN JUMAT (COD)
LBJ10000,Nusa Tenggara Timur (NTT),Labuan Bajo,Labuan Bajo,Labuan Bajo,0,,,LABUAN BAJO,FLORES,,,
LBJ10001,Nusa Tenggara Timur (NTT),Manggarai Barat ,Komodo,Batu Cermin,86754,,,LABUAN BAJO,FLORES,,,
LBJ10002,Nusa Tenggara Timur (NTT),Manggarai Barat ,Lembor,Daleng,86753,,,LABUAN BAJO,FLORES,,,
LBJ10003,Nusa Tenggara Timur (NTT),Manggarai Barat ,Macang Pacar,Bari,86756,,,LABUAN BAJO,FLORES,,,
LBJ10004,Nusa Tenggara Timur (NTT),Manggarai Barat ,Sano Nggoang,Golo Kempo,86757,,,LABUAN BAJO,FLORES,,,
LBJ10005,Nusa Tenggara Timur (NTT),Manggarai Barat ,Kuwus,Bangka Lewat,86752,,,LABUAN BAJO,FLORES,,,
LBJ10100,Nusa Tenggara Timur (NTT),Manggarai Timur ,Borong,Bea Ngencung,86571,,,BORONG,FLORES,,,
LBJ10101,Nusa Tenggara Timur (NTT),Manggarai Timur ,Elar,Biting,86581,,,BORONG,FLORES,,,
LBJ10102,Nusa Tenggara Timur (NTT),Manggarai Timur ,Lamba Leda,Compang Deru,86582,,,BORONG,FLORES,,,
LBJ10103,Nusa Tenggara Timur (NTT),Manggarai Timur ,Poco Ranaka,Bangka Kuleng,86583,,,BORONG,FLORES,,,
LBJ10104,Nusa Tenggara Timur (NTT),Manggarai Timur ,Kota Komba,Bamo,86572,,,BORONG,FLORES,,,
LBJ10105,Nusa Tenggara Timur (NTT),Manggarai Timur ,Sambi Rampas,Buti,86584,,,BORONG,FLORES,,,
LBJ10106,Nusa Tenggara Timur (NTT),Manggarai Timur ,Elar Selatan,Benteng Pau,86581,,,BORONG,FLORES,,,
LBJ10107,Nusa Tenggara Timur (NTT),Manggarai Timur ,Poco Ranaka Timur,Arus,86583,,,BORONG,FLORES,,,
LBJ10108,Nusa Tenggara Timur (NTT),Manggarai Timur ,Rana Mese,Bangka Kempo,86571,,,BORONG,FLORES,,,
LBJ10200,Nusa Tenggara Timur (NTT),Manggarai ,Ruteng,Carep,86519,,,RUTENG,FLORES,,,
LBJ10201,Nusa Tenggara Timur (NTT),Manggarai ,Cibal,Barang,86591,,,RUTENG,FLORES,,,
LBJ10202,Nusa Tenggara Timur (NTT),Manggarai ,Reok,Bajak,86592,,,RUTENG,FLORES,,,
LBJ10203,Nusa Tenggara Timur (NTT),Manggarai ,Satar Mese,Gara,86561,,,RUTENG,FLORES,,,
LBJ10204,Nusa Tenggara Timur (NTT),Manggarai ,Wae Rii,Bangka Kenda,86591,,,RUTENG,FLORES,,,
LBJ10205,Nusa Tenggara Timur (NTT),Manggarai ,Satar Mese Barat,Bea Kondo,86561,,,RUTENG,FLORES,,,
LBJ10206,Nusa Tenggara Timur (NTT),Manggarai ,Rahong Utara,Bangka Ajang,86516,,,RUTENG,FLORES,,,
LBJ10207,Nusa Tenggara Timur (NTT),Manggarai ,Lelak,Bangka Dese,86516,,,RUTENG,FLORES,,,
LBJ10208,Nusa Tenggara Timur (NTT),Manggarai ,Langke Rembong,Bangka Lao,86516,,,RUTENG,FLORES,,,
LBJ10209,Nusa Tenggara Timur (NTT),Manggarai ,Cibal Barat,Bangka Ara,86591,,,RUTENG,FLORES,,,
LBJ10210,Nusa Tenggara Timur (NTT),Manggarai ,Reok Barat,Lante,86592,,,RUTENG,FLORES,,,
LBJ10300,Nusa Tenggara Timur (NTT),Ngada ,Bajawa,Bajawa,86413,,,BAJAWA,FLORES,,,
LBJ10301,Nusa Tenggara Timur (NTT),Manggarai Barat ,Mbeliling,Compang Liang Ndara,86757,,,BAJAWA,FLORES,,,
LBJ10302,Nusa Tenggara Timur (NTT),Ngada ,Soa,Bogoboa,86419,,,BAJAWA,FLORES,,,
LBJ10303,Nusa Tenggara Timur (NTT),Manggarai Barat ,Boleng,Batu Tiga,86754,,,BAJAWA,FLORES,,,
LBJ10304,Nusa Tenggara Timur (NTT),Manggarai Barat ,Lembor Selatan,Benteng Dewa,86753,,,BAJAWA,FLORES,,,
LBJ10305,Nusa Tenggara Timur (NTT),Ngada ,Aimere,Aimere,86452,,,BAJAWA,FLORES,,,
LBJ10306,Nusa Tenggara Timur (NTT),Ngada ,Jerebuu,Batajawa,86452,,,BAJAWA,FLORES,,,
LBJ10307,Nusa Tenggara Timur (NTT),Ngada ,Golewa,Dadawea,86461,,,BAJAWA,FLORES,,,
LBJ10308,Nusa Tenggara Timur (NTT),Ngada ,Bajawa Utara,Genamere,86413,,,BAJAWA,FLORES,,,
LBJ10309,Nusa Tenggara Timur (NTT),Ngada ,Golewa Barat,Bea Pawe,86461,,,BAJAWA,FLORES,,,
LBJ10310,Nusa Tenggara Timur (NTT),Ngada ,Golewa Selatan,Bawarani,86461,,,BAJAWA,FLORES,,,
LBJ10311,Nusa Tenggara Timur (NTT),Ngada ,Inerie,Inerie,86452,,,BAJAWA,FLORES,,,
LBJ10312,Nusa Tenggara Timur (NTT),Manggarai Barat ,Welak,Dunta,86753,,,BAJAWA,FLORES,,,
LBJ10313,Nusa Tenggara Timur (NTT),Manggarai Barat ,Ndoso,Golo Bore,86752,,,BAJAWA,FLORES,,,
LBJ10314,Nusa Tenggara Timur (NTT),Ngada ,Riung,Benteng Tengah,86419,,,BAJAWA,FLORES,,,
LBJ10315,Nusa Tenggara Timur (NTT),Ngada ,Riung Barat,Benteng Tawa,86419,,,BAJAWA,FLORES,,,
LBJ10316,Nusa Tenggara Timur (NTT),Ngada ,Wolomeze (Riung Selatan),Denatana,86419,,,BAJAWA,FLORES,,,
LBJ10317,Nusa Tenggara Timur (NTT),Lembata ,Ile Ape Timur,Aulesa,86683,,,BAJAWA,FLORES,,,
LBJ10400,Nusa Tenggara Timur (NTT),Mbay,Mbay,Mbay,0,,,MBAY,FLORES,,,
LBJ10401,Nusa Tenggara Timur (NTT),Nagekeo ,Aesesa,Aeramo,86472,,,MBAY,FLORES,,,
LBJ10402,Nusa Tenggara Timur (NTT),Nagekeo ,Boawae,Alorawe,86462,,,MBAY,FLORES,,,
LBJ10403,Nusa Tenggara Timur (NTT),Nagekeo ,Mauponggo,Aewoe,86463,,,MBAY,FLORES,,,
LBJ10404,Nusa Tenggara Timur (NTT),Nagekeo ,Nangaroro,Bidoa,86464,,,MBAY,FLORES,,,
LBJ10405,Nusa Tenggara Timur (NTT),Nagekeo ,Keo Tengah,Keli,86464,,,MBAY,FLORES,,,
LBJ10406,Nusa Tenggara Timur (NTT),Nagekeo ,Wolowae,Anakoli,86472,,,MBAY,FLORES,,,
LBJ10407,Nusa Tenggara Timur (NTT),Nagekeo ,Aesesa Selatan,Langedhawe,86472,,,MBAY,FLORES,,,
LBJ10500,Nusa Tenggara Timur (NTT),Ende ,Ende,Embu Ngena,86319,,,ENDE,FLORES,,,
LBJ10501,Nusa Tenggara Timur (NTT),Ende ,Detusoko,Detusoko,86371,,,ENDE,FLORES,,,
LBJ10502,Nusa Tenggara Timur (NTT),Ende ,Nangapanda,Anaraja,86352,,,ENDE,FLORES,,,
LBJ10503,Nusa Tenggara Timur (NTT),Ende ,Ndona,Kekasewa,86361,,,ENDE,FLORES,,,
LBJ10504,Nusa Tenggara Timur (NTT),Ende ,Wolowaru,Bokasape,86372,,,ENDE,FLORES,,,
LBJ10505,Nusa Tenggara Timur (NTT),Ende ,Detukeli,Detukeli,86371,,,ENDE,FLORES,,,
LBJ10506,Nusa Tenggara Timur (NTT),Ende ,Ende Selatan,Mbongawani,86313,,,ENDE,FLORES,,,
LBJ10507,Nusa Tenggara Timur (NTT),Ende ,Ende Tengah,Kelimutu,86319,,,ENDE,FLORES,,,
LBJ10508,Nusa Tenggara Timur (NTT),Ende ,Ende Timur,Kedebodu,86361,,,ENDE,FLORES,,,
LBJ10509,Nusa Tenggara Timur (NTT),Ende ,Ende Utara,Borokanda,86319,,,ENDE,FLORES,,,
LBJ10510,Nusa Tenggara Timur (NTT),Ende ,Kelimutu,Detuena,86318,,,ENDE,FLORES,,,
LBJ10511,Nusa Tenggara Timur (NTT),Ende ,Kota Baru,Hangalande,86111,,,ENDE,FLORES,,,
LBJ10512,Nusa Tenggara Timur (NTT),Ende ,Lio Timur,Bu Tanalagu,86361,,,ENDE,FLORES,,,
LBJ10513,Nusa Tenggara Timur (NTT),Ende ,Maukaro,Boafeo,86352,,,ENDE,FLORES,,,
LBJ10514,Nusa Tenggara Timur (NTT),Ende ,Ndona Timur,Demulaka,86361,,,ENDE,FLORES,,,
LBJ10515,Nusa Tenggara Timur (NTT),Ende ,Pulau Ende,Aejeti,86362,,,ENDE,FLORES,,,
LBJ10516,Nusa Tenggara Timur (NTT),Ende ,Wewaria,Ae Ndoko,86353,,,ENDE,FLORES,,,
LBJ10517,Nusa Tenggara Timur (NTT),Ende ,Wolojita,Nggela,86382,,,ENDE,FLORES,,,
LBJ10518,Nusa Tenggara Timur (NTT),Ende ,Maurole,Aewora,86381,,,ENDE,FLORES,,,
LBJ10519,Nusa Tenggara Timur (NTT),Ende ,Ndori,Aebara,86372,,,ENDE,FLORES,,,
LBJ10520,Nusa Tenggara Timur (NTT),Ende ,Lepembusu Kelisoke,Detuara,86374,,,ENDE,FLORES,,,
LBJ10600,Nusa Tenggara Timur (NTT),Maumere,Maumere,Maumere,0,,,MAUMERE,FLORES,,,
LBJ10601,Nusa Tenggara Timur (NTT),Sikka ,Bola,Bola,86171,,,MAUMERE,FLORES,,,
LBJ10602,Nusa Tenggara Timur (NTT),Sikka ,Kewapante,Geliting,86181,,,MAUMERE,FLORES,,,
LBJ10603,Nusa Tenggara Timur (NTT),Sikka ,Lela,Baopaat,86161,,,MAUMERE,FLORES,,,
LBJ10604,Nusa Tenggara Timur (NTT),Sikka ,Nita,Bloro,86152,,,MAUMERE,FLORES,,,
LBJ10605,Nusa Tenggara Timur (NTT),Sikka ,Paga,Lenandareta,86153,,,MAUMERE,FLORES,,,
LBJ10606,Nusa Tenggara Timur (NTT),Sikka ,Talibura,Baang Koor,86183,,,MAUMERE,FLORES,,,
LBJ10607,Nusa Tenggara Timur (NTT),Sikka ,Alok,Gunung Sari,86116,,,MAUMERE,FLORES,,,
LBJ10608,Nusa Tenggara Timur (NTT),Sikka ,Mego,Bhera,86113,,,MAUMERE,FLORES,,,
LBJ10609,Nusa Tenggara Timur (NTT),Sikka ,Palue,Kesokoja,86111,,,MAUMERE,FLORES,,,
LBJ10610,Nusa Tenggara Timur (NTT),Sikka ,Waigete,Aibura,86183,,,MAUMERE,FLORES,,,
LBJ10611,Nusa Tenggara Timur (NTT),Sikka ,Waiblama,Ilinmedo,86183,,,MAUMERE,FLORES,,,
LBJ10612,Nusa Tenggara Timur (NTT),Sikka ,Tana Wawo,Bu Selatan,86153,,,MAUMERE,FLORES,,,
LBJ10613,Nusa Tenggara Timur (NTT),Sikka ,Nelle (Maumerei),Manubura,86116,,,MAUMERE,FLORES,,,
LBJ10614,Nusa Tenggara Timur (NTT),Sikka ,Mapitara,Egon Gahar,86171,,,MAUMERE,FLORES,,,
LBJ10615,Nusa Tenggara Timur (NTT),Sikka ,Magepanda,Done,86152,,,MAUMERE,FLORES,,,
LBJ10616,Nusa Tenggara Timur (NTT),Sikka ,Koting,Koting A,86116,,,MAUMERE,FLORES,,,
LBJ10617,Nusa Tenggara Timur (NTT),Sikka ,Kangae,Blatatatin,86181,,,MAUMERE,FLORES,,,
LBJ10618,Nusa Tenggara Timur (NTT),Sikka ,Hewokloang,Baomekot,86181,,,MAUMERE,FLORES,,,
LBJ10619,Nusa Tenggara Timur (NTT),Sikka ,Doreng,Kloangpopot,86171,,,MAUMERE,FLORES,,,
LBJ10620,Nusa Tenggara Timur (NTT),Sikka ,Alok Timur,Beru,86111,,,MAUMERE,FLORES,,,
LBJ10621,Nusa Tenggara Timur (NTT),Sikka ,Alok Barat,Hewuli,86115,,,MAUMERE,FLORES,,,
LBJ10700,Nusa Tenggara Timur (NTT),Flores Timur ,Larantuka,Amagarapati,86219,,,LARANTUKA,FLORES,,,
LBJ10701,Nusa Tenggara Timur (NTT),Flores Timur ,Adonara Barat,Bugalima,86262,,,LARANTUKA,FLORES,,,
LBJ10702,Nusa Tenggara Timur (NTT),Flores Timur ,Adonara Timur,Belota,86261,,,LARANTUKA,FLORES,,,
LBJ10703,Nusa Tenggara Timur (NTT),Flores Timur ,Solor Barat,Balaweling I,86272,,,LARANTUKA,FLORES,,,
LBJ10704,Nusa Tenggara Timur (NTT),Flores Timur ,Solor Timur,Kwuta (Kawuta),86271,,,LARANTUKA,FLORES,,,
LBJ10705,Nusa Tenggara Timur (NTT),Flores Timur ,Tanjung Bunga,Aransina,86252,,,LARANTUKA,FLORES,,,
LBJ10706,Nusa Tenggara Timur (NTT),Flores Timur ,Wulanggitang,Boru,86253,,,LARANTUKA,FLORES,,,
LBJ10707,Nusa Tenggara Timur (NTT),Flores Timur ,Ile Boleng,Bayuntaa,86253,,,LARANTUKA,FLORES,,,
LBJ10708,Nusa Tenggara Timur (NTT),Flores Timur ,Ile Mandiri,Halakodanuan,86211,,,LARANTUKA,FLORES,,,
LBJ10709,Nusa Tenggara Timur (NTT),Flores Timur ,Kelubagolit,Adobala,86262,,,LARANTUKA,FLORES,,,
LBJ10710,Nusa Tenggara Timur (NTT),Flores Timur ,Titehena,Adabang,86253,,,LARANTUKA,FLORES,,,
LBJ10711,Nusa Tenggara Timur (NTT),Flores Timur ,Witihama,Balaweling,86262,,,LARANTUKA,FLORES,,,
LBJ10712,Nusa Tenggara Timur (NTT),Flores Timur ,Wotan Ulumando,Bliko,86261,,,LARANTUKA,FLORES,,,
LBJ10713,Nusa Tenggara Timur (NTT),Flores Timur ,Lewolema,Balukhering,86252,,,LARANTUKA,FLORES,,,
LBJ10714,Nusa Tenggara Timur (NTT),Flores Timur ,Ile Bura,Birawan,86253,,,LARANTUKA,FLORES,,,
LBJ10715,Nusa Tenggara Timur (NTT),Flores Timur ,Demon Pagong,Bama,86219,,,LARANTUKA,FLORES,,,
LBJ10716,Nusa Tenggara Timur (NTT),Flores Timur ,Adonara Tengah,Baya,86262,,,LARANTUKA,FLORES,,,
LBJ10717,Nusa Tenggara Timur (NTT),Flores Timur ,Adonara,Adonara,86262,,,LARANTUKA,FLORES,,,
LBJ10718,Nusa Tenggara Timur (NTT),Flores Timur ,Solor Selatan,Bubu Atagamu,86271,,,LARANTUKA,FLORES,,,
LBJ10800,Nusa Tenggara Timur (NTT),Lembata,Lembata,Lembata,0,,,LEMBATA,FLORES,,,
LBJ10801,Nusa Tenggara Timur (NTT),Lembata ,Buyasuri,Atu Wa'lupang,86692,,,LEMBATA,FLORES,,,
LBJ10802,Nusa Tenggara Timur (NTT),Lembata ,Omesuri,Aramengi,86691,,,LEMBATA,FLORES,,,
LBJ10803,Nusa Tenggara Timur (NTT),Lembata ,Lebatukan,Atakowa,86681,,,LEMBATA,FLORES,,,
LBJ10804,Nusa Tenggara Timur (NTT),Lembata ,Ile Ape,Amakaka,86683,,,LEMBATA,FLORES,,,
LBJ10805,Nusa Tenggara Timur (NTT),Lembata ,Nubatukan,Bakalerek,86682,,,LEMBATA,FLORES,,,
LBJ10806,Nusa Tenggara Timur (NTT),Lembata ,Atadei,Atakore,86685,,,LEMBATA,FLORES,,,
LBJ10807,Nusa Tenggara Timur (NTT),Lembata ,Naga Wutung,Atawai,86684,,,LEMBATA,FLORES,,,
LBJ10808,Nusa Tenggara Timur (NTT),Lembata ,Wulandoni,Alap Atadei,86685,,,LEMBATA,FLORES,,,
