No. Account,Cust Name,Cust Grouping,COD/Non COD,Hold/ Not Hold,SLA Hold,SLA Breach,CUST_INDUSTRY_NEW,SLA Breach Zona A & B,SLA Breach Zona C & D,TGL UPDATE ACCOUNT
10931900, PT. MULTI EKSPRES GROUP, PT. MULTI EKSPRES GROUP,-,-,-,-,CORPORATE KOE,-,-,-
10935500, REJEKI MAKMUR KUPANG CV, REJEKI MAKMUR KUPANG CV,-,-,-,-,CORPORATE KOE,-,-,-
81472300,ACCENTUATES PT,ACCENTUATES PT,,Not Hold,Tidak ada masa Hold,Tidak ada Breach,PRODUCT,Tidak ada Breach,Tidak ada Breach,2025-04-21 00:00:00
81472301,ACCENTUATES PT,ACCENTUATES PT,,Not Hold,Tidak ada masa Hold,Tidak ada Breach,PRODUCT,Tidak ada Breach,Tidak ada Breach,-
81472302,ACCENTUATES PT,ACCENTUATES PT,,Not Hold,Tidak ada masa Hold,Tidak ada Breach,PRODUCT,Tidak ada Breach,Tidak ada Breach,-
81472303,ACCENTUATES PT,ACCENTUATES PT,,Not Hold,Tidak ada masa Hold,Tidak ada Breach,PRODUCT,Tidak ada Breach,Tidak ada Breach,-
81472304,ACCENTUATES PT,ACCENTUATES PT,,Not Hold,Tidak ada masa Hold,Tidak ada Breach,PRODUCT,Tidak ada Breach,Tidak ada Breach,2025-04-21 00:00:00
81472305,ACCENTUATES PT,ACCENTUATES PT,,Not Hold,Tidak ada masa Hold,Tidak ada Breach,PRODUCT,Tidak ada Breach,Tidak ada Breach,2025-04-21 00:00:00
12041900,ACE HARDWARE KUPANG / ASPIRASI,ACE HARDWARE KUPANG / ASPIRASI,-,-,-,-,CORPORATE KOE,-,-,2025-04-21 00:00:00
81886800,ADIRA,ADIRA,-,-,-,-,PROJECT KOE,-,-,2025-04-21 00:00:00
10895200,ADMINISTRASI MEDIKA,ADMINISTRASI MEDIKA,,Not Hold,Tidak ada masa Hold,"Harus Closing pada tanggal 15 dibulan berikutnya (Final status SUSKES, RETURN Shipeer dan Missing) ",BANKING & INSURANCE,Harus Closing pada tanggal 15 dibulan berikutnya,Harus Closing pada tanggal 15 dibulan berikutnya,2025-04-21 00:00:00
10895202,ADMINISTRASI MEDIKA,ADMINISTRASI MEDIKA,,Not Hold,Tidak ada masa Hold,"Harus Closing pada tanggal 15 dibulan berikutnya (Final status SUSKES, RETURN Shipeer dan Missing) ",BANKING & INSURANCE,Harus Closing pada tanggal 15 dibulan berikutnya,Harus Closing pada tanggal 15 dibulan berikutnya,2025-04-21 00:00:00
10895203,ADMINISTRASI MEDIKA,ADMINISTRASI MEDIKA,,Not Hold,Tidak ada masa Hold,"Harus Closing pada tanggal 15 dibulan berikutnya (Final status SUSKES, RETURN Shipeer dan Missing) ",BANKING & INSURANCE,Harus Closing pada tanggal 15 dibulan berikutnya,Harus Closing pada tanggal 15 dibulan berikutnya,2025-04-21 00:00:00
10895204,ADMINISTRASI MEDIKA,ADMINISTRASI MEDIKA,,Not Hold,Tidak ada masa Hold,"Harus Closing pada tanggal 15 dibulan berikutnya (Final status SUSKES, RETURN Shipeer dan Missing) ",BANKING & INSURANCE,Harus Closing pada tanggal 15 dibulan berikutnya,Harus Closing pada tanggal 15 dibulan berikutnya,2025-04-21 00:00:00
10895205,ADMINISTRASI MEDIKA,ADMINISTRASI MEDIKA,,Not Hold,Tidak ada masa Hold,"Harus Closing pada tanggal 15 dibulan berikutnya (Final status SUSKES, RETURN Shipeer dan Missing) ",BANKING & INSURANCE,Harus Closing pada tanggal 15 dibulan berikutnya,Harus Closing pada tanggal 15 dibulan berikutnya,-
10980500,ADMINISTRASI MEDIKA,ADMINISTRASI MEDIKA,,Not Hold,Tidak ada masa Hold,"Harus Closing pada tanggal 15 dibulan berikutnya (Final status SUSKES, RETURN Shipeer dan Missing) ",BANKING & INSURANCE,Harus Closing pada tanggal 15 dibulan berikutnya,Harus Closing pada tanggal 15 dibulan berikutnya,-
82016200,AEON CREDIT SERVICE INDONESIA,AEON CREDIT SERVICE INDONESIA,,Not Hold,Tidak ada masa Hold,Tidak ada Breach,BANKING & INSURANCE,Tidak ada Breach,Tidak ada Breach,-
82016201,AEON CREDIT SERVICE INDONESIA,AEON CREDIT SERVICE INDONESIA,,Not Hold,Tidak ada masa Hold,Tidak ada Breach,BANKING & INSURANCE,Tidak ada Breach,Tidak ada Breach,-
82016202,AEON CREDIT SERVICE INDONESIA,AEON CREDIT SERVICE INDONESIA,,Not Hold,Tidak ada masa Hold,Tidak ada Breach,BANKING & INSURANCE,Tidak ada Breach,Tidak ada Breach,-
10503700,AIPMNH - COFFEY INTL,AIPMNH - COFFEY INTL,-,-,-,-,CORPORATE KOE,-,-,-
11094200,AJ CENTRAL ASIA RAYA,AJ CENTRAL ASIA RAYA,,Not Hold,Tidak ada masa Hold,"Harus Closing pada tanggal 15 dibulan berikutnya (Final status SUSKES, RETURN Shipeer dan Missing) ",BANKING & INSURANCE,Harus Closing pada tanggal 15 dibulan berikutnya,Harus Closing pada tanggal 15 dibulan berikutnya,-
11134500,AJ CENTRAL ASIA RAYA,AJ CENTRAL ASIA RAYA,,Not Hold,Tidak ada masa Hold,"Harus Closing pada tanggal 15 dibulan berikutnya (Final status SUSKES, RETURN Shipeer dan Missing) ",BANKING & INSURANCE,Harus Closing pada tanggal 15 dibulan berikutnya,Harus Closing pada tanggal 15 dibulan berikutnya,-
11134501,AJ CENTRAL ASIA RAYA,AJ CENTRAL ASIA RAYA,,Not Hold,Tidak ada masa Hold,"Harus Closing pada tanggal 15 dibulan berikutnya (Final status SUSKES, RETURN Shipeer dan Missing) ",BANKING & INSURANCE,Harus Closing pada tanggal 15 dibulan berikutnya,Harus Closing pada tanggal 15 dibulan berikutnya,-
11134503,AJ CENTRAL ASIA RAYA,AJ CENTRAL ASIA RAYA,,Not Hold,Tidak ada masa Hold,"Harus Closing pada tanggal 15 dibulan berikutnya (Final status SUSKES, RETURN Shipeer dan Missing) ",BANKING & INSURANCE,Harus Closing pada tanggal 15 dibulan berikutnya,Harus Closing pada tanggal 15 dibulan berikutnya,-
11134504,AJ CENTRAL ASIA RAYA,AJ CENTRAL ASIA RAYA,,Not Hold,Tidak ada masa Hold,"Harus Closing pada tanggal 15 dibulan berikutnya (Final status SUSKES, RETURN Shipeer dan Missing) ",BANKING & INSURANCE,Harus Closing pada tanggal 15 dibulan berikutnya,Harus Closing pada tanggal 15 dibulan berikutnya,-
11134505,AJ CENTRAL ASIA RAYA,AJ CENTRAL ASIA RAYA,,Not Hold,Tidak ada masa Hold,"Harus Closing pada tanggal 15 dibulan berikutnya (Final status SUSKES, RETURN Shipeer dan Missing) ",BANKING & INSURANCE,Harus Closing pada tanggal 15 dibulan berikutnya,Harus Closing pada tanggal 15 dibulan berikutnya,-
80541001,AJ CENTRAL ASIA RAYA,AJ CENTRAL ASIA RAYA,,Not Hold,Tidak ada masa Hold,"Harus Closing pada tanggal 15 dibulan berikutnya (Final status SUSKES, RETURN Shipeer dan Missing) ",BANKING & INSURANCE,Harus Closing pada tanggal 15 dibulan berikutnya,Harus Closing pada tanggal 15 dibulan berikutnya,-
80578900,AJ CENTRAL ASIA RAYA,AJ CENTRAL ASIA RAYA,,Not Hold,Tidak ada masa Hold,"Harus Closing pada tanggal 15 dibulan berikutnya (Final status SUSKES, RETURN Shipeer dan Missing) ",BANKING & INSURANCE,Harus Closing pada tanggal 15 dibulan berikutnya,Harus Closing pada tanggal 15 dibulan berikutnya,-
12040000,ALFA GRACE CV,ALFA GRACE CV,-,-,-,-,CORPORATE KOE,-,-,-
10501200,AMWAY,AMWAY,-,-,-,-,CORPORATE KOE,-,-,-
80537600,ANDALAN EXPRESS INDONESIA PT,ANDALAN EXPRESS INDONESIA,,Not Hold,Tidak ada masa Hold,Tidak ada Breach,3PL & LOGISTIC,Tidak ada Breach,Tidak ada Breach,-
80537601,ANDALAN EXPRESS INDONESIA PT,ANDALAN EXPRESS INDONESIA,,Not Hold,Tidak ada masa Hold,Tidak ada Breach,3PL & LOGISTIC,Tidak ada Breach,Tidak ada Breach,-
80537602,ANDALAN EXPRESS INDONESIA PT,ANDALAN EXPRESS INDONESIA,,Not Hold,Tidak ada masa Hold,Tidak ada Breach,3PL & LOGISTIC,Tidak ada Breach,Tidak ada Breach,-
80537603,ANDALAN EXPRESS INDONESIA PT,ANDALAN EXPRESS INDONESIA,,Not Hold,Tidak ada masa Hold,Tidak ada Breach,3PL & LOGISTIC,Tidak ada Breach,Tidak ada Breach,-
11900900,ANEKA TAMBANG (ANTAM),ANEKA TAMBANG (ANTAM),,Not Hold,Tidak ada masa Hold,Tidak ada Breach,PRODUCT,Tidak ada Breach,Tidak ada Breach,-
80564200,ANEKA TAMBANG (ANTAM),ANEKA TAMBANG (ANTAM),,Not Hold,Tidak ada masa Hold,Tidak ada Breach,PRODUCT,Tidak ada Breach,Tidak ada Breach,2025-04-21 00:00:00
80564202,ANEKA TAMBANG (ANTAM),ANEKA TAMBANG (ANTAM),,Not Hold,Tidak ada masa Hold,Tidak ada Breach,PRODUCT,Tidak ada Breach,Tidak ada Breach,2025-12-22 00:00:00
80615600,ANTAREJA (RPX),ANTAREJA (RPX),,Not Hold,Tidak ada masa Hold,14 Hari setelah last attempt,3PL & LOGISTIC,14 Hari setelah last attempt,14 Hari setelah last attempt,2025-12-22 00:00:00
80615601,ANTAREJA (RPX),ANTAREJA (RPX),,Not Hold,Tidak ada masa Hold,14 Hari setelah last attempt,3PL & LOGISTIC,14 Hari setelah last attempt,14 Hari setelah last attempt,-
80615602,ANTAREJA (RPX),ANTAREJA (RPX),,Not Hold,Tidak ada masa Hold,14 Hari setelah last attempt,3PL & LOGISTIC,14 Hari setelah last attempt,14 Hari setelah last attempt,-
80615603,ANTAREJA (RPX),ANTAREJA (RPX),,Not Hold,Tidak ada masa Hold,14 Hari setelah last attempt,3PL & LOGISTIC,14 Hari setelah last attempt,14 Hari setelah last attempt,-
80615604,ANTAREJA (RPX),ANTAREJA (RPX),,Not Hold,Tidak ada masa Hold,14 Hari setelah last attempt,3PL & LOGISTIC,14 Hari setelah last attempt,14 Hari setelah last attempt,-
80615605,ANTAREJA (RPX),ANTAREJA (RPX),,Not Hold,Tidak ada masa Hold,14 Hari setelah last attempt,3PL & LOGISTIC,14 Hari setelah last attempt,14 Hari setelah last attempt,-
80615606,ANTAREJA (RPX),ANTAREJA (RPX),,Not Hold,Tidak ada masa Hold,14 Hari setelah last attempt,3PL & LOGISTIC,14 Hari setelah last attempt,14 Hari setelah last attempt,-
80615607,ANTAREJA (RPX),ANTAREJA (RPX),,Not Hold,Tidak ada masa Hold,14 Hari setelah last attempt,3PL & LOGISTIC,14 Hari setelah last attempt,14 Hari setelah last attempt,2023-11-28 00:00:00
80615608,ANTAREJA (RPX),ANTAREJA (RPX),,Not Hold,Tidak ada masa Hold,14 Hari setelah last attempt,3PL & LOGISTIC,14 Hari setelah last attempt,14 Hari setelah last attempt,2022-12-23 00:00:00
80615609,ANTAREJA (RPX),ANTAREJA (RPX),,Not Hold,Tidak ada masa Hold,14 Hari setelah last attempt,3PL & LOGISTIC,14 Hari setelah last attempt,14 Hari setelah last attempt,2025-04-21 00:00:00
10936800,ANUGRAH ARGON MEDIKA PT,ANUGRAH ARGON MEDIKA PT,-,-,-,-,CORPORATE KOE,-,-,-
12040200,ARABELLE BEAUTY STORE KUPANG,ARABELLE BEAUTY STORE KUPANG,-,-,-,-,CORPORATE KOE,-,-,-
81015605,FAMILY HERBAL - NON COD,ARMADA NUSANTARA ETHIX,,Hold,7,Tidak ada Breach,SOCIAL COMMERCE,Tidak ada Breach,Tidak ada Breach,-
10935300,ARSENET GLOBAL SOLUSI PT (AGS),ARSENET GLOBAL SOLUSI PT (AGS),-,-,-,-,CORPORATE KOE,-,-,-
10943200,ASDP CABANG KUPANG. PT,ASDP CABANG KUPANG. PT,-,-,-,-,CORPORATE KOE,-,-,-
10504100,ASTON KUPANG HOTEL CONVENTION CENTER,ASTON KUPANG HOTEL CONVENTION CENTER,-,-,-,-,CORPORATE KOE,-,-,-
10626600,PT. ASTRA INTERNATIONAL - ASTRA GROUP,ASTRA INTERNATIONAL,,Not Hold,Tidak ada masa Hold,Tidak ada Breach,PRODUCT,Tidak ada Breach,Tidak ada Breach,-
10626800,PT. ASTRA INTERNATIONAL - ASTRA GROUP,ASTRA INTERNATIONAL,,Not Hold,Tidak ada masa Hold,Tidak ada Breach,PRODUCT,Tidak ada Breach,Tidak ada Breach,-
10626900,PT. ASTRA INTERNATIONAL - ASTRA GROUP,ASTRA INTERNATIONAL,,Not Hold,Tidak ada masa Hold,Tidak ada Breach,PRODUCT,Tidak ada Breach,Tidak ada Breach,-
10627000,PT. ASTRA INTERNATIONAL - ASTRA GROUP,ASTRA INTERNATIONAL,,Not Hold,Tidak ada masa Hold,Tidak ada Breach,PRODUCT,Tidak ada Breach,Tidak ada Breach,-
10627100,PT. ASTRA INTERNATIONAL - ASTRA GROUP,ASTRA INTERNATIONAL,,Not Hold,Tidak ada masa Hold,Tidak ada Breach,PRODUCT,Tidak ada Breach,Tidak ada Breach,-
10627200,PT. ASTRA INTERNATIONAL - ASTRA GROUP,ASTRA INTERNATIONAL,,Not Hold,Tidak ada masa Hold,Tidak ada Breach,PRODUCT,Tidak ada Breach,Tidak ada Breach,2025-04-21 00:00:00
10627300,PT. ASTRA INTERNATIONAL - ASTRA GROUP,ASTRA INTERNATIONAL,,Not Hold,Tidak ada masa Hold,Tidak ada Breach,PRODUCT,Tidak ada Breach,Tidak ada Breach,2026-06-11 00:00:00
10627400,PT. ASTRA INTERNATIONAL - ASTRA GROUP,ASTRA INTERNATIONAL,,Not Hold,Tidak ada masa Hold,Tidak ada Breach,PRODUCT,Tidak ada Breach,Tidak ada Breach,-
11069200,PT. ASTRA INTERNATIONAL - ASTRA GROUP,ASTRA INTERNATIONAL,,Not Hold,Tidak ada masa Hold,Tidak ada Breach,PRODUCT,Tidak ada Breach,Tidak ada Breach,-
11069201,PT. ASTRA INTERNATIONAL - ASTRA GROUP,ASTRA INTERNATIONAL,,Not Hold,Tidak ada masa Hold,Tidak ada Breach,PRODUCT,Tidak ada Breach,Tidak ada Breach,2024-05-03 00:00:00
11830200,PT. ASTRA INTERNATIONAL - ASTRA GROUP,ASTRA INTERNATIONAL,,Not Hold,Tidak ada masa Hold,Tidak ada Breach,PRODUCT,Tidak ada Breach,Tidak ada Breach,-
11830201,PT. ASTRA INTERNATIONAL - ASTRA GROUP,ASTRA INTERNATIONAL,,Not Hold,Tidak ada masa Hold,Tidak ada Breach,PRODUCT,Tidak ada Breach,Tidak ada Breach,2022-09-21 00:00:00
81073300,PT. ASTRA INTERNATIONAL - ASTRA GROUP,ASTRA INTERNATIONAL,,Not Hold,Tidak ada masa Hold,Tidak ada Breach,PRODUCT,Tidak ada Breach,Tidak ada Breach,2022-09-21 00:00:00
81073301,PT. ASTRA INTERNATIONAL - ASTRA GROUP,ASTRA INTERNATIONAL,,Not Hold,Tidak ada masa Hold,Tidak ada Breach,PRODUCT,Tidak ada Breach,Tidak ada Breach,2022-09-21 00:00:00
81073302,PT. ASTRA INTERNATIONAL - ASTRA GROUP,ASTRA INTERNATIONAL,,Not Hold,Tidak ada masa Hold,Tidak ada Breach,PRODUCT,Tidak ada Breach,Tidak ada Breach,-
81073303,PT. ASTRA INTERNATIONAL - ASTRA GROUP,ASTRA INTERNATIONAL,,Not Hold,Tidak ada masa Hold,Tidak ada Breach,PRODUCT,Tidak ada Breach,Tidak ada Breach,-
81073304,PT. ASTRA INTERNATIONAL - ASTRA GROUP,ASTRA INTERNATIONAL,,Not Hold,Tidak ada masa Hold,Tidak ada Breach,PRODUCT,Tidak ada Breach,Tidak ada Breach,-
81073305,PT. ASTRA INTERNATIONAL - ASTRA GROUP,ASTRA INTERNATIONAL,,Not Hold,Tidak ada masa Hold,Tidak ada Breach,PRODUCT,Tidak ada Breach,Tidak ada Breach,-
81073306,PT. ASTRA INTERNATIONAL - ASTRA GROUP,ASTRA INTERNATIONAL,,Not Hold,Tidak ada masa Hold,Tidak ada Breach,PRODUCT,Tidak ada Breach,Tidak ada Breach,-
81073307,PT. ASTRA INTERNATIONAL - ASTRA GROUP,ASTRA INTERNATIONAL,,Not Hold,Tidak ada masa Hold,Tidak ada Breach,PRODUCT,Tidak ada Breach,Tidak ada Breach,-
81713800,PT. ASTRA INTERNATIONAL - ASTRA GROUP,ASTRA INTERNATIONAL,,Not Hold,Tidak ada masa Hold,Tidak ada Breach,PRODUCT,Tidak ada Breach,Tidak ada Breach,-
81713809,PT. ASTRA INTERNATIONAL - ASTRA GROUP,ASTRA INTERNATIONAL,,Not Hold,Tidak ada masa Hold,Tidak ada Breach,PRODUCT,Tidak ada Breach,Tidak ada Breach,-
81713810,PT. ASTRA INTERNATIONAL - ASTRA GROUP,ASTRA INTERNATIONAL,,Not Hold,Tidak ada masa Hold,Tidak ada Breach,PRODUCT,Tidak ada Breach,Tidak ada Breach,-
81713811,PT. ASTRA INTERNATIONAL - ASTRA GROUP,ASTRA INTERNATIONAL,,Not Hold,Tidak ada masa Hold,Tidak ada Breach,PRODUCT,Tidak ada Breach,Tidak ada Breach,-
81713812,PT. ASTRA INTERNATIONAL - ASTRA GROUP,ASTRA INTERNATIONAL,,Not Hold,Tidak ada masa Hold,Tidak ada Breach,PRODUCT,Tidak ada Breach,Tidak ada Breach,-
81713813,PT. ASTRA INTERNATIONAL - ASTRA GROUP,ASTRA INTERNATIONAL,,Not Hold,Tidak ada masa Hold,Tidak ada Breach,PRODUCT,Tidak ada Breach,Tidak ada Breach,-
81713815,PT. ASTRA INTERNATIONAL - ASTRA GROUP,ASTRA INTERNATIONAL,,Not Hold,Tidak ada masa Hold,Tidak ada Breach,PRODUCT,Tidak ada Breach,Tidak ada Breach,2022-03-29 00:00:00
81713816,PT. ASTRA INTERNATIONAL - ASTRA GROUP,ASTRA INTERNATIONAL,,Not Hold,Tidak ada masa Hold,Tidak ada Breach,PRODUCT,Tidak ada Breach,Tidak ada Breach,2022-03-29 00:00:00
81713817,PT. ASTRA INTERNATIONAL - ASTRA GROUP,ASTRA INTERNATIONAL,,Not Hold,Tidak ada masa Hold,Tidak ada Breach,PRODUCT,Tidak ada Breach,Tidak ada Breach,-
81713818,PT. ASTRA INTERNATIONAL - ASTRA GROUP,ASTRA INTERNATIONAL,,Not Hold,Tidak ada masa Hold,Tidak ada Breach,PRODUCT,Tidak ada Breach,Tidak ada Breach,2022-03-16 00:00:00
81713819,PT. ASTRA INTERNATIONAL - ASTRA GROUP,ASTRA INTERNATIONAL,,Not Hold,Tidak ada masa Hold,Tidak ada Breach,PRODUCT,Tidak ada Breach,Tidak ada Breach,2022-03-16 00:00:00
81713820,PT. ASTRA INTERNATIONAL - ASTRA GROUP,ASTRA INTERNATIONAL,,Not Hold,Tidak ada masa Hold,Tidak ada Breach,PRODUCT,Tidak ada Breach,Tidak ada Breach,-
81713821,PT. ASTRA INTERNATIONAL - ASTRA GROUP,ASTRA INTERNATIONAL,,Not Hold,Tidak ada masa Hold,Tidak ada Breach,PRODUCT,Tidak ada Breach,Tidak ada Breach,-
81752100,PT. ASTRA INTERNATIONAL - ASTRA GROUP,ASTRA INTERNATIONAL,,Not Hold,Tidak ada masa Hold,Tidak ada Breach,PRODUCT,Tidak ada Breach,Tidak ada Breach,2022-01-28 00:00:00
81752101,PT. ASTRA INTERNATIONAL - ASTRA GROUP,ASTRA INTERNATIONAL,,Not Hold,Tidak ada masa Hold,Tidak ada Breach,PRODUCT,Tidak ada Breach,Tidak ada Breach,2022-01-28 00:00:00
81752102,PT. ASTRA INTERNATIONAL - ASTRA GROUP,ASTRA INTERNATIONAL,,Not Hold,Tidak ada masa Hold,Tidak ada Breach,PRODUCT,Tidak ada Breach,Tidak ada Breach,-
81752103,PT. ASTRA INTERNATIONAL - ASTRA GROUP,ASTRA INTERNATIONAL,,Not Hold,Tidak ada masa Hold,Tidak ada Breach,PRODUCT,Tidak ada Breach,Tidak ada Breach,-
81752104,PT. ASTRA INTERNATIONAL - ASTRA GROUP,ASTRA INTERNATIONAL,,Not Hold,Tidak ada masa Hold,Tidak ada Breach,PRODUCT,Tidak ada Breach,Tidak ada Breach,-
81752105,PT. ASTRA INTERNATIONAL - ASTRA GROUP,ASTRA INTERNATIONAL,,Not Hold,Tidak ada masa Hold,Tidak ada Breach,PRODUCT,Tidak ada Breach,Tidak ada Breach,-
81752106,PT. ASTRA INTERNATIONAL - ASTRA GROUP,ASTRA INTERNATIONAL,,Not Hold,Tidak ada masa Hold,Tidak ada Breach,PRODUCT,Tidak ada Breach,Tidak ada Breach,2024-11-06 00:00:00
81752107,PT. ASTRA INTERNATIONAL - ASTRA GROUP,ASTRA INTERNATIONAL,,Not Hold,Tidak ada masa Hold,Tidak ada Breach,PRODUCT,Tidak ada Breach,Tidak ada Breach,2022-09-21 00:00:00
81752108,PT. ASTRA INTERNATIONAL - ASTRA GROUP,ASTRA INTERNATIONAL,,Not Hold,Tidak ada masa Hold,Tidak ada Breach,PRODUCT,Tidak ada Breach,Tidak ada Breach,-
81752109,PT. ASTRA INTERNATIONAL - ASTRA GROUP,ASTRA INTERNATIONAL,,Not Hold,Tidak ada masa Hold,Tidak ada Breach,PRODUCT,Tidak ada Breach,Tidak ada Breach,-
81761300,PT. ASTRA INTERNATIONAL - ASTRA GROUP,ASTRA INTERNATIONAL,,Not Hold,Tidak ada masa Hold,Tidak ada Breach,PRODUCT,Tidak ada Breach,Tidak ada Breach,-
81761301,PT. ASTRA INTERNATIONAL - ASTRA GROUP,ASTRA INTERNATIONAL,,Not Hold,Tidak ada masa Hold,Tidak ada Breach,PRODUCT,Tidak ada Breach,Tidak ada Breach,-
CGK0354500,PT. ASTRA INTERNATIONAL - ASTRA GROUP,ASTRA INTERNATIONAL,,Not Hold,Tidak ada masa Hold,Tidak ada Breach,PRODUCT,Tidak ada Breach,Tidak ada Breach,2024-07-08 00:00:00
10500400,ASURANSI ALLIANZ,ASURANSI ALLIANZ,-,-,-,-,CORPORATE KOE,-,-,-
10869800,ASURANSI BRI LIFE,ASURANSI BRI LIFE,,Not Hold,Tidak ada masa Hold,"Harus Closing pada tanggal 15 dibulan berikutnya (Final status SUSKES, RETURN Shipeer dan Missing) ",BANKING & INSURANCE,Harus Closing pada tanggal 15 dibulan berikutnya,Harus Closing pada tanggal 15 dibulan berikutnya,-
81515000,ASURANSI BRI LIFE,ASURANSI BRI LIFE,,Not Hold,Tidak ada masa Hold,"Harus Closing pada tanggal 15 dibulan berikutnya (Final status SUSKES, RETURN Shipeer dan Missing) ",BANKING & INSURANCE,Harus Closing pada tanggal 15 dibulan berikutnya,Harus Closing pada tanggal 15 dibulan berikutnya,-
81515001,ASURANSI BRI LIFE,ASURANSI BRI LIFE,,Not Hold,Tidak ada masa Hold,"Harus Closing pada tanggal 15 dibulan berikutnya (Final status SUSKES, RETURN Shipeer dan Missing) ",BANKING & INSURANCE,Harus Closing pada tanggal 15 dibulan berikutnya,Harus Closing pada tanggal 15 dibulan berikutnya,-
81515002,ASURANSI BRI LIFE,ASURANSI BRI LIFE,,Not Hold,Tidak ada masa Hold,"Harus Closing pada tanggal 15 dibulan berikutnya (Final status SUSKES, RETURN Shipeer dan Missing) ",BANKING & INSURANCE,Harus Closing pada tanggal 15 dibulan berikutnya,Harus Closing pada tanggal 15 dibulan berikutnya,2024-07-08 00:00:00
81515003,ASURANSI BRI LIFE,ASURANSI BRI LIFE,,Not Hold,Tidak ada masa Hold,"Harus Closing pada tanggal 15 dibulan berikutnya (Final status SUSKES, RETURN Shipeer dan Missing) ",BANKING & INSURANCE,Harus Closing pada tanggal 15 dibulan berikutnya,Harus Closing pada tanggal 15 dibulan berikutnya,-
10943900,ASURANSI JASA INDONESIA KUPANG PT,ASURANSI JASA INDONESIA KUPANG PT,-,-,-,-,CORPORATE KOE,-,-,-
10884000,ASURANSI UMUM BCA,ASURANSI UMUM BCA,,Not Hold,Tidak ada masa Hold,"Harus Closing pada tanggal 15 dibulan berikutnya (Final status SUSKES, RETURN Shipeer dan Missing) ",BANKING & INSURANCE,Harus Closing pada tanggal 15 dibulan berikutnya,Harus Closing pada tanggal 15 dibulan berikutnya,-
10884001,ASURANSI UMUM BCA,ASURANSI UMUM BCA,,Not Hold,Tidak ada masa Hold,"Harus Closing pada tanggal 15 dibulan berikutnya (Final status SUSKES, RETURN Shipeer dan Missing) ",BANKING & INSURANCE,Harus Closing pada tanggal 15 dibulan berikutnya,Harus Closing pada tanggal 15 dibulan berikutnya,2025-04-21 00:00:00
10884002,ASURANSI UMUM BCA,ASURANSI UMUM BCA,,Not Hold,Tidak ada masa Hold,"Harus Closing pada tanggal 15 dibulan berikutnya (Final status SUSKES, RETURN Shipeer dan Missing) ",BANKING & INSURANCE,Harus Closing pada tanggal 15 dibulan berikutnya,Harus Closing pada tanggal 15 dibulan berikutnya,-
10970800,ASURANSI UMUM BCA,ASURANSI UMUM BCA,,Not Hold,Tidak ada masa Hold,"Harus Closing pada tanggal 15 dibulan berikutnya (Final status SUSKES, RETURN Shipeer dan Missing) ",BANKING & INSURANCE,Harus Closing pada tanggal 15 dibulan berikutnya,Harus Closing pada tanggal 15 dibulan berikutnya,-
80091400,ASURANSI UMUM BCA,ASURANSI UMUM BCA,,Not Hold,Tidak ada masa Hold,"Harus Closing pada tanggal 15 dibulan berikutnya (Final status SUSKES, RETURN Shipeer dan Missing) ",BANKING & INSURANCE,Harus Closing pada tanggal 15 dibulan berikutnya,Harus Closing pada tanggal 15 dibulan berikutnya,-
80091401,ASURANSI UMUM BCA,ASURANSI UMUM BCA,,Not Hold,Tidak ada masa Hold,"Harus Closing pada tanggal 15 dibulan berikutnya (Final status SUSKES, RETURN Shipeer dan Missing) ",BANKING & INSURANCE,Harus Closing pada tanggal 15 dibulan berikutnya,Harus Closing pada tanggal 15 dibulan berikutnya,-
80091402,ASURANSI UMUM BCA,ASURANSI UMUM BCA,,Not Hold,Tidak ada masa Hold,"Harus Closing pada tanggal 15 dibulan berikutnya (Final status SUSKES, RETURN Shipeer dan Missing) ",BANKING & INSURANCE,Harus Closing pada tanggal 15 dibulan berikutnya,Harus Closing pada tanggal 15 dibulan berikutnya,-
80091403,ASURANSI UMUM BCA,ASURANSI UMUM BCA,,Not Hold,Tidak ada masa Hold,"Harus Closing pada tanggal 15 dibulan berikutnya (Final status SUSKES, RETURN Shipeer dan Missing) ",BANKING & INSURANCE,Harus Closing pada tanggal 15 dibulan berikutnya,Harus Closing pada tanggal 15 dibulan berikutnya,-
80091404,ASURANSI UMUM BCA,ASURANSI UMUM BCA,,Not Hold,Tidak ada masa Hold,"Harus Closing pada tanggal 15 dibulan berikutnya (Final status SUSKES, RETURN Shipeer dan Missing) ",BANKING & INSURANCE,Harus Closing pada tanggal 15 dibulan berikutnya,Harus Closing pada tanggal 15 dibulan berikutnya,-
80091405,ASURANSI UMUM BCA,ASURANSI UMUM BCA,,Not Hold,Tidak ada masa Hold,"Harus Closing pada tanggal 15 dibulan berikutnya (Final status SUSKES, RETURN Shipeer dan Missing) ",BANKING & INSURANCE,Harus Closing pada tanggal 15 dibulan berikutnya,Harus Closing pada tanggal 15 dibulan berikutnya,-
80091406,ASURANSI UMUM BCA,ASURANSI UMUM BCA,,Not Hold,Tidak ada masa Hold,"Harus Closing pada tanggal 15 dibulan berikutnya (Final status SUSKES, RETURN Shipeer dan Missing) ",BANKING & INSURANCE,Harus Closing pada tanggal 15 dibulan berikutnya,Harus Closing pada tanggal 15 dibulan berikutnya,-
80091407,ASURANSI UMUM BCA,ASURANSI UMUM BCA,,Not Hold,Tidak ada masa Hold,"Harus Closing pada tanggal 15 dibulan berikutnya (Final status SUSKES, RETURN Shipeer dan Missing) ",BANKING & INSURANCE,Harus Closing pada tanggal 15 dibulan berikutnya,Harus Closing pada tanggal 15 dibulan berikutnya,-
80091408,ASURANSI UMUM BCA,ASURANSI UMUM BCA,,Not Hold,Tidak ada masa Hold,"Harus Closing pada tanggal 15 dibulan berikutnya (Final status SUSKES, RETURN Shipeer dan Missing) ",BANKING & INSURANCE,Harus Closing pada tanggal 15 dibulan berikutnya,Harus Closing pada tanggal 15 dibulan berikutnya,-
80091409,ASURANSI UMUM BCA,ASURANSI UMUM BCA,,Not Hold,Tidak ada masa Hold,"Harus Closing pada tanggal 15 dibulan berikutnya (Final status SUSKES, RETURN Shipeer dan Missing) ",BANKING & INSURANCE,Harus Closing pada tanggal 15 dibulan berikutnya,Harus Closing pada tanggal 15 dibulan berikutnya,-
80091410,ASURANSI UMUM BCA,ASURANSI UMUM BCA,,Not Hold,Tidak ada masa Hold,"Harus Closing pada tanggal 15 dibulan berikutnya (Final status SUSKES, RETURN Shipeer dan Missing) ",BANKING & INSURANCE,Harus Closing pada tanggal 15 dibulan berikutnya,Harus Closing pada tanggal 15 dibulan berikutnya,2022-07-19 00:00:00
80091411,ASURANSI UMUM BCA,ASURANSI UMUM BCA,,Not Hold,Tidak ada masa Hold,"Harus Closing pada tanggal 15 dibulan berikutnya (Final status SUSKES, RETURN Shipeer dan Missing) ",BANKING & INSURANCE,Harus Closing pada tanggal 15 dibulan berikutnya,Harus Closing pada tanggal 15 dibulan berikutnya,2025-04-21 00:00:00
80091412,ASURANSI UMUM BCA,ASURANSI UMUM BCA,,Not Hold,Tidak ada masa Hold,"Harus Closing pada tanggal 15 dibulan berikutnya (Final status SUSKES, RETURN Shipeer dan Missing) ",BANKING & INSURANCE,Harus Closing pada tanggal 15 dibulan berikutnya,Harus Closing pada tanggal 15 dibulan berikutnya,2025-04-21 00:00:00
80091413,ASURANSI UMUM BCA,ASURANSI UMUM BCA,,Not Hold,Tidak ada masa Hold,"Harus Closing pada tanggal 15 dibulan berikutnya (Final status SUSKES, RETURN Shipeer dan Missing) ",BANKING & INSURANCE,Harus Closing pada tanggal 15 dibulan berikutnya,Harus Closing pada tanggal 15 dibulan berikutnya,-
80091414,ASURANSI UMUM BCA,ASURANSI UMUM BCA,,Not Hold,Tidak ada masa Hold,"Harus Closing pada tanggal 15 dibulan berikutnya (Final status SUSKES, RETURN Shipeer dan Missing) ",BANKING & INSURANCE,Harus Closing pada tanggal 15 dibulan berikutnya,Harus Closing pada tanggal 15 dibulan berikutnya,-
80091415,ASURANSI UMUM BCA,ASURANSI UMUM BCA,,Not Hold,Tidak ada masa Hold,"Harus Closing pada tanggal 15 dibulan berikutnya (Final status SUSKES, RETURN Shipeer dan Missing) ",BANKING & INSURANCE,Harus Closing pada tanggal 15 dibulan berikutnya,Harus Closing pada tanggal 15 dibulan berikutnya,2022-10-21 00:00:00
80091416,ASURANSI UMUM BCA,ASURANSI UMUM BCA,,Not Hold,Tidak ada masa Hold,"Harus Closing pada tanggal 15 dibulan berikutnya (Final status SUSKES, RETURN Shipeer dan Missing) ",BANKING & INSURANCE,Harus Closing pada tanggal 15 dibulan berikutnya,Harus Closing pada tanggal 15 dibulan berikutnya,2025-04-21 00:00:00
80091417,ASURANSI UMUM BCA,ASURANSI UMUM BCA,,Not Hold,Tidak ada masa Hold,"Harus Closing pada tanggal 15 dibulan berikutnya (Final status SUSKES, RETURN Shipeer dan Missing) ",BANKING & INSURANCE,Harus Closing pada tanggal 15 dibulan berikutnya,Harus Closing pada tanggal 15 dibulan berikutnya,2024-07-08 00:00:00
80091418,ASURANSI UMUM BCA,ASURANSI UMUM BCA,,Not Hold,Tidak ada masa Hold,"Harus Closing pada tanggal 15 dibulan berikutnya (Final status SUSKES, RETURN Shipeer dan Missing) ",BANKING & INSURANCE,Harus Closing pada tanggal 15 dibulan berikutnya,Harus Closing pada tanggal 15 dibulan berikutnya,2024-07-08 00:00:00
80091419,ASURANSI UMUM BCA,ASURANSI UMUM BCA,,Not Hold,Tidak ada masa Hold,"Harus Closing pada tanggal 15 dibulan berikutnya (Final status SUSKES, RETURN Shipeer dan Missing) ",BANKING & INSURANCE,Harus Closing pada tanggal 15 dibulan berikutnya,Harus Closing pada tanggal 15 dibulan berikutnya,-
80091420,ASURANSI UMUM BCA,ASURANSI UMUM BCA,,Not Hold,Tidak ada masa Hold,"Harus Closing pada tanggal 15 dibulan berikutnya (Final status SUSKES, RETURN Shipeer dan Missing) ",BANKING & INSURANCE,Harus Closing pada tanggal 15 dibulan berikutnya,Harus Closing pada tanggal 15 dibulan berikutnya,-
80091421,ASURANSI UMUM BCA,ASURANSI UMUM BCA,,Not Hold,Tidak ada masa Hold,"Harus Closing pada tanggal 15 dibulan berikutnya (Final status SUSKES, RETURN Shipeer dan Missing) ",BANKING & INSURANCE,Harus Closing pada tanggal 15 dibulan berikutnya,Harus Closing pada tanggal 15 dibulan berikutnya,-
80102000,ASURANSI UMUM BCA,ASURANSI UMUM BCA,,Not Hold,Tidak ada masa Hold,"Harus Closing pada tanggal 15 dibulan berikutnya (Final status SUSKES, RETURN Shipeer dan Missing) ",BANKING & INSURANCE,Harus Closing pada tanggal 15 dibulan berikutnya,Harus Closing pada tanggal 15 dibulan berikutnya,-
CGKA000752,ASURANSI UMUM BCA,ASURANSI UMUM BCA,,Not Hold,Tidak ada masa Hold,"Harus Closing pada tanggal 15 dibulan berikutnya (Final status SUSKES, RETURN Shipeer dan Missing) ",BANKING & INSURANCE,Harus Closing pada tanggal 15 dibulan berikutnya,Harus Closing pada tanggal 15 dibulan berikutnya,-
CGKA009809,ASURANSI UMUM BCA,ASURANSI UMUM BCA,,Not Hold,Tidak ada masa Hold,"Harus Closing pada tanggal 15 dibulan berikutnya (Final status SUSKES, RETURN Shipeer dan Missing) ",BANKING & INSURANCE,Harus Closing pada tanggal 15 dibulan berikutnya,Harus Closing pada tanggal 15 dibulan berikutnya,-
CGKA009814,ASURANSI UMUM BCA,ASURANSI UMUM BCA,,Not Hold,Tidak ada masa Hold,"Harus Closing pada tanggal 15 dibulan berikutnya (Final status SUSKES, RETURN Shipeer dan Missing) ",BANKING & INSURANCE,Harus Closing pada tanggal 15 dibulan berikutnya,Harus Closing pada tanggal 15 dibulan berikutnya,-
10846100,ASUS,ASUS,,Not Hold,Tidak ada masa Hold,Tidak ada Breach,PRODUCT,Tidak ada Breach,Tidak ada Breach,-
10846102,ASUS,ASUS,,Not Hold,Tidak ada masa Hold,Tidak ada Breach,PRODUCT,Tidak ada Breach,Tidak ada Breach,-
10846103,ASUS,ASUS,,Not Hold,Tidak ada masa Hold,Tidak ada Breach,PRODUCT,Tidak ada Breach,Tidak ada Breach,-
10846104,ASUS,ASUS,,Not Hold,Tidak ada masa Hold,Tidak ada Breach,PRODUCT,Tidak ada Breach,Tidak ada Breach,-
10846105,ASUS,ASUS,,Not Hold,Tidak ada masa Hold,Tidak ada Breach,PRODUCT,Tidak ada Breach,Tidak ada Breach,-
10846106,ASUS,ASUS,,Not Hold,Tidak ada masa Hold,Tidak ada Breach,PRODUCT,Tidak ada Breach,Tidak ada Breach,-
10846107,ASUS,ASUS,,Not Hold,Tidak ada masa Hold,Tidak ada Breach,PRODUCT,Tidak ada Breach,Tidak ada Breach,-
11668000,ASUS,ASUS,,Not Hold,Tidak ada masa Hold,Tidak ada Breach,PRODUCT,Tidak ada Breach,Tidak ada Breach,-
11668001,ASUS,ASUS,,Not Hold,Tidak ada masa Hold,Tidak ada Breach,PRODUCT,Tidak ada Breach,Tidak ada Breach,-
11876700,ASUS,ASUS,,Not Hold,Tidak ada masa Hold,Tidak ada Breach,PRODUCT,Tidak ada Breach,Tidak ada Breach,-
80033100,ASUS,ASUS,,Not Hold,Tidak ada masa Hold,Tidak ada Breach,PRODUCT,Tidak ada Breach,Tidak ada Breach,-
80033102,ASUS,ASUS,,Not Hold,Tidak ada masa Hold,Tidak ada Breach,PRODUCT,Tidak ada Breach,Tidak ada Breach,-
80033103,ASUS,ASUS,,Not Hold,Tidak ada masa Hold,Tidak ada Breach,PRODUCT,Tidak ada Breach,Tidak ada Breach,2025-04-21 00:00:00
80033104,ASUS,ASUS,,Not Hold,Tidak ada masa Hold,Tidak ada Breach,PRODUCT,Tidak ada Breach,Tidak ada Breach,-
80033105,ASUS,ASUS,,Not Hold,Tidak ada masa Hold,Tidak ada Breach,PRODUCT,Tidak ada Breach,Tidak ada Breach,-
80033106,ASUS,ASUS,,Not Hold,Tidak ada masa Hold,Tidak ada Breach,PRODUCT,Tidak ada Breach,Tidak ada Breach,-
80033107,ASUS,ASUS,,Not Hold,Tidak ada masa Hold,Tidak ada Breach,PRODUCT,Tidak ada Breach,Tidak ada Breach,-
80033108,ASUS,ASUS,,Not Hold,Tidak ada masa Hold,Tidak ada Breach,PRODUCT,Tidak ada Breach,Tidak ada Breach,-
80033109,ASUS,ASUS,,Not Hold,Tidak ada masa Hold,Tidak ada Breach,PRODUCT,Tidak ada Breach,Tidak ada Breach,-
80033110,ASUS,ASUS,,Not Hold,Tidak ada masa Hold,Tidak ada Breach,PRODUCT,Tidak ada Breach,Tidak ada Breach,-
80033111,ASUS,ASUS,,Not Hold,Tidak ada masa Hold,Tidak ada Breach,PRODUCT,Tidak ada Breach,Tidak ada Breach,-
80033112,ASUS,ASUS,,Not Hold,Tidak ada masa Hold,Tidak ada Breach,PRODUCT,Tidak ada Breach,Tidak ada Breach,-
80033113,ASUS,ASUS,,Not Hold,Tidak ada masa Hold,Tidak ada Breach,PRODUCT,Tidak ada Breach,Tidak ada Breach,2022-08-15 00:00:00
80033114,ASUS,ASUS,,Not Hold,Tidak ada masa Hold,Tidak ada Breach,PRODUCT,Tidak ada Breach,Tidak ada Breach,-
80033115,ASUS,ASUS,,Not Hold,Tidak ada masa Hold,Tidak ada Breach,PRODUCT,Tidak ada Breach,Tidak ada Breach,-
80033116,ASUS,ASUS,,Not Hold,Tidak ada masa Hold,Tidak ada Breach,PRODUCT,Tidak ada Breach,Tidak ada Breach,-
80033117,ASUS,ASUS,,Not Hold,Tidak ada masa Hold,Tidak ada Breach,PRODUCT,Tidak ada Breach,Tidak ada Breach,-
80033118,ASUS,ASUS,,Not Hold,Tidak ada masa Hold,Tidak ada Breach,PRODUCT,Tidak ada Breach,Tidak ada Breach,-
80033119,ASUS,ASUS,,Not Hold,Tidak ada masa Hold,Tidak ada Breach,PRODUCT,Tidak ada Breach,Tidak ada Breach,2023-11-28 00:00:00
80033120,ASUS,ASUS,,Not Hold,Tidak ada masa Hold,Tidak ada Breach,PRODUCT,Tidak ada Breach,Tidak ada Breach,2024-01-18 00:00:00
80033121,ASUS,ASUS,,Not Hold,Tidak ada masa Hold,Tidak ada Breach,PRODUCT,Tidak ada Breach,Tidak ada Breach,2023-11-28 00:00:00
80033122,ASUS,ASUS,,Not Hold,Tidak ada masa Hold,Tidak ada Breach,PRODUCT,Tidak ada Breach,Tidak ada Breach,2023-03-10 00:00:00
80033123,ASUS,ASUS,,Not Hold,Tidak ada masa Hold,Tidak ada Breach,PRODUCT,Tidak ada Breach,Tidak ada Breach,-
80033124,ASUS,ASUS,,Not Hold,Tidak ada masa Hold,Tidak ada Breach,PRODUCT,Tidak ada Breach,Tidak ada Breach,-
80033125,ASUS,ASUS,,Not Hold,Tidak ada masa Hold,Tidak ada Breach,PRODUCT,Tidak ada Breach,Tidak ada Breach,-
80033126,ASUS,ASUS,,Not Hold,Tidak ada masa Hold,Tidak ada Breach,PRODUCT,Tidak ada Breach,Tidak ada Breach,-
80033127,ASUS,ASUS,,Not Hold,Tidak ada masa Hold,Tidak ada Breach,PRODUCT,Tidak ada Breach,Tidak ada Breach,-
80033128,ASUS,ASUS,,Not Hold,Tidak ada masa Hold,Tidak ada Breach,PRODUCT,Tidak ada Breach,Tidak ada Breach,-
80033129,ASUS,ASUS,,Not Hold,Tidak ada masa Hold,Tidak ada Breach,PRODUCT,Tidak ada Breach,Tidak ada Breach,-
80033130,ASUS,ASUS,,Not Hold,Tidak ada masa Hold,Tidak ada Breach,PRODUCT,Tidak ada Breach,Tidak ada Breach,2023-04-14 00:00:00
80033131,ASUS,ASUS,,Not Hold,Tidak ada masa Hold,Tidak ada Breach,PRODUCT,Tidak ada Breach,Tidak ada Breach,-
80033132,ASUS,ASUS,,Not Hold,Tidak ada masa Hold,Tidak ada Breach,PRODUCT,Tidak ada Breach,Tidak ada Breach,-
80033133,ASUS,ASUS,,Not Hold,Tidak ada masa Hold,Tidak ada Breach,PRODUCT,Tidak ada Breach,Tidak ada Breach,2023-04-14 00:00:00
80033186,ASUS,ASUS,,Not Hold,Tidak ada masa Hold,Tidak ada Breach,PRODUCT,Tidak ada Breach,Tidak ada Breach,-
80033187,ASUS,ASUS,,Not Hold,Tidak ada masa Hold,Tidak ada Breach,PRODUCT,Tidak ada Breach,Tidak ada Breach,2025-04-21 00:00:00
80033188,ASUS,ASUS,,Not Hold,Tidak ada masa Hold,Tidak ada Breach,PRODUCT,Tidak ada Breach,Tidak ada Breach,2025-04-21 00:00:00
80033189,ASUS,ASUS,,Not Hold,Tidak ada masa Hold,Tidak ada Breach,PRODUCT,Tidak ada Breach,Tidak ada Breach,-
80033400,ASUS,ASUS,,Not Hold,Tidak ada masa Hold,Tidak ada Breach,PRODUCT,Tidak ada Breach,Tidak ada Breach,2022-12-23 00:00:00
80033600,ASUS,ASUS,,Not Hold,Tidak ada masa Hold,Tidak ada Breach,PRODUCT,Tidak ada Breach,Tidak ada Breach,-
80047900,ASUS,ASUS,,Not Hold,Tidak ada masa Hold,Tidak ada Breach,PRODUCT,Tidak ada Breach,Tidak ada Breach,2023-05-13 00:00:00
80595300,ASUS,ASUS,,Not Hold,Tidak ada masa Hold,Tidak ada Breach,PRODUCT,Tidak ada Breach,Tidak ada Breach,2025-04-21 00:00:00
80595301,ASUS,ASUS,,Not Hold,Tidak ada masa Hold,Tidak ada Breach,PRODUCT,Tidak ada Breach,Tidak ada Breach,2022-12-23 00:00:00
11782100,ATOMICA ISVARA RITELINDO,ATMOS,,Not Hold,Tidak ada masa Hold,Tidak ada Breach,E-COMMERCE,Tidak ada Breach,Tidak ada Breach,2022-12-23 00:00:00
11800400,SEMBILAN OHM SEMBILAN,ATMOS,,Not Hold,Tidak ada masa Hold,Tidak ada Breach,E-COMMERCE,Tidak ada Breach,Tidak ada Breach,2022-12-23 00:00:00
81472000,SEMBILAN OHM SEMBILAN,ATMOS,,Not Hold,Tidak ada masa Hold,Tidak ada Breach,E-COMMERCE,Tidak ada Breach,Tidak ada Breach,2022-12-23 00:00:00
81472100,ATOMICA ISVARA RITELINDO PT,ATMOS,,Not Hold,Tidak ada masa Hold,Tidak ada Breach,E-COMMERCE,Tidak ada Breach,Tidak ada Breach,2022-12-23 00:00:00
81735600,SAMEDERA OMNI SEMESTA,ATMOS,,Not Hold,Tidak ada masa Hold,Tidak ada Breach,E-COMMERCE,Tidak ada Breach,Tidak ada Breach,2022-12-23 00:00:00
81735700,SAMEDERA OMNI SUKSES,ATMOS,,Not Hold,Tidak ada masa Hold,Tidak ada Breach,E-COMMERCE,Tidak ada Breach,Tidak ada Breach,2022-12-23 00:00:00
82171900,SAMUDRA OMNI SUKSES,ATMOS,,Not Hold,Tidak ada masa Hold,Tidak ada Breach,E-COMMERCE,Tidak ada Breach,Tidak ada Breach,2022-12-23 00:00:00
10503500,AXA FINANCIAL INDONESIA PT.,AXA FINANCIAL INDONESIA PT.,-,-,-,-,CORPORATE KOE,-,-,2022-12-23 00:00:00
10934000,BADAN PUSAT STATISTIK KAB TIMOR TENGAH UTARA,BADAN PUSAT STATISTIK KAB TIMOR TENGAH UTARA,-,-,-,-,CORPORATE KOE,-,-,2022-12-23 00:00:00
11009300,BAE ORBIT SENUSANTARA,BAE ORBIT SENUSANTARA,,Not Hold,Tidak ada masa Hold,Tidak ada Breach,TELCO,Tidak ada Breach,Tidak ada Breach,2022-12-23 00:00:00
11009302,BAE ORBIT SENUSANTARA,BAE ORBIT SENUSANTARA,,Not Hold,Tidak ada masa Hold,Tidak ada Breach,TELCO,Tidak ada Breach,Tidak ada Breach,2022-12-23 00:00:00
11009303,BAE ORBIT SENUSANTARA,BAE ORBIT SENUSANTARA,,Not Hold,Tidak ada masa Hold,Tidak ada Breach,TELCO,Tidak ada Breach,Tidak ada Breach,2022-12-23 00:00:00
80559800,BAE ORBIT SENUSANTARA,BAE ORBIT SENUSANTARA,,Not Hold,Tidak ada masa Hold,Tidak ada Breach,TELCO,Tidak ada Breach,Tidak ada Breach,2022-12-23 00:00:00
10936200,BAJO MANDIRI RAYA CV,BAJO MANDIRI RAYA CV,-,-,-,-,CORPORATE KOE,-,-,2022-12-23 00:00:00
10935400,BALAI PENGAWAS OBAT DAN MAKANAN KUPANG,BALAI PENGAWAS OBAT DAN MAKANAN KUPANG,-,-,-,-,CORPORATE KOE,-,-,2022-12-23 00:00:00
10607100,BANK BCA PT,BANK BCA PT,,Not Hold,Tidak ada masa Hold,"Harus Closing pada tanggal 15 dibulan berikutnya (Final status SUSKES, RETURN Shipeer dan Missing) ",BANKING & INSURANCE,"Sesuai SLA Kesepakatan, OVER SLA = Free Ongkir","Sesuai SLA Kesepakatan, OVER SLA = Free Ongkir",2022-12-23 00:00:00
10783200,BANK BCA PT,BANK BCA PT,,Not Hold,Tidak ada masa Hold,"Harus Closing pada tanggal 15 dibulan berikutnya (Final status SUSKES, RETURN Shipeer dan Missing) ",BANKING & INSURANCE,"Sesuai SLA Kesepakatan, OVER SLA = Free Ongkir","Sesuai SLA Kesepakatan, OVER SLA = Free Ongkir",2022-12-23 00:00:00
10783201,BANK BCA PT,BANK BCA PT,,Not Hold,Tidak ada masa Hold,"Harus Closing pada tanggal 15 dibulan berikutnya (Final status SUSKES, RETURN Shipeer dan Missing) ",BANKING & INSURANCE,"Sesuai SLA Kesepakatan, OVER SLA = Free Ongkir","Sesuai SLA Kesepakatan, OVER SLA = Free Ongkir",2022-12-23 00:00:00
10783202,BANK BCA PT,BANK BCA PT,,Not Hold,Tidak ada masa Hold,"Harus Closing pada tanggal 15 dibulan berikutnya (Final status SUSKES, RETURN Shipeer dan Missing) ",BANKING & INSURANCE,"Sesuai SLA Kesepakatan, OVER SLA = Free Ongkir","Sesuai SLA Kesepakatan, OVER SLA = Free Ongkir",2022-12-23 00:00:00
10783204,BANK BCA PT,BANK BCA PT,,Not Hold,Tidak ada masa Hold,"Harus Closing pada tanggal 15 dibulan berikutnya (Final status SUSKES, RETURN Shipeer dan Missing) ",BANKING & INSURANCE,"Sesuai SLA Kesepakatan, OVER SLA = Free Ongkir","Sesuai SLA Kesepakatan, OVER SLA = Free Ongkir",2022-12-23 00:00:00
10783205,BANK BCA PT,BANK BCA PT,,Not Hold,Tidak ada masa Hold,"Harus Closing pada tanggal 15 dibulan berikutnya (Final status SUSKES, RETURN Shipeer dan Missing) ",BANKING & INSURANCE,"Sesuai SLA Kesepakatan, OVER SLA = Free Ongkir","Sesuai SLA Kesepakatan, OVER SLA = Free Ongkir",2023-02-03 00:00:00
10783208,BANK BCA PT,BANK BCA PT,,Not Hold,Tidak ada masa Hold,"Harus Closing pada tanggal 15 dibulan berikutnya (Final status SUSKES, RETURN Shipeer dan Missing) ",BANKING & INSURANCE,"Sesuai SLA Kesepakatan, OVER SLA = Free Ongkir","Sesuai SLA Kesepakatan, OVER SLA = Free Ongkir",2025-04-21 00:00:00
10783209,BANK BCA PT,BANK BCA PT,,Not Hold,Tidak ada masa Hold,"Harus Closing pada tanggal 15 dibulan berikutnya (Final status SUSKES, RETURN Shipeer dan Missing) ",BANKING & INSURANCE,"Sesuai SLA Kesepakatan, OVER SLA = Free Ongkir","Sesuai SLA Kesepakatan, OVER SLA = Free Ongkir",2025-04-21 00:00:00
10783211,BANK BCA SURAT MERCHANT IN ACTIVE,BANK BCA PT,,Not Hold,Tidak ada masa Hold,"Harus Closing pada tanggal 15 dibulan berikutnya (Final status SUSKES, RETURN Shipeer dan Missing) ",BANKING & INSURANCE,Harus Closing pada tanggal 15 dibulan berikutnya,Harus Closing pada tanggal 15 dibulan berikutnya,2025-04-21 00:00:00
10783212,BCA - QRIS,BANK BCA PT,,Not Hold,Tidak ada masa Hold,"Harus Closing pada tanggal 15 dibulan berikutnya (Final status SUSKES, RETURN Shipeer dan Missing) ",BANKING & INSURANCE,Tidak ada Breach,Tidak ada Breach,2025-04-21 00:00:00
10783213,BCA - KARTU KREDIT SAMEDAY,BANK BCA PT,,Not Hold,Tidak ada masa Hold,"Harus Closing pada tanggal 15 dibulan berikutnya (Final status SUSKES, RETURN Shipeer dan Missing) ",BANKING & INSURANCE,Tidak ada Breach,Tidak ada Breach,2025-04-21 00:00:00
80088000,BANK BCA PT,BANK BCA PT,,Not Hold,Tidak ada masa Hold,"Harus Closing pada tanggal 15 dibulan berikutnya (Final status SUSKES, RETURN Shipeer dan Missing) ",BANKING & INSURANCE,"Sesuai SLA Kesepakatan, OVER SLA = Free Ongkir","Sesuai SLA Kesepakatan, OVER SLA = Free Ongkir",2025-04-21 00:00:00
80737200,BANK BCA PT,BANK BCA PT,,Not Hold,Tidak ada masa Hold,"Harus Closing pada tanggal 15 dibulan berikutnya (Final status SUSKES, RETURN Shipeer dan Missing) ",BANKING & INSURANCE,"Sesuai SLA Kesepakatan, OVER SLA = Free Ongkir","Sesuai SLA Kesepakatan, OVER SLA = Free Ongkir",2025-04-21 00:00:00
80737201,BCA - WARKAT,BANK BCA PT,,Not Hold,Tidak ada masa Hold,"Harus Closing pada tanggal 15 dibulan berikutnya (Final status SUSKES, RETURN Shipeer dan Missing) ",BANKING & INSURANCE,"Sesuai SLA Kesepakatan, OVER SLA = Free Ongkir","Sesuai SLA Kesepakatan, OVER SLA = Free Ongkir",2025-04-21 00:00:00
81062100,BCA - WARKAT,BANK BCA PT,,Not Hold,Tidak ada masa Hold,"Harus Closing pada tanggal 15 dibulan berikutnya (Final status SUSKES, RETURN Shipeer dan Missing) ",BANKING & INSURANCE,"Sesuai SLA Kesepakatan, OVER SLA = Free Ongkir","Sesuai SLA Kesepakatan, OVER SLA = Free Ongkir",2025-04-21 00:00:00
10783210,BANK BCA PT KORPORASI,BANK BCA PT KORPORASI,,Not Hold,Tidak ada masa Hold,"Harus Closing pada tanggal 15 dibulan berikutnya (Final status SUSKES, RETURN Shipeer dan Missing) ",BANKING & INSURANCE,Harus Closing pada tanggal 15 dibulan berikutnya,Harus Closing pada tanggal 15 dibulan berikutnya,2025-04-21 00:00:00
80731300,BANK BCA PT LOGISTIK,BANK BCA PT LOGISTIK,,Not Hold,Tidak ada masa Hold,"Harus Closing pada tanggal 15 dibulan berikutnya (Final status SUSKES, RETURN Shipeer dan Missing) ",BANKING & INSURANCE,Harus Closing pada tanggal 15 dibulan berikutnya,Harus Closing pada tanggal 15 dibulan berikutnya,2025-04-21 00:00:00
10910000,BANK BRI,BANK BRI,-,-,-,-,PROJECT KOE,-,-,2025-04-21 00:00:00
80940300,BANK BUKOPIN,BANK BUKOPIN,-,-,-,-,PROJECT KOE,-,-,2025-04-21 00:00:00
81635700,BANK DANAMON INDONESIA CARD PRODUCTION DELIVERY,BANK DANAMON INDONESIA,,Not Hold,Tidak ada masa Hold,"Harus Closing pada tanggal 15 dibulan berikutnya (Final status SUSKES, RETURN Shipeer dan Missing) ",BANKING & INSURANCE,Harus Closing pada tanggal 15 dibulan berikutnya,Harus Closing pada tanggal 15 dibulan berikutnya,2025-04-21 00:00:00
81635701,BANK DANAMON INDONESIA CARD PRODUCTION DELIVERY,BANK DANAMON INDONESIA,,Not Hold,Tidak ada masa Hold,"Harus Closing pada tanggal 15 dibulan berikutnya (Final status SUSKES, RETURN Shipeer dan Missing) ",BANKING & INSURANCE,Tidak ada Breach,Tidak ada Breach,2025-04-21 00:00:00
81635702,BANK DANAMON INDONESIA - CORPORATE COLLATERAL,BANK DANAMON INDONESIA,,Not Hold,Tidak ada masa Hold,"Harus Closing pada tanggal 15 dibulan berikutnya (Final status SUSKES, RETURN Shipeer dan Missing) ",BANKING & INSURANCE,Harus Closing pada tanggal 15 dibulan berikutnya,Harus Closing pada tanggal 15 dibulan berikutnya,2025-04-21 00:00:00
81635703,BANK DANAMON INDONESIA CARD PRODUCTION DELIVERY,BANK DANAMON INDONESIA,,Not Hold,Tidak ada masa Hold,"Harus Closing pada tanggal 15 dibulan berikutnya (Final status SUSKES, RETURN Shipeer dan Missing) ",BANKING & INSURANCE,Tidak ada Breach,Tidak ada Breach,2024-05-03 00:00:00
81635704,BANK DANAMON - PAKET DAN DOKUMEN,BANK DANAMON INDONESIA,,Not Hold,Tidak ada masa Hold,"Harus Closing pada tanggal 15 dibulan berikutnya (Final status SUSKES, RETURN Shipeer dan Missing) ",BANKING & INSURANCE,Harus Closing pada tanggal 15 dibulan berikutnya,Harus Closing pada tanggal 15 dibulan berikutnya,2024-03-05 00:00:00
11109100,BANK MANDIRI,BANK MANDIRI,,Not Hold,Tidak ada masa Hold,"Harus Closing pada tanggal 15 dibulan berikutnya (Final status SUSKES, RETURN Shipeer dan Missing) ",BANKING & INSURANCE,Harus Closing pada tanggal 15 dibulan berikutnya,Harus Closing pada tanggal 15 dibulan berikutnya,2024-07-08 00:00:00
11109101,BANK MANDIRI,BANK MANDIRI,,Not Hold,Tidak ada masa Hold,"Harus Closing pada tanggal 15 dibulan berikutnya (Final status SUSKES, RETURN Shipeer dan Missing) ",BANKING & INSURANCE,Harus Closing pada tanggal 15 dibulan berikutnya,Harus Closing pada tanggal 15 dibulan berikutnya,2024-05-03 00:00:00
11109102,BANK MANDIRI,BANK MANDIRI,,Not Hold,Tidak ada masa Hold,"Harus Closing pada tanggal 15 dibulan berikutnya (Final status SUSKES, RETURN Shipeer dan Missing) ",BANKING & INSURANCE,Harus Closing pada tanggal 15 dibulan berikutnya,Harus Closing pada tanggal 15 dibulan berikutnya,2024-05-03 00:00:00
11109103,BANK MANDIRI,BANK MANDIRI,,Not Hold,Tidak ada masa Hold,"Harus Closing pada tanggal 15 dibulan berikutnya (Final status SUSKES, RETURN Shipeer dan Missing) ",BANKING & INSURANCE,Harus Closing pada tanggal 15 dibulan berikutnya,Harus Closing pada tanggal 15 dibulan berikutnya,2024-08-30 00:00:00
11109105,BANK MANDIRI,BANK MANDIRI,,Not Hold,Tidak ada masa Hold,"Harus Closing pada tanggal 15 dibulan berikutnya (Final status SUSKES, RETURN Shipeer dan Missing) ",BANKING & INSURANCE,Harus Closing pada tanggal 15 dibulan berikutnya,Harus Closing pada tanggal 15 dibulan berikutnya,2025-04-21 00:00:00
11109106,BANK MANDIRI,BANK MANDIRI,,Not Hold,Tidak ada masa Hold,"Harus Closing pada tanggal 15 dibulan berikutnya (Final status SUSKES, RETURN Shipeer dan Missing) ",BANKING & INSURANCE,Harus Closing pada tanggal 15 dibulan berikutnya,Harus Closing pada tanggal 15 dibulan berikutnya,2026-06-11 00:00:00
80597800,BANK MANDIRI,BANK MANDIRI,,Not Hold,Tidak ada masa Hold,"Harus Closing pada tanggal 15 dibulan berikutnya (Final status SUSKES, RETURN Shipeer dan Missing) ",BANKING & INSURANCE,Harus Closing pada tanggal 15 dibulan berikutnya,Harus Closing pada tanggal 15 dibulan berikutnya,-
10909300,BANK MANDIRI,BANK MANDIRI,-,-,-,-,PROJECT KOE,-,-,-
10930100,BANK MANDIRI AREA KUPANG KREDIT,BANK MANDIRI AREA KUPANG KREDIT,-,-,-,-,CORPORATE KOE,-,-,-
10929700,BANK MANDIRI KCP WAINGAPU PT,BANK MANDIRI KCP WAINGAPU PT,-,-,-,-,CORPORATE KOE,-,-,-
80525500,BANK MEGA TBK,BANK MEGA TBK,,Hold,10,"Harus Closing pada tanggal 15 dibulan berikutnya (Final status SUSKES, RETURN Shipeer dan Missing) ",BANKING & INSURANCE,Harus Closing pada tanggal 15 dibulan berikutnya,Harus Closing pada tanggal 15 dibulan berikutnya,2023-07-28 00:00:00
10930200,BANK NTT,BANK NTT,-,-,-,-,PROJECT KOE,-,-,2023-07-28 00:00:00
80566100,BANK PANIN,BANK PANIN,-,-,-,-,PROJECT KOE,-,-,2024-06-11 00:00:00
10942900,BANK PEMBANGUNAN DAERAH NTT CAPEM KEFA PT,BANK PEMBANGUNAN DAERAH NTT CAPEM KEFA PT,-,-,-,-,CORPORATE KOE,-,-,2024-06-11 00:00:00
11709200,BANK UOB,BANK UOB,,Not Hold,Tidak ada masa Hold,"Harus Closing pada tanggal 15 dibulan berikutnya (Final status SUSKES, RETURN Shipeer dan Missing) ",BANKING & INSURANCE,Harus Closing pada tanggal 15 dibulan berikutnya,Harus Closing pada tanggal 15 dibulan berikutnya,2024-06-11 00:00:00
11709201,BANK UOB,BANK UOB,,Not Hold,Tidak ada masa Hold,"Harus Closing pada tanggal 15 dibulan berikutnya (Final status SUSKES, RETURN Shipeer dan Missing) ",BANKING & INSURANCE,Harus Closing pada tanggal 15 dibulan berikutnya,Harus Closing pada tanggal 15 dibulan berikutnya,2024-11-06 00:00:00
11709202,BANK UOB,BANK UOB,,Not Hold,Tidak ada masa Hold,"Harus Closing pada tanggal 15 dibulan berikutnya (Final status SUSKES, RETURN Shipeer dan Missing) ",BANKING & INSURANCE,Harus Closing pada tanggal 25 dibulan berjalan,Harus Closing pada tanggal 25 dibulan berjalan,2024-11-06 00:00:00
11709204,BANK UOB - BILLING,BANK UOB,,Not Hold,Tidak ada masa Hold,"Harus Closing pada tanggal 15 dibulan berikutnya (Final status SUSKES, RETURN Shipeer dan Missing) ",BANKING & INSURANCE,Harus Closing pada tanggal 15 dibulan berikutnya,Harus Closing pada tanggal 15 dibulan berikutnya,2024-11-06 00:00:00
11709205,BANK UOB INDONESIA PT - KARTU RECARDING,BANK UOB,,Not Hold,Tidak ada masa Hold,"Harus Closing pada tanggal 15 dibulan berikutnya (Final status SUSKES, RETURN Shipeer dan Missing) ",BANKING & INSURANCE,Harus Closing pada tanggal 15 dibulan berikutnya,Harus Closing pada tanggal 15 dibulan berikutnya,2024-11-06 00:00:00
10937900,BAYU EXPRESS CV,BAYU EXPRESS CV,-,-,-,-,CORPORATE KOE,-,-,2024-11-06 00:00:00
80731301,BCA MARCHANDISE ,BCA MARCHANDISE ,,Not Hold,Tidak ada masa Hold,"Harus Closing pada tanggal 15 dibulan berikutnya (Final status SUSKES, RETURN Shipeer dan Missing) ",BANKING & INSURANCE,Harus Closing pada tanggal 15 dibulan berikutnya,Harus Closing pada tanggal 15 dibulan berikutnya,2024-11-06 00:00:00
10935900,BCA MULTIFINANCE ,BCA MULTIFINANCE ,-,-,-,-,CORPORATE KOE,-,-,-
10006200,BENDAHARA BADAN PUSAT STATISTIK,BENDAHARA BADAN PUSAT STATISTIK,-,-,-,-,CORPORATE KOE,-,-,-
80557900,NOOMPANG KREASI NUSANTARA,BERBAGI INOVASI TEKNOLOGI / BITESHIP,,Hold,3,"A-B : 30 hari, C-D : 40 Hari",AGGREGATOR,30,40,-
80977800,BERBAGI INOVASI TEKNOLOGI,BERBAGI INOVASI TEKNOLOGI / BITESHIP,,Hold,3,"A-B : 30 hari, C-D : 40 Hari",AGGREGATOR,30,40,-
80977801,BERBAGI INOVASI TEKNOLOGI,BERBAGI INOVASI TEKNOLOGI / BITESHIP,,Hold,3,"A-B : 30 hari, C-D : 40 Hari",AGGREGATOR,30,40,-
80977802,BERBAGI INOVASI TEKNOLOGI,BERBAGI INOVASI TEKNOLOGI / BITESHIP,,Hold,3,"A-B : 30 hari, C-D : 40 Hari",AGGREGATOR,30,40,-
80051200,BHINNEKA MENTARI DIMENSI,BHINNEKA,,Not Hold,Tidak ada masa Hold,Tidak ada Breach,E-COMMERCE,Tidak ada Breach,Tidak ada Breach,-
80051202,BHINNEKA MENTARI DIMENSI,BHINNEKA,,Not Hold,Tidak ada masa Hold,Tidak ada Breach,E-COMMERCE,Tidak ada Breach,Tidak ada Breach,-
80051207,BHINNEKA MENTARI DIMENSI,BHINNEKA,,Not Hold,Tidak ada masa Hold,Tidak ada Breach,E-COMMERCE,Tidak ada Breach,Tidak ada Breach,-
80051208,BHINNEKA MENTARI DIMENSI,BHINNEKA,,Not Hold,Tidak ada masa Hold,Tidak ada Breach,E-COMMERCE,Tidak ada Breach,Tidak ada Breach,-
80051209,BHINNEKA MENTARI DIMENSI,BHINNEKA,,Not Hold,Tidak ada masa Hold,Tidak ada Breach,E-COMMERCE,Tidak ada Breach,Tidak ada Breach,-
80508500,BHINNEKA MENTARI DIMENSI,BHINNEKA,,Not Hold,Tidak ada masa Hold,Tidak ada Breach,E-COMMERCE,Tidak ada Breach,Tidak ada Breach,-
80508502,BHINNEKA MENTARI DIMENSI,BHINNEKA,,Not Hold,Tidak ada masa Hold,Tidak ada Breach,E-COMMERCE,Tidak ada Breach,Tidak ada Breach,2023-05-13 00:00:00
80508507,BHINNEKA MENTARI DIMENSI,BHINNEKA,,Not Hold,Tidak ada masa Hold,Tidak ada Breach,E-COMMERCE,Tidak ada Breach,Tidak ada Breach,-
80508508,BHINNEKA MENTARI DIMENSI,BHINNEKA,,Not Hold,Tidak ada masa Hold,Tidak ada Breach,E-COMMERCE,Tidak ada Breach,Tidak ada Breach,-
80508509,BHINNEKA MENTARI DIMENSI,BHINNEKA,,Not Hold,Tidak ada masa Hold,Tidak ada Breach,E-COMMERCE,Tidak ada Breach,Tidak ada Breach,-
10932400,BINA SAN PRIMA PT,BINA SAN PRIMA PT,-,-,-,-,CORPORATE KOE,-,-,-
11082400,BINTANG SEMPURNA,BINTANG SEMPURNA,,Not Hold,Tidak ada masa Hold,Tidak ada Breach,PRODUCT,Tidak ada Breach,Tidak ada Breach,-
11082401,BINTANG SEMPURNA,BINTANG SEMPURNA,,Not Hold,Tidak ada masa Hold,Tidak ada Breach,PRODUCT,Tidak ada Breach,Tidak ada Breach,-
10935600,BINTANG TOEDJOE PT,BINTANG TOEDJOE PT,-,-,-,-,CORPORATE KOE,-,-,-
10007700,BINTANG TOEDJOE PT,BINTANG TOEDJOE PT,-,-,-,-,CORPORATE KOE,-,-,-
10503200,BJTI KUPANG PT.,BJTI KUPANG PT.,-,-,-,-,CORPORATE KOE,-,-,-
10760101,BLI-BLI (DIGITAL GLOBAL NIAGA),BLI BLI,,Not Hold,Tidak ada masa Hold,2 X SLA Publish,MARKETPLACE,2 X SLA Publish,2 X SLA Publish,-
11019402,BLI-BLI (DIGITAL GLOBAL NIAGA),BLI BLI,,Not Hold,Tidak ada masa Hold,2 X SLA Publish,MARKETPLACE,2 X SLA Publish,2 X SLA Publish,-
80030200,BLI-BLI (DIGITAL GLOBAL NIAGA),BLI BLI,,Not Hold,Tidak ada masa Hold,2 X SLA Publish,MARKETPLACE,2 X SLA Publish,2 X SLA Publish,-
80088600,BLI-BLI (DIGITAL GLOBAL NIAGA),BLI BLI,,Not Hold,Tidak ada masa Hold,2 X SLA Publish,MARKETPLACE,2 X SLA Publish,2 X SLA Publish,-
80088601,BLI-BLI (DIGITAL GLOBAL NIAGA),BLI BLI,,Not Hold,Tidak ada masa Hold,2 X SLA Publish,MARKETPLACE,2 X SLA Publish,2 X SLA Publish,-
80088602,BLI-BLI (DIGITAL GLOBAL NIAGA),BLI BLI,,Not Hold,Tidak ada masa Hold,2 X SLA Publish,MARKETPLACE,2 X SLA Publish,2 X SLA Publish,-
80088603,BLI-BLI (DIGITAL GLOBAL NIAGA),BLI BLI,,Not Hold,Tidak ada masa Hold,2 X SLA Publish,MARKETPLACE,2 X SLA Publish,2 X SLA Publish,-
80508100,BLI-BLI (DIGITAL GLOBAL NIAGA),BLI BLI,,Not Hold,Tidak ada masa Hold,2 X SLA Publish,MARKETPLACE,2 X SLA Publish,2 X SLA Publish,-
80508101,BLI-BLI (DIGITAL GLOBAL NIAGA),BLI BLI,,Not Hold,Tidak ada masa Hold,2 X SLA Publish,MARKETPLACE,2 X SLA Publish,2 X SLA Publish,-
80508105,BLI-BLI (DIGITAL GLOBAL NIAGA),BLI BLI,,Not Hold,Tidak ada masa Hold,2 X SLA Publish,MARKETPLACE,2 X SLA Publish,2 X SLA Publish,-
80508107,BLI-BLI  - CASHLESS,BLI BLI,,Not Hold,Tidak ada masa Hold,2 X SLA Publish,MARKETPLACE,2 X SLA Publish,2 X SLA Publish,-
80508108,BLI-BLI (DIGITAL GLOBAL NIAGA),BLI BLI,,Not Hold,Tidak ada masa Hold,2 X SLA Publish,MARKETPLACE,2 X SLA Publish,2 X SLA Publish,-
80508110,BLI-BLI,BLI BLI,,Not Hold,Tidak ada masa Hold,2 X SLA Publish,MARKETPLACE,2 X SLA Publish,2 X SLA Publish,-
80508111,BLI-BLI,BLI BLI,,Not Hold,Tidak ada masa Hold,2 X SLA Publish,MARKETPLACE,2 X SLA Publish,2 X SLA Publish,-
80508112,BLI-BLI,BLI BLI,,Not Hold,Tidak ada masa Hold,2 X SLA Publish,MARKETPLACE,2 X SLA Publish,2 X SLA Publish,-
80508113,BLI-BLI  - B2B FAS,BLI BLI,,Not Hold,Tidak ada masa Hold,2 X SLA Publish,MARKETPLACE,2 X SLA Publish,2 X SLA Publish,-
80694500,BLI-BLI,BLI BLI,,Not Hold,Tidak ada masa Hold,2 X SLA Publish,MARKETPLACE,2 X SLA Publish,2 X SLA Publish,-
80694504,BLI-BLI,BLI BLI,,Not Hold,Tidak ada masa Hold,2 X SLA Publish,MARKETPLACE,2 X SLA Publish,2 X SLA Publish,-
10930000,BMKG,BMKG,-,-,-,-,PROJECT KOE,-,-,-
10924100,BMKG MARITIM TENAU ,BMKG MARITIM TENAU ,-,-,-,-,CORPORATE KOE,-,-,-
20126500,BMN DITJEN IMIGRASI,BMN DITJEN IMIGRASI,,Not Hold,Tidak ada masa Hold,Tidak ada Breach,GOVERNMENT,Tidak ada Breach,Tidak ada Breach,-
10893400,BNI,BNI,,Not Hold,Tidak ada masa Hold,"Harus Closing pada tanggal 15 dibulan berikutnya (Final status SUSKES, RETURN Shipeer dan Missing) ",BANKING & INSURANCE,Harus Closing pada tanggal 15 dibulan berikutnya,Harus Closing pada tanggal 15 dibulan berikutnya,-
11023901,BNI,BNI,,Not Hold,Tidak ada masa Hold,"Harus Closing pada tanggal 15 dibulan berikutnya (Final status SUSKES, RETURN Shipeer dan Missing) ",BANKING & INSURANCE,Harus Closing pada tanggal 15 dibulan berikutnya,Harus Closing pada tanggal 15 dibulan berikutnya,-
11023902,BNI,BNI,,Not Hold,Tidak ada masa Hold,"Harus Closing pada tanggal 15 dibulan berikutnya (Final status SUSKES, RETURN Shipeer dan Missing) ",BANKING & INSURANCE,Harus Closing pada tanggal 15 dibulan berikutnya,Harus Closing pada tanggal 15 dibulan berikutnya,-
11023903,BNI,BNI,,Not Hold,Tidak ada masa Hold,"Harus Closing pada tanggal 15 dibulan berikutnya (Final status SUSKES, RETURN Shipeer dan Missing) ",BANKING & INSURANCE,Harus Closing pada tanggal 15 dibulan berikutnya,Harus Closing pada tanggal 15 dibulan berikutnya,-
80892200,BNI,BNI,,Not Hold,Tidak ada masa Hold,"Harus Closing pada tanggal 15 dibulan berikutnya (Final status SUSKES, RETURN Shipeer dan Missing) ",BANKING & INSURANCE,Harus Closing pada tanggal 15 dibulan berikutnya,Harus Closing pada tanggal 15 dibulan berikutnya,-
81845000,BNI EMERALD BACHA COFFEE,BNI,,Not Hold,Tidak ada masa Hold,"Harus Closing pada tanggal 15 dibulan berikutnya (Final status SUSKES, RETURN Shipeer dan Missing) ",BANKING & INSURANCE,Harus Closing pada tanggal 15 dibulan berikutnya,Harus Closing pada tanggal 15 dibulan berikutnya,-
10503300,BNI,BNI,-,-,-,-,PROJECT KOE,-,-,-
10937500,BOSOWA BERLIAN MOTOR CAB KUPANG PT,BOSOWA BERLIAN MOTOR CAB KUPANG PT,-,-,-,-,CORPORATE KOE,-,-,-
10911900,BOSTON HEALTH AND BEAUTY,BOSTON HEALTH AND BEAUTY,-,-,-,-,CORPORATE KOE,-,-,-
10506600,BPJS KESEHATAN,BPJS KESEHATAN,-,-,-,-,PROJECT KOE,-,-,-
10933200,BPJS KESEHATAN WAINGAPU,BPJS KESEHATAN WAINGAPU,-,-,-,-,CORPORATE KOE,-,-,-
10927300,BPJS KETENAGAKERJAAN,BPJS KETENAGAKERJAAN,-,-,-,-,PROJECT KOE,-,-,-
10928700,BPJS KETENAGAKERJAAN ATAMBUA,BPJS KETENAGAKERJAAN ATAMBUA,-,-,-,-,CORPORATE KOE,-,-,-
10501900,BPK RI,BPK RI,-,-,-,-,PROJECT KOE,-,-,2022-08-15 00:00:00
10973400,BANK RAKYAT INDONESIA,BRI,,Not Hold,Tidak ada masa Hold,"Harus Closing pada tanggal 15 dibulan berikutnya (Final status SUSKES, RETURN Shipeer dan Missing) ",BANKING & INSURANCE,Harus Closing pada tanggal 15 dibulan berikutnya,Harus Closing pada tanggal 15 dibulan berikutnya,-
10973402,BANK RAKYAT INDONESIA,BRI,,Not Hold,Tidak ada masa Hold,"Harus Closing pada tanggal 15 dibulan berikutnya (Final status SUSKES, RETURN Shipeer dan Missing) ",BANKING & INSURANCE,Harus Closing pada tanggal 15 dibulan berikutnya,Harus Closing pada tanggal 15 dibulan berikutnya,-
10973403,BANK RAKYAT INDONESIA,BRI,,Not Hold,Tidak ada masa Hold,"Harus Closing pada tanggal 15 dibulan berikutnya (Final status SUSKES, RETURN Shipeer dan Missing) ",BANKING & INSURANCE,Harus Closing pada tanggal 15 dibulan berikutnya,Harus Closing pada tanggal 15 dibulan berikutnya,-
10973404,BANK RAKYAT INDONESIA,BRI,,Not Hold,Tidak ada masa Hold,"Harus Closing pada tanggal 15 dibulan berikutnya (Final status SUSKES, RETURN Shipeer dan Missing) ",BANKING & INSURANCE,Harus Closing pada tanggal 15 dibulan berikutnya,Harus Closing pada tanggal 15 dibulan berikutnya,-
80535900,BANK RAKYAT INDONESIA,BRI,,Not Hold,Tidak ada masa Hold,"Harus Closing pada tanggal 15 dibulan berikutnya (Final status SUSKES, RETURN Shipeer dan Missing) ",BANKING & INSURANCE,Harus Closing pada tanggal 15 dibulan berikutnya,Harus Closing pada tanggal 15 dibulan berikutnya,-
81515004,ASURANSI BRI LIFE,BRI,,Not Hold,Tidak ada masa Hold,"Harus Closing pada tanggal 15 dibulan berikutnya (Final status SUSKES, RETURN Shipeer dan Missing) ",BANKING & INSURANCE,Harus Closing pada tanggal 15 dibulan berikutnya,Harus Closing pada tanggal 15 dibulan berikutnya,-
81515005,ASURANSI BRI LIFE,BRI,,Not Hold,Tidak ada masa Hold,"Harus Closing pada tanggal 15 dibulan berikutnya (Final status SUSKES, RETURN Shipeer dan Missing) ",BANKING & INSURANCE,Harus Closing pada tanggal 15 dibulan berikutnya,Harus Closing pada tanggal 15 dibulan berikutnya,-
81515007,ASURANSI BRI LIFE,BRI,,Not Hold,Tidak ada masa Hold,"Harus Closing pada tanggal 15 dibulan berikutnya (Final status SUSKES, RETURN Shipeer dan Missing) ",BANKING & INSURANCE,Harus Closing pada tanggal 15 dibulan berikutnya,Harus Closing pada tanggal 15 dibulan berikutnya,-
81515008,ASURANSI BRI LIFE,BRI,,Not Hold,Tidak ada masa Hold,"Harus Closing pada tanggal 15 dibulan berikutnya (Final status SUSKES, RETURN Shipeer dan Missing) ",BANKING & INSURANCE,Harus Closing pada tanggal 15 dibulan berikutnya,Harus Closing pada tanggal 15 dibulan berikutnya,-
80072000,BANK SAHABAT SAMPOERNA,BSS,,Not Hold,Tidak ada masa Hold,"Harus Closing pada tanggal 15 dibulan berikutnya (Final status SUSKES, RETURN Shipeer dan Missing) ",BANKING & INSURANCE,Harus Closing pada tanggal 15 dibulan berikutnya,Harus Closing pada tanggal 15 dibulan berikutnya,-
80072001,BANK SAHABAT SAMPOERNA,BSS,,Not Hold,Tidak ada masa Hold,"Harus Closing pada tanggal 15 dibulan berikutnya (Final status SUSKES, RETURN Shipeer dan Missing) ",BANKING & INSURANCE,Harus Closing pada tanggal 15 dibulan berikutnya,Harus Closing pada tanggal 15 dibulan berikutnya,-
10933800,BTPN / SNBC,BTPN / SNBC,-,-,-,-,PROJECT KOE,-,-,-
80532100,BUKALAPAK.COM,BUKALAPAK,,Not Hold,Tidak ada masa Hold,Tidak ada Breach,MARKETPLACE,Tidak ada Breach,Tidak ada Breach,-
80532101,BUKALAPAK.COM - CASHLESS,BUKALAPAK,,Not Hold,Tidak ada masa Hold,Tidak ada Breach,MARKETPLACE,Tidak ada Breach,Tidak ada Breach,-
80532103,BUKALAPAK.COM,BUKALAPAK,,Not Hold,Tidak ada masa Hold,Tidak ada Breach,MARKETPLACE,Tidak ada Breach,Tidak ada Breach,-
80532106,BUKALAPAK.COM,BUKALAPAK,,Not Hold,Tidak ada masa Hold,Tidak ada Breach,MARKETPLACE,Tidak ada Breach,Tidak ada Breach,-
80532107,BUKALAPAK,BUKALAPAK,,Not Hold,Tidak ada masa Hold,Tidak ada Breach,MARKETPLACE,Tidak ada Breach,Tidak ada Breach,-
80532108,BUKALAPAK,BUKALAPAK,,Not Hold,Tidak ada masa Hold,Tidak ada Breach,MARKETPLACE,Tidak ada Breach,Tidak ada Breach,-
10935800,BUNDA UTAMA CV,BUNDA UTAMA CV,-,-,-,-,CORPORATE KOE,-,-,-
10005100,BUNDA UTAMA CV APOTEK,BUNDA UTAMA CV APOTEK,-,-,-,-,CORPORATE KOE,-,-,-
80887000,ALIA KREASI CANTIKA (BEAUTY PT),BUTTONSCARVES GROUP,,Not Hold,Tidak ada masa Hold,Tidak ada Breach,OFFICIAL STORE ,Tidak ada Breach,Tidak ada Breach,-
80887001,ALIA KREASI CANTIKA (BEAUTY PT),BUTTONSCARVES GROUP,,Not Hold,Tidak ada masa Hold,Tidak ada Breach,OFFICIAL STORE ,Tidak ada Breach,Tidak ada Breach,-
80887002,ALIA KREASI CANTIKA (BEAUTY PT),BUTTONSCARVES GROUP,,Not Hold,Tidak ada masa Hold,Tidak ada Breach,OFFICIAL STORE ,Tidak ada Breach,Tidak ada Breach,-
80887003,ALIA KREASI CANTIKA OFFLINE,BUTTONSCARVES GROUP,,Not Hold,Tidak ada masa Hold,Tidak ada Breach,OFFICIAL STORE ,Tidak ada Breach,Tidak ada Breach,-
80887100,BENANG JARUM INDONESIA (BENDANG JARUM PT),BUTTONSCARVES GROUP,,Not Hold,Tidak ada masa Hold,Tidak ada Breach,OFFICIAL STORE ,Tidak ada Breach,Tidak ada Breach,-
80887101,BENANG JARUM INDONESIA (BENDANG JARUM PT),BUTTONSCARVES GROUP,,Not Hold,Tidak ada masa Hold,Tidak ada Breach,OFFICIAL STORE ,Tidak ada Breach,Tidak ada Breach,-
80887102,BENANG JARUM INDONESIA (BENDANG JARUM PT),BUTTONSCARVES GROUP,,Not Hold,Tidak ada masa Hold,Tidak ada Breach,OFFICIAL STORE ,Tidak ada Breach,Tidak ada Breach,-
80887103,BENANG JARUM OFFLINE,BUTTONSCARVES GROUP,,Not Hold,Tidak ada masa Hold,Tidak ada Breach,OFFICIAL STORE ,Tidak ada Breach,Tidak ada Breach,-
80887200,DELIA KREASI INTERNASIONAL (ZYTADELIA PT),BUTTONSCARVES GROUP,,Not Hold,Tidak ada masa Hold,Tidak ada Breach,OFFICIAL STORE ,Tidak ada Breach,Tidak ada Breach,-
80887201,DELIA KREASI INTERNASIONAL (ZYTADELIA PT),BUTTONSCARVES GROUP,,Not Hold,Tidak ada masa Hold,Tidak ada Breach,OFFICIAL STORE ,Tidak ada Breach,Tidak ada Breach,-
80887202,DELIA KREASI INTERNASIONAL (ZYTADELIA PT),BUTTONSCARVES GROUP,,Not Hold,Tidak ada masa Hold,Tidak ada Breach,OFFICIAL STORE ,Tidak ada Breach,Tidak ada Breach,-
80887203,ZYTA DELIA OFFLINE,BUTTONSCARVES GROUP,,Not Hold,Tidak ada masa Hold,Tidak ada Breach,OFFICIAL STORE ,Tidak ada Breach,Tidak ada Breach,-
80887300,NADA MODA INDONESIA (NADA PUSPITA PT),BUTTONSCARVES GROUP,,Not Hold,Tidak ada masa Hold,Tidak ada Breach,OFFICIAL STORE ,Tidak ada Breach,Tidak ada Breach,-
80887301,NADA MODA INDONESIA (NADA PUSPITA PT),BUTTONSCARVES GROUP,,Not Hold,Tidak ada masa Hold,Tidak ada Breach,OFFICIAL STORE ,Tidak ada Breach,Tidak ada Breach,-
80887302,NADA MODA INDONESIA (NADA PUSPITA PT),BUTTONSCARVES GROUP,,Not Hold,Tidak ada masa Hold,Tidak ada Breach,OFFICIAL STORE ,Tidak ada Breach,Tidak ada Breach,-
80887303,NADA PUSPITA OFFLINE,BUTTONSCARVES GROUP,,Not Hold,Tidak ada masa Hold,Tidak ada Breach,OFFICIAL STORE ,Tidak ada Breach,Tidak ada Breach,-
80890500,ALIA KREASI MANDIRI INTERNASIONAL/BUTTONSCARVES,BUTTONSCARVES GROUP,,Not Hold,Tidak ada masa Hold,Tidak ada Breach,OFFICIAL STORE ,Tidak ada Breach,Tidak ada Breach,-
80890501,ALIA KREASI MANDIRI INTERNASIONAL/BUTTONSCARVES,BUTTONSCARVES GROUP,,Not Hold,Tidak ada masa Hold,Tidak ada Breach,OFFICIAL STORE ,Tidak ada Breach,Tidak ada Breach,-
80890502,ALIA KREASI MANDIRI INTERNASIONAL/BUTTONSCARVES,BUTTONSCARVES GROUP,,Not Hold,Tidak ada masa Hold,Tidak ada Breach,OFFICIAL STORE ,Tidak ada Breach,Tidak ada Breach,-
80890503,ALIA KREASI CANTIKA (BEAUTY PT),BUTTONSCARVES GROUP,,Not Hold,Tidak ada masa Hold,Tidak ada Breach,OFFICIAL STORE ,Tidak ada Breach,Tidak ada Breach,-
81866400,ALIA DIGITAL PRINTEX),BUTTONSCARVES GROUP,,Not Hold,Tidak ada masa Hold,Tidak ada Breach,OFFICIAL STORE ,Tidak ada Breach,Tidak ada Breach,-
81867600,CALLA THE LABEL,BUTTONSCARVES GROUP,,Not Hold,Tidak ada masa Hold,Tidak ada Breach,OFFICIAL STORE ,Tidak ada Breach,Tidak ada Breach,-
81959400,TYGA,BUTTONSCARVES GROUP,,Not Hold,Tidak ada masa Hold,Tidak ada Breach,OFFICIAL STORE ,Tidak ada Breach,Tidak ada Breach,-
82016300,ALIA KREASI MANDIRI INTERNASIONAL,BUTTONSCARVES GROUP,,Not Hold,Tidak ada masa Hold,Tidak ada Breach,OFFICIAL STORE ,Tidak ada Breach,Tidak ada Breach,-
82017900,ALIA KREASI MANDIRI INTERNASIONAL,BUTTONSCARVES GROUP,,Not Hold,Tidak ada masa Hold,Tidak ada Breach,OFFICIAL STORE ,Tidak ada Breach,Tidak ada Breach,-
82019600,ALIA KREASI MANDIRI INTERNASIONAL,BUTTONSCARVES GROUP,,Not Hold,Tidak ada masa Hold,Tidak ada Breach,OFFICIAL STORE ,Tidak ada Breach,Tidak ada Breach,-
82021400,CALLA MODA STUDIO,BUTTONSCARVES GROUP,,Not Hold,Tidak ada masa Hold,Tidak ada Breach,OFFICIAL STORE ,Tidak ada Breach,Tidak ada Breach,-
82021500,CALLA MODA STUDIO,BUTTONSCARVES GROUP,,Not Hold,Tidak ada masa Hold,Tidak ada Breach,OFFICIAL STORE ,Tidak ada Breach,Tidak ada Breach,-
82021600,CALLA MODA STUDIO,BUTTONSCARVES GROUP,,Not Hold,Tidak ada masa Hold,Tidak ada Breach,OFFICIAL STORE ,Tidak ada Breach,Tidak ada Breach,2022-01-28 00:00:00
80668704,TOKOPEDIA ORCHESTRA,BYTEDANCE,,Not Hold,Tidak ada masa Hold,SESUAI DENGAN UPDATE TIM CS,MARKETPLACE CS,SESUAI DENGAN UPDATE TIM CS,SESUAI DENGAN UPDATE TIM CS,2022-06-07 00:00:00
80668705,TOKOPEDIA ORCHESTRA,BYTEDANCE,,Not Hold,Tidak ada masa Hold,SESUAI DENGAN UPDATE TIM CS,MARKETPLACE CS,SESUAI DENGAN UPDATE TIM CS,SESUAI DENGAN UPDATE TIM CS,-
80668706,TOKOPEDIA ORCHESTRA,BYTEDANCE,,Not Hold,Tidak ada masa Hold,SESUAI DENGAN UPDATE TIM CS,MARKETPLACE CS,SESUAI DENGAN UPDATE TIM CS,SESUAI DENGAN UPDATE TIM CS,-
81093100,TIKTOK - CASHLESS COD JTR,BYTEDANCE,,Not Hold,Tidak ada masa Hold,SESUAI DENGAN UPDATE TIM CS,MARKETPLACE CS,SESUAI DENGAN UPDATE TIM CS,SESUAI DENGAN UPDATE TIM CS,2025-04-21 00:00:00
81093500,TIKTOK - COD - JTR,BYTEDANCE,,Not Hold,Tidak ada masa Hold,SESUAI DENGAN UPDATE TIM CS,MARKETPLACE CS,SESUAI DENGAN UPDATE TIM CS,SESUAI DENGAN UPDATE TIM CS,-
10920400,CAHAYA BERLIAN,CAHAYA BERLIAN,-,-,-,-,CORPORATE KOE,-,-,-
12349300,CARLCARE SERVICE ILA,CARLCARE SERVICE ILA,,Not Hold,Tidak ada masa Hold,Tidak ada Breach,PRODUCT,Tidak ada Breach,Tidak ada Breach,-
80725700,CARLCARE SERVICE ILA,CARLCARE SERVICE ILA,,Not Hold,Tidak ada masa Hold,Tidak ada Breach,PRODUCT,Tidak ada Breach,Tidak ada Breach,2023-06-22 00:00:00
80725701,CARLCARE SERVICE ILA,CARLCARE SERVICE ILA,,Not Hold,Tidak ada masa Hold,Tidak ada Breach,PRODUCT,Tidak ada Breach,Tidak ada Breach,2025-08-06 00:00:00
80725702,CARLCARE SERVICE ILA,CARLCARE SERVICE ILA,,Not Hold,Tidak ada masa Hold,Tidak ada Breach,PRODUCT,Tidak ada Breach,Tidak ada Breach,-
80725703,CARLCARE SERVICE ILA,CARLCARE SERVICE ILA,,Not Hold,Tidak ada masa Hold,Tidak ada Breach,PRODUCT,Tidak ada Breach,Tidak ada Breach,-
80725704,CARLCARE SERVICE ILA,CARLCARE SERVICE ILA,,Not Hold,Tidak ada masa Hold,Tidak ada Breach,PRODUCT,Tidak ada Breach,Tidak ada Breach,-
10922100,CASHLESS JNE KUPANG,CASHLESS JNE KUPANG,-,-,-,-,CORPORATE KOE,-,-,-
10923000,CHILDFUND INTERNATIONAL,CHILDFUND INTERNATIONAL,-,-,-,-,CORPORATE KOE,-,-,-
81969200,CHRISTYNG INTERNATIONAL INDONESIA,CHRISTYNG INTERNATIONAL INDONESIA,,Not Hold,Tidak ada masa Hold,Tidak ada Breach,PRODUCT,Tidak ada Breach,Tidak ada Breach,-
81969201,CHRISTYNG INTERNATIONAL INDONESIA,CHRISTYNG INTERNATIONAL INDONESIA,,Not Hold,Tidak ada masa Hold,Tidak ada Breach,PRODUCT,Tidak ada Breach,Tidak ada Breach,-
80738800,NUSANTARA SEJAHTERA RAYA,CINEMA XXI GRUP,,Not Hold,Tidak ada masa Hold,Tidak ada Breach,OFFICIAL STORE ,Tidak ada Breach,Tidak ada Breach,-
80738801,NUSANTARA SEJAHTERA RAYA,CINEMA XXI GRUP,,Not Hold,Tidak ada masa Hold,Tidak ada Breach,OFFICIAL STORE ,Tidak ada Breach,Tidak ada Breach,-
80740500,INTRA MANDIRI,CINEMA XXI GRUP,,Not Hold,Tidak ada masa Hold,Tidak ada Breach,OFFICIAL STORE ,Tidak ada Breach,Tidak ada Breach,-
80740501,INTRA MANDIRI,CINEMA XXI GRUP,,Not Hold,Tidak ada masa Hold,Tidak ada Breach,OFFICIAL STORE ,Tidak ada Breach,Tidak ada Breach,-
80740600,LESTARI MITRA SEMBADA,CINEMA XXI GRUP,,Not Hold,Tidak ada masa Hold,Tidak ada Breach,OFFICIAL STORE ,Tidak ada Breach,Tidak ada Breach,-
80740601,LESTARI MITRA SEMBADA,CINEMA XXI GRUP,,Not Hold,Tidak ada masa Hold,Tidak ada Breach,OFFICIAL STORE ,Tidak ada Breach,Tidak ada Breach,-
80760300,PT. GADING ADIPERMAI,CINEMA XXI GRUP,,Not Hold,Tidak ada masa Hold,Tidak ada Breach,OFFICIAL STORE ,Tidak ada Breach,Tidak ada Breach,-
80760301,PT. GADING ADIPERMAI,CINEMA XXI GRUP,,Not Hold,Tidak ada masa Hold,Tidak ada Breach,OFFICIAL STORE ,Tidak ada Breach,Tidak ada Breach,-
80760400,PT. KARTIKA INSANI RAYA,CINEMA XXI GRUP,,Not Hold,Tidak ada masa Hold,Tidak ada Breach,OFFICIAL STORE ,Tidak ada Breach,Tidak ada Breach,-
80760401,PT. KARTIKA INSANI RAYA,CINEMA XXI GRUP,,Not Hold,Tidak ada masa Hold,Tidak ada Breach,OFFICIAL STORE ,Tidak ada Breach,Tidak ada Breach,-
80760500,PT. KHARISMA MAJU ABADI,CINEMA XXI GRUP,,Not Hold,Tidak ada masa Hold,Tidak ada Breach,OFFICIAL STORE ,Tidak ada Breach,Tidak ada Breach,-
80760501,PT. KHARISMA MAJU ABADI,CINEMA XXI GRUP,,Not Hold,Tidak ada masa Hold,Tidak ada Breach,OFFICIAL STORE ,Tidak ada Breach,Tidak ada Breach,-
80760600,PT. LIA ANUGRAH SEMESTA,CINEMA XXI GRUP,,Not Hold,Tidak ada masa Hold,Tidak ada Breach,OFFICIAL STORE ,Tidak ada Breach,Tidak ada Breach,-
80760601,PT. LIA ANUGRAH SEMESTA,CINEMA XXI GRUP,,Not Hold,Tidak ada masa Hold,Tidak ada Breach,OFFICIAL STORE ,Tidak ada Breach,Tidak ada Breach,-
80760700,PT. PAN MITRA SEMBADA,CINEMA XXI GRUP,,Not Hold,Tidak ada masa Hold,Tidak ada Breach,OFFICIAL STORE ,Tidak ada Breach,Tidak ada Breach,2024-07-08 00:00:00
80760701,PT. PAN MITRA SEMBADA,CINEMA XXI GRUP,,Not Hold,Tidak ada masa Hold,Tidak ada Breach,OFFICIAL STORE ,Tidak ada Breach,Tidak ada Breach,-
80760800,PT. PRIMA MANDALA,CINEMA XXI GRUP,,Not Hold,Tidak ada masa Hold,Tidak ada Breach,OFFICIAL STORE ,Tidak ada Breach,Tidak ada Breach,2022-06-07 00:00:00
80760801,PT. PRIMA MANDALA,CINEMA XXI GRUP,,Not Hold,Tidak ada masa Hold,Tidak ada Breach,OFFICIAL STORE ,Tidak ada Breach,Tidak ada Breach,-
80760900,PT SEKAR SARIDANA,CINEMA XXI GRUP,,Not Hold,Tidak ada masa Hold,Tidak ada Breach,OFFICIAL STORE ,Tidak ada Breach,Tidak ada Breach,2024-05-03 00:00:00
80760901,PT SEKAR SARIDANA,CINEMA XXI GRUP,,Not Hold,Tidak ada masa Hold,Tidak ada Breach,OFFICIAL STORE ,Tidak ada Breach,Tidak ada Breach,-
81526000,CIPTA ESENSI OPTIMA,CIPTA ESENSI OPTIMA,,Not Hold,Tidak ada masa Hold,Tidak ada Breach,SOCIAL COMMERCE,Tidak ada Breach,Tidak ada Breach,-
10937400,CITRA VICTORY TITIPAN KILAT PT (TIKI KUPANG),CITRA VICTORY TITIPAN KILAT PT (TIKI KUPANG),-,-,-,-,CORPORATE KOE,-,-,-
80554500,CODEBRICK (TOKO TALK),CODEBRICK (TOKO TALK),,Hold,4,"A-B : 30 hari, C-D : 40 Hari",AGGREGATOR,30,40,-
80554501,CODEBRICK (TOKO TALK),CODEBRICK (TOKO TALK),,Hold,4,"A-B : 30 hari, C-D : 40 Hari",AGGREGATOR,30,40,-
80554502,CODEBRICK (TOKO TALK),CODEBRICK (TOKO TALK),,Hold,4,"A-B : 30 hari, C-D : 40 Hari",AGGREGATOR,30,40,-
80554503,CODEBRICK (TOKO TALK),CODEBRICK (TOKO TALK),,Hold,4,"A-B : 30 hari, C-D : 40 Hari",AGGREGATOR,30,40,-
80554504,CODEBRICK (TOKO TALK),CODEBRICK (TOKO TALK),,Hold,4,"A-B : 30 hari, C-D : 40 Hari",AGGREGATOR,30,40,-
80554505,CODEBRICK (TOKO TALK),CODEBRICK (TOKO TALK),,Hold,4,"A-B : 30 hari, C-D : 40 Hari",AGGREGATOR,30,40,-
10006900,COGINDO DAYABERSAMA PT,COGINDO DAYABERSAMA PT,-,-,-,-,CORPORATE KOE,-,-,-
10501500,COLLECT FROM JNE KUPANG,COLLECT FROM JNE KUPANG,-,-,-,-,CORPORATE KOE,-,-,-
10005800,CV BAJO MANDIRI RAYA,CV BAJO MANDIRI RAYA,-,-,-,-,CORPORATE KOE,-,-,2025-12-22 00:00:00
10932900,CV EMPAT PERMATA BATARA,CV EMPAT PERMATA BATARA,-,-,-,-,CORPORATE KOE,-,-,-
10005400,CV EMPAT PERMATA BATARA PUSAT OLEH-OLEH,CV EMPAT PERMATA BATARA PUSAT OLEH-OLEH,-,-,-,-,CORPORATE KOE,-,-,2022-03-16 00:00:00
10003300,CV EMPAT PERMATA BATARA PUSAT OLEH-OLEH,CV EMPAT PERMATA BATARA PUSAT OLEH-OLEH,-,-,-,-,CORPORATE KOE,-,-,2023-03-10 00:00:00
10943800,CV MITRA PEMENANG KUPANG,CV MITRA PEMENANG KUPANG,-,-,-,-,CORPORATE KOE,-,-,2023-03-10 00:00:00
10923300,CV. ARRA,CV. ARRA,-,-,-,-,CORPORATE KOE,-,-,2023-03-10 00:00:00
10918300,CV. BERKAT KUPANG,CV. BERKAT KUPANG,-,-,-,-,CORPORATE KOE,-,-,2023-03-10 00:00:00
10925600,CV. BINTANG ABADI,CV. BINTANG ABADI,-,-,-,-,CORPORATE KOE,-,-,2023-03-10 00:00:00
10004100,CV. BINTANG ABADI,CV. BINTANG ABADI,-,-,-,-,CORPORATE KOE,-,-,-
10925700,CV. BINTANG TERANG,CV. BINTANG TERANG,-,-,-,-,CORPORATE KOE,-,-,-
10004000,CV. BINTANG TERANG,CV. BINTANG TERANG,-,-,-,-,CORPORATE KOE,-,-,-
10926300,CV. BUMINET PRAKARSA,CV. BUMINET PRAKARSA,-,-,-,-,CORPORATE KOE,-,-,-
12042200,CV. GENDIS NUSTETI GUMILANG,CV. GENDIS NUSTETI GUMILANG,-,-,-,-,CORPORATE KOE,-,-,-
10919100,CV. JANACO JAYA,CV. JANACO JAYA,-,-,-,-,CORPORATE KOE,-,-,-
10931000,CV. JAYA MAKMUR TRANSPORTINDO,CV. JAYA MAKMUR TRANSPORTINDO,-,-,-,-,CORPORATE KOE,-,-,-
10915600,CV. PERDANA GLOBAL INDONESIA,CV. PERDANA GLOBAL INDONESIA,-,-,-,-,CORPORATE KOE,-,-,-
10912000,CV. POHON KEHIDUPAN,CV. POHON KEHIDUPAN,-,-,-,-,CORPORATE KOE,-,-,-
10916100,CV. VITA PERMAI,CV. VITA PERMAI,-,-,-,-,CORPORATE KOE,-,-,-
10920200,CV.BAJO MANDIRI JAYA,CV.BAJO MANDIRI JAYA,-,-,-,-,CORPORATE KOE,-,-,-
10974200,DAMCO INDONESIA PT / MAERSK,DAMCO INDONESIA PT / MAERSK,,Not Hold,Tidak ada masa Hold,Tidak ada Breach,3PL & LOGISTIC,Tidak ada Breach,Tidak ada Breach,2023-05-13 00:00:00
11006700,DAMCO INDONESIA PT / MAERSK,DAMCO INDONESIA PT / MAERSK,,Not Hold,Tidak ada masa Hold,Tidak ada Breach,3PL & LOGISTIC,Tidak ada Breach,Tidak ada Breach,2023-11-28 00:00:00
11100501,DAMCO INDONESIA PT / MAERSK,DAMCO INDONESIA PT / MAERSK,,Not Hold,Tidak ada masa Hold,Tidak ada Breach,3PL & LOGISTIC,Tidak ada Breach,Tidak ada Breach,2023-11-28 00:00:00
11100502,DAMCO INDONESIA PT / MAERSK,DAMCO INDONESIA PT / MAERSK,,Not Hold,Tidak ada masa Hold,Tidak ada Breach,3PL & LOGISTIC,Tidak ada Breach,Tidak ada Breach,2023-11-28 00:00:00
80518000,DAMCO INDONESIA PT / MAERSK,DAMCO INDONESIA PT / MAERSK,,Not Hold,Tidak ada masa Hold,Tidak ada Breach,3PL & LOGISTIC,Tidak ada Breach,Tidak ada Breach,2022-04-14 00:00:00
81074200,DAMCO INDONESIA PT / MAERSK,DAMCO INDONESIA PT / MAERSK,,Not Hold,Tidak ada masa Hold,Tidak ada Breach,3PL & LOGISTIC,Tidak ada Breach,Tidak ada Breach,2022-04-14 00:00:00
81074201,DAMCO INDONESIA PT / MAERSK,DAMCO INDONESIA PT / MAERSK,,Not Hold,Tidak ada masa Hold,Tidak ada Breach,3PL & LOGISTIC,Tidak ada Breach,Tidak ada Breach,2022-12-23 00:00:00
12131200,DANA PENSIUN BANK INDONESIA,DANA PENSIUN BANK INDONESIA,,Not Hold,Tidak ada masa Hold,Tidak ada Breach,BANKING & INSURANCE,Tidak ada Breach,Tidak ada Breach,2022-12-23 00:00:00
80090800,DATINDO INFONET PRIMA,DATINDO,,Not Hold,Tidak ada masa Hold,Tidak ada Breach,PRODUCT,Tidak ada Breach,Tidak ada Breach,2023-05-13 00:00:00
81522400,DEAL DULU INTERNATIONAL,DEAL DULU INTERNATIONAL,,Not Hold,Tidak ada masa Hold,Tidak ada Breach,OFFICIAL STORE ,Tidak ada Breach,Tidak ada Breach,-
81522401,DEAL DULU INTERNATIONAL,DEAL DULU INTERNATIONAL,,Not Hold,Tidak ada masa Hold,Tidak ada Breach,OFFICIAL STORE ,Tidak ada Breach,Tidak ada Breach,-
20003800,DEDDY PASAR SEGAR,DEDDY PASAR SEGAR,,Not Hold,Tidak ada masa Hold,Tidak ada Breach,SOCIAL COMMERCE,Tidak ada Breach,Tidak ada Breach,-
20003801,DEDDY PASAR SEGAR,DEDDY PASAR SEGAR,,Not Hold,Tidak ada masa Hold,Tidak ada Breach,SOCIAL COMMERCE,Tidak ada Breach,Tidak ada Breach,-
20003802,DEDDY PASAR SEGAR,DEDDY PASAR SEGAR,,Not Hold,Tidak ada masa Hold,Tidak ada Breach,SOCIAL COMMERCE,Tidak ada Breach,Tidak ada Breach,-
20003803,DEDDY PASAR SEGAR,DEDDY PASAR SEGAR,,Not Hold,Tidak ada masa Hold,Tidak ada Breach,SOCIAL COMMERCE,Tidak ada Breach,Tidak ada Breach,-
10508100,DENKESYAH KUPANG,DENKESYAH KUPANG,-,-,-,-,CORPORATE KOE,-,-,-
11659100,HUTCHISON 3 IND - CSL,DHL (INDOSAT),,Not Hold,Tidak ada masa Hold,Tidak ada Breach,3PL & LOGISTIC,Tidak ada Breach,Tidak ada Breach,-
11659101,HUTCHISON 3 IND - CSL,DHL (INDOSAT),,Not Hold,Tidak ada masa Hold,Tidak ada Breach,3PL & LOGISTIC,Tidak ada Breach,Tidak ada Breach,-
11659102,HUTCHISON 3 IND - CSL,DHL (INDOSAT),,Not Hold,Tidak ada masa Hold,Tidak ada Breach,3PL & LOGISTIC,Tidak ada Breach,Tidak ada Breach,-
11659103,HUTCHISON 3 IND - CSL,DHL (INDOSAT),,Not Hold,Tidak ada masa Hold,Tidak ada Breach,3PL & LOGISTIC,Tidak ada Breach,Tidak ada Breach,-
80079400,HUTCHISON 3 IND,DHL (INDOSAT),,Not Hold,Tidak ada masa Hold,Tidak ada Breach,3PL & LOGISTIC,Tidak ada Breach,Tidak ada Breach,-
80079401,HUTCHISON 3 IND,DHL (INDOSAT),,Not Hold,Tidak ada masa Hold,Tidak ada Breach,3PL & LOGISTIC,Tidak ada Breach,Tidak ada Breach,-
80079402,HUTCHISON 3 IND,DHL (INDOSAT),,Not Hold,Tidak ada masa Hold,Tidak ada Breach,3PL & LOGISTIC,Tidak ada Breach,Tidak ada Breach,-
80079403,HUTCHISON 3 IND,DHL (INDOSAT),,Not Hold,Tidak ada masa Hold,Tidak ada Breach,3PL & LOGISTIC,Tidak ada Breach,Tidak ada Breach,-
80079404,HUTCHISON 3 IND,DHL (INDOSAT),,Not Hold,Tidak ada masa Hold,Tidak ada Breach,3PL & LOGISTIC,Tidak ada Breach,Tidak ada Breach,-
80079405,HUTCHISON 3 IND,DHL (INDOSAT),,Not Hold,Tidak ada masa Hold,Tidak ada Breach,3PL & LOGISTIC,Tidak ada Breach,Tidak ada Breach,-
80079406,HUTCHISON 3 IND,DHL (INDOSAT),,Not Hold,Tidak ada masa Hold,Tidak ada Breach,3PL & LOGISTIC,Tidak ada Breach,Tidak ada Breach,-
80079407,HUTCHISON 3 IND,DHL (INDOSAT),,Not Hold,Tidak ada masa Hold,Tidak ada Breach,3PL & LOGISTIC,Tidak ada Breach,Tidak ada Breach,-
80079408,HUTCHISON 3 IND,DHL (INDOSAT),,Not Hold,Tidak ada masa Hold,Tidak ada Breach,3PL & LOGISTIC,Tidak ada Breach,Tidak ada Breach,2025-08-06 00:00:00
80079409,HUTCHISON 3 IND,DHL (INDOSAT),,Not Hold,Tidak ada masa Hold,Tidak ada Breach,3PL & LOGISTIC,Tidak ada Breach,Tidak ada Breach,2022-12-23 00:00:00
80079411,HUTCHISON 3 IND,DHL (INDOSAT),,Not Hold,Tidak ada masa Hold,Tidak ada Breach,3PL & LOGISTIC,Tidak ada Breach,Tidak ada Breach,-
80079413,HUTCHISON 3 IND,DHL (INDOSAT),,Not Hold,Tidak ada masa Hold,Tidak ada Breach,3PL & LOGISTIC,Tidak ada Breach,Tidak ada Breach,-
80079417,HUTCHISON 3 IND,DHL (INDOSAT),,Not Hold,Tidak ada masa Hold,Tidak ada Breach,3PL & LOGISTIC,Tidak ada Breach,Tidak ada Breach,-
80518300,HUTCHISON 3 IND - CSL,DHL (INDOSAT),,Not Hold,Tidak ada masa Hold,Tidak ada Breach,3PL & LOGISTIC,Tidak ada Breach,Tidak ada Breach,-
80518301,HUTCHISON 3 IND,DHL (INDOSAT),,Not Hold,Tidak ada masa Hold,Tidak ada Breach,3PL & LOGISTIC,Tidak ada Breach,Tidak ada Breach,2025-04-21 00:00:00
80566900,INDOSAT,DHL (INDOSAT),,Not Hold,Tidak ada masa Hold,Tidak ada Breach,3PL & LOGISTIC,Tidak ada Breach,Tidak ada Breach,-
80566901,INDOSAT,DHL (INDOSAT),,Not Hold,Tidak ada masa Hold,Tidak ada Breach,3PL & LOGISTIC,Tidak ada Breach,Tidak ada Breach,-
80566902,INDOSAT,DHL (INDOSAT),,Not Hold,Tidak ada masa Hold,Tidak ada Breach,3PL & LOGISTIC,Tidak ada Breach,Tidak ada Breach,-
80566903,INDOSAT,DHL (INDOSAT),,Not Hold,Tidak ada masa Hold,Tidak ada Breach,3PL & LOGISTIC,Tidak ada Breach,Tidak ada Breach,-
80566904,INDOSAT,DHL (INDOSAT),,Not Hold,Tidak ada masa Hold,Tidak ada Breach,3PL & LOGISTIC,Tidak ada Breach,Tidak ada Breach,-
80566905,INDOSAT SIM CARD,DHL (INDOSAT),,Not Hold,Tidak ada masa Hold,Tidak ada Breach,3PL & LOGISTIC,Tidak ada Breach,Tidak ada Breach,2022-09-21 00:00:00
80566906,INDOSAT SIM CARD,DHL (INDOSAT),,Not Hold,Tidak ada masa Hold,Tidak ada Breach,3PL & LOGISTIC,Tidak ada Breach,Tidak ada Breach,2022-09-21 00:00:00
82119800,Indosat DHL,DHL (INDOSAT),,Not Hold,Tidak ada masa Hold,Tidak ada Breach,3PL & LOGISTIC,Tidak ada Breach,Tidak ada Breach,2022-09-21 00:00:00
82119801,Indosat DHL,DHL (INDOSAT),,Not Hold,Tidak ada masa Hold,Tidak ada Breach,3PL & LOGISTIC,Tidak ada Breach,Tidak ada Breach,2022-09-21 00:00:00
82119802,INDOSAT TBK PT,DHL (INDOSAT),,Not Hold,Tidak ada masa Hold,Tidak ada Breach,TELCO,Tidak ada Breach,Tidak ada Breach,2022-09-21 00:00:00
80537715,TELKOMSEL,DHL (TELKOMSEL),,Not Hold,Tidak ada masa Hold,Tidak ada Breach,3PL & LOGISTIC,Tidak ada Breach,Tidak ada Breach,2022-09-21 00:00:00
80546300,DIGITAL INTIATIVES,DIGIMAP,,Hold,7,Tidak ada Breach,OFFICIAL STORE ,Tidak ada Breach,Tidak ada Breach,2022-09-21 00:00:00
80552101,DIGIMAP,DIGIMAP,,Hold,7,Tidak ada Breach,OFFICIAL STORE ,Tidak ada Breach,Tidak ada Breach,2022-09-21 00:00:00
80552103,DIGIMAP,DIGIMAP,,Hold,7,Tidak ada Breach,OFFICIAL STORE ,Tidak ada Breach,Tidak ada Breach,2022-09-21 00:00:00
80552106,DIGIPLUS RETAIL ADIPERKASA,DIGIMAP,,Hold,7,Tidak ada Breach,OFFICIAL STORE ,Tidak ada Breach,Tidak ada Breach,2022-09-21 00:00:00
81778100,DIGIPLUS RETAIL ADIPERKASA,DIGIMAP,,Hold,7,Tidak ada Breach,OFFICIAL STORE ,Tidak ada Breach,Tidak ada Breach,2022-09-21 00:00:00
81778101,DIGIPLUS RETAIL ADIPERKASA,DIGIMAP,,Hold,7,Tidak ada Breach,OFFICIAL STORE ,Tidak ada Breach,Tidak ada Breach,2022-09-21 00:00:00
81778104,DIGIPLUS RETAIL ADIPERKASA,DIGIMAP,,Hold,7,Tidak ada Breach,OFFICIAL STORE ,Tidak ada Breach,Tidak ada Breach,2022-09-21 00:00:00
81778108,DIGIPLUS RETAIL ADIPERKASA,DIGIMAP,,Hold,7,Tidak ada Breach,OFFICIAL STORE ,Tidak ada Breach,Tidak ada Breach,2022-09-21 00:00:00
81778102,DIGIPLUS RETAIL ADIPERKASA,DIGIMAP,,Hold,7,Tidak ada Breach,OFFICIAL STORE ,Tidak ada Breach,Tidak ada Breach,2022-09-21 00:00:00
10942200,DINAS KESEHATAN KOTA KUPANG,DINAS KESEHATAN KOTA KUPANG,-,-,-,-,CORPORATE KOE,-,-,2022-09-21 00:00:00
10838000,DINOMARKET,DINOMARKET,,Not Hold,Tidak ada masa Hold,Tidak ada Breach,E-COMMERCE,Tidak ada Breach,Tidak ada Breach,2022-09-21 00:00:00
10838003,DINOMARKET,DINOMARKET,,Not Hold,Tidak ada masa Hold,Tidak ada Breach,E-COMMERCE,Tidak ada Breach,Tidak ada Breach,2022-09-21 00:00:00
10838004,DINOMARKET,DINOMARKET,,Not Hold,Tidak ada masa Hold,Tidak ada Breach,E-COMMERCE,Tidak ada Breach,Tidak ada Breach,2022-09-21 00:00:00
80540500,DINOMARKET,DINOMARKET,,Not Hold,Tidak ada masa Hold,Tidak ada Breach,E-COMMERCE,Tidak ada Breach,Tidak ada Breach,2022-09-21 00:00:00
80540501,DINOMARKET,DINOMARKET,,Not Hold,Tidak ada masa Hold,Tidak ada Breach,E-COMMERCE,Tidak ada Breach,Tidak ada Breach,2022-09-21 00:00:00
10528201,DISTRIBUSI SENTRA JAYA,DISTRIBUSI SENTRA JAYA (SMARTFREN),,Not Hold,Tidak ada masa Hold,Tidak ada Breach,TELCO,Tidak ada Breach,Tidak ada Breach,2022-09-21 00:00:00
10528202,DISTRIBUSI SENTRA JAYA,DISTRIBUSI SENTRA JAYA (SMARTFREN),,Not Hold,Tidak ada masa Hold,Tidak ada Breach,TELCO,Tidak ada Breach,Tidak ada Breach,-
10837900,DISTRIBUSI SENTRA JAYA,DISTRIBUSI SENTRA JAYA (SMARTFREN),,Not Hold,Tidak ada masa Hold,Tidak ada Breach,TELCO,Tidak ada Breach,Tidak ada Breach,-
10851100,DISTRIBUSI SENTRA JAYA,DISTRIBUSI SENTRA JAYA (SMARTFREN),,Not Hold,Tidak ada masa Hold,Tidak ada Breach,TELCO,Tidak ada Breach,Tidak ada Breach,2025-12-22 00:00:00
80029200,DISTRIBUSI SENTRA JAYA,DISTRIBUSI SENTRA JAYA (SMARTFREN),,Not Hold,Tidak ada masa Hold,Tidak ada Breach,TELCO,Tidak ada Breach,Tidak ada Breach,2025-12-22 00:00:00
80029300,DISTRIBUSI SENTRA JAYA,DISTRIBUSI SENTRA JAYA (SMARTFREN),,Not Hold,Tidak ada masa Hold,Tidak ada Breach,TELCO,Tidak ada Breach,Tidak ada Breach,2025-12-22 00:00:00
80044400,DISTRIBUSI SENTRA JAYA,DISTRIBUSI SENTRA JAYA (SMARTFREN),,Not Hold,Tidak ada masa Hold,Tidak ada Breach,TELCO,Tidak ada Breach,Tidak ada Breach,2025-12-22 00:00:00
80044800,DISTRIBUSI SENTRA JAYA,DISTRIBUSI SENTRA JAYA (SMARTFREN),,Not Hold,Tidak ada masa Hold,Tidak ada Breach,TELCO,Tidak ada Breach,Tidak ada Breach,-
80044801,DISTRIBUSI SENTRA JAYA,DISTRIBUSI SENTRA JAYA (SMARTFREN),,Not Hold,Tidak ada masa Hold,Tidak ada Breach,TELCO,Tidak ada Breach,Tidak ada Breach,2022-09-21 00:00:00
80055900,DISTRIBUSI SENTRA JAYA,DISTRIBUSI SENTRA JAYA (SMARTFREN),,Not Hold,Tidak ada masa Hold,Tidak ada Breach,TELCO,Tidak ada Breach,Tidak ada Breach,2022-12-23 00:00:00
80100600,DISTRIBUSI SENTRA JAYA,DISTRIBUSI SENTRA JAYA (SMARTFREN),,Not Hold,Tidak ada masa Hold,Tidak ada Breach,TELCO,Tidak ada Breach,Tidak ada Breach,-
80539301,DISTRIBUSI SENTRA JAYA,DISTRIBUSI SENTRA JAYA (SMARTFREN),,Not Hold,Tidak ada masa Hold,Tidak ada Breach,TELCO,Tidak ada Breach,Tidak ada Breach,-
80539307,DISTRIBUSI SENTRA JAYA,DISTRIBUSI SENTRA JAYA (SMARTFREN),,Not Hold,Tidak ada masa Hold,Tidak ada Breach,TELCO,Tidak ada Breach,Tidak ada Breach,-
80539308,DISTRIBUSI SENTRA JAYA,DISTRIBUSI SENTRA JAYA (SMARTFREN),,Not Hold,Tidak ada masa Hold,Tidak ada Breach,TELCO,Tidak ada Breach,Tidak ada Breach,2022-01-28 00:00:00
80582100,DITAJENAD,DITAJENAD,,Not Hold,Tidak ada masa Hold,Tidak ada Breach,GOVERNMENT,Tidak ada Breach,Tidak ada Breach,-
11644200,DOS NI ROHA,DOS NI ROHA,,Not Hold,Tidak ada masa Hold,Tidak ada Breach,E-COMMERCE,Tidak ada Breach,Tidak ada Breach,2022-01-28 00:00:00
80517600,DOS NI ROHA,DOS NI ROHA,,Not Hold,Tidak ada masa Hold,Tidak ada Breach,E-COMMERCE,Tidak ada Breach,Tidak ada Breach,2022-01-28 00:00:00
80517700,DOS NI ROHA,DOS NI ROHA,,Not Hold,Tidak ada masa Hold,Tidak ada Breach,E-COMMERCE,Tidak ada Breach,Tidak ada Breach,2022-07-19 00:00:00
80517800,DOS NI ROHA,DOS NI ROHA,,Not Hold,Tidak ada masa Hold,Tidak ada Breach,E-COMMERCE,Tidak ada Breach,Tidak ada Breach,2025-04-21 00:00:00
80533500,DOS NI ROHA,DOS NI ROHA,,Not Hold,Tidak ada masa Hold,Tidak ada Breach,E-COMMERCE,Tidak ada Breach,Tidak ada Breach,-
80533501,DOS NI ROHA,DOS NI ROHA,,Not Hold,Tidak ada masa Hold,Tidak ada Breach,E-COMMERCE,Tidak ada Breach,Tidak ada Breach,-
80561500,EIGERINDO MULTIPRODUK INDUSTRI,EIGER,,Not Hold,Tidak ada masa Hold,Tidak ada Breach,OFFICIAL STORE ,Tidak ada Breach,Tidak ada Breach,2022-01-28 00:00:00
80561501,EIGERINDO MULTIPRODUK INDUSTRI,EIGER,,Not Hold,Tidak ada masa Hold,Tidak ada Breach,OFFICIAL STORE ,Tidak ada Breach,Tidak ada Breach,-
80561504,EIGERINDO MULTIPRODUK INDUSTRI,EIGER,,Not Hold,Tidak ada masa Hold,Tidak ada Breach,OFFICIAL STORE ,Tidak ada Breach,Tidak ada Breach,2022-01-28 00:00:00
80561505,EIGERINDO MULTIPRODUK INDUSTRI,EIGER,,Not Hold,Tidak ada masa Hold,Tidak ada Breach,OFFICIAL STORE ,Tidak ada Breach,Tidak ada Breach,-
80561506,EIGERINDO MULTIPRODUK INDUSTRI,EIGER,,Not Hold,Tidak ada masa Hold,Tidak ada Breach,OFFICIAL STORE ,Tidak ada Breach,Tidak ada Breach,-
80561507,EIGERINDO MULTIPRODUK INDUSTRI,EIGER,,Not Hold,Tidak ada masa Hold,Tidak ada Breach,OFFICIAL STORE ,Tidak ada Breach,Tidak ada Breach,-
80561510,EIGERINDO MULTIPRODUK INDUSTRI PT - STORE CSS,EIGER,,Not Hold,Tidak ada masa Hold,Tidak ada Breach,OFFICIAL STORE ,Tidak ada Breach,Tidak ada Breach,-
10920800,ENSEVAL PM TBK PT DIV MINUMAN DAN MAKANAN ,ENSEVAL PM TBK PT DIV MINUMAN DAN MAKANAN ,-,-,-,-,CORPORATE KOE,-,-,-
11011200,ENTER KOMPUTER,ENTER KOMPUTER,,Not Hold,Tidak ada masa Hold,Tidak ada Breach,E-COMMERCE,Tidak ada Breach,Tidak ada Breach,-
11011201,ENTER KOMPUTER,ENTER KOMPUTER,,Not Hold,Tidak ada masa Hold,Tidak ada Breach,E-COMMERCE,Tidak ada Breach,Tidak ada Breach,2026-06-11 00:00:00
10871300,ERAFONE DOTCOM PT Offline Project Cikupa,ERAJAYA GROUP,,Not Hold,Tidak ada masa Hold,Tidak ada Breach,TELCO,Tidak ada Breach,Tidak ada Breach,2026-06-11 00:00:00
11747900,ERAFONE ARTHA RETAILINDO (OFFLINE ORIGIN CGK) Offline Project Cikupa,ERAJAYA GROUP,,Not Hold,Tidak ada masa Hold,Tidak ada Breach,TELCO,Tidak ada Breach,Tidak ada Breach,-
12118300,TELETAMA ARTHA MANDIRI (OFFLINE ORIGIN CGK) Offline Project Cikupa,ERAJAYA GROUP,,Not Hold,Tidak ada masa Hold,Tidak ada Breach,TELCO,Tidak ada Breach,Tidak ada Breach,-
12350000,SINAR EKA SELARAS (OFFLINE ORIGIN CGK) Offline Project Cikupa,ERAJAYA GROUP,,Not Hold,Tidak ada masa Hold,Tidak ada Breach,TELCO,Tidak ada Breach,Tidak ada Breach,-
12350400,NUSA ABADI SUKSES ARTHA (OFFLINE ORIGIN CGK) Offline Project Cikupa,ERAJAYA GROUP,,Not Hold,Tidak ada masa Hold,Tidak ada Breach,TELCO,Tidak ada Breach,Tidak ada Breach,-
12446500,MITRA INTERNASIONAL INDONESIA Offline Project Cikupa,ERAJAYA GROUP,,Not Hold,Tidak ada masa Hold,Tidak ada Breach,TELCO,Tidak ada Breach,Tidak ada Breach,2024-07-08 00:00:00
80079100,ERAFONE DOTCOM (ONLINE) Online,ERAJAYA GROUP,,Not Hold,Tidak ada masa Hold,Tidak ada Breach,TELCO,Tidak ada Breach,Tidak ada Breach,2024-05-03 00:00:00
80079102,ERAFONE DOTCOM (ONLINE) Online,ERAJAYA GROUP,,Not Hold,Tidak ada masa Hold,Tidak ada Breach,TELCO,Tidak ada Breach,Tidak ada Breach,-
80531900,NUSA ABADI SUKSES ARTHA (SPBR) SPBR,ERAJAYA GROUP,,Not Hold,Tidak ada masa Hold,Tidak ada Breach,TELCO,Tidak ada Breach,Tidak ada Breach,-
80532006,ERAFONE ARTHA RETAILINDO (SPBR) SPBR,ERAJAYA GROUP,,Not Hold,Tidak ada masa Hold,Tidak ada Breach,TELCO,Tidak ada Breach,Tidak ada Breach,-
80539400,ERAFONE ARTHA RETAILINDO (ENTERPRISE) Enterprise,ERAJAYA GROUP,,Not Hold,Tidak ada masa Hold,Tidak ada Breach,TELCO,Tidak ada Breach,Tidak ada Breach,-
80539500,TELETAMA ARTHA MANDIRI (SPBR) SPBR,ERAJAYA GROUP,,Not Hold,Tidak ada masa Hold,Tidak ada Breach,TELCO,Tidak ada Breach,Tidak ada Breach,-
80540800,MITRA INTERNASIONAL INDONESIA (OFFLINE ORIGIN CGK) SPBR,ERAJAYA GROUP,,Not Hold,Tidak ada masa Hold,Tidak ada Breach,TELCO,Tidak ada Breach,Tidak ada Breach,-
80542500,SINAR EKA SELARAS (SPBR) SPBR,ERAJAYA GROUP,,Not Hold,Tidak ada masa Hold,Tidak ada Breach,TELCO,Tidak ada Breach,Tidak ada Breach,-
80633600,DATA CITRA MANDIRI (SPBR) SPBR,ERAJAYA GROUP,,Not Hold,Tidak ada masa Hold,Tidak ada Breach,TELCO,Tidak ada Breach,Tidak ada Breach,-
80633602,DATA CITRA MANDIRI (ENTERPRISE) Enterprise,ERAJAYA GROUP,,Not Hold,Tidak ada masa Hold,Tidak ada Breach,TELCO,Tidak ada Breach,Tidak ada Breach,-
81686800,ERHA IDEA CIPTA KARSA - COD,ERHA IDEA CIPTA KARSA,,Not Hold,Tidak ada masa Hold,Tidak ada Breach,SOCIAL COMMERCE,Tidak ada Breach,Tidak ada Breach,-
81686801,ERHA IDEA CIPTA KARSA - NON COD,ERHA IDEA CIPTA KARSA,,Not Hold,Tidak ada masa Hold,Tidak ada Breach,SOCIAL COMMERCE,Tidak ada Breach,Tidak ada Breach,-
81686802,ERHA IDEA CIPTA KARSA - COD FEE,ERHA IDEA CIPTA KARSA,,Not Hold,Tidak ada masa Hold,Tidak ada Breach,SOCIAL COMMERCE,Tidak ada Breach,Tidak ada Breach,-
81686803,ERHA IDEA CIPTA KARSA - RETURN,ERHA IDEA CIPTA KARSA,,Not Hold,Tidak ada masa Hold,Tidak ada Breach,SOCIAL COMMERCE,Tidak ada Breach,Tidak ada Breach,-
80563300,SETIAP HARI DIPAKAI ( EVERMOS ),EVERMOS,,Hold,7,"sla delivery = publish
sla hold 7 hari
sla return 30 hari",AGGREGATOR,30,30,-
80563301,SETIAP HARI DIPAKAI ( EVERMOS ),EVERMOS,,Hold,7,"sla delivery = publish
sla hold 7 hari
sla return 30 hari",AGGREGATOR,30,30,-
80563302,SETIAP HARI DIPAKAI ( EVERMOS ),EVERMOS,,Hold,7,"sla delivery = publish
sla hold 7 hari
sla return 30 hari",AGGREGATOR,30,30,-
80563303,SETIAP HARI DIPAKAI ( EVERMOS ),EVERMOS,,Hold,7,"sla delivery = publish
sla hold 7 hari
sla return 30 hari",AGGREGATOR,30,30,-
80563304,SETIAP HARI DIPAKAI ( EVERMOS ),EVERMOS,,Hold,7,"sla delivery = publish
sla hold 7 hari
sla return 30 hari",AGGREGATOR,30,30,-
80563305,SETIAP HARI DIPAKAI ( EVERMOS ),EVERMOS,,Hold,7,"sla delivery = publish
sla hold 7 hari
sla return 30 hari",AGGREGATOR,30,30,-
80563306,EVERMOS MANAGIX,EVERMOS,,Hold,7,"sla delivery = publish
sla hold 7 hari
sla return 30 hari",AGGREGATOR,30,30,-
80563307,EVERMOS MANAGIX,EVERMOS,,Hold,7,"sla delivery = publish
sla hold 7 hari
sla return 30 hari",AGGREGATOR,30,30,-
80563308,EVERMOS MANAGIX,EVERMOS,,Hold,7,"sla delivery = publish
sla hold 7 hari
sla return 30 hari",AGGREGATOR,30,30,-
80563309,EVERMOS MANAGIX,EVERMOS,,Hold,7,"sla delivery = publish
sla hold 7 hari
sla return 30 hari",AGGREGATOR,30,30,2023-09-12 00:00:00
80563310,EVERMOS MANAGIX,EVERMOS,,Hold,7,"sla delivery = publish
sla hold 7 hari
sla return 30 hari",AGGREGATOR,30,30,-
80563311,EVERMOS MANAGIX,EVERMOS,,Hold,7,"sla delivery = publish
sla hold 7 hari
sla return 30 hari",AGGREGATOR,30,30,-
80563312,EVERMOS MANAGIX,EVERMOS,,Hold,7,"sla delivery = publish
sla hold 7 hari
sla return 30 hari",AGGREGATOR,30,30,-
80563313,EVERMOS MANAGIX,EVERMOS,,Hold,7,"sla delivery = publish
sla hold 7 hari
sla return 30 hari",AGGREGATOR,30,30,-
80563314,EVERMOS MANAGIX,EVERMOS,,Hold,7,"sla delivery = publish
sla hold 7 hari
sla return 30 hari",AGGREGATOR,30,30,-
80563315,EVERMOS MANAGIX,EVERMOS,,Hold,7,"sla delivery = publish
sla hold 7 hari
sla return 30 hari",AGGREGATOR,30,30,-
80563316,EVERMOS MANAGIX,EVERMOS,,Hold,7,"sla delivery = publish
sla hold 7 hari
sla return 30 hari",AGGREGATOR,30,30,-
80563331,SETIAP HARI DIPAKAI ( EVERMOS ),EVERMOS,,Hold,7,"sla delivery = publish
sla hold 7 hari
sla return 30 hari",AGGREGATOR,30,30,2023-07-28 00:00:00
80563332,EVERMOS MANAGIX,EVERMOS,,Hold,7,"sla delivery = publish
sla hold 7 hari
sla return 30 hari",AGGREGATOR,30,30,2023-07-28 00:00:00
80563333,EVERMOS MANAGIX,EVERMOS,,Hold,7,"sla delivery = publish
sla hold 7 hari
sla return 30 hari",AGGREGATOR,30,30,2025-12-22 00:00:00
80563334,EVERMOS MANAGIX,EVERMOS,,Hold,7,"sla delivery = publish
sla hold 7 hari
sla return 30 hari",AGGREGATOR,30,30,2025-12-22 00:00:00
80669700,SETIAP HARI DIPAKAI ( EVERMOS ),EVERMOS,,Hold,7,"sla delivery = publish
sla hold 7 hari
sla return 30 hari",AGGREGATOR,30,30,2025-12-22 00:00:00
80669701,SETIAP HARI DIPAKAI ( EVERMOS ),EVERMOS,,Hold,7,"sla delivery = publish
sla hold 7 hari
sla return 30 hari",AGGREGATOR,30,30,2025-12-22 00:00:00
80563317,SETIAP HARI DIPAKAI ( EVERMOS ),EVERPRO,,Hold,7,"sla delivery = publish
sla hold 7 hari
sla return 30 hari",AGGREGATOR,30,30,-
80563318,SETIAP HARI DIPAKAI PT / EVERPRO,EVERPRO,,Hold,7,"sla delivery = publish
sla hold 7 hari
sla return 30 hari",AGGREGATOR,30,30,-
80563319,SETIAP HARI DIPAKAI PT / EVERPRO,EVERPRO,,Hold,7,"sla delivery = publish
sla hold 7 hari
sla return 30 hari",AGGREGATOR,30,30,-
80563320,SETIAP HARI DIPAKAI PT / EVERPRO,EVERPRO,,Hold,7,"sla delivery = publish
sla hold 7 hari
sla return 30 hari",AGGREGATOR,30,30,-
80563321,SETIAP HARI DIPAKAI PT / EVERPRO,EVERPRO,,Hold,7,"sla delivery = publish
sla hold 7 hari
sla return 30 hari",AGGREGATOR,30,30,-
80563322,SETIAP HARI DIPAKAI PT / EVERPRO,EVERPRO,,Hold,7,"sla delivery = publish
sla hold 7 hari
sla return 30 hari",AGGREGATOR,30,30,-
80563323,SETIAP HARI DIPAKAI PT / EVERPRO,EVERPRO,,Hold,7,"sla delivery = publish
sla hold 7 hari
sla return 30 hari",AGGREGATOR,30,30,-
80563324,SETIAP HARI DIPAKAI PT / EVERPRO,EVERPRO,,Hold,7,"sla delivery = publish
sla hold 7 hari
sla return 30 hari",AGGREGATOR,30,30,-
80563325,SETIAP HARI DIPAKAI PT / EVERPRO,EVERPRO,,Hold,7,"sla delivery = publish
sla hold 7 hari
sla return 30 hari",AGGREGATOR,30,30,-
80563326,SETIAP HARI DIPAKAI PT / EVERPRO,EVERPRO,,Hold,7,"sla delivery = publish
sla hold 7 hari
sla return 30 hari",AGGREGATOR,30,30,-
80563327,SETIAP HARI DIPAKAI PT / EVERPRO,EVERPRO,,Hold,7,"sla delivery = publish
sla hold 7 hari
sla return 30 hari",AGGREGATOR,30,30,-
80563328,SETIAP HARI DIPAKAI PT / EVERPRO,EVERPRO,,Hold,7,"sla delivery = publish
sla hold 7 hari
sla return 30 hari",AGGREGATOR,30,30,2025-12-22 00:00:00
80563329,SETIAP HARI DIPAKAI PT / EVERPRO,EVERPRO,,Hold,7,"sla delivery = publish
sla hold 7 hari
sla return 30 hari",AGGREGATOR,30,30,-
80563330,SETIAP HARI DIPAKAI PT / EVERPRO,EVERPRO,,Hold,7,"sla delivery = publish
sla hold 7 hari
sla return 30 hari",AGGREGATOR,30,30,-
80563335,SETIAP HARI DIPAKAI PT / MOFASA,EVERPRO,,Hold,7,"sla delivery = publish
sla hold 7 hari
sla return 30 hari",AGGREGATOR,30,30,-
80563336,SETIAP HARI DIPAKAI PT / MOFASA,EVERPRO,,Hold,7,"sla delivery = publish
sla hold 7 hari
sla return 30 hari",AGGREGATOR,30,30,-
80563337,SETIAP HARI DIPAKAI PT / MOFASA,EVERPRO,,Hold,7,"sla delivery = publish
sla hold 7 hari
sla return 30 hari",AGGREGATOR,30,30,-
80563338,SETIAP HARI DIPAKAI PT / MOFASA,EVERPRO,,Hold,7,"sla delivery = publish
sla hold 7 hari
sla return 30 hari",AGGREGATOR,30,30,-
80563339,SETIAP HARI DIPAKAI PT / MOFASA,EVERPRO,,Hold,7,"sla delivery = publish
sla hold 7 hari
sla return 30 hari",AGGREGATOR,30,30,-
80563340,SETIAP HARI DIPAKAI PT / MOFASA,EVERPRO,,Hold,7,"sla delivery = publish
sla hold 7 hari
sla return 30 hari",AGGREGATOR,30,30,-
80563341,SETIAP HARI DIPAKAI PT / MOFASA,EVERPRO,,Hold,7,"sla delivery = publish
sla hold 7 hari
sla return 30 hari",AGGREGATOR,30,30,-
80563342,SETIAP HARI DIPAKAI PT / MOFASA,EVERPRO,,Hold,7,"sla delivery = publish
sla hold 7 hari
sla return 30 hari",AGGREGATOR,30,30,-
80563343,SETIAP HARI DIPAKAI PT / MOFASA,EVERPRO,,Hold,7,"sla delivery = publish
sla hold 7 hari
sla return 30 hari",AGGREGATOR,30,30,-
80563344,SETIAP HARI DIPAKAI PT / MOFASA,EVERPRO,,Hold,7,"sla delivery = publish
sla hold 7 hari
sla return 30 hari",AGGREGATOR,30,30,-
80563345,SETIAP HARI DIPAKAI PT / MOFASA,EVERPRO,,Hold,7,"sla delivery = publish
sla hold 7 hari
sla return 30 hari",AGGREGATOR,30,30,-
80563346,SETIAP HARI DIPAKAI PT / MOFASA,EVERPRO,,Hold,7,"sla delivery = publish
sla hold 7 hari
sla return 30 hari",AGGREGATOR,30,30,-
80563347,SETIAP HARI DIPAKAI PT / MOFASA,EVERPRO,,Hold,7,"sla delivery = publish
sla hold 7 hari
sla return 30 hari",AGGREGATOR,30,30,-
80563348,SETIAP HARI DIPAKAI PT / MOFASA,EVERPRO,,Hold,7,"sla delivery = publish
sla hold 7 hari
sla return 30 hari",AGGREGATOR,30,30,-
80563350,FORMASI LOGISTIK INDONESIA PT / EVERPRO,EVERPRO,,Hold,7,"sla delivery = publish
sla hold 7 hari
sla return 30 hari",AGGREGATOR,30,30,2022-03-16 00:00:00
80563351,FORMASI LOGISTIK INDONESIA PT / EVERPRO,EVERPRO,,Hold,7,"sla delivery = publish
sla hold 7 hari
sla return 30 hari",AGGREGATOR,30,30,2022-03-16 00:00:00
80563352,FORMASI LOGISTIK INDONESIA PT / EVERPRO,EVERPRO,,Hold,7,"sla delivery = publish
sla hold 7 hari
sla return 30 hari",AGGREGATOR,30,30,2022-11-24 00:00:00
80563353,FORMASI LOGISTIK INDONESIA PT / EVERPRO,EVERPRO,,Hold,7,"sla delivery = publish
sla hold 7 hari
sla return 30 hari",AGGREGATOR,30,30,-
80563354,FORMASI LOGISTIK INDONESIA PT / EVERPRO,EVERPRO,,Hold,7,"sla delivery = publish
sla hold 7 hari
sla return 30 hari",AGGREGATOR,30,30,-
80563355,FORMASI LOGISTIK INDONESIA PT / EVERPRO,EVERPRO,,Hold,7,"sla delivery = publish
sla hold 7 hari
sla return 30 hari",AGGREGATOR,30,30,-
80563356,FORMASI LOGISTIK INDONESIA PT / EVERPRO,EVERPRO,,Hold,7,"sla delivery = publish
sla hold 7 hari
sla return 30 hari",AGGREGATOR,30,30,-
80563357,FORMASI LOGISTIK INDONESIA PT / EVERPRO,EVERPRO,,Hold,7,"sla delivery = publish
sla hold 7 hari
sla return 30 hari",AGGREGATOR,30,30,2025-08-06 00:00:00
80563358,FORMASI LOGISTIK INDONESIA PT / EVERPRO,EVERPRO,,Hold,7,"sla delivery = publish
sla hold 7 hari
sla return 30 hari",AGGREGATOR,30,30,2025-08-06 00:00:00
80563359,FORMASI LOGISTIK INDONESIA PT / EVERPRO,EVERPRO,,Hold,7,"sla delivery = publish
sla hold 7 hari
sla return 30 hari",AGGREGATOR,30,30,2025-08-06 00:00:00
80563360,FORMASI LOGISTIK INDONESIA PT / EVERPRO,EVERPRO,,Hold,7,"sla delivery = publish
sla hold 7 hari
sla return 30 hari",AGGREGATOR,30,30,-
80563361,FORMASI LOGISTIK INDONESIA PT / EVERPRO,EVERPRO,,Hold,7,"sla delivery = publish
sla hold 7 hari
sla return 30 hari",AGGREGATOR,30,30,-
80563362,FORMASI LOGISTIK INDONESIA PT / EVERPRO,EVERPRO,,Hold,7,"sla delivery = publish
sla hold 7 hari
sla return 30 hari",AGGREGATOR,30,30,-
80563363,FORMASI LOGISTIK INDONESIA PT / EVERPRO,EVERPRO,,Hold,7,"sla delivery = publish
sla hold 7 hari
sla return 30 hari",AGGREGATOR,30,30,-
80861300,SETIAP HARI DIPAKAI PT/EVERPRO/PROJECT,EVERPRO,,Hold,7,"sla delivery = publish
sla hold 7 hari
sla return 30 hari",AGGREGATOR,30,30,-
80861301,SETIAP HARI DIPAKAI PT/EVERPRO/PROJECT,EVERPRO,,Hold,7,"sla delivery = publish
sla hold 7 hari
sla return 30 hari",AGGREGATOR,30,30,2025-04-21 00:00:00
80861302,SETIAP HARI DIPAKAI PT/EVERPRO/PROJECT,EVERPRO,,Hold,7,"sla delivery = publish
sla hold 7 hari
sla return 30 hari",AGGREGATOR,30,30,-
80861303,SETIAP HARI DIPAKAI PT/EVERPRO/PROJECT,EVERPRO,,Hold,7,"sla delivery = publish
sla hold 7 hari
sla return 30 hari",AGGREGATOR,30,30,-
81853800,FORMASI LOGISTIK INDONESIA PT / EVERPRO,EVERPRO,,Hold,7,"sla delivery = publish
sla hold 7 hari
sla return 30 hari",AGGREGATOR,30,30,-
10004400,EVY MS GLOW NTT,EVY MS GLOW NTT,-,-,-,-,CORPORATE KOE,-,-,2025-04-21 00:00:00
10930500,EVY MS-GLOW NTT,EVY MS-GLOW NTT,-,-,-,-,CORPORATE KOE,-,-,2022-03-29 00:00:00
81015600,FAMILY HERBAL,FAMILY HERBAL,,Hold,7,Tidak ada Breach,SOCIAL COMMERCE,Tidak ada Breach,Tidak ada Breach,2022-03-16 00:00:00
81015601,FAMILY HERBAL,FAMILY HERBAL,,Hold,7,Tidak ada Breach,SOCIAL COMMERCE,Tidak ada Breach,Tidak ada Breach,2025-04-21 00:00:00
81015602,FAMILY HERBAL,FAMILY HERBAL,,Hold,7,Tidak ada Breach,SOCIAL COMMERCE,Tidak ada Breach,Tidak ada Breach,2025-04-21 00:00:00
81015603,FAMILY HERBAL,FAMILY HERBAL,,Hold,7,Tidak ada Breach,SOCIAL COMMERCE,Tidak ada Breach,Tidak ada Breach,2025-04-21 00:00:00
81015606,FAMILY HERBAL,FAMILY HERBAL,,Hold,7,Tidak ada Breach,SOCIAL COMMERCE,Tidak ada Breach,Tidak ada Breach,2025-04-21 00:00:00
81015609,FAMILY HERBAL,FAMILY HERBAL,,Hold,7,Tidak ada Breach,SOCIAL COMMERCE,Tidak ada Breach,Tidak ada Breach,-
81015610,FAMILY HERBAL,FAMILY HERBAL,,Hold,7,Tidak ada Breach,SOCIAL COMMERCE,Tidak ada Breach,Tidak ada Breach,2022-06-23 00:00:00
82146300,FAMILY HERBAL INDONESIA,FAMILY HERBAL,,Hold,7,Tidak ada Breach,SOCIAL COMMERCE,Tidak ada Breach,Tidak ada Breach,2022-06-23 00:00:00
82146301,FAMILY HERBAL INDONESIA,FAMILY HERBAL,,Hold,7,Tidak ada Breach,SOCIAL COMMERCE,Tidak ada Breach,Tidak ada Breach,-
82146302,FAMILY HERBAL INDONESIA,FAMILY HERBAL,,Hold,7,Tidak ada Breach,SOCIAL COMMERCE,Tidak ada Breach,Tidak ada Breach,-
82146303,FAMILY HERBAL INDONESIA,FAMILY HERBAL,,Hold,7,Tidak ada Breach,SOCIAL COMMERCE,Tidak ada Breach,Tidak ada Breach,-
10501100,FAO,FAO,-,-,-,-,CORPORATE KOE,-,-,2022-04-14 00:00:00
80749100,FIF,FIF,,Not Hold,Tidak ada masa Hold,"Harus Closing pada tanggal 15 dibulan berikutnya (Final status SUSKES, RETURN Shipeer dan Missing) ",BANKING & INSURANCE,Harus Closing pada tanggal 15 dibulan berikutnya,Harus Closing pada tanggal 15 dibulan berikutnya,2022-04-14 00:00:00
80749101,FIF,FIF,,Not Hold,Tidak ada masa Hold,"Harus Closing pada tanggal 15 dibulan berikutnya (Final status SUSKES, RETURN Shipeer dan Missing) ",BANKING & INSURANCE,Harus Closing pada tanggal 15 dibulan berikutnya,Harus Closing pada tanggal 15 dibulan berikutnya,-
80749200,FIF,FIF,,Not Hold,Tidak ada masa Hold,"Harus Closing pada tanggal 15 dibulan berikutnya (Final status SUSKES, RETURN Shipeer dan Missing) ",BANKING & INSURANCE,Harus Closing pada tanggal 15 dibulan berikutnya,Harus Closing pada tanggal 15 dibulan berikutnya,-
80656200,FINNET INDONESIA,FINNET INDONESIA,,Not Hold,Tidak ada masa Hold,Tidak ada Breach,PRODUCT,Tidak ada Breach,Tidak ada Breach,-
81656700,FLIK TEKNOLOGI INDONESIA ,FLIK TEKNOLOGI INDONESIA ,,Hold,7,Tidak ada Breach,AGGREGATOR,Tidak ada Breach,Tidak ada Breach,-
81656701,FLIK TEKNOLOGI INDONESIA ,FLIK TEKNOLOGI INDONESIA ,,Hold,7,Tidak ada Breach,AGGREGATOR,Tidak ada Breach,Tidak ada Breach,-
81656702,FLIK TEKNOLOGI INDONESIA ,FLIK TEKNOLOGI INDONESIA ,,Hold,7,Tidak ada Breach,AGGREGATOR,Tidak ada Breach,Tidak ada Breach,-
81656703,FLIK TEKNOLOGI INDONESIA ,FLIK TEKNOLOGI INDONESIA ,,Hold,7,Tidak ada Breach,AGGREGATOR,Tidak ada Breach,Tidak ada Breach,-
10942000,GALERI EZTENUN,GALERI EZTENUN,-,-,-,-,CORPORATE KOE,-,-,2024-07-08 00:00:00
11126600A,GAPURA,GAPURA,,Not Hold,Tidak ada masa Hold,Tidak ada Breach,E-COMMERCE,Tidak ada Breach,Tidak ada Breach,2024-07-08 00:00:00
80032400,GENERALI INDONESIA,GENERALI,,Not Hold,Tidak ada masa Hold,"Harus Closing pada tanggal 15 dibulan berikutnya (Final status SUSKES, RETURN Shipeer dan Missing) ",BANKING & INSURANCE,Harus Closing pada tanggal 15 dibulan berikutnya,Harus Closing pada tanggal 15 dibulan berikutnya,-
80032401,GENERALI INDONESIA,GENERALI,,Not Hold,Tidak ada masa Hold,"Harus Closing pada tanggal 15 dibulan berikutnya (Final status SUSKES, RETURN Shipeer dan Missing) ",BANKING & INSURANCE,Harus Closing pada tanggal 15 dibulan berikutnya,Harus Closing pada tanggal 15 dibulan berikutnya,-
80032500,GENERALI INDONESIA,GENERALI,,Not Hold,Tidak ada masa Hold,"Harus Closing pada tanggal 15 dibulan berikutnya (Final status SUSKES, RETURN Shipeer dan Missing) ",BANKING & INSURANCE,Harus Closing pada tanggal 15 dibulan berikutnya,Harus Closing pada tanggal 15 dibulan berikutnya,-
80032501,GENERALI INDONESIA,GENERALI,,Not Hold,Tidak ada masa Hold,"Harus Closing pada tanggal 15 dibulan berikutnya (Final status SUSKES, RETURN Shipeer dan Missing) ",BANKING & INSURANCE,Harus Closing pada tanggal 15 dibulan berikutnya,Harus Closing pada tanggal 15 dibulan berikutnya,-
80032502,GENERALI INDONESIA,GENERALI,,Not Hold,Tidak ada masa Hold,"Harus Closing pada tanggal 15 dibulan berikutnya (Final status SUSKES, RETURN Shipeer dan Missing) ",BANKING & INSURANCE,Harus Closing pada tanggal 15 dibulan berikutnya,Harus Closing pada tanggal 15 dibulan berikutnya,-
80032503,GENERALI INDONESIA,GENERALI,,Not Hold,Tidak ada masa Hold,"Harus Closing pada tanggal 15 dibulan berikutnya (Final status SUSKES, RETURN Shipeer dan Missing) ",BANKING & INSURANCE,Harus Closing pada tanggal 15 dibulan berikutnya,Harus Closing pada tanggal 15 dibulan berikutnya,-
12040300,GETSEMANI CV,GETSEMANI CV,-,-,-,-,CORPORATE KOE,-,-,2025-04-21 00:00:00
10931200,GF ATM DINAS KESEHATAN PROV NTT (HIV),GF ATM DINAS KESEHATAN PROV NTT (HIV),-,-,-,-,CORPORATE KOE,-,-,2024-05-03 00:00:00
10933101,GF TBC DINAS KESEHATAN PROV NTT (SAMPLE TBC ALL NTT),GF TBC DINAS KESEHATAN PROV NTT (SAMPLE TBC ALL NTT),-,-,-,-,CORPORATE KOE,-,-,-
10933100,GF TBC DINAS KESEHATAN PROV NTT (TBC),GF TBC DINAS KESEHATAN PROV NTT (TBC),-,-,-,-,CORPORATE KOE,-,-,-
12362300,DOMPET ANAK BANGSA,GOPAY,,Not Hold,Tidak ada masa Hold,Tidak ada Breach,OFFICIAL STORE ,Tidak ada Breach,Tidak ada Breach,-
81736700,MIDTRANS,GOPAY,,Not Hold,Tidak ada masa Hold,Tidak ada Breach,OFFICIAL STORE ,Tidak ada Breach,Tidak ada Breach,-
81779000,DOMPET ANAK BANGSA,GOPAY,,Not Hold,Tidak ada masa Hold,Tidak ada Breach,OFFICIAL STORE ,Tidak ada Breach,Tidak ada Breach,-
12040400,GRAHA INSAN SURYA CV.,GRAHA INSAN SURYA CV.,-,-,-,-,CORPORATE KOE,-,-,-
11706300,GRAMEDIA.COM,GRAMEDIA.COM,,Not Hold,Tidak ada masa Hold,Tidak ada Breach,PRODUCT,Tidak ada Breach,Tidak ada Breach,-
80824100,GRAMEDIA.COM,GRAMEDIA.COM,,Not Hold,Tidak ada masa Hold,Tidak ada Breach,PRODUCT,Tidak ada Breach,Tidak ada Breach,-
80532400,GUARDIA TEKNOLOGI INDONESIA,GUARDIA TEKNOLOGI INDONESIA,,Not Hold,Tidak ada masa Hold,Tidak ada Breach,AGGREGATOR,Tidak ada Breach,Tidak ada Breach,-
80532401,GUARDIA TEKNOLOGI INDONESIA,GUARDIA TEKNOLOGI INDONESIA,,Not Hold,Tidak ada masa Hold,Tidak ada Breach,AGGREGATOR,Tidak ada Breach,Tidak ada Breach,-
80532402,GUARDIA TEKNOLOGI INDONESIA,GUARDIA TEKNOLOGI INDONESIA,,Not Hold,Tidak ada masa Hold,Tidak ada Breach,AGGREGATOR,Tidak ada Breach,Tidak ada Breach,-
80532403,GUARDIA TEKNOLOGI INDONESIA,GUARDIA TEKNOLOGI INDONESIA,,Not Hold,Tidak ada masa Hold,Tidak ada Breach,AGGREGATOR,Tidak ada Breach,Tidak ada Breach,-
10004600,HANJAYA MANDALA SAMPOERNA TBK PT,HANJAYA MANDALA SAMPOERNA TBK PT,-,-,-,-,CORPORATE KOE,-,-,2025-04-21 00:00:00
10938000,HANNA PUTRI AYU CV,HANNA PUTRI AYU CV,-,-,-,-,CORPORATE KOE,-,-,2025-04-21 00:00:00
10922300,HARMONI DINAMIKA INDONESIA,HARMONI DINAMIKA INDONESIA,,Not Hold,Tidak ada masa Hold,Tidak ada Breach,PRODUCT,Tidak ada Breach,Tidak ada Breach,-
80566800,HARMONI DINAMIKA INDONESIA,HARMONI DINAMIKA INDONESIA,,Not Hold,Tidak ada masa Hold,Tidak ada Breach,PRODUCT,Tidak ada Breach,Tidak ada Breach,-
80706003,AJI TRI HERBAL,HERBAL TASIKMALAYA,,HOLD,7,"A-B : 40 hari, C-D: 50 Hari",SOCIAL COMMERCE,40,50,-
80084800,HITACHI TRMNL SOLUTION,HITACHI TRMNL SOLUTION,,Not Hold,Tidak ada masa Hold,Tidak ada Breach,3PL & LOGISTIC,Tidak ada Breach,Tidak ada Breach,-
80084801,HITACHI TRMNL SOLUTION,HITACHI TRMNL SOLUTION,,Not Hold,Tidak ada masa Hold,Tidak ada Breach,3PL & LOGISTIC,Tidak ada Breach,Tidak ada Breach,-
80305007,HITACHI TRMNL SOLUTION,HITACHI TRMNL SOLUTION,,Not Hold,Tidak ada masa Hold,Tidak ada Breach,3PL & LOGISTIC,Tidak ada Breach,Tidak ada Breach,-
80512200,HOLCIM BETON,HOLCIM,,Not Hold,Tidak ada masa Hold,Tidak ada Breach,PRODUCT,Tidak ada Breach,Tidak ada Breach,-
10943300,HOLISTIK BERKAT PERSADA PT,HOLISTIK BERKAT PERSADA PT,-,-,-,-,CORPORATE KOE,-,-,-
12042000,HOME CENTER INDONESIA RETAIL,HOME CENTER INDONESIA RETAIL,-,-,-,-,CORPORATE KOE,-,-,-
10931500,HOTEL  KRISTAL KUPANG,HOTEL  KRISTAL KUPANG,-,-,-,-,CORPORATE KOE,-,-,-
12382300,PT. DINAMIKA WISESA PERSADA (HUAWEI),HUAWEI,,Not Hold,Tidak ada masa Hold,Tidak ada Breach,E-COMMERCE,Tidak ada Breach,Tidak ada Breach,-
81899300,PT. DINAMIKA WISESA PERSADA (HUAWEI),HUAWEI,,Not Hold,Tidak ada masa Hold,Tidak ada Breach,E-COMMERCE,Tidak ada Breach,Tidak ada Breach,-
82137000,DINAMIKA WISESA PERSADA,HUAWEI,,Not Hold,Tidak ada masa Hold,Tidak ada Breach,E-COMMERCE,Tidak ada Breach,Tidak ada Breach,-
82137001,DINAMIKA WISESA PERSADA,HUAWEI,,Not Hold,Tidak ada masa Hold,Tidak ada Breach,E-COMMERCE,Tidak ada Breach,Tidak ada Breach,-
10502900,HYPERMART BUNDARAN PU (MATAHARI PUTRA PRIMA),HYPERMART BUNDARAN PU (MATAHARI PUTRA PRIMA),-,-,-,-,CORPORATE KOE,-,-,-
10910400,HYPERMART LIPPO PLAZA KUPANG,HYPERMART LIPPO PLAZA KUPANG,-,-,-,-,CORPORATE KOE,-,-,2024-11-06 00:00:00
10918500,I KOMANG WIRNA / PT.CUSSONS,I KOMANG WIRNA / PT.CUSSONS,-,-,-,-,CORPORATE KOE,-,-,-
10916500,INDAH HUSNUL MAAB,INDAH HUSNUL MAAB,-,-,-,-,CORPORATE KOE,-,-,-
10935104,INDOMARCO PRISMATAMA PT WAINGAPU,INDOMARCO PRISMATAMA PT WAINGAPU,-,-,-,-,CORPORATE KOE,-,-,-
11822700,INDOSAT,INDOSAT,,Not Hold,Tidak ada masa Hold,Tidak ada Breach,TELCO,Tidak ada Breach,Tidak ada Breach,-
80518302,INDOSAT TBK PT,INDOSAT,,Not Hold,Tidak ada masa Hold,Tidak ada Breach,TELCO,Tidak ada Breach,Tidak ada Breach,-
10501300,INDOSAT TBK PT,INDOSAT TBK PT,-,-,-,-,CORPORATE KOE,-,-,2024-05-03 00:00:00
80569700,INTI PAKET PRIMA,INTI PAKET PRIMA,,Not Hold,Tidak ada masa Hold,20 Hari dari tanggal Handover,3PL & LOGISTIC,20,20,2025-12-22 00:00:00
80569702,INTI PAKET PRIMA,INTI PAKET PRIMA,,Not Hold,Tidak ada masa Hold,20 Hari dari tanggal Handover,3PL & LOGISTIC,20,20,2022-08-15 00:00:00
10500600,INTI PT.,INTI PT.,-,-,-,-,CORPORATE KOE,-,-,2022-08-15 00:00:00
80640300,INTIKOM BERLIAN MUSTIKA / LOGISTIK PT,INTIKOM,,Not Hold,Tidak ada masa Hold,Tidak ada Breach,PRODUCT,Tidak ada Breach,Tidak ada Breach,-
80093300,INTIKOM BERLIAN MUSTIKA PT/R,INTIKOM,,Not Hold,Tidak ada masa Hold,Tidak ada Breach,PRODUCT,Tidak ada Breach,Tidak ada Breach,-
10922900,IOM (INTERNATIONAL ORGANITATION FOR MIGRATION),IOM (INTERNATIONAL ORGANITATION FOR MIGRATION),-,-,-,-,CORPORATE KOE,-,-,-
80897000,ISUZU ASTRA MOTOR INDONESIA,ISUZU ASTRA MOTOR INDONESIA,,Not Hold,Tidak ada masa Hold,Tidak ada Breach,PRODUCT,Tidak ada Breach,Tidak ada Breach,-
80897004,ISUZU ASTRA MOTOR INDONESIA,ISUZU ASTRA MOTOR INDONESIA,,Not Hold,Tidak ada masa Hold,Tidak ada Breach,PRODUCT,Tidak ada Breach,Tidak ada Breach,-
10587500,JAKARTA NOTEBOOOK/SHOPPING IS LIFESTYLE,JAKARTA NOTEBOOK,,Not Hold,Tidak ada masa Hold,Tidak ada Breach,E-COMMERCE,Tidak ada Breach,Tidak ada Breach,-
10587501,JAKARTA NOTEBOOOK/SHOPPING IS LIFESTYLE,JAKARTA NOTEBOOK,,Not Hold,Tidak ada masa Hold,Tidak ada Breach,E-COMMERCE,Tidak ada Breach,Tidak ada Breach,-
80783300,JAKARTA NOTEBOOOK/SHOPPING IS LIFESTYLE,JAKARTA NOTEBOOK,,Not Hold,Tidak ada masa Hold,Tidak ada Breach,E-COMMERCE,Tidak ada Breach,Tidak ada Breach,-
80783301,JAKARTA NOTEBOOOK/SHOPPING IS LIFESTYLE,JAKARTA NOTEBOOK,,Not Hold,Tidak ada masa Hold,Tidak ada Breach,E-COMMERCE,Tidak ada Breach,Tidak ada Breach,2022-05-21 00:00:00
80786900,JAKARTA NOTEBOOOK/SHOPPING IS LIFESTYLE,JAKARTA NOTEBOOK,,Not Hold,Tidak ada masa Hold,Tidak ada Breach,E-COMMERCE,Tidak ada Breach,Tidak ada Breach,2022-05-21 00:00:00
80546100,JANIO,JANIO,,Not Hold,Tidak ada masa Hold,Tidak ada Breach,3PL & LOGISTIC,Tidak ada Breach,Tidak ada Breach,-
80546101,JANIO,JANIO,,Not Hold,Tidak ada masa Hold,Tidak ada Breach,3PL & LOGISTIC,Tidak ada Breach,Tidak ada Breach,-
80546104,JANIO,JANIO,,Not Hold,Tidak ada masa Hold,Tidak ada Breach,3PL & LOGISTIC,Tidak ada Breach,Tidak ada Breach,2023-05-13 00:00:00
80698300,KAMPUNG MARKETERINDO BERDAYA PT,KAMPUNG MARKETERINDO BERDAYA PT,,Hold,7,Tidak ada Breach,AGGREGATOR,Tidak ada Breach,Tidak ada Breach,2023-11-28 00:00:00
80698301,KAMPUNG MARKETERINDO BERDAYA PT,KAMPUNG MARKETERINDO BERDAYA PT,,Hold,7,Tidak ada Breach,AGGREGATOR,Tidak ada Breach,Tidak ada Breach,2025-04-21 00:00:00
80698302,KAMPUNG MARKETERINDO BERDAYA PT,KAMPUNG MARKETERINDO BERDAYA PT,,Hold,7,Tidak ada Breach,AGGREGATOR,Tidak ada Breach,Tidak ada Breach,2025-04-21 00:00:00
80698303,KAMPUNG MARKETERINDO BERDAYA PT,KAMPUNG MARKETERINDO BERDAYA PT,,Hold,7,Tidak ada Breach,AGGREGATOR,Tidak ada Breach,Tidak ada Breach,2025-12-22 00:00:00
80698304,KAMPUNG MARKETERINDO BERDAYA PT,KAMPUNG MARKETERINDO BERDAYA PT,,Hold,7,Tidak ada Breach,AGGREGATOR,Tidak ada Breach,Tidak ada Breach,2022-08-15 00:00:00
80698305,KAMPUNG MARKETERINDO BERDAYA PT,KAMPUNG MARKETERINDO BERDAYA PT,,Hold,7,Tidak ada Breach,AGGREGATOR,Tidak ada Breach,Tidak ada Breach,2022-08-15 00:00:00
80698306,KAMPUNG MARKETERINDO BERDAYA PT,KAMPUNG MARKETERINDO BERDAYA PT,,Hold,7,Tidak ada Breach,AGGREGATOR,Tidak ada Breach,Tidak ada Breach,-
80573800,QUEENSHA SHOP,KANG JONO GROUP,,Hold,5,"A-B : 40 hari, C-D: 50 Hari",SOCIAL COMMERCE,40,50,-
80573801,QUEENSHA SHOP,KANG JONO GROUP,,Hold,5,"A-B : 40 hari, C-D: 50 Hari",SOCIAL COMMERCE,40,50,-
80573802,QUEENSHA SHOP,KANG JONO GROUP,,Hold,5,"A-B : 40 hari, C-D: 50 Hari",SOCIAL COMMERCE,40,50,-
80582600,QUEENSHA MEDIA GROUP,KANG JONO GROUP,,Hold,5,"A-B : 40 hari, C-D: 50 Hari",SOCIAL COMMERCE,40,50,-
80592500,ARLI KURNIA,KANG JONO GROUP,,Hold,5,"A-B : 40 hari, C-D: 50 Hari",SOCIAL COMMERCE,40,50,-
80592501,ARLI KURNIA,KANG JONO GROUP,,Hold,5,"A-B : 40 hari, C-D: 50 Hari",SOCIAL COMMERCE,40,50,-
80592502,ARLI KURNIA,KANG JONO GROUP,,Hold,5,"A-B : 40 hari, C-D: 50 Hari",SOCIAL COMMERCE,40,50,2025-04-21 00:00:00
80592503,ARLI KURNIA,KANG JONO GROUP,,Hold,5,"A-B : 40 hari, C-D: 50 Hari",SOCIAL COMMERCE,40,50,2025-04-21 00:00:00
10913800,KANTOR DPW PARTAI PERINDO,KANTOR DPW PARTAI PERINDO,-,-,-,-,CORPORATE KOE,-,-,2022-08-15 00:00:00
10500500,KANTOR KARANTINA HEWAN (BALAI KARANTINA),KANTOR KARANTINA HEWAN (BALAI KARANTINA),-,-,-,-,CORPORATE KOE,-,-,2022-08-15 00:00:00
10911300,KANTOR KSOP KUPANG,KANTOR KSOP KUPANG,-,-,-,-,CORPORATE KOE,-,-,2025-04-21 00:00:00
82062900,KEMENSOS,KEMENSOS,,Not Hold,Tidak ada masa Hold,Tidak ada Breach,GOVERNMENT,Tidak ada Breach,Tidak ada Breach,2025-12-22 00:00:00
80989601,VIVA TEHNIK MANDIRI PT / JTR,KENMASTER,,Not Hold,Tidak ada masa Hold,Tidak ada Breach,PRODUCT,Tidak ada Breach,Tidak ada Breach,-
10920900,KEZIA SONI SUNJOTO,KEZIA SONI SUNJOTO,-,-,-,-,CORPORATE KOE,-,-,-
10931800,KHARISMA KOMPUTER,KHARISMA KOMPUTER,-,-,-,-,CORPORATE KOE,-,-,-
12043100,KIRANA AESTHETIC CLINIC,KIRANA AESTHETIC CLINIC,-,-,-,-,CORPORATE KOE,-,-,-
10926100,K-LINK NUSANTARA PT,K-LINK NUSANTARA PT,-,-,-,-,CORPORATE KOE,-,-,2022-03-16 00:00:00
10507800,KOPERASI TELKOMSEL (KISEL) CAB. KUPANG,KOPERASI TELKOMSEL (KISEL) CAB. KUPANG,-,-,-,-,CORPORATE KOE,-,-,-
10506500,KPKNL,KPKNL,-,-,-,-,PROJECT KOE,-,-,-
10506100,KPP PRATAMA,KPP PRATAMA,-,-,-,-,PROJECT KOE,-,-,-
80086300,KSP SAHABAT MITRA SEJATI,KSP,,Not Hold,Tidak ada masa Hold,"Harus Closing pada tanggal 15 dibulan berikutnya (Final status SUSKES, RETURN Shipeer dan Missing) ",BANKING & INSURANCE,Harus Closing pada tanggal 15 dibulan berikutnya,Harus Closing pada tanggal 15 dibulan berikutnya,2023-06-22 00:00:00
80086305,KSP SAHABAT MITRA SEJATI,KSP,,Not Hold,Tidak ada masa Hold,"Harus Closing pada tanggal 15 dibulan berikutnya (Final status SUSKES, RETURN Shipeer dan Missing) ",BANKING & INSURANCE,Harus Closing pada tanggal 15 dibulan berikutnya,Harus Closing pada tanggal 15 dibulan berikutnya,-
80086333,KSP SAHABAT MITRA SEJATI,KSP,,Not Hold,Tidak ada masa Hold,"Harus Closing pada tanggal 15 dibulan berikutnya (Final status SUSKES, RETURN Shipeer dan Missing) ",BANKING & INSURANCE,Harus Closing pada tanggal 15 dibulan berikutnya,Harus Closing pada tanggal 15 dibulan berikutnya,-
80512901,KOPERASI MITRA SEJATI,KSP,,Not Hold,Tidak ada masa Hold,"Harus Closing pada tanggal 15 dibulan berikutnya (Final status SUSKES, RETURN Shipeer dan Missing) ",BANKING & INSURANCE,Harus Closing pada tanggal 15 dibulan berikutnya,Harus Closing pada tanggal 15 dibulan berikutnya,-
10932300,KSP NASARI KC KUPANG,KSP NASARI KC KUPANG,-,-,-,-,CORPORATE KOE,-,-,-
10006400,KSP SERAMBI DANA,KSP SERAMBI DANA,-,-,-,-,CORPORATE KOE,-,-,-
10921300,KSP TLM GMIT,KSP TLM GMIT,-,-,-,-,CORPORATE KOE,-,-,-
80747300,ANUGERAH GAYA ABADI PT (REG),KURNIA CIPTAMODA GEMILANG (KCG),,Not Hold,Tidak ada masa Hold,Tidak ada Breach,OFFICIAL STORE ,Tidak ada Breach,Tidak ada Breach,-
80747301,ANUGERAH GAYA ABADI PT (NON REG),KURNIA CIPTAMODA GEMILANG (KCG),,Not Hold,Tidak ada masa Hold,Tidak ada Breach,OFFICIAL STORE ,Tidak ada Breach,Tidak ada Breach,-
80747400,CHANDY DUTA CV (REG),KURNIA CIPTAMODA GEMILANG (KCG),,Not Hold,Tidak ada masa Hold,Tidak ada Breach,OFFICIAL STORE ,Tidak ada Breach,Tidak ada Breach,-
80747401,CHANDY DUTA CV (NON REG),KURNIA CIPTAMODA GEMILANG (KCG),,Not Hold,Tidak ada masa Hold,Tidak ada Breach,OFFICIAL STORE ,Tidak ada Breach,Tidak ada Breach,-
80747500,CIPTA MODE KHARISMA PT (REG),KURNIA CIPTAMODA GEMILANG (KCG),,Not Hold,Tidak ada masa Hold,Tidak ada Breach,OFFICIAL STORE ,Tidak ada Breach,Tidak ada Breach,-
80747501,CIPTA MODE KHARISMA PT (NON REG),KURNIA CIPTAMODA GEMILANG (KCG),,Not Hold,Tidak ada masa Hold,Tidak ada Breach,OFFICIAL STORE ,Tidak ada Breach,Tidak ada Breach,-
80747600,GRACIA LESTARI CV (REG),KURNIA CIPTAMODA GEMILANG (KCG),,Not Hold,Tidak ada masa Hold,Tidak ada Breach,OFFICIAL STORE ,Tidak ada Breach,Tidak ada Breach,2025-12-22 00:00:00
80747601,GRACIA LESTARI CV (NON REG),KURNIA CIPTAMODA GEMILANG (KCG),,Not Hold,Tidak ada masa Hold,Tidak ada Breach,OFFICIAL STORE ,Tidak ada Breach,Tidak ada Breach,2025-04-21 00:00:00
80747700,KURNIA CIPTAMODA GEMILANG PT - CK_O (Online) (REG),KURNIA CIPTAMODA GEMILANG (KCG),,Not Hold,Tidak ada masa Hold,Tidak ada Breach,OFFICIAL STORE ,Tidak ada Breach,Tidak ada Breach,-
80747701,KURNIA CIPTAMODA GEMILANG PT - CK_O (Online) (NON REG),KURNIA CIPTAMODA GEMILANG (KCG),,Not Hold,Tidak ada masa Hold,Tidak ada Breach,OFFICIAL STORE ,Tidak ada Breach,Tidak ada Breach,-
80747800,KURNIA CIPTAMODA GEMILANG PT (REG),KURNIA CIPTAMODA GEMILANG (KCG),,Not Hold,Tidak ada masa Hold,Tidak ada Breach,OFFICIAL STORE ,Tidak ada Breach,Tidak ada Breach,-
80747801,KURNIA CIPTAMODA GEMILANG PT (NON REG),KURNIA CIPTAMODA GEMILANG (KCG),,Not Hold,Tidak ada masa Hold,Tidak ada Breach,OFFICIAL STORE ,Tidak ada Breach,Tidak ada Breach,-
80747802,KURNIA CIPTAMODA GEMILANG,KURNIA CIPTAMODA GEMILANG (KCG),,Not Hold,Tidak ada masa Hold,Tidak ada Breach,OFFICIAL STORE ,Tidak ada Breach,Tidak ada Breach,-
80747804,KURNIA CIPTAMODA GEMILANG,KURNIA CIPTAMODA GEMILANG (KCG),,Not Hold,Tidak ada masa Hold,Tidak ada Breach,OFFICIAL STORE ,Tidak ada Breach,Tidak ada Breach,-
80747900,KURNIA CIPTAMODA GEMILANG PT - P_DRO (Online) (REG),KURNIA CIPTAMODA GEMILANG (KCG),,Not Hold,Tidak ada masa Hold,Tidak ada Breach,OFFICIAL STORE ,Tidak ada Breach,Tidak ada Breach,-
80747901,KURNIA CIPTAMODA GEMILANG PT - P_DRO (Online) (NON REG),KURNIA CIPTAMODA GEMILANG (KCG),,Not Hold,Tidak ada masa Hold,Tidak ada Breach,OFFICIAL STORE ,Tidak ada Breach,Tidak ada Breach,-
80748900,FERAWATI SODIKIN (REG),KURNIA CIPTAMODA GEMILANG (KCG),,Not Hold,Tidak ada masa Hold,Tidak ada Breach,OFFICIAL STORE ,Tidak ada Breach,Tidak ada Breach,-
80748901,FERAWATI SODIKIN (NON REG),KURNIA CIPTAMODA GEMILANG (KCG),,Not Hold,Tidak ada masa Hold,Tidak ada Breach,OFFICIAL STORE ,Tidak ada Breach,Tidak ada Breach,-
10935200,LA MORINGA KUPANG,LA MORINGA KUPANG,-,-,-,-,CORPORATE KOE,-,-,2022-11-24 00:00:00
10926500,LANGIT CERAH ABADI,LANGIT CERAH ABADI,-,-,-,-,CORPORATE KOE,-,-,-
10006500,LANGIT LAUT BIRU PT,LANGIT LAUT BIRU PT,-,-,-,-,CORPORATE KOE,-,-,-
10936400,LARIS MANIS UTAMA PT,LARIS MANIS UTAMA PT,-,-,-,-,CORPORATE KOE,-,-,-
80045601,LAZADA,LAZADA,,Not Hold,Tidak ada masa Hold,Mengikuti SLA Reference Lazada,MARKETPLACE,Mengikuti SLA Reference Lazada,Mengikuti SLA Reference Lazada,-
80045602,LAZADA,LAZADA,,Not Hold,Tidak ada masa Hold,Mengikuti SLA Reference Lazada,MARKETPLACE,Mengikuti SLA Reference Lazada,Mengikuti SLA Reference Lazada,2022-05-21 00:00:00
80070000,LAZADA,LAZADA,,Not Hold,Tidak ada masa Hold,Mengikuti SLA Reference Lazada,MARKETPLACE,Mengikuti SLA Reference Lazada,Mengikuti SLA Reference Lazada,-
80070100,LAZADA,LAZADA,,Not Hold,Tidak ada masa Hold,Mengikuti SLA Reference Lazada,MARKETPLACE,Mengikuti SLA Reference Lazada,Mengikuti SLA Reference Lazada,2022-03-29 00:00:00
80070101,LAZADA,LAZADA,,Not Hold,Tidak ada masa Hold,Mengikuti SLA Reference Lazada,MARKETPLACE,Mengikuti SLA Reference Lazada,Mengikuti SLA Reference Lazada,2024-01-18 00:00:00
80070107,LAZADA,LAZADA,,Not Hold,Tidak ada masa Hold,Mengikuti SLA Reference Lazada,MARKETPLACE,Mengikuti SLA Reference Lazada,Mengikuti SLA Reference Lazada,2024-01-18 00:00:00
80071400,LAZADA,LAZADA,,Not Hold,Tidak ada masa Hold,Mengikuti SLA Reference Lazada,MARKETPLACE,Mengikuti SLA Reference Lazada,Mengikuti SLA Reference Lazada,-
80071416,LAZADA,LAZADA,,Not Hold,Tidak ada masa Hold,Mengikuti SLA Reference Lazada,MARKETPLACE,Mengikuti SLA Reference Lazada,Mengikuti SLA Reference Lazada,-
80071417,LAZADA,LAZADA,,Not Hold,Tidak ada masa Hold,Mengikuti SLA Reference Lazada,MARKETPLACE,Mengikuti SLA Reference Lazada,Mengikuti SLA Reference Lazada,2022-06-23 00:00:00
80071418,LAZADA,LAZADA,,Not Hold,Tidak ada masa Hold,Mengikuti SLA Reference Lazada,MARKETPLACE,Mengikuti SLA Reference Lazada,Mengikuti SLA Reference Lazada,2022-06-23 00:00:00
80071424,Lazada,LAZADA,,Not Hold,Tidak ada masa Hold,Mengikuti SLA Reference Lazada,MARKETPLACE,Mengikuti SLA Reference Lazada,Mengikuti SLA Reference Lazada,-
80701999,LAZADA,LAZADA,,Not Hold,Tidak ada masa Hold,Mengikuti SLA Reference Lazada,MARKETPLACE,Mengikuti SLA Reference Lazada,Mengikuti SLA Reference Lazada,-
10504000,LEJEL HOME SHOPING,LEJEL HOME SHOPING,-,-,-,-,CORPORATE KOE,-,-,-
80593902,LINCAH.ID,LINCAH.ID,,Hold,7,Tidak ada Breach,AGGREGATOR,Tidak ada Breach,Tidak ada Breach,-
80593903,LINCAH.ID,LINCAH.ID,,Hold,7,Tidak ada Breach,AGGREGATOR,Tidak ada Breach,Tidak ada Breach,-
81121000,LINCAH,LINCAH.ID,,Hold,7,Tidak ada Breach,AGGREGATOR,Tidak ada Breach,Tidak ada Breach,-
81121001,LINCAH,LINCAH.ID,,Hold,7,Tidak ada Breach,AGGREGATOR,Tidak ada Breach,Tidak ada Breach,-
81121002,LINCAH,LINCAH.ID,,Hold,7,Tidak ada Breach,AGGREGATOR,Tidak ada Breach,Tidak ada Breach,-
81121003,LINCAH,LINCAH.ID,,Hold,7,Tidak ada Breach,AGGREGATOR,Tidak ada Breach,Tidak ada Breach,-
81121004,LINCAH,LINCAH.ID,,Hold,7,Tidak ada Breach,AGGREGATOR,Tidak ada Breach,Tidak ada Breach,-
81121005,LINCAH,LINCAH.ID,,Hold,7,Tidak ada Breach,AGGREGATOR,Tidak ada Breach,Tidak ada Breach,-
81121007,LINCAH,LINCAH.ID,,Hold,7,Tidak ada Breach,AGGREGATOR,Tidak ada Breach,Tidak ada Breach,2022-06-23 00:00:00
81121008,LINCAH,LINCAH.ID,,Hold,7,Tidak ada Breach,AGGREGATOR,Tidak ada Breach,Tidak ada Breach,2022-06-23 00:00:00
81121009,LINCAH,LINCAH.ID,,Hold,7,Tidak ada Breach,AGGREGATOR,Tidak ada Breach,Tidak ada Breach,2022-05-21 00:00:00
81121010,LINCAH,LINCAH.ID,,Hold,7,Tidak ada Breach,AGGREGATOR,Tidak ada Breach,Tidak ada Breach,2022-06-07 00:00:00
81121011,LINCAH,LINCAH.ID,,Hold,7,Tidak ada Breach,AGGREGATOR,Tidak ada Breach,Tidak ada Breach,2022-06-07 00:00:00
81121012,LINCAH,LINCAH.ID,,Hold,7,Tidak ada Breach,AGGREGATOR,Tidak ada Breach,Tidak ada Breach,2022-06-07 00:00:00
81121013,LINCAH,LINCAH.ID,,Hold,7,Tidak ada Breach,AGGREGATOR,Tidak ada Breach,Tidak ada Breach,2022-06-07 00:00:00
81121014,LINCAH,LINCAH.ID,,Hold,7,Tidak ada Breach,AGGREGATOR,Tidak ada Breach,Tidak ada Breach,2022-06-07 00:00:00
81121015,LINCAH,LINCAH.ID,,Hold,7,Tidak ada Breach,AGGREGATOR,Tidak ada Breach,Tidak ada Breach,2022-06-07 00:00:00
81121016,LINCAH,LINCAH.ID,,Hold,7,Tidak ada Breach,AGGREGATOR,Tidak ada Breach,Tidak ada Breach,2022-06-07 00:00:00
81121017,LINCAH,LINCAH.ID,,Hold,7,Tidak ada Breach,AGGREGATOR,Tidak ada Breach,Tidak ada Breach,2022-06-07 00:00:00
81121018,LINCAH,LINCAH.ID,,Hold,7,Tidak ada Breach,AGGREGATOR,Tidak ada Breach,Tidak ada Breach,2022-06-23 00:00:00
81121019,LINCAH,LINCAH.ID,,Hold,7,Tidak ada Breach,AGGREGATOR,Tidak ada Breach,Tidak ada Breach,2022-06-23 00:00:00
81169200,LINCAH,LINCAH.ID,,Hold,7,Tidak ada Breach,AGGREGATOR,Tidak ada Breach,Tidak ada Breach,2022-06-07 00:00:00
81169201,LINCAH,LINCAH.ID,,Hold,7,Tidak ada Breach,AGGREGATOR,Tidak ada Breach,Tidak ada Breach,2022-06-07 00:00:00
81169203,LINCAH,LINCAH.ID,,Hold,7,Tidak ada Breach,AGGREGATOR,Tidak ada Breach,Tidak ada Breach,2022-06-07 00:00:00
81980300,LINCAH,LINCAH.ID,,Hold,7,Tidak ada Breach,AGGREGATOR,Tidak ada Breach,Tidak ada Breach,2022-06-23 00:00:00
81980301,LINCAH,LINCAH.ID,,Hold,7,Tidak ada Breach,AGGREGATOR,Tidak ada Breach,Tidak ada Breach,2022-06-23 00:00:00
81980302,LINCAH,LINCAH.ID,,Hold,7,Tidak ada Breach,AGGREGATOR,Tidak ada Breach,Tidak ada Breach,2022-06-23 00:00:00
81980303,LINCAH,LINCAH.ID,,Hold,7,Tidak ada Breach,AGGREGATOR,Tidak ada Breach,Tidak ada Breach,2022-06-23 00:00:00
81980304,LINCAH,LINCAH.ID,,Hold,7,Tidak ada Breach,AGGREGATOR,Tidak ada Breach,Tidak ada Breach,2022-06-23 00:00:00
81980305,LINCAH,LINCAH.ID,,Hold,7,Tidak ada Breach,AGGREGATOR,Tidak ada Breach,Tidak ada Breach,2022-06-23 00:00:00
81984200,LINCAH,LINCAH.ID,,Hold,7,Tidak ada Breach,AGGREGATOR,Tidak ada Breach,Tidak ada Breach,2022-06-23 00:00:00
81984201,LINCAH,LINCAH.ID,,Hold,7,Tidak ada Breach,AGGREGATOR,Tidak ada Breach,Tidak ada Breach,2022-06-23 00:00:00
81984202,LINCAH,LINCAH.ID,,Hold,7,Tidak ada Breach,AGGREGATOR,Tidak ada Breach,Tidak ada Breach,2022-06-23 00:00:00
81984203,LINCAH,LINCAH.ID,,Hold,7,Tidak ada Breach,AGGREGATOR,Tidak ada Breach,Tidak ada Breach,2022-06-23 00:00:00
81984204,LINCAH,LINCAH.ID,,Hold,7,Tidak ada Breach,AGGREGATOR,Tidak ada Breach,Tidak ada Breach,2022-06-23 00:00:00
81984205,LINCAH,LINCAH.ID,,Hold,7,Tidak ada Breach,AGGREGATOR,Tidak ada Breach,Tidak ada Breach,2022-06-23 00:00:00
10504400,LINTAS ARUNG TOURS & TRAVEL PT,LINTAS ARUNG TOURS & TRAVEL PT,-,-,-,-,CORPORATE KOE,-,-,2022-06-23 00:00:00
10507500,LIPPO PLAZA (PT. BUMI SARANA SEJAHTERA) multi nusantara karya,LIPPO PLAZA (PT. BUMI SARANA SEJAHTERA) multi nusantara karya,-,-,-,-,CORPORATE KOE,-,-,2022-06-23 00:00:00
10918900,LIPPO PLAZA KUPANG/PT.BUMI SARANA SEJAHTERA,LIPPO PLAZA KUPANG/PT.BUMI SARANA SEJAHTERA,-,-,-,-,CORPORATE KOE,-,-,2022-06-23 00:00:00
10913100,LKC DOMPET DHUAFA NTT,LKC DOMPET DHUAFA NTT,-,-,-,-,CORPORATE KOE,-,-,2022-06-23 00:00:00
10930901,LONG TENG SERVICE CENTER (VIVO SUMBA),LONG TENG SERVICE CENTER (VIVO SUMBA),-,-,-,-,CORPORATE KOE,-,-,2022-06-23 00:00:00
12040100,MAGNA JAYA CV,MAGNA JAYA CV,-,-,-,-,CORPORATE KOE,-,-,2022-06-23 00:00:00
10915900,MAKMUR SENTOSA,MAKMUR SENTOSA,-,-,-,-,CORPORATE KOE,-,-,2025-04-21 00:00:00
10944000,MAMA ANA KUPANG,MAMA ANA KUPANG,-,-,-,-,CORPORATE KOE,-,-,2025-04-21 00:00:00
80541300,MAP AKTIF ADIPERKASA,MAP AKTIF ADIPERKASA (MAA),,Hold,7,Tidak ada Breach,OFFICIAL STORE ,Tidak ada Breach,Tidak ada Breach,2025-04-21 00:00:00
80541301,MAP AKTIF ADIPERKASA,MAP AKTIF ADIPERKASA (MAA),,Hold,7,Tidak ada Breach,OFFICIAL STORE ,Tidak ada Breach,Tidak ada Breach,2025-04-21 00:00:00
80541302,MAP AKTIF ADIPERKASA,MAP AKTIF ADIPERKASA (MAA),,Hold,7,Tidak ada Breach,OFFICIAL STORE ,Tidak ada Breach,Tidak ada Breach,2025-04-21 00:00:00
80541303,MAP AKTIF ADIPERKASA,MAP AKTIF ADIPERKASA (MAA),,Hold,7,Tidak ada Breach,E-COMMERCE,Tidak ada Breach,Tidak ada Breach,2025-04-21 00:00:00
80817000,MITRA GAYA INDAH - REG,MAP AKTIF ADIPERKASA (MAA),,Hold,7,Tidak ada Breach,OFFICIAL STORE ,Tidak ada Breach,Tidak ada Breach,2025-04-21 00:00:00
80817100,MAP FTL ADIPERKASA,MAP AKTIF ADIPERKASA (MAA),,Hold,7,Tidak ada Breach,OFFICIAL STORE ,Tidak ada Breach,Tidak ada Breach,2025-04-21 00:00:00
80817101,MAP FTL ADIPERKASA,MAP AKTIF ADIPERKASA (MAA),,Hold,7,Tidak ada Breach,OFFICIAL STORE ,Tidak ada Breach,Tidak ada Breach,2025-04-21 00:00:00
80817102,MAP FTL ADIPERKASA,MAP AKTIF ADIPERKASA (MAA),,Hold,7,Tidak ada Breach,OFFICIAL STORE ,Tidak ada Breach,Tidak ada Breach,2025-04-21 00:00:00
80817103,MAP FTL ADIPERKASA,MAP AKTIF ADIPERKASA (MAA),,Hold,7,Tidak ada Breach,OFFICIAL STORE ,Tidak ada Breach,Tidak ada Breach,2025-04-21 00:00:00
80817104,MAP FTL ADIPERKASA,MAP AKTIF ADIPERKASA (MAA),,Hold,7,Tidak ada Breach,OFFICIAL STORE ,Tidak ada Breach,Tidak ada Breach,2025-04-21 00:00:00
80536500,ZARA,MAP FASHION,,Hold,7,Tidak ada Breach,OFFICIAL STORE ,Tidak ada Breach,Tidak ada Breach,2025-04-21 00:00:00
80536501,ZARA,MAP FASHION,,Hold,7,Tidak ada Breach,OFFICIAL STORE ,Tidak ada Breach,Tidak ada Breach,2025-04-21 00:00:00
80536502,ZARA,MAP FASHION,,Hold,7,Tidak ada Breach,OFFICIAL STORE ,Tidak ada Breach,Tidak ada Breach,-
80536503,REPORT ZARA,MAP FASHION,,Hold,7,Tidak ada Breach,OFFICIAL STORE ,Tidak ada Breach,Tidak ada Breach,2025-04-21 00:00:00
80536504,ZARA,MAP FASHION,,Hold,7,Tidak ada Breach,OFFICIAL STORE ,Tidak ada Breach,Tidak ada Breach,-
80536505,ZARA,MAP FASHION,,Hold,7,Tidak ada Breach,OFFICIAL STORE ,Tidak ada Breach,Tidak ada Breach,-
80541304,MAP AKTIF ADIPERKASA TBK PT-NONREG,MAP FASHION,,Hold,7,Tidak ada Breach,OFFICIAL STORE ,Tidak ada Breach,Tidak ada Breach,2023-02-03 00:00:00
80541900,SEPHORA,MAP FASHION,,Hold,7,Tidak ada Breach,OFFICIAL STORE ,Tidak ada Breach,Tidak ada Breach,2022-03-16 00:00:00
80541901,SEPHORA,MAP FASHION,,Hold,7,Tidak ada Breach,OFFICIAL STORE ,Tidak ada Breach,Tidak ada Breach,2022-08-15 00:00:00
80541902,PANEN WANGI ABADI,MAP FASHION,,Hold,7,Tidak ada Breach,OFFICIAL STORE ,Tidak ada Breach,Tidak ada Breach,2022-11-24 00:00:00
80541903,PANEN WANGI ABADI,MAP FASHION,,Hold,7,Tidak ada Breach,OFFICIAL STORE ,Tidak ada Breach,Tidak ada Breach,2023-03-10 00:00:00
80546301,TUMI,MAP FASHION,,Hold,7,Tidak ada Breach,OFFICIAL STORE ,Tidak ada Breach,Tidak ada Breach,2023-03-10 00:00:00
80546303,RITEL PANEN ADIPERKASA,MAP FASHION,,Hold,7,Tidak ada Breach,OFFICIAL STORE ,Tidak ada Breach,Tidak ada Breach,-
80546306,RETAIL PANEN ADIPERKASA (FLYING TIGER),MAP FASHION,,Hold,7,Tidak ada Breach,OFFICIAL STORE ,Tidak ada Breach,Tidak ada Breach,2025-04-21 00:00:00
80546307,RETAIL PANEN ADIPERKASA - CHANNEL ZALORA,MAP FASHION,,Hold,7,Tidak ada Breach,OFFICIAL STORE ,Tidak ada Breach,Tidak ada Breach,-
80546308,RETAIL PANEN ADIPERKASA - CHANNEL ZALORA,MAP FASHION,,Hold,7,Tidak ada Breach,OFFICIAL STORE ,Tidak ada Breach,Tidak ada Breach,-
80546309,LACOSTE,MAP FASHION,,Hold,7,Tidak ada Breach,OFFICIAL STORE ,Tidak ada Breach,Tidak ada Breach,-
80546310,LACOSTE,MAP FASHION,,Hold,7,Tidak ada Breach,OFFICIAL STORE ,Tidak ada Breach,Tidak ada Breach,-
80552100,DIGIMAP,MAP FASHION,,Hold,7,Tidak ada Breach,OFFICIAL STORE ,Tidak ada Breach,Tidak ada Breach,-
80552102,MAP ZONA ADIPERKASA PT,MAP FASHION,,Hold,7,Tidak ada Breach,OFFICIAL STORE ,Tidak ada Breach,Tidak ada Breach,-
80552104,MAP ZONA ADIPERKASA,MAP FASHION,,Hold,7,Tidak ada Breach,OFFICIAL STORE ,Tidak ada Breach,Tidak ada Breach,-
80552105,MAP ZONA ADIPERKASA,MAP FASHION,,Hold,7,Tidak ada Breach,OFFICIAL STORE ,Tidak ada Breach,Tidak ada Breach,-
80552302,RETAIL PANEN ADIPERKASA - CHANNEL ZALORA,MAP FASHION,,Hold,7,Tidak ada Breach,OFFICIAL STORE ,Tidak ada Breach,Tidak ada Breach,-
80552303,RETAIL PANEN ADIPERKASA - CHANNEL ZALORA,MAP FASHION,,Hold,7,Tidak ada Breach,OFFICIAL STORE ,Tidak ada Breach,Tidak ada Breach,-
80552304,MARKS & SPENCER,MAP FASHION,,Hold,7,Tidak ada Breach,OFFICIAL STORE ,Tidak ada Breach,Tidak ada Breach,-
80552305,MARKS & SPENCER,MAP FASHION,,Hold,7,Tidak ada Breach,OFFICIAL STORE ,Tidak ada Breach,Tidak ada Breach,-
80552401,MITRA FASHINDO ABADI,MAP FASHION,,Hold,7,Tidak ada Breach,OFFICIAL STORE ,Tidak ada Breach,Tidak ada Breach,-
80552402,MITRA FASHINDO ABADI,MAP FASHION,,Hold,7,Tidak ada Breach,OFFICIAL STORE ,Tidak ada Breach,Tidak ada Breach,-
80552403,MITRA FASHINDO ABADI,MAP FASHION,,Hold,7,Tidak ada Breach,OFFICIAL STORE ,Tidak ada Breach,Tidak ada Breach,-
80552404,MITRA FASHINDO ABADI,MAP FASHION,,Hold,7,Tidak ada Breach,OFFICIAL STORE ,Tidak ada Breach,Tidak ada Breach,-
80552405,MITRA FASHINDO ABADI,MAP FASHION,,Hold,7,Tidak ada Breach,OFFICIAL STORE ,Tidak ada Breach,Tidak ada Breach,-
80552500,CREASI MODE INDONESIA,MAP FASHION,,Hold,7,Tidak ada Breach,OFFICIAL STORE ,Tidak ada Breach,Tidak ada Breach,-
80552501,CREASI MODE INDONESIA,MAP FASHION,,Hold,7,Tidak ada Breach,OFFICIAL STORE ,Tidak ada Breach,Tidak ada Breach,-
80552502,RETAIL PANEN ADIPERKASA - CHANNEL ZALORA,MAP FASHION,,Hold,7,Tidak ada Breach,OFFICIAL STORE ,Tidak ada Breach,Tidak ada Breach,-
80552503,RETAIL PANEN ADIPERKASA - CHANNEL ZALORA,MAP FASHION,,Hold,7,Tidak ada Breach,OFFICIAL STORE ,Tidak ada Breach,Tidak ada Breach,-
80552504,CREASI MODE INDONESIA,MAP FASHION,,Hold,7,Tidak ada Breach,OFFICIAL STORE ,Tidak ada Breach,Tidak ada Breach,-
80552505,REPORT COTTON ON ZALORA,MAP FASHION,,Hold,7,Tidak ada Breach,OFFICIAL STORE ,Tidak ada Breach,Tidak ada Breach,2022-03-16 00:00:00
80555700,BERSAMA  KARUNIA MANDIRI,MAP FASHION,,Hold,7,Tidak ada Breach,OFFICIAL STORE ,Tidak ada Breach,Tidak ada Breach,2022-03-16 00:00:00
80555701,BERSAMA  KARUNIA MANDIRI,MAP FASHION,,Hold,7,Tidak ada Breach,OFFICIAL STORE ,Tidak ada Breach,Tidak ada Breach,2022-03-16 00:00:00
80555702,BERSAMA  KARUNIA MANDIRI,MAP FASHION,,Hold,7,Tidak ada Breach,OFFICIAL STORE ,Tidak ada Breach,Tidak ada Breach,2022-03-16 00:00:00
80555703,BERSAMA  KARUNIA MANDIRI,MAP FASHION,,Hold,7,Tidak ada Breach,OFFICIAL STORE ,Tidak ada Breach,Tidak ada Breach,2022-03-16 00:00:00
80555704,BERSAMA  KARUNIA MANDIRI,MAP FASHION,,Hold,7,Tidak ada Breach,OFFICIAL STORE ,Tidak ada Breach,Tidak ada Breach,-
80555900,MASIMO DUTI STORE,MAP FASHION,,Hold,7,Tidak ada Breach,OFFICIAL STORE ,Tidak ada Breach,Tidak ada Breach,-
80555901,MASIMO DUTI STORE,MAP FASHION,,Hold,7,Tidak ada Breach,OFFICIAL STORE ,Tidak ada Breach,Tidak ada Breach,-
80555902,MASIMO DUTI STORE,MAP FASHION,,Hold,7,Tidak ada Breach,OFFICIAL STORE ,Tidak ada Breach,Tidak ada Breach,-
80555903,MASIMO DUTI STORE,MAP FASHION,,Hold,7,Tidak ada Breach,OFFICIAL STORE ,Tidak ada Breach,Tidak ada Breach,-
80555904,MASIMO DUTI STORE,MAP FASHION,,Hold,7,Tidak ada Breach,OFFICIAL STORE ,Tidak ada Breach,Tidak ada Breach,-
80556100,PULL&BEAR,MAP FASHION,,Hold,7,Tidak ada Breach,OFFICIAL STORE ,Tidak ada Breach,Tidak ada Breach,-
80556101,PULL&BEAR,MAP FASHION,,Hold,7,Tidak ada Breach,OFFICIAL STORE ,Tidak ada Breach,Tidak ada Breach,2023-05-13 00:00:00
80556102,REPORT PULL & BEAR,MAP FASHION,,Hold,7,Tidak ada Breach,OFFICIAL STORE ,Tidak ada Breach,Tidak ada Breach,-
80556103,MITRA GAYA INDAH,MAP FASHION,,Hold,7,Tidak ada Breach,OFFICIAL STORE ,Tidak ada Breach,Tidak ada Breach,-
80556200,STRADIVARIUS,MAP FASHION,,Hold,7,Tidak ada Breach,OFFICIAL STORE ,Tidak ada Breach,Tidak ada Breach,-
80556201,STRADIVARIUS,MAP FASHION,,Hold,7,Tidak ada Breach,OFFICIAL STORE ,Tidak ada Breach,Tidak ada Breach,-
80556202,STRADIVARIUS,MAP FASHION,,Hold,7,Tidak ada Breach,OFFICIAL STORE ,Tidak ada Breach,Tidak ada Breach,-
80556203,STRADIVARIUS,MAP FASHION,,Hold,7,Tidak ada Breach,OFFICIAL STORE ,Tidak ada Breach,Tidak ada Breach,-
80556204,STRADIVARIUS,MAP FASHION,,Hold,7,Tidak ada Breach,OFFICIAL STORE ,Tidak ada Breach,Tidak ada Breach,2023-03-10 00:00:00
80556300,ZARA HOME,MAP FASHION,,Hold,7,Tidak ada Breach,OFFICIAL STORE ,Tidak ada Breach,Tidak ada Breach,-
80556301,ZARA,MAP FASHION,,Hold,7,Tidak ada Breach,OFFICIAL STORE ,Tidak ada Breach,Tidak ada Breach,-
80556302,ZARA HOME,MAP FASHION,,Hold,7,Tidak ada Breach,OFFICIAL STORE ,Tidak ada Breach,Tidak ada Breach,-
80556303,ZARA HOME,MAP FASHION,,Hold,7,Tidak ada Breach,OFFICIAL STORE ,Tidak ada Breach,Tidak ada Breach,-
80556304,ZARA HOME,MAP FASHION,,Hold,7,Tidak ada Breach,OFFICIAL STORE ,Tidak ada Breach,Tidak ada Breach,2023-06-22 00:00:00
80672000,RETAIL PANEN ADIPERKASA - CHANNEL ZALORA,MAP FASHION,,Hold,7,Tidak ada Breach,OFFICIAL STORE ,Tidak ada Breach,Tidak ada Breach,2023-06-22 00:00:00
80672001,RETAIL PANEN ADIPERKASA - CHANNEL ZALORA,MAP FASHION,,Hold,7,Tidak ada Breach,OFFICIAL STORE ,Tidak ada Breach,Tidak ada Breach,2023-06-22 00:00:00
80730800,INDEX LIVING MALL,MAP FASHION,,Hold,7,Tidak ada Breach,OFFICIAL STORE ,Tidak ada Breach,Tidak ada Breach,2023-06-22 00:00:00
80730801,INDEX LIVING MALL,MAP FASHION,,Hold,7,Tidak ada Breach,OFFICIAL STORE ,Tidak ada Breach,Tidak ada Breach,2023-06-22 00:00:00
80730802,INDEX LIVING MALL,MAP FASHION,,Hold,7,Tidak ada Breach,OFFICIAL STORE ,Tidak ada Breach,Tidak ada Breach,2023-06-22 00:00:00
80730803,INDEX LIVING MALL,MAP FASHION,,Hold,7,Tidak ada Breach,OFFICIAL STORE ,Tidak ada Breach,Tidak ada Breach,-
80730804,INDEX LIVING MALL,MAP FASHION,,Hold,7,Tidak ada Breach,OFFICIAL STORE ,Tidak ada Breach,Tidak ada Breach,2024-05-03 00:00:00
80759800,RETAIL PANEN ADIPERKASA - CHANNEL ZALORA,MAP FASHION,,Hold,7,Tidak ada Breach,OFFICIAL STORE ,Tidak ada Breach,Tidak ada Breach,2022-02-22 00:00:00
80759801,RETAIL PANEN ADIPERKASA - CHANNEL ZALORA,MAP FASHION,,Hold,7,Tidak ada Breach,OFFICIAL STORE ,Tidak ada Breach,Tidak ada Breach,2022-02-22 00:00:00
80768700,RETAIL PANEN ADIPERKASA - CHANNEL ZALORA,MAP FASHION,,Hold,7,Tidak ada Breach,OFFICIAL STORE ,Tidak ada Breach,Tidak ada Breach,-
80768701,RETAIL PANEN ADIPERKASA - CHANNEL ZALORA,MAP FASHION,,Hold,7,Tidak ada Breach,OFFICIAL STORE ,Tidak ada Breach,Tidak ada Breach,-
80817001,MITRA GAYA INDAH - NON REG,MAP FASHION,,Hold,7,Tidak ada Breach,OFFICIAL STORE ,Tidak ada Breach,Tidak ada Breach,2025-04-21 00:00:00
80817002,MITRA GAYA INDAH - COD,MAP FASHION,,Hold,7,Tidak ada Breach,OFFICIAL STORE ,Tidak ada Breach,Tidak ada Breach,-
80817003,MITRA GAYA INDAH - COD FEE,MAP FASHION,,Hold,7,Tidak ada Breach,OFFICIAL STORE ,Tidak ada Breach,Tidak ada Breach,-
80817004,MITRA GAYA INDAH - RETURN,MAP FASHION,,Hold,7,Tidak ada Breach,OFFICIAL STORE ,Tidak ada Breach,Tidak ada Breach,-
81169204,MITRA GAYA INDAH,MAP FASHION,,Hold,7,Tidak ada Breach,OFFICIAL STORE ,Tidak ada Breach,Tidak ada Breach,-
81544100,MITRA ADIPERKASA,MAP FASHION,,Hold,7,Tidak ada Breach,OFFICIAL STORE ,Tidak ada Breach,Tidak ada Breach,-
81676500,PUTRA AGUNG LESTARI,MAP FASHION,,Hold,7,Tidak ada Breach,OFFICIAL STORE ,Tidak ada Breach,Tidak ada Breach,2023-04-14 00:00:00
81676501,PUTRA AGUNG LESTARI,MAP FASHION,,Hold,7,Tidak ada Breach,OFFICIAL STORE ,Tidak ada Breach,Tidak ada Breach,2023-04-14 00:00:00
81676502,PUTRA AGUNG LESTARI,MAP FASHION,,Hold,7,Tidak ada Breach,OFFICIAL STORE ,Tidak ada Breach,Tidak ada Breach,2023-04-14 00:00:00
81676503,PUTRA AGUNG LESTARI,MAP FASHION,,Hold,7,Tidak ada Breach,OFFICIAL STORE ,Tidak ada Breach,Tidak ada Breach,2023-04-14 00:00:00
81676504,PUTRA AGUNG LESTARI,MAP FASHION,,Hold,7,Tidak ada Breach,OFFICIAL STORE ,Tidak ada Breach,Tidak ada Breach,2023-04-14 00:00:00
81678400,ALDO INDONESIA ADIPERKASA RITEL,MAP FASHION,,Hold,7,Tidak ada Breach,OFFICIAL STORE ,Tidak ada Breach,Tidak ada Breach,2023-04-14 00:00:00
81678401,ALDO INDONESIA ADIPERKASA RITEL,MAP FASHION,,Hold,7,Tidak ada Breach,OFFICIAL STORE ,Tidak ada Breach,Tidak ada Breach,2023-04-14 00:00:00
81678402,ALDO INDONESIA ADIPERKASA RITEL,MAP FASHION,,Hold,7,Tidak ada Breach,OFFICIAL STORE ,Tidak ada Breach,Tidak ada Breach,2023-04-14 00:00:00
81678403,ALDO INDONESIA ADIPERKASA RITEL,MAP FASHION,,Hold,7,Tidak ada Breach,OFFICIAL STORE ,Tidak ada Breach,Tidak ada Breach,2023-04-14 00:00:00
81905900,ZALORA  CALVIN KLEIN,MAP FASHION,,Hold,7,Tidak ada Breach,OFFICIAL STORE ,Tidak ada Breach,Tidak ada Breach,2023-04-14 00:00:00
81905901,ZALORA TOMMY HILFIGER,MAP FASHION,,Hold,7,Tidak ada Breach,OFFICIAL STORE ,Tidak ada Breach,Tidak ada Breach,2023-04-14 00:00:00
81905902,ZALORA TOMMY HILFIGER,MAP FASHION,,Hold,7,Tidak ada Breach,OFFICIAL STORE ,Tidak ada Breach,Tidak ada Breach,2023-04-14 00:00:00
81905905,MITRA ADIPERKASA TBK PT,MAP FASHION,,Hold,7,Tidak ada Breach,OFFICIAL STORE ,Tidak ada Breach,Tidak ada Breach,2022-06-23 00:00:00
R000828801,REPORT ZARA,MAP FASHION,,Hold,7,Tidak ada Breach,OFFICIAL STORE ,Tidak ada Breach,Tidak ada Breach,2022-06-23 00:00:00
R001923343,REPORT ZARA,MAP FASHION,,Hold,7,Tidak ada Breach,OFFICIAL STORE ,Tidak ada Breach,Tidak ada Breach,2022-08-15 00:00:00
R002996723,REPORT STRADIVARIUS,MAP FASHION,,Hold,7,Tidak ada Breach,OFFICIAL STORE ,Tidak ada Breach,Tidak ada Breach,2022-08-15 00:00:00
R003039475,REPORT STRADIVARIUS,MAP FASHION,,Hold,7,Tidak ada Breach,OFFICIAL STORE ,Tidak ada Breach,Tidak ada Breach,2022-04-14 00:00:00
80582800,MENGANTAR COM,MENGANTAR COM,,Hold,14,"Tidak ada Breach - JIKA HARGA <200RB MAKA HOLD , JIKA >200RB RETURN",AGGREGATOR,"Tidak ada Breach - JIKA HARGA <200RB MAKA HOLD , JIKA >200RB RETURN","Tidak ada Breach - JIKA HARGA <200RB MAKA HOLD , JIKA >200RB RETURN",2022-04-14 00:00:00
80582801,MENGANTAR COM,MENGANTAR COM,,Hold,14,"Tidak ada Breach - JIKA HARGA <200RB MAKA HOLD , JIKA >200RB RETURN",AGGREGATOR,"Tidak ada Breach - JIKA HARGA <200RB MAKA HOLD , JIKA >200RB RETURN","Tidak ada Breach - JIKA HARGA <200RB MAKA HOLD , JIKA >200RB RETURN",2022-04-14 00:00:00
80582802,MENGANTAR COM,MENGANTAR COM,,Hold,14,"Tidak ada Breach - JIKA HARGA <200RB MAKA HOLD , JIKA >200RB RETURN",AGGREGATOR,"Tidak ada Breach - JIKA HARGA <200RB MAKA HOLD , JIKA >200RB RETURN","Tidak ada Breach - JIKA HARGA <200RB MAKA HOLD , JIKA >200RB RETURN",2022-04-14 00:00:00
80582803,MENGANTAR COM,MENGANTAR COM,,Hold,14,"Tidak ada Breach - JIKA HARGA <200RB MAKA HOLD , JIKA >200RB RETURN",AGGREGATOR,"Tidak ada Breach - JIKA HARGA <200RB MAKA HOLD , JIKA >200RB RETURN","Tidak ada Breach - JIKA HARGA <200RB MAKA HOLD , JIKA >200RB RETURN",2022-04-14 00:00:00
80582804,MENGANTAR COM,MENGANTAR COM,,Hold,14,"Tidak ada Breach - JIKA HARGA <200RB MAKA HOLD , JIKA >200RB RETURN",AGGREGATOR,"Tidak ada Breach - JIKA HARGA <200RB MAKA HOLD , JIKA >200RB RETURN","Tidak ada Breach - JIKA HARGA <200RB MAKA HOLD , JIKA >200RB RETURN",2022-04-14 00:00:00
80678200,MENGANTAR KARYA BANGSA PT,MENGANTAR COM,,Hold,14,"Tidak ada Breach - JIKA HARGA <200RB MAKA HOLD , JIKA >200RB RETURN",AGGREGATOR,"Tidak ada Breach - JIKA HARGA <200RB MAKA HOLD , JIKA >200RB RETURN","Tidak ada Breach - JIKA HARGA <200RB MAKA HOLD , JIKA >200RB RETURN",2022-04-14 00:00:00
80678201,MENGANTAR KARYA BANGSA PT,MENGANTAR COM,,Hold,14,"Tidak ada Breach - JIKA HARGA <200RB MAKA HOLD , JIKA >200RB RETURN",AGGREGATOR,"Tidak ada Breach - JIKA HARGA <200RB MAKA HOLD , JIKA >200RB RETURN","Tidak ada Breach - JIKA HARGA <200RB MAKA HOLD , JIKA >200RB RETURN",2025-04-21 00:00:00
80678202,MENGANTAR KARYA BANGSA PT,MENGANTAR COM,,Hold,14,"Tidak ada Breach - JIKA HARGA <200RB MAKA HOLD , JIKA >200RB RETURN",AGGREGATOR,"Tidak ada Breach - JIKA HARGA <200RB MAKA HOLD , JIKA >200RB RETURN","Tidak ada Breach - JIKA HARGA <200RB MAKA HOLD , JIKA >200RB RETURN",-
80678203,MENGANTAR KARYA BANGSA PT,MENGANTAR COM,,Hold,14,"Tidak ada Breach - JIKA HARGA <200RB MAKA HOLD , JIKA >200RB RETURN",AGGREGATOR,"Tidak ada Breach - JIKA HARGA <200RB MAKA HOLD , JIKA >200RB RETURN","Tidak ada Breach - JIKA HARGA <200RB MAKA HOLD , JIKA >200RB RETURN",-
80678204,MENGANTAR KARYA BANGSA,MENGANTAR COM,,Hold,14,"Tidak ada Breach - JIKA HARGA <200RB MAKA HOLD , JIKA >200RB RETURN",AGGREGATOR,"Tidak ada Breach - JIKA HARGA <200RB MAKA HOLD , JIKA >200RB RETURN","Tidak ada Breach - JIKA HARGA <200RB MAKA HOLD , JIKA >200RB RETURN",-
80678205,MENGANTAR KARYA BANGSA PT,MENGANTAR COM,,Hold,14,"Tidak ada Breach - JIKA HARGA <200RB MAKA HOLD , JIKA >200RB RETURN",AGGREGATOR,"Tidak ada Breach - JIKA HARGA <200RB MAKA HOLD , JIKA >200RB RETURN","Tidak ada Breach - JIKA HARGA <200RB MAKA HOLD , JIKA >200RB RETURN",-
80678206,MENGANTAR KARYA BANGSA PT,MENGANTAR COM,,Hold,14,"Tidak ada Breach - JIKA HARGA <200RB MAKA HOLD , JIKA >200RB RETURN",AGGREGATOR,"Tidak ada Breach - JIKA HARGA <200RB MAKA HOLD , JIKA >200RB RETURN","Tidak ada Breach - JIKA HARGA <200RB MAKA HOLD , JIKA >200RB RETURN",2024-11-06 00:00:00
80678207,MENGANTAR KARYA BANGSA PT,MENGANTAR COM,,Hold,14,"Tidak ada Breach - JIKA HARGA <200RB MAKA HOLD , JIKA >200RB RETURN",AGGREGATOR,"Tidak ada Breach - JIKA HARGA <200RB MAKA HOLD , JIKA >200RB RETURN","Tidak ada Breach - JIKA HARGA <200RB MAKA HOLD , JIKA >200RB RETURN",2024-03-05 00:00:00
80678208,MENGANTAR PRIORITAS,MENGANTAR ELITE,,Hold,14,"Tidak ada Breach - JIKA HARGA <200RB MAKA HOLD , JIKA >200RB RETURN",AGGREGATOR,"Tidak ada Breach - JIKA HARGA <200RB MAKA HOLD , JIKA >200RB RETURN","Tidak ada Breach - JIKA HARGA <200RB MAKA HOLD , JIKA >200RB RETURN",2024-03-05 00:00:00
80678209,MENGANTAR PRIORITAS,MENGANTAR ELITE,,Hold,14,"Tidak ada Breach - JIKA HARGA <200RB MAKA HOLD , JIKA >200RB RETURN",AGGREGATOR,"Tidak ada Breach - JIKA HARGA <200RB MAKA HOLD , JIKA >200RB RETURN","Tidak ada Breach - JIKA HARGA <200RB MAKA HOLD , JIKA >200RB RETURN",2025-04-21 00:00:00
80678210,MENGANTAR PRIORITAS,MENGANTAR ELITE,,Hold,14,"Tidak ada Breach - JIKA HARGA <200RB MAKA HOLD , JIKA >200RB RETURN",AGGREGATOR,"Tidak ada Breach - JIKA HARGA <200RB MAKA HOLD , JIKA >200RB RETURN","Tidak ada Breach - JIKA HARGA <200RB MAKA HOLD , JIKA >200RB RETURN",2025-12-22 00:00:00
80678211,MENGANTAR PRIORITAS,MENGANTAR ELITE,,Hold,14,"Tidak ada Breach - JIKA HARGA <200RB MAKA HOLD , JIKA >200RB RETURN",AGGREGATOR,"Tidak ada Breach - JIKA HARGA <200RB MAKA HOLD , JIKA >200RB RETURN","Tidak ada Breach - JIKA HARGA <200RB MAKA HOLD , JIKA >200RB RETURN",2025-12-22 00:00:00
80678212,MENGANTAR PRIORITAS,MENGANTAR ELITE,,Hold,14,"Tidak ada Breach - JIKA HARGA <200RB MAKA HOLD , JIKA >200RB RETURN",AGGREGATOR,"Tidak ada Breach - JIKA HARGA <200RB MAKA HOLD , JIKA >200RB RETURN","Tidak ada Breach - JIKA HARGA <200RB MAKA HOLD , JIKA >200RB RETURN",2025-12-22 00:00:00
80678213,MENGANTAR PRIORITAS,MENGANTAR ELITE,,Hold,14,"Tidak ada Breach - JIKA HARGA <200RB MAKA HOLD , JIKA >200RB RETURN",AGGREGATOR,"Tidak ada Breach - JIKA HARGA <200RB MAKA HOLD , JIKA >200RB RETURN","Tidak ada Breach - JIKA HARGA <200RB MAKA HOLD , JIKA >200RB RETURN",2025-12-22 00:00:00
80678214,MENGANTAR PRIORITAS,MENGANTAR ELITE,,Hold,14,"Tidak ada Breach - JIKA HARGA <200RB MAKA HOLD , JIKA >200RB RETURN",AGGREGATOR,"Tidak ada Breach - JIKA HARGA <200RB MAKA HOLD , JIKA >200RB RETURN","Tidak ada Breach - JIKA HARGA <200RB MAKA HOLD , JIKA >200RB RETURN",2025-12-22 00:00:00
80678215,MENGANTAR PRIORITAS,MENGANTAR ELITE,,Hold,14,"Tidak ada Breach - JIKA HARGA <200RB MAKA HOLD , JIKA >200RB RETURN",AGGREGATOR,"Tidak ada Breach - JIKA HARGA <200RB MAKA HOLD , JIKA >200RB RETURN","Tidak ada Breach - JIKA HARGA <200RB MAKA HOLD , JIKA >200RB RETURN",2025-12-22 00:00:00
80581100,METROPOLITAN RETAILMART,METROPOLITAN RETAILMART,,Not Hold,Tidak ada masa Hold,Tidak ada Breach,PRODUCT,Tidak ada Breach,Tidak ada Breach,2025-12-22 00:00:00
80597300,METROPOLITAN RETAILMART,METROPOLITAN RETAILMART,,Not Hold,Tidak ada masa Hold,Tidak ada Breach,PRODUCT,Tidak ada Breach,Tidak ada Breach,2025-12-22 00:00:00
10500300,MIF PT / MERATUS,MIF PT / MERATUS,-,-,-,-,CORPORATE KOE,-,-,2022-01-28 00:00:00
81793700,MING JAYA SEJAHTERA PT,MING JAYA SEJAHTERA PT,,Not Hold,Tidak ada masa Hold,Tidak ada Breach,E-COMMERCE,Tidak ada Breach,Tidak ada Breach,2024-01-18 00:00:00
82105600,MISSI IDEA SELARAS PT/ REDBOX BEBECLUB,MISSI IDEA SELARAS PT,,Not Hold,Tidak ada masa Hold,Tidak ada Breach,PRODUCT,Tidak ada Breach,Tidak ada Breach,2022-02-22 00:00:00
82105601,MISSI IDEA SELARAS PT/ REDBOX NUTRICLUB,MISSI IDEA SELARAS PT,,Not Hold,Tidak ada masa Hold,Tidak ada Breach,PRODUCT,Tidak ada Breach,Tidak ada Breach,2022-02-22 00:00:00
82105602,MISSI IDEA SELARAS PT/REDBOX KLUB GENERASI MAJU,MISSI IDEA SELARAS PT,,Not Hold,Tidak ada masa Hold,Tidak ada Breach,PRODUCT,Tidak ada Breach,Tidak ada Breach,-
82105603,MISSI IDEA SELARAS PT / REDBOX RAFFLE,MISSI IDEA SELARAS PT,,Not Hold,Tidak ada masa Hold,Tidak ada Breach,PRODUCT,Tidak ada Breach,Tidak ada Breach,-
82105604,MISSI IDEA SELARAS PT/ REDBOX RETURN,MISSI IDEA SELARAS PT,,Not Hold,Tidak ada masa Hold,Tidak ada Breach,PRODUCT,Tidak ada Breach,Tidak ada Breach,2024-07-08 00:00:00
11867400,CV. MITRA SELARAS LOGISTIC (AFC) ,MITRA SELARAS LOGISTIC (AFC) ,,Not Hold,Tidak ada masa Hold,Tidak ada Breach,3PL & LOGISTIC,Tidak ada Breach,Tidak ada Breach,2024-07-08 00:00:00
80707400,CV. MITRA SELARAS LOGISTIC (AFC) ,MITRA SELARAS LOGISTIC (AFC) ,,Not Hold,Tidak ada masa Hold,Tidak ada Breach,3PL & LOGISTIC,Tidak ada Breach,Tidak ada Breach,2024-06-11 00:00:00
80707403,CV. MITRA SELARAS LOGISTIC (AFC) ,MITRA SELARAS LOGISTIC (AFC) ,,Not Hold,Tidak ada masa Hold,Tidak ada Breach,3PL & LOGISTIC,Tidak ada Breach,Tidak ada Breach,2024-11-06 00:00:00
80540400,MOKA TEKNOLOGI INDONESIA,MOKA TEKNOLOGI,,Not Hold,Tidak ada masa Hold,Tidak ada Breach,OFFICIAL STORE ,Tidak ada Breach,Tidak ada Breach,2024-06-11 00:00:00
80540401,MOKA TEKNOLOGI INDONESIA,MOKA TEKNOLOGI,,Not Hold,Tidak ada masa Hold,Tidak ada Breach,OFFICIAL STORE ,Tidak ada Breach,Tidak ada Breach,-
80540402,MOKA TEKNOLOGI INDONESIA,MOKA TEKNOLOGI,,Not Hold,Tidak ada masa Hold,Tidak ada Breach,OFFICIAL STORE ,Tidak ada Breach,Tidak ada Breach,2024-01-18 00:00:00
80540403,MOKA TEKNOLOGI INDONESIA,MOKA TEKNOLOGI,,Not Hold,Tidak ada masa Hold,Tidak ada Breach,OFFICIAL STORE ,Tidak ada Breach,Tidak ada Breach,-
10930700,MOMENTUM USAID,MOMENTUM USAID,-,-,-,-,CORPORATE KOE,-,-,-
11023204,MONOTARO INDONESIA,MONOTARO,,Not Hold,Tidak ada masa Hold,"Harus Closing pada tanggal 15 dibulan berikutnya (Final status SUSKES, RETURN Shipeer dan Missing) ",BANKING & INSURANCE,Harus Closing pada tanggal 15 dibulan berikutnya,Harus Closing pada tanggal 15 dibulan berikutnya,2022-10-21 00:00:00
80968700,MY BANK,MY BANK,-,-,-,-,PROJECT KOE,-,-,2022-10-21 00:00:00
10916900,NEO HOTEL ELTARI KUPANG (PT. GRAHA TIMOR GRASIA),NEO HOTEL ELTARI KUPANG (PT. GRAHA TIMOR GRASIA),-,-,-,-,CORPORATE KOE,-,-,2022-10-21 00:00:00
10932800,NOTARIS SELVI HARTONO,NOTARIS SELVI HARTONO,-,-,-,-,CORPORATE KOE,-,-,2022-10-21 00:00:00
10005300,NOTARIS SELVI HARTONO,NOTARIS SELVI HARTONO,-,-,-,-,CORPORATE KOE,-,-,2024-07-08 00:00:00
10008000,NOTARIS/PPAT SAFRIANI DIANITA SAPUTRI ALI,NOTARIS/PPAT SAFRIANI DIANITA SAPUTRI ALI,-,-,-,-,CORPORATE KOE,-,-,-
10936100,NUSA BUNGA PT,NUSA BUNGA PT,-,-,-,-,CORPORATE KOE,-,-,-
10004500,NUSA BUNGA PT,NUSA BUNGA PT,-,-,-,-,CORPORATE KOE,-,-,-
10500100,NUSANTARA SURYA SAKTI,NUSANTARA SURYA SAKTI,-,-,-,-,CORPORATE KOE,-,-,-
81800700,NUTRA HERBAL GROUP (CMS DAN GMS),NUTRA HERBAL GROUP (CMS DAN GMS),,Hold,7,Tidak ada Breach,E-COMMERCE,Tidak ada Breach,Tidak ada Breach,2022-01-28 00:00:00
81800701,NUTRA HERBAL GROUP (CMS DAN GMS),NUTRA HERBAL GROUP (CMS DAN GMS),,Hold,7,Tidak ada Breach,E-COMMERCE,Tidak ada Breach,Tidak ada Breach,2022-01-28 00:00:00
81800702,NUTRA HERBAL GROUP (CMS DAN GMS),NUTRA HERBAL GROUP (CMS DAN GMS),,Hold,7,Tidak ada Breach,E-COMMERCE,Tidak ada Breach,Tidak ada Breach,2022-01-28 00:00:00
81800703,NUTRA HERBAL GROUP (CMS DAN GMS),NUTRA HERBAL GROUP (CMS DAN GMS),,Hold,7,Tidak ada Breach,E-COMMERCE,Tidak ada Breach,Tidak ada Breach,2022-01-28 00:00:00
81802600,NUTRA HERBAL GROUP (CMS DAN GMS),NUTRA HERBAL GROUP (CMS DAN GMS),,Hold,7,Tidak ada Breach,E-COMMERCE,Tidak ada Breach,Tidak ada Breach,-
81802601,NUTRA HERBAL GROUP (CMS DAN GMS),NUTRA HERBAL GROUP (CMS DAN GMS),,Hold,7,Tidak ada Breach,E-COMMERCE,Tidak ada Breach,Tidak ada Breach,-
81802602,NUTRA HERBAL GROUP (CMS DAN GMS),NUTRA HERBAL GROUP (CMS DAN GMS),,Hold,7,Tidak ada Breach,E-COMMERCE,Tidak ada Breach,Tidak ada Breach,-
81802603,NUTRA HERBAL GROUP (CMS DAN GMS),NUTRA HERBAL GROUP (CMS DAN GMS),,Hold,7,Tidak ada Breach,E-COMMERCE,Tidak ada Breach,Tidak ada Breach,-
10797100,NUTRIFOOD,NUTRIFOOD,,Not Hold,Tidak ada masa Hold,Tidak ada Breach,PRODUCT,Tidak ada Breach,Tidak ada Breach,2024-05-03 00:00:00
10797102,NUTRIFOOD,NUTRIFOOD,,Not Hold,Tidak ada masa Hold,Tidak ada Breach,PRODUCT,Tidak ada Breach,Tidak ada Breach,2022-08-15 00:00:00
10797104,NUTRIFOOD,NUTRIFOOD,,Not Hold,Tidak ada masa Hold,Tidak ada Breach,PRODUCT,Tidak ada Breach,Tidak ada Breach,2024-07-08 00:00:00
10894900,NUTRIFOOD,NUTRIFOOD,,Not Hold,Tidak ada masa Hold,Tidak ada Breach,PRODUCT,Tidak ada Breach,Tidak ada Breach,-
10943000,OLEH-OLEH BU PARDI,OLEH-OLEH BU PARDI,-,-,-,-,CORPORATE KOE,-,-,-
10927600,OMBUDSMAN,OMBUDSMAN,-,-,-,-,PROJECT KOE,-,-,-
80549200,ORDIVO TEKNOLOGI,ORDIVO TEKNOLOGI,,Hold,3,35 hari (tidak termasuk hari minggu dan libur nasional),AGGREGATOR,35,35,-
80549201,ORDIVO TEKNOLOGI,ORDIVO TEKNOLOGI,,Hold,3,35 hari (tidak termasuk hari minggu dan libur nasional),AGGREGATOR,35,35,-
80549202,ORDIVO TEKNOLOGI,ORDIVO TEKNOLOGI,,Hold,3,35 hari (tidak termasuk hari minggu dan libur nasional),AGGREGATOR,35,35,-
80549203,ORDIVO TEKNOLOGI,ORDIVO TEKNOLOGI,,Hold,3,35 hari (tidak termasuk hari minggu dan libur nasional),AGGREGATOR,35,35,2022-04-14 00:00:00
80549204,ORDIVO TEKNOLOGI,ORDIVO TEKNOLOGI,,Hold,3,35 hari (tidak termasuk hari minggu dan libur nasional),AGGREGATOR,35,35,-
80549205,ORDIVO TEKNOLOGI,ORDIVO TEKNOLOGI,,Hold,3,35 hari (tidak termasuk hari minggu dan libur nasional),AGGREGATOR,35,35,-
80549207,ORDIVO TEKNOLOGI,ORDIVO TEKNOLOGI,,Hold,3,35 hari (tidak termasuk hari minggu dan libur nasional),AGGREGATOR,35,35,-
80549208,ORDIVO TEKNOLOGI,ORDIVO TEKNOLOGI,,Hold,3,35 hari (tidak termasuk hari minggu dan libur nasional),AGGREGATOR,35,35,-
10932000,PADUPADAN TENUN,PADUPADAN TENUN,-,-,-,-,CORPORATE KOE,-,-,-
80508600,SHIPPINDO NON COD,PAKDE,,Not Hold,Tidak ada masa Hold,Tidak ada Breach,3PL & LOGISTIC,Tidak ada Breach,Tidak ada Breach,-
80508601,SHIPPINDO NON COD,PAKDE,,Not Hold,Tidak ada masa Hold,Tidak ada Breach,3PL & LOGISTIC,Tidak ada Breach,Tidak ada Breach,-
80538300,PAKDE SOLUSI DIGITAL,PAKDE,,Not Hold,Tidak ada masa Hold,Tidak ada Breach,3PL & LOGISTIC,Tidak ada Breach,Tidak ada Breach,-
80538301,PAKDE SOLUSI DIGITAL,PAKDE,,Not Hold,Tidak ada masa Hold,Tidak ada Breach,3PL & LOGISTIC,Tidak ada Breach,Tidak ada Breach,-
80538302,PAKDE SOLUSI DIGITAL,PAKDE,,Not Hold,Tidak ada masa Hold,Tidak ada Breach,3PL & LOGISTIC,Tidak ada Breach,Tidak ada Breach,-
10943600,PANDU LOGISTIC CV,PANDU LOGISTIC CV,-,-,-,-,CORPORATE KOE,-,-,-
10910700,PARAGON TECHNOLOGY & INNOVATION,PARAGON,,Not Hold,Tidak ada masa Hold,Tidak ada Breach,FULFILLMENT,Tidak ada Breach,Tidak ada Breach,-
10910701,PARAGON TECHNOLOGY & INNOVATION,PARAGON,,Not Hold,Tidak ada masa Hold,Tidak ada Breach,FULFILLMENT,Tidak ada Breach,Tidak ada Breach,-
80533300,PARAGON TECHNOLOGY & INNOVATION,PARAGON,,Not Hold,Tidak ada masa Hold,Tidak ada Breach,FULFILLMENT,Tidak ada Breach,Tidak ada Breach,-
11692100,PARAMA GLOBAL INSPIRA,PARAMA,,Not Hold,Tidak ada masa Hold,Tidak ada Breach,FULFILLMENT,Tidak ada Breach,Tidak ada Breach,-
80540200,PARAMA GLOBAL INSPIRA,PARAMA,,Not Hold,Tidak ada masa Hold,Tidak ada Breach,FULFILLMENT,Tidak ada Breach,Tidak ada Breach,-
80540201,PARAMA GLOBAL INSPIRA,PARAMA,,Not Hold,Tidak ada masa Hold,Tidak ada Breach,FULFILLMENT,Tidak ada Breach,Tidak ada Breach,-
80540202,PARAMA GLOBAL INSPIRA,PARAMA,,Not Hold,Tidak ada masa Hold,Tidak ada Breach,FULFILLMENT,Tidak ada Breach,Tidak ada Breach,-
11758800,PASIFIK CITI RETAILINDO,PASIFIC CITY,,Not Hold,Tidak ada masa Hold,Tidak ada Breach,E-COMMERCE,Tidak ada Breach,Tidak ada Breach,2022-03-16 00:00:00
80772500,PASIFIK CITI RETAILINDO,PASIFIC CITY,,Not Hold,Tidak ada masa Hold,Tidak ada Breach,E-COMMERCE,Tidak ada Breach,Tidak ada Breach,2022-02-05 00:00:00
80772501,PASIFIK CITI RETAILINDO,PASIFIC CITY,,Not Hold,Tidak ada masa Hold,Tidak ada Breach,E-COMMERCE,Tidak ada Breach,Tidak ada Breach,2022-02-05 00:00:00
11734301,PEGADAIAN GALLERY 24,PEGADAIAN GALLERY 24,,Not Hold,Tidak ada masa Hold,Tidak ada Breach,PRODUCT,Tidak ada Breach,Tidak ada Breach,2022-02-05 00:00:00
11741800,PEGADAIAN GALLERY 24,PEGADAIAN GALLERY 24,,Not Hold,Tidak ada masa Hold,Tidak ada Breach,PRODUCT,Tidak ada Breach,Tidak ada Breach,2022-02-05 00:00:00
11741801,PEGADAIAN GALLERY 24,PEGADAIAN GALLERY 24,,Not Hold,Tidak ada masa Hold,Tidak ada Breach,PRODUCT,Tidak ada Breach,Tidak ada Breach,-
80748000,PEGADAIAN GALLERY 24,PEGADAIAN GALLERY 24,,Not Hold,Tidak ada masa Hold,Tidak ada Breach,PRODUCT,Tidak ada Breach,Tidak ada Breach,-
80748001,PEGADAIAN GALLERY 24,PEGADAIAN GALLERY 24,,Not Hold,Tidak ada masa Hold,Tidak ada Breach,PRODUCT,Tidak ada Breach,Tidak ada Breach,-
80748002,PEGADAIAN GALLERY 24,PEGADAIAN GALLERY 24,,Not Hold,Tidak ada masa Hold,Tidak ada Breach,PRODUCT,Tidak ada Breach,Tidak ada Breach,-
80748003,PEGADAIAN GALLERY 24,PEGADAIAN GALLERY 24,,Not Hold,Tidak ada masa Hold,Tidak ada Breach,PRODUCT,Tidak ada Breach,Tidak ada Breach,-
80748004,PEGADAIAN GALLERY 24,PEGADAIAN GALLERY 24,,Not Hold,Tidak ada masa Hold,Tidak ada Breach,PRODUCT,Tidak ada Breach,Tidak ada Breach,-
80748005,PEGADAIAN GALLERY 24,PEGADAIAN GALLERY 24,,Not Hold,Tidak ada masa Hold,Tidak ada Breach,PRODUCT,Tidak ada Breach,Tidak ada Breach,-
80748006,PEGADAIAN GALLERY 24,PEGADAIAN GALLERY 24,,Not Hold,Tidak ada masa Hold,Tidak ada Breach,PRODUCT,Tidak ada Breach,Tidak ada Breach,-
80748007,PEGADAIAN GALLERY 24,PEGADAIAN GALLERY 24,,Not Hold,Tidak ada masa Hold,Tidak ada Breach,PRODUCT,Tidak ada Breach,Tidak ada Breach,-
80748008,PEGADAIAN GALLERY 24,PEGADAIAN GALLERY 24,,Not Hold,Tidak ada masa Hold,Tidak ada Breach,PRODUCT,Tidak ada Breach,Tidak ada Breach,-
80748009,PEGADAIAN GALLERY 24,PEGADAIAN GALLERY 24,,Not Hold,Tidak ada masa Hold,Tidak ada Breach,PRODUCT,Tidak ada Breach,Tidak ada Breach,-
80748010,PEGADAIAN GALLERY 24,PEGADAIAN GALLERY 24,,Not Hold,Tidak ada masa Hold,Tidak ada Breach,PRODUCT,Tidak ada Breach,Tidak ada Breach,-
80748011,PEGADAIAN GALLERY 24,PEGADAIAN GALLERY 24,,Not Hold,Tidak ada masa Hold,Tidak ada Breach,PRODUCT,Tidak ada Breach,Tidak ada Breach,-
10936000,PENGADILAN AGAMA SOE,PENGADILAN AGAMA SOE,-,-,-,-,CORPORATE KOE,-,-,-
80570100,PERJALANAN MENEMBUS GALAKSI,PERJALANAN MENEMBUS GALAKSI,,Hold,5,"A-B : 30 hari, C-D : 40 Hari",SOCIAL COMMERCE,30,40,-
80578700,PERJALANAN MENEMBUS GALAKSI,PERJALANAN MENEMBUS GALAKSI,,Hold,5,"A-B : 30 hari, C-D : 40 Hari",SOCIAL COMMERCE,30,40,2022-02-05 00:00:00
80578800,PERJALANAN MENEMBUS GALAKSI,PERJALANAN MENEMBUS GALAKSI,,Hold,5,"A-B : 30 hari, C-D : 40 Hari",SOCIAL COMMERCE,30,40,2022-02-05 00:00:00
80579900,PERJALANAN MENEMBUS GALAKSI,PERJALANAN MENEMBUS GALAKSI,,Hold,5,"A-B : 30 hari, C-D : 40 Hari",SOCIAL COMMERCE,30,40,2022-02-05 00:00:00
80847800,PERJALANAN MENEMBUS GALAKSI,PERJALANAN MENEMBUS GALAKSI,,Hold,5,"A-B : 30 hari, C-D : 40 Hari",SOCIAL COMMERCE,30,40,2022-02-05 00:00:00
80847801,PERJALANAN MENEMBUS GALAKSI,PERJALANAN MENEMBUS GALAKSI,,Hold,5,"A-B : 30 hari, C-D : 40 Hari",SOCIAL COMMERCE,30,40,2022-02-05 00:00:00
80847804,PERJALANAN MENEMBUS GALAKSI,PERJALANAN MENEMBUS GALAKSI,,Hold,5,"A-B : 30 hari, C-D : 40 Hari",SOCIAL COMMERCE,30,40,-
80847805,PERJALANAN MENEMBUS GALAKSI,PERJALANAN MENEMBUS GALAKSI,,Hold,5,"A-B : 30 hari, C-D : 40 Hari",SOCIAL COMMERCE,30,40,-
80847900,PERJALANAN MENEMBUS GALAKSI,PERJALANAN MENEMBUS GALAKSI,,Hold,5,"A-B : 30 hari, C-D : 40 Hari",SOCIAL COMMERCE,30,40,-
80847901,PERJALANAN MENEMBUS GALAKSI,PERJALANAN MENEMBUS GALAKSI,,Hold,5,"A-B : 30 hari, C-D : 40 Hari",SOCIAL COMMERCE,30,40,-
80847904,PERJALANAN MENEMBUS GALAKSI,PERJALANAN MENEMBUS GALAKSI,,Hold,5,"A-B : 30 hari, C-D : 40 Hari",SOCIAL COMMERCE,30,40,-
80847905,PERJALANAN MENEMBUS GALAKSI,PERJALANAN MENEMBUS GALAKSI,,Hold,5,"A-B : 30 hari, C-D : 40 Hari",SOCIAL COMMERCE,30,40,-
80848200,PERJALANAN MENEMBUS GALAKSI,PERJALANAN MENEMBUS GALAKSI,,Hold,5,"A-B : 30 hari, C-D : 40 Hari",SOCIAL COMMERCE,30,40,-
80848201,PERJALANAN MENEMBUS GALAKSI,PERJALANAN MENEMBUS GALAKSI,,Hold,5,"A-B : 30 hari, C-D : 40 Hari",SOCIAL COMMERCE,30,40,-
80848204,PERJALANAN MENEMBUS GALAKSI,PERJALANAN MENEMBUS GALAKSI,,Hold,5,"A-B : 30 hari, C-D : 40 Hari",SOCIAL COMMERCE,30,40,-
80848205,PERJALANAN MENEMBUS GALAKSI,PERJALANAN MENEMBUS GALAKSI,,Hold,5,"A-B : 30 hari, C-D : 40 Hari",SOCIAL COMMERCE,30,40,-
80848300,PERJALANAN MENEMBUS GALAKSI,PERJALANAN MENEMBUS GALAKSI,,Hold,5,"A-B : 30 hari, C-D : 40 Hari",SOCIAL COMMERCE,30,40,2022-02-05 00:00:00
80848301,PERJALANAN MENEMBUS GALAKSI,PERJALANAN MENEMBUS GALAKSI,,Hold,5,"A-B : 30 hari, C-D : 40 Hari",SOCIAL COMMERCE,30,40,2022-02-05 00:00:00
80848304,PERJALANAN MENEMBUS GALAKSI,PERJALANAN MENEMBUS GALAKSI,,Hold,5,"A-B : 30 hari, C-D : 40 Hari",SOCIAL COMMERCE,30,40,2022-02-05 00:00:00
80848305,PERJALANAN MENEMBUS GALAKSI,PERJALANAN MENEMBUS GALAKSI,,Hold,5,"A-B : 30 hari, C-D : 40 Hari",SOCIAL COMMERCE,30,40,2022-02-05 00:00:00
80848400,PERJALANAN MENEMBUS GALAKSI,PERJALANAN MENEMBUS GALAKSI,,Hold,5,"A-B : 30 hari, C-D : 40 Hari",SOCIAL COMMERCE,30,40,2022-02-05 00:00:00
80848401,PERJALANAN MENEMBUS GALAKSI,PERJALANAN MENEMBUS GALAKSI,,Hold,5,"A-B : 30 hari, C-D : 40 Hari",SOCIAL COMMERCE,30,40,2022-02-05 00:00:00
80848404,PERJALANAN MENEMBUS GALAKSI,PERJALANAN MENEMBUS GALAKSI,,Hold,5,"A-B : 30 hari, C-D : 40 Hari",SOCIAL COMMERCE,30,40,2022-02-05 00:00:00
80848405,PERJALANAN MENEMBUS GALAKSI,PERJALANAN MENEMBUS GALAKSI,,Hold,5,"A-B : 30 hari, C-D : 40 Hari",SOCIAL COMMERCE,30,40,2022-02-05 00:00:00
80848500,PERJALANAN MENEMBUS GALAKSI,PERJALANAN MENEMBUS GALAKSI,,Hold,5,"A-B : 30 hari, C-D : 40 Hari",SOCIAL COMMERCE,30,40,2022-02-05 00:00:00
80848501,PERJALANAN MENEMBUS GALAKSI,PERJALANAN MENEMBUS GALAKSI,,Hold,5,"A-B : 30 hari, C-D : 40 Hari",SOCIAL COMMERCE,30,40,2022-02-05 00:00:00
80848504,PERJALANAN MENEMBUS GALAKSI,PERJALANAN MENEMBUS GALAKSI,,Hold,5,"A-B : 30 hari, C-D : 40 Hari",SOCIAL COMMERCE,30,40,2022-02-05 00:00:00
80848505,PERJALANAN MENEMBUS GALAKSI,PERJALANAN MENEMBUS GALAKSI,,Hold,5,"A-B : 30 hari, C-D : 40 Hari",SOCIAL COMMERCE,30,40,2022-02-05 00:00:00
80848600,PERJALANAN MENEMBUS GALAKSI,PERJALANAN MENEMBUS GALAKSI,,Hold,5,"A-B : 30 hari, C-D : 40 Hari",SOCIAL COMMERCE,30,40,2025-04-21 00:00:00
80848601,PERJALANAN MENEMBUS GALAKSI,PERJALANAN MENEMBUS GALAKSI,,Hold,5,"A-B : 30 hari, C-D : 40 Hari",SOCIAL COMMERCE,30,40,2025-04-21 00:00:00
80848604,PERJALANAN MENEMBUS GALAKSI,PERJALANAN MENEMBUS GALAKSI,,Hold,5,"A-B : 30 hari, C-D : 40 Hari",SOCIAL COMMERCE,30,40,2022-02-05 00:00:00
80848605,PERJALANAN MENEMBUS GALAKSI,PERJALANAN MENEMBUS GALAKSI,,Hold,5,"A-B : 30 hari, C-D : 40 Hari",SOCIAL COMMERCE,30,40,2022-02-05 00:00:00
80848700,PERJALANAN MENEMBUS GALAKSI,PERJALANAN MENEMBUS GALAKSI,,Hold,5,"A-B : 30 hari, C-D : 40 Hari",SOCIAL COMMERCE,30,40,2022-04-14 00:00:00
80848701,PERJALANAN MENEMBUS GALAKSI,PERJALANAN MENEMBUS GALAKSI,,Hold,5,"A-B : 30 hari, C-D : 40 Hari",SOCIAL COMMERCE,30,40,-
80848704,PERJALANAN MENEMBUS GALAKSI,PERJALANAN MENEMBUS GALAKSI,,Hold,5,"A-B : 30 hari, C-D : 40 Hari",SOCIAL COMMERCE,30,40,-
80848705,PERJALANAN MENEMBUS GALAKSI,PERJALANAN MENEMBUS GALAKSI,,Hold,5,"A-B : 30 hari, C-D : 40 Hari",SOCIAL COMMERCE,30,40,-
80848800,PERJALANAN MENEMBUS GALAKSI,PERJALANAN MENEMBUS GALAKSI,,Hold,5,"A-B : 30 hari, C-D : 40 Hari",SOCIAL COMMERCE,30,40,-
80848801,PERJALANAN MENEMBUS GALAKSI,PERJALANAN MENEMBUS GALAKSI,,Hold,5,"A-B : 30 hari, C-D : 40 Hari",SOCIAL COMMERCE,30,40,-
80848804,PERJALANAN MENEMBUS GALAKSI,PERJALANAN MENEMBUS GALAKSI,,Hold,5,"A-B : 30 hari, C-D : 40 Hari",SOCIAL COMMERCE,30,40,-
80848805,PERJALANAN MENEMBUS GALAKSI,PERJALANAN MENEMBUS GALAKSI,,Hold,5,"A-B : 30 hari, C-D : 40 Hari",SOCIAL COMMERCE,30,40,-
80848900,PERJALANAN MENEMBUS GALAKSI,PERJALANAN MENEMBUS GALAKSI,,Hold,5,"A-B : 30 hari, C-D : 40 Hari",SOCIAL COMMERCE,30,40,-
80848901,PERJALANAN MENEMBUS GALAKSI,PERJALANAN MENEMBUS GALAKSI,,Hold,5,"A-B : 30 hari, C-D : 40 Hari",SOCIAL COMMERCE,30,40,-
80848904,PERJALANAN MENEMBUS GALAKSI,PERJALANAN MENEMBUS GALAKSI,,Hold,5,"A-B : 30 hari, C-D : 40 Hari",SOCIAL COMMERCE,30,40,-
80848905,PERJALANAN MENEMBUS GALAKSI,PERJALANAN MENEMBUS GALAKSI,,Hold,5,"A-B : 30 hari, C-D : 40 Hari",SOCIAL COMMERCE,30,40,-
80849000,PERJALANAN MENEMBUS GALAKSI,PERJALANAN MENEMBUS GALAKSI,,Hold,5,"A-B : 30 hari, C-D : 40 Hari",SOCIAL COMMERCE,30,40,2022-02-05 00:00:00
80849001,PERJALANAN MENEMBUS GALAKSI,PERJALANAN MENEMBUS GALAKSI,,Hold,5,"A-B : 30 hari, C-D : 40 Hari",SOCIAL COMMERCE,30,40,2022-02-05 00:00:00
80849004,PERJALANAN MENEMBUS GALAKSI,PERJALANAN MENEMBUS GALAKSI,,Hold,5,"A-B : 30 hari, C-D : 40 Hari",SOCIAL COMMERCE,30,40,-
80849005,PERJALANAN MENEMBUS GALAKSI,PERJALANAN MENEMBUS GALAKSI,,Hold,5,"A-B : 30 hari, C-D : 40 Hari",SOCIAL COMMERCE,30,40,2022-09-21 00:00:00
80849100,PERJALANAN MENEMBUS GALAKSI,PERJALANAN MENEMBUS GALAKSI,,Hold,5,"A-B : 30 hari, C-D : 40 Hari",SOCIAL COMMERCE,30,40,-
80849101,PERJALANAN MENEMBUS GALAKSI,PERJALANAN MENEMBUS GALAKSI,,Hold,5,"A-B : 30 hari, C-D : 40 Hari",SOCIAL COMMERCE,30,40,2022-08-15 00:00:00
80849104,PERJALANAN MENEMBUS GALAKSI,PERJALANAN MENEMBUS GALAKSI,,Hold,5,"A-B : 30 hari, C-D : 40 Hari",SOCIAL COMMERCE,30,40,2022-08-15 00:00:00
80849105,PERJALANAN MENEMBUS GALAKSI,PERJALANAN MENEMBUS GALAKSI,,Hold,5,"A-B : 30 hari, C-D : 40 Hari",SOCIAL COMMERCE,30,40,2022-03-16 00:00:00
80849300,PERJALANAN MENEMBUS GALAKSI,PERJALANAN MENEMBUS GALAKSI,,Hold,5,"A-B : 30 hari, C-D : 40 Hari",SOCIAL COMMERCE,30,40,2022-03-16 00:00:00
80849301,PERJALANAN MENEMBUS GALAKSI,PERJALANAN MENEMBUS GALAKSI,,Hold,5,"A-B : 30 hari, C-D : 40 Hari",SOCIAL COMMERCE,30,40,2022-03-16 00:00:00
80849304,PERJALANAN MENEMBUS GALAKSI,PERJALANAN MENEMBUS GALAKSI,,Hold,5,"A-B : 30 hari, C-D : 40 Hari",SOCIAL COMMERCE,30,40,2022-03-16 00:00:00
80849305,PERJALANAN MENEMBUS GALAKSI,PERJALANAN MENEMBUS GALAKSI,,Hold,5,"A-B : 30 hari, C-D : 40 Hari",SOCIAL COMMERCE,30,40,2022-03-16 00:00:00
80849400,PERJALANAN MENEMBUS GALAKSI,PERJALANAN MENEMBUS GALAKSI,,Hold,5,"A-B : 30 hari, C-D : 40 Hari",SOCIAL COMMERCE,30,40,2022-03-16 00:00:00
80849401,PERJALANAN MENEMBUS GALAKSI,PERJALANAN MENEMBUS GALAKSI,,Hold,5,"A-B : 30 hari, C-D : 40 Hari",SOCIAL COMMERCE,30,40,2022-03-16 00:00:00
80849404,PERJALANAN MENEMBUS GALAKSI,PERJALANAN MENEMBUS GALAKSI,,Hold,5,"A-B : 30 hari, C-D : 40 Hari",SOCIAL COMMERCE,30,40,2022-03-16 00:00:00
80849405,PERJALANAN MENEMBUS GALAKSI,PERJALANAN MENEMBUS GALAKSI,,Hold,5,"A-B : 30 hari, C-D : 40 Hari",SOCIAL COMMERCE,30,40,2022-03-16 00:00:00
80849600,PERJALANAN MENEMBUS GALAKSI,PERJALANAN MENEMBUS GALAKSI,,Hold,5,"A-B : 30 hari, C-D : 40 Hari",SOCIAL COMMERCE,30,40,2022-03-16 00:00:00
80849601,PERJALANAN MENEMBUS GALAKSI,PERJALANAN MENEMBUS GALAKSI,,Hold,5,"A-B : 30 hari, C-D : 40 Hari",SOCIAL COMMERCE,30,40,2022-03-16 00:00:00
80849604,PERJALANAN MENEMBUS GALAKSI,PERJALANAN MENEMBUS GALAKSI,,Hold,5,"A-B : 30 hari, C-D : 40 Hari",SOCIAL COMMERCE,30,40,2022-03-16 00:00:00
80849605,PERJALANAN MENEMBUS GALAKSI,PERJALANAN MENEMBUS GALAKSI,,Hold,5,"A-B : 30 hari, C-D : 40 Hari",SOCIAL COMMERCE,30,40,2022-03-16 00:00:00
80849700,PERJALANAN MENEMBUS GALAKSI,PERJALANAN MENEMBUS GALAKSI,,Hold,5,"A-B : 30 hari, C-D : 40 Hari",SOCIAL COMMERCE,30,40,2022-03-16 00:00:00
80849701,PERJALANAN MENEMBUS GALAKSI,PERJALANAN MENEMBUS GALAKSI,,Hold,5,"A-B : 30 hari, C-D : 40 Hari",SOCIAL COMMERCE,30,40,2022-08-15 00:00:00
80849704,PERJALANAN MENEMBUS GALAKSI,PERJALANAN MENEMBUS GALAKSI,,Hold,5,"A-B : 30 hari, C-D : 40 Hari",SOCIAL COMMERCE,30,40,2022-08-15 00:00:00
80849705,PERJALANAN MENEMBUS GALAKSI,PERJALANAN MENEMBUS GALAKSI,,Hold,5,"A-B : 30 hari, C-D : 40 Hari",SOCIAL COMMERCE,30,40,2022-03-16 00:00:00
81138700,PERJALANAN MENEMBUS GALAKSI,PERJALANAN MENEMBUS GALAKSI,,Hold,5,"A-B : 30 hari, C-D : 40 Hari",SOCIAL COMMERCE,30,40,2022-05-21 00:00:00
81138701,PERJALANAN MENEMBUS GALAKSI,PERJALANAN MENEMBUS GALAKSI,,Hold,5,"A-B : 30 hari, C-D : 40 Hari",SOCIAL COMMERCE,30,40,2022-05-21 00:00:00
81138702,PERJALANAN MENEMBUS GALAKSI,PERJALANAN MENEMBUS GALAKSI,,Hold,5,"A-B : 30 hari, C-D : 40 Hari",SOCIAL COMMERCE,30,40,2022-03-16 00:00:00
81138703,PERJALANAN MENEMBUS GALAKSI,PERJALANAN MENEMBUS GALAKSI,,Hold,5,"A-B : 30 hari, C-D : 40 Hari",SOCIAL COMMERCE,30,40,2024-06-11 00:00:00
81138704,PERJALANAN MENEMBUS GALAKSI,PERJALANAN MENEMBUS GALAKSI,,Hold,5,"A-B : 30 hari, C-D : 40 Hari",SOCIAL COMMERCE,30,40,2022-09-21 00:00:00
81138705,INTERNA CIPTA ASIA PT / COD JTR,PERJALANAN MENEMBUS GALAKSI,,Hold,5,"A-B : 30 hari, C-D : 40 Hari",SOCIAL COMMERCE,30,40,2022-09-21 00:00:00
10007300,PLN (PERSERO) UP3 FLORES BAGIAN BARAT PT,PLN (PERSERO) UP3 FLORES BAGIAN BARAT PT,-,-,-,-,CORPORATE KOE,-,-,2023-03-10 00:00:00
10936900,PLN TARAKAN PT,PLN TARAKAN PT,-,-,-,-,CORPORATE KOE,-,-,2023-03-10 00:00:00
10931600,PLN(PERSERO) UIP NUSRA UPP NUSRA 3 PT,PLN(PERSERO) UIP NUSRA UPP NUSRA 3 PT,-,-,-,-,CORPORATE KOE,-,-,2022-03-16 00:00:00
10914300,PRUDENTIAL,PRUDENTIAL,-,-,-,-,CORPORATE KOE,-,-,2022-04-14 00:00:00
10914500,PRUDENTIAL INDONESIA,PRUDENTIAL INDONESIA,-,-,-,-,CORPORATE KOE,-,-,-
10893600,PRUDENTIAL LIFE ASSURANCE,PRUDENTIAL LIFE ASSURANCE,,Not Hold,Tidak ada masa Hold,"Harus Closing pada tanggal 15 dibulan berikutnya (Final status SUSKES, RETURN Shipeer dan Missing) ",BANKING & INSURANCE,Harus Closing pada tanggal 15 dibulan berikutnya,Harus Closing pada tanggal 15 dibulan berikutnya,-
10949800,PRUDENTIAL LIFE ASSURANCE,PRUDENTIAL LIFE ASSURANCE,,Not Hold,Tidak ada masa Hold,"Harus Closing pada tanggal 15 dibulan berikutnya (Final status SUSKES, RETURN Shipeer dan Missing) ",BANKING & INSURANCE,Harus Closing pada tanggal 15 dibulan berikutnya,Harus Closing pada tanggal 15 dibulan berikutnya,2022-04-14 00:00:00
10949801,PRUDENTIAL LIFE ASSURANCE,PRUDENTIAL LIFE ASSURANCE,,Not Hold,Tidak ada masa Hold,"Harus Closing pada tanggal 15 dibulan berikutnya (Final status SUSKES, RETURN Shipeer dan Missing) ",BANKING & INSURANCE,Harus Closing pada tanggal 15 dibulan berikutnya,Harus Closing pada tanggal 15 dibulan berikutnya,2022-04-14 00:00:00
11108300,PRUDENTIAL LIFE ASSURANCE,PRUDENTIAL LIFE ASSURANCE,,Not Hold,Tidak ada masa Hold,"Harus Closing pada tanggal 15 dibulan berikutnya (Final status SUSKES, RETURN Shipeer dan Missing) ",BANKING & INSURANCE,Harus Closing pada tanggal 15 dibulan berikutnya,Harus Closing pada tanggal 15 dibulan berikutnya,2022-04-14 00:00:00
11108303,PRUDENTIAL LIFE ASSURANCE,PRUDENTIAL LIFE ASSURANCE,,Not Hold,Tidak ada masa Hold,"Harus Closing pada tanggal 15 dibulan berikutnya (Final status SUSKES, RETURN Shipeer dan Missing) ",BANKING & INSURANCE,Harus Closing pada tanggal 15 dibulan berikutnya,Harus Closing pada tanggal 15 dibulan berikutnya,2022-04-14 00:00:00
11108304,PRUDENTIAL LIFE ASSURANCE,PRUDENTIAL LIFE ASSURANCE,,Not Hold,Tidak ada masa Hold,"Harus Closing pada tanggal 15 dibulan berikutnya (Final status SUSKES, RETURN Shipeer dan Missing) ",BANKING & INSURANCE,Harus Closing pada tanggal 15 dibulan berikutnya,Harus Closing pada tanggal 15 dibulan berikutnya,2022-04-14 00:00:00
11108305,PRUDENTIAL LIFE ASSURANCE,PRUDENTIAL LIFE ASSURANCE,,Not Hold,Tidak ada masa Hold,"Harus Closing pada tanggal 15 dibulan berikutnya (Final status SUSKES, RETURN Shipeer dan Missing) ",BANKING & INSURANCE,Harus Closing pada tanggal 15 dibulan berikutnya,Harus Closing pada tanggal 15 dibulan berikutnya,2022-04-14 00:00:00
11108306,PRUDENTIAL LIFE ASSURANCE,PRUDENTIAL LIFE ASSURANCE,,Not Hold,Tidak ada masa Hold,"Harus Closing pada tanggal 15 dibulan berikutnya (Final status SUSKES, RETURN Shipeer dan Missing) ",BANKING & INSURANCE,Harus Closing pada tanggal 15 dibulan berikutnya,Harus Closing pada tanggal 15 dibulan berikutnya,2022-04-14 00:00:00
11108307,PRUDENTIAL LIFE ASSURANCE,PRUDENTIAL LIFE ASSURANCE,,Not Hold,Tidak ada masa Hold,"Harus Closing pada tanggal 15 dibulan berikutnya (Final status SUSKES, RETURN Shipeer dan Missing) ",BANKING & INSURANCE,Harus Closing pada tanggal 15 dibulan berikutnya,Harus Closing pada tanggal 15 dibulan berikutnya,2022-04-14 00:00:00
11108309,PRUDENTIAL LIFE INSURANCE,PRUDENTIAL LIFE ASSURANCE,,Not Hold,Tidak ada masa Hold,"Harus Closing pada tanggal 15 dibulan berikutnya (Final status SUSKES, RETURN Shipeer dan Missing) ",BANKING & INSURANCE,Harus Closing pada tanggal 15 dibulan berikutnya,Harus Closing pada tanggal 15 dibulan berikutnya,2022-04-14 00:00:00
80032300,PRUDENTIAL LIFE ASSURANCE,PRUDENTIAL LIFE ASSURANCE,,Not Hold,Tidak ada masa Hold,"Harus Closing pada tanggal 15 dibulan berikutnya (Final status SUSKES, RETURN Shipeer dan Missing) ",BANKING & INSURANCE,Harus Closing pada tanggal 15 dibulan berikutnya,Harus Closing pada tanggal 15 dibulan berikutnya,2022-04-14 00:00:00
80032301,PRUDENTIAL LIFE ASSURANCE,PRUDENTIAL LIFE ASSURANCE,,Not Hold,Tidak ada masa Hold,"Harus Closing pada tanggal 15 dibulan berikutnya (Final status SUSKES, RETURN Shipeer dan Missing) ",BANKING & INSURANCE,Harus Closing pada tanggal 15 dibulan berikutnya,Harus Closing pada tanggal 15 dibulan berikutnya,2025-08-06 00:00:00
80032305,PRUDENTIAL LIFE ASSURANCE,PRUDENTIAL LIFE ASSURANCE,,Not Hold,Tidak ada masa Hold,"Harus Closing pada tanggal 15 dibulan berikutnya (Final status SUSKES, RETURN Shipeer dan Missing) ",BANKING & INSURANCE,Harus Closing pada tanggal 15 dibulan berikutnya,Harus Closing pada tanggal 15 dibulan berikutnya,2024-11-06 00:00:00
80032306,PRUDENTIAL LIFE ASSURANCE,PRUDENTIAL LIFE ASSURANCE,,Not Hold,Tidak ada masa Hold,"Harus Closing pada tanggal 15 dibulan berikutnya (Final status SUSKES, RETURN Shipeer dan Missing) ",BANKING & INSURANCE,Harus Closing pada tanggal 15 dibulan berikutnya,Harus Closing pada tanggal 15 dibulan berikutnya,2025-08-06 00:00:00
80032307,PRUDENTIAL LIFE ASSURANCE,PRUDENTIAL LIFE ASSURANCE,,Not Hold,Tidak ada masa Hold,"Harus Closing pada tanggal 15 dibulan berikutnya (Final status SUSKES, RETURN Shipeer dan Missing) ",BANKING & INSURANCE,Harus Closing pada tanggal 15 dibulan berikutnya,Harus Closing pada tanggal 15 dibulan berikutnya,2025-08-06 00:00:00
80032308,PRUDENTIAL LIFE ASSURANCE,PRUDENTIAL LIFE ASSURANCE,,Not Hold,Tidak ada masa Hold,"Harus Closing pada tanggal 15 dibulan berikutnya (Final status SUSKES, RETURN Shipeer dan Missing) ",BANKING & INSURANCE,Harus Closing pada tanggal 15 dibulan berikutnya,Harus Closing pada tanggal 15 dibulan berikutnya,2022-07-19 00:00:00
80032309,PRUDENTIAL LIFE ASSURANCE,PRUDENTIAL LIFE ASSURANCE,,Not Hold,Tidak ada masa Hold,"Harus Closing pada tanggal 15 dibulan berikutnya (Final status SUSKES, RETURN Shipeer dan Missing) ",BANKING & INSURANCE,Harus Closing pada tanggal 15 dibulan berikutnya,Harus Closing pada tanggal 15 dibulan berikutnya,2022-07-19 00:00:00
80032310,PRUDENTIAL LIFE ASSURANCE,PRUDENTIAL LIFE ASSURANCE,,Not Hold,Tidak ada masa Hold,"Harus Closing pada tanggal 15 dibulan berikutnya (Final status SUSKES, RETURN Shipeer dan Missing) ",BANKING & INSURANCE,Harus Closing pada tanggal 15 dibulan berikutnya,Harus Closing pada tanggal 15 dibulan berikutnya,2022-11-24 00:00:00
80674100,PRUDENTIAL LIFE ASSURANCE,PRUDENTIAL LIFE ASSURANCE,,Not Hold,Tidak ada masa Hold,"Harus Closing pada tanggal 15 dibulan berikutnya (Final status SUSKES, RETURN Shipeer dan Missing) ",BANKING & INSURANCE,Harus Closing pada tanggal 15 dibulan berikutnya,Harus Closing pada tanggal 15 dibulan berikutnya,2022-11-24 00:00:00
80674101,PRUDENTIAL LIFE ASSURANCE,PRUDENTIAL LIFE ASSURANCE,,Not Hold,Tidak ada masa Hold,"Harus Closing pada tanggal 15 dibulan berikutnya (Final status SUSKES, RETURN Shipeer dan Missing) ",BANKING & INSURANCE,Harus Closing pada tanggal 15 dibulan berikutnya,Harus Closing pada tanggal 15 dibulan berikutnya,2024-01-18 00:00:00
80674102,PRUDENTIAL LIFE ASSURANCE,PRUDENTIAL LIFE ASSURANCE,,Not Hold,Tidak ada masa Hold,"Harus Closing pada tanggal 15 dibulan berikutnya (Final status SUSKES, RETURN Shipeer dan Missing) ",BANKING & INSURANCE,Harus Closing pada tanggal 15 dibulan berikutnya,Harus Closing pada tanggal 15 dibulan berikutnya,2022-08-15 00:00:00
80674103,PRUDENTIAL LIFE ASSURANCE,PRUDENTIAL LIFE ASSURANCE,,Not Hold,Tidak ada masa Hold,"Harus Closing pada tanggal 15 dibulan berikutnya (Final status SUSKES, RETURN Shipeer dan Missing) ",BANKING & INSURANCE,Harus Closing pada tanggal 15 dibulan berikutnya,Harus Closing pada tanggal 15 dibulan berikutnya,2022-05-10 00:00:00
80674104,PRUDENTIAL LIFE ASSURANCE,PRUDENTIAL LIFE ASSURANCE,,Not Hold,Tidak ada masa Hold,"Harus Closing pada tanggal 15 dibulan berikutnya (Final status SUSKES, RETURN Shipeer dan Missing) ",BANKING & INSURANCE,Harus Closing pada tanggal 15 dibulan berikutnya,Harus Closing pada tanggal 15 dibulan berikutnya,2022-05-10 00:00:00
80674105,PRUDENTIAL LIFE ASSURANCE,PRUDENTIAL LIFE ASSURANCE,,Not Hold,Tidak ada masa Hold,"Harus Closing pada tanggal 15 dibulan berikutnya (Final status SUSKES, RETURN Shipeer dan Missing) ",BANKING & INSURANCE,Harus Closing pada tanggal 15 dibulan berikutnya,Harus Closing pada tanggal 15 dibulan berikutnya,-
80674106,PRUDENTIAL LIFE ASSURANCE,PRUDENTIAL LIFE ASSURANCE,,Not Hold,Tidak ada masa Hold,"Harus Closing pada tanggal 15 dibulan berikutnya (Final status SUSKES, RETURN Shipeer dan Missing) ",BANKING & INSURANCE,Harus Closing pada tanggal 15 dibulan berikutnya,Harus Closing pada tanggal 15 dibulan berikutnya,-
80674107,PRUDENTIAL LIFE ASSURANCE PT - PRESTIGE,PRUDENTIAL LIFE ASSURANCE,,Not Hold,Tidak ada masa Hold,"Harus Closing pada tanggal 15 dibulan berikutnya (Final status SUSKES, RETURN Shipeer dan Missing) ",BANKING & INSURANCE,Harus Closing pada tanggal 15 dibulan berikutnya,Harus Closing pada tanggal 15 dibulan berikutnya,2024-05-03 00:00:00
80770500,PRUDENTIAL LIFE INSURANCE CORPORATE BUSINESS,PRUDENTIAL LIFE ASSURANCE,,Not Hold,Tidak ada masa Hold,"Harus Closing pada tanggal 15 dibulan berikutnya (Final status SUSKES, RETURN Shipeer dan Missing) ",BANKING & INSURANCE,Harus Closing pada tanggal 15 dibulan berikutnya,Harus Closing pada tanggal 15 dibulan berikutnya,2024-05-03 00:00:00
80812301,PRUDENTIAL LIFE ASSURANCE,PRUDENTIAL LIFE ASSURANCE,,Not Hold,Tidak ada masa Hold,"Harus Closing pada tanggal 15 dibulan berikutnya (Final status SUSKES, RETURN Shipeer dan Missing) ",BANKING & INSURANCE,Harus Closing pada tanggal 15 dibulan berikutnya,Harus Closing pada tanggal 15 dibulan berikutnya,2024-05-03 00:00:00
80874300,PRUDENTIAL LIFE ASSURANCE,PRUDENTIAL LIFE ASSURANCE,,Not Hold,Tidak ada masa Hold,"Harus Closing pada tanggal 15 dibulan berikutnya (Final status SUSKES, RETURN Shipeer dan Missing) ",BANKING & INSURANCE,Harus Closing pada tanggal 15 dibulan berikutnya,Harus Closing pada tanggal 15 dibulan berikutnya,2024-05-03 00:00:00
80874301,PRUDENTIAL LIFE ASSURANCE,PRUDENTIAL LIFE ASSURANCE,,Not Hold,Tidak ada masa Hold,"Harus Closing pada tanggal 15 dibulan berikutnya (Final status SUSKES, RETURN Shipeer dan Missing) ",BANKING & INSURANCE,Harus Closing pada tanggal 15 dibulan berikutnya,Harus Closing pada tanggal 15 dibulan berikutnya,2024-05-03 00:00:00
10506200,PT ADIRA DINAMIKA MULTIFINANCE,PT ADIRA DINAMIKA MULTIFINANCE,-,-,-,-,CORPORATE KOE,-,-,2024-05-03 00:00:00
10930600,PT ASURANSI SINAR MAS MSIG CAB KUPANG ,PT ASURANSI SINAR MAS MSIG CAB KUPANG ,-,-,-,-,CORPORATE KOE,-,-,2024-05-03 00:00:00
10937700,PT BANK ARTHA GRAHA INTL CABANG KUPANG,PT BANK ARTHA GRAHA INTL CABANG KUPANG,-,-,-,-,CORPORATE KOE,-,-,2024-05-03 00:00:00
12006700,PT GEULIS BUSANA KREASINDO,PT GEULIS BUSANA KREASINDO,,Not Hold,Tidak ada masa Hold,Tidak ada Breach,E-COMMERCE,Tidak ada Breach,Tidak ada Breach,2024-05-03 00:00:00
81086300,PT GEULIS BUSANA KREASINDO,PT GEULIS BUSANA KREASINDO,,Not Hold,Tidak ada masa Hold,Tidak ada Breach,E-COMMERCE,Tidak ada Breach,Tidak ada Breach,2024-05-03 00:00:00
81086301,PT GEULIS BUSANA KREASINDO,PT GEULIS BUSANA KREASINDO,,Not Hold,Tidak ada masa Hold,Tidak ada Breach,E-COMMERCE,Tidak ada Breach,Tidak ada Breach,2022-05-10 00:00:00
80530200,PT IMMORTAL COSMEDIKA,PT IMMORTAL COSMEDIKA,,Not Hold,Tidak ada masa Hold,Tidak ada Breach,SOCIAL COMMERCE,Tidak ada Breach,Tidak ada Breach,-
10943100,PT INDACO DEPO KUPANG,PT INDACO DEPO KUPANG,-,-,-,-,CORPORATE KOE,-,-,-
81729900,PT INDOTAMA SENTOSA LESTARI,PT INDOTAMA SENTOSA LESTARI,,Not Hold,Tidak ada masa Hold,Tidak ada Breach,SOCIAL COMMERCE,Tidak ada Breach,Tidak ada Breach,2022-05-10 00:00:00
81729901,PT INDOTAMA SENTOSA LESTARI,PT INDOTAMA SENTOSA LESTARI,,Not Hold,Tidak ada masa Hold,Tidak ada Breach,SOCIAL COMMERCE,Tidak ada Breach,Tidak ada Breach,2022-05-21 00:00:00
81729902,PT INDOTAMA SENTOSA LESTARI,PT INDOTAMA SENTOSA LESTARI,,Not Hold,Tidak ada masa Hold,Tidak ada Breach,SOCIAL COMMERCE,Tidak ada Breach,Tidak ada Breach,2022-06-23 00:00:00
81729903,PT INDOTAMA SENTOSA LESTARI,PT INDOTAMA SENTOSA LESTARI,,Not Hold,Tidak ada masa Hold,Tidak ada Breach,SOCIAL COMMERCE,Tidak ada Breach,Tidak ada Breach,2022-07-19 00:00:00
10933700,PT JAYA DIDARAT SENTOSA,PT JAYA DIDARAT SENTOSA,-,-,-,-,CORPORATE KOE,-,-,2022-07-19 00:00:00
10003500,PT JAYA DIDARAT SENTOSA OPERASIONAL DIVISI,PT JAYA DIDARAT SENTOSA OPERASIONAL DIVISI,-,-,-,-,CORPORATE KOE,-,-,2022-07-19 00:00:00
10005700,PT JAYA DIDARAT SENTOSA OPERASIONAL DIVISI,PT JAYA DIDARAT SENTOSA OPERASIONAL DIVISI,-,-,-,-,CORPORATE KOE,-,-,2022-07-19 00:00:00
12042400,PT LARIS MANIS UTAMA,PT LARIS MANIS UTAMA,-,-,-,-,CORPORATE KOE,-,-,2022-07-19 00:00:00
10003100,PT LINTAS BUANA JAYA (SILOAM HOSPITALS ) FMGA DIVISI,PT LINTAS BUANA JAYA (SILOAM HOSPITALS ) FMGA DIVISI,-,-,-,-,CORPORATE KOE,-,-,2022-07-19 00:00:00
10005900,PT LINTAS BUANA JAYA (SILOAM HOSPITALS ) FMGA DIVISI,PT LINTAS BUANA JAYA (SILOAM HOSPITALS ) FMGA DIVISI,-,-,-,-,CORPORATE KOE,-,-,2022-07-19 00:00:00
10943400,PT MAXINDO JAYA PERKASA,PT MAXINDO JAYA PERKASA,-,-,-,-,CORPORATE KOE,-,-,2022-07-19 00:00:00
20108602,PT MENSA MEDIKA INVESTAMA / HALODOC,PT MENSA MEDIKA INVESTAMA / HALODOC,,Not Hold,Tidak ada masa Hold,Tidak ada Breach,PRODUCT,Tidak ada Breach,Tidak ada Breach,2022-07-19 00:00:00
20108603,PT MENSA MEDIKA INVESTAMA / HALODOC,PT MENSA MEDIKA INVESTAMA / HALODOC,,Not Hold,Tidak ada masa Hold,Tidak ada Breach,PRODUCT,Tidak ada Breach,Tidak ada Breach,2022-07-19 00:00:00
20110200,PT MENSA MEDIKA INVESTAMA / HALODOC,PT MENSA MEDIKA INVESTAMA / HALODOC,,Not Hold,Tidak ada masa Hold,Tidak ada Breach,PRODUCT,Tidak ada Breach,Tidak ada Breach,2022-07-19 00:00:00
81718800,PT MENSA MEDIKA INVESTAMA / HALODOC,PT MENSA MEDIKA INVESTAMA / HALODOC,,Not Hold,Tidak ada masa Hold,Tidak ada Breach,PRODUCT,Tidak ada Breach,Tidak ada Breach,2022-07-19 00:00:00
81718801,PT MENSA MEDIKA INVESTAMA / HALODOC,PT MENSA MEDIKA INVESTAMA / HALODOC,,Not Hold,Tidak ada masa Hold,Tidak ada Breach,PRODUCT,Tidak ada Breach,Tidak ada Breach,2022-07-19 00:00:00
10503600,PT MITRA INTERTRANS FORWARDING,PT MITRA INTERTRANS FORWARDING,-,-,-,-,CORPORATE KOE,-,-,2022-07-19 00:00:00
10909500,PT NUTRIFOOD INDONESIA CAB. KUPANG,PT NUTRIFOOD INDONESIA CAB. KUPANG,-,-,-,-,CORPORATE KOE,-,-,2022-07-19 00:00:00
10932700,PT PRIMA PRATAMA CITRA,PT PRIMA PRATAMA CITRA,-,-,-,-,CORPORATE KOE,-,-,2022-07-19 00:00:00
10003200,PT PRIMA PRATAMA CITRA,PT PRIMA PRATAMA CITRA,-,-,-,-,CORPORATE KOE,-,-,2022-07-19 00:00:00
81074500,PT SAMSUNG ELECTRONICS INDONESIA  ,PT SAMSUNG ELECTRONICS INDONESIA  ,,Not Hold,Tidak ada masa Hold,Tidak ada Breach,PRODUCT,Tidak ada Breach,Tidak ada Breach,2022-07-19 00:00:00
81074501,PT SAMSUNG ELECTRONICS INDONESIA  ,PT SAMSUNG ELECTRONICS INDONESIA  ,,Not Hold,Tidak ada masa Hold,Tidak ada Breach,PRODUCT,Tidak ada Breach,Tidak ada Breach,2022-07-19 00:00:00
10942100,PT SINAR MAS PELANGI,PT SINAR MAS PELANGI,-,-,-,-,CORPORATE KOE,-,-,2022-07-19 00:00:00
10931300,PT TASPEN CABANG KUPANG,PT TASPEN CABANG KUPANG,-,-,-,-,CORPORATE KOE,-,-,2022-07-19 00:00:00
10912100,PT. ACE HARDWARE LIPPO PLAZA KUPANG,PT. ACE HARDWARE LIPPO PLAZA KUPANG,-,-,-,-,CORPORATE KOE,-,-,2022-07-19 00:00:00
80877600,PT. AGRES INFO TEKNOLOGI,PT. AGRES INFO TEKNOLOGI,,Not Hold,Tidak ada masa Hold,Tidak ada Breach,OFFICIAL STORE ,Tidak ada Breach,Tidak ada Breach,2022-07-19 00:00:00
11869700,PT. AKSI VISITAMA (TADA),PT. AKSI VISITAMA (TADA),,Not Hold,Tidak ada masa Hold,Tidak ada Breach,PRODUCT,Tidak ada Breach,Tidak ada Breach,2022-07-19 00:00:00
80796600,PT. AKSI VISITAMA (TADA),PT. AKSI VISITAMA (TADA),,Not Hold,Tidak ada masa Hold,Tidak ada Breach,PRODUCT,Tidak ada Breach,Tidak ada Breach,2022-07-19 00:00:00
80540000,PT. AKULAKU SILVRR INDONESIA,PT. AKULAKU SILVRR INDONESIA,,Not Hold,Tidak ada masa Hold,Tidak ada Breach,3PL & LOGISTIC,Tidak ada Breach,Tidak ada Breach,2022-07-19 00:00:00
80540001,PT. AKULAKU SILVRR INDONESIA,PT. AKULAKU SILVRR INDONESIA,,Not Hold,Tidak ada masa Hold,Tidak ada Breach,3PL & LOGISTIC,Tidak ada Breach,Tidak ada Breach,2022-07-19 00:00:00
80540002,PT. AKULAKU SILVRR INDONESIA,PT. AKULAKU SILVRR INDONESIA,,Not Hold,Tidak ada masa Hold,Tidak ada Breach,3PL & LOGISTIC,Tidak ada Breach,Tidak ada Breach,2022-07-19 00:00:00
80540003,PT. AKULAKU SILVRR INDONESIA,PT. AKULAKU SILVRR INDONESIA,,Not Hold,Tidak ada masa Hold,Tidak ada Breach,3PL & LOGISTIC,Tidak ada Breach,Tidak ada Breach,2022-07-19 00:00:00
80540004,PT. AKULAKU SILVRR INDONESIA,PT. AKULAKU SILVRR INDONESIA,,Not Hold,Tidak ada masa Hold,Tidak ada Breach,3PL & LOGISTIC,Tidak ada Breach,Tidak ada Breach,2022-07-19 00:00:00
81578300,PT. AKULAKU SILVRR INDONESIA,PT. AKULAKU SILVRR INDONESIA,,Not Hold,Tidak ada masa Hold,Tidak ada Breach,3PL & LOGISTIC,Tidak ada Breach,Tidak ada Breach,2022-07-19 00:00:00
81739000,PT. AKULAKU SILVRR INDONESIA,PT. AKULAKU SILVRR INDONESIA,,Not Hold,Tidak ada masa Hold,Tidak ada Breach,3PL & LOGISTIC,Tidak ada Breach,Tidak ada Breach,2022-07-19 00:00:00
82063000,SOLUSI DIGITAL ABADI PT,PT. AKULAKU SILVRR INDONESIA,,Not Hold,Tidak ada masa Hold,Tidak ada Breach,3PL & LOGISTIC,Tidak ada Breach,Tidak ada Breach,2022-07-19 00:00:00
10931100,PT. ANEKA DAYA PRIMA,PT. ANEKA DAYA PRIMA,-,-,-,-,CORPORATE KOE,-,-,2022-07-19 00:00:00
10915700,PT. ANGGIA DANISWARA PERKASA,PT. ANGGIA DANISWARA PERKASA,-,-,-,-,CORPORATE KOE,-,-,2022-07-19 00:00:00
10504500,PT. ANGKAS PURA LOGISTIK (DOKUMEN)/(VAKSIN),PT. ANGKAS PURA LOGISTIK (DOKUMEN)/(VAKSIN),-,-,-,-,CORPORATE KOE,-,-,2022-07-19 00:00:00
10919600,PT. ASIA PARAMITA INDAH,PT. ASIA PARAMITA INDAH,-,-,-,-,CORPORATE KOE,-,-,2022-07-19 00:00:00
10924400,PT. ASKRINDO,PT. ASKRINDO,-,-,-,-,CORPORATE KOE,-,-,2022-07-19 00:00:00
10912200,PT. ASURANSI CENTRAL ASIA CAB. KUPANG,PT. ASURANSI CENTRAL ASIA CAB. KUPANG,-,-,-,-,CORPORATE KOE,-,-,2022-07-19 00:00:00
80794400,PT. ASURANSI JIWA BCA / BCA LIFE,PT. ASURANSI JIWA BCA / BCA LIFE,,Not Hold,Tidak ada masa Hold,Tidak ada Breach,BANKING & INSURANCE,Tidak ada Breach,Tidak ada Breach,2022-07-19 00:00:00
81658600,PT. ASURANSI JIWA BCA / BCA LIFE,PT. ASURANSI JIWA BCA / BCA LIFE,,Not Hold,Tidak ada masa Hold,Tidak ada Breach,BANKING & INSURANCE,Tidak ada Breach,Tidak ada Breach,2022-07-19 00:00:00
10915500,PT. ASURANSI JIWA INHEALTH INDONESIA,PT. ASURANSI JIWA INHEALTH INDONESIA,-,-,-,-,CORPORATE KOE,-,-,2022-07-19 00:00:00
12041400,PT. ASURANSI JIWA TASPEN,PT. ASURANSI JIWA TASPEN,-,-,-,-,CORPORATE KOE,-,-,2022-07-19 00:00:00
10917900,PT. ATLAS BAHAGIA MANDIRI,PT. ATLAS BAHAGIA MANDIRI,-,-,-,-,CORPORATE KOE,-,-,2022-07-19 00:00:00
10916600,PT. AUTO INDO UTAMA,PT. AUTO INDO UTAMA,-,-,-,-,CORPORATE KOE,-,-,2022-07-19 00:00:00
10503100,PT. BANK BUKOPIN,PT. BANK BUKOPIN,-,-,-,-,CORPORATE KOE,-,-,2022-07-19 00:00:00
10503900,"PT. BANK MUAMALAT INDONESIA, TBK","PT. BANK MUAMALAT INDONESIA, TBK",-,-,-,-,CORPORATE KOE,-,-,2022-07-19 00:00:00
10916400,PT. BANK NATIONAL NOBU,PT. BANK NATIONAL NOBU,-,-,-,-,CORPORATE KOE,-,-,2022-07-19 00:00:00
10909400,"PT. BANK OCBC NISP, TBK","PT. BANK OCBC NISP, TBK",-,-,-,-,CORPORATE KOE,-,-,2022-07-19 00:00:00
10504200,PT. BANK SYARIAH MANDIRI,PT. BANK SYARIAH MANDIRI,-,-,-,-,CORPORATE KOE,-,-,2022-07-19 00:00:00
10502400,PT. BATUTUA TEMBAGA RAYA,PT. BATUTUA TEMBAGA RAYA,-,-,-,-,CORPORATE KOE,-,-,2022-07-19 00:00:00
80809400,PT. BENING'S PRATAMA GROUP,PT. BENING'S PRATAMA GROUP,,Not Hold,Tidak ada masa Hold,Tidak ada Breach,PRODUCT,Tidak ada Breach,Tidak ada Breach,2022-07-19 00:00:00
80809401,PT. BENING'S PRATAMA GROUP,PT. BENING'S PRATAMA GROUP,,Not Hold,Tidak ada masa Hold,Tidak ada Breach,PRODUCT,Tidak ada Breach,Tidak ada Breach,2022-07-19 00:00:00
80809402,BENING'S PRATAMA GROUP,PT. BENING'S PRATAMA GROUP,,Not Hold,Tidak ada masa Hold,Tidak ada Breach,PRODUCT,Tidak ada Breach,Tidak ada Breach,2022-07-19 00:00:00
10500800,PT. BIAR MANDIRI TRANSPORT,PT. BIAR MANDIRI TRANSPORT,-,-,-,-,CORPORATE KOE,-,-,2022-07-19 00:00:00
10503400,PT. BINASENTRA PURNA,PT. BINASENTRA PURNA,-,-,-,-,CORPORATE KOE,-,-,2022-07-19 00:00:00
10924700,PT. BUSSAN AUTO FINANCE,PT. BUSSAN AUTO FINANCE,-,-,-,-,CORPORATE KOE,-,-,2022-07-19 00:00:00
10920700,PT. CANTAS,PT. CANTAS,-,-,-,-,CORPORATE KOE,-,-,2022-07-19 00:00:00
82178300,PT. CHANDRA ADI SENTOSA,PT. CHANDRA ADI SENTOSA,,Not Hold,Tidak ada masa Hold,Tidak ada Breach,3PL & LOGISTIC,Tidak ada Breach,Tidak ada Breach,2022-07-19 00:00:00
10919900,PT. CIPTA MULTI NIAGA SEMESTA,PT. CIPTA MULTI NIAGA SEMESTA,-,-,-,-,CORPORATE KOE,-,-,2022-07-19 00:00:00
10910900,PT. CIPTALAKU LESTARI,PT. CIPTALAKU LESTARI,-,-,-,-,CORPORATE KOE,-,-,2022-07-19 00:00:00
81579500,PT. ELECTROLUX INDONESIA,PT. ELECTROLUX INDONESIA,,Not Hold,Tidak ada masa Hold,Tidak ada Breach,PRODUCT,Tidak ada Breach,Tidak ada Breach,2022-07-19 00:00:00
81579501,ELECTROLUX INDONESIA,PT. ELECTROLUX INDONESIA,,Not Hold,Tidak ada masa Hold,Tidak ada Breach,PRODUCT,Tidak ada Breach,Tidak ada Breach,2022-07-19 00:00:00
10500200,PT. FIF GROUP CABANG KUPANG,PT. FIF GROUP CABANG KUPANG,-,-,-,-,CORPORATE KOE,-,-,2022-07-19 00:00:00
10922800,PT. FLEUE BLEUR INDONESIA,PT. FLEUE BLEUR INDONESIA,-,-,-,-,CORPORATE KOE,-,-,2022-06-23 00:00:00
10927900,PT. FOKUS INTI NUGRAHA,PT. FOKUS INTI NUGRAHA,-,-,-,-,CORPORATE KOE,-,-,2022-06-23 00:00:00
10911800,PT. FORISA NUSAPERSADA ,PT. FORISA NUSAPERSADA ,-,-,-,-,CORPORATE KOE,-,-,2022-06-23 00:00:00
10917500,PT. GAVIR MEGA PEERKASA(TODODO),PT. GAVIR MEGA PEERKASA(TODODO),-,-,-,-,CORPORATE KOE,-,-,2022-06-23 00:00:00
10925300,PT. HEXINDO ADIPERKASA TBK,PT. HEXINDO ADIPERKASA TBK,-,-,-,-,CORPORATE KOE,-,-,2022-09-21 00:00:00
80995600,PT. IDEXPRESS LOGISTIK INDONESIA,PT. IDEXPRESS LOGISTIK INDONESIA,,Not Hold,Tidak ada masa Hold,14 Hari setelah last attempt,3PL & LOGISTIC,14 Hari setelah last attempt,14 Hari setelah last attempt,2022-08-15 00:00:00
80995601,PT. IDEXPRESS LOGISTIK INDONESIA,PT. IDEXPRESS LOGISTIK INDONESIA,,Not Hold,Tidak ada masa Hold,14 Hari setelah last attempt,3PL & LOGISTIC,14 Hari setelah last attempt,14 Hari setelah last attempt,2022-07-19 00:00:00
80995602,PT. IDEXPRESS LOGISTIK INDONESIA,PT. IDEXPRESS LOGISTIK INDONESIA,,Not Hold,Tidak ada masa Hold,14 Hari setelah last attempt,3PL & LOGISTIC,14 Hari setelah last attempt,14 Hari setelah last attempt,2022-07-19 00:00:00
80995603,PT. IDEXPRESS LOGISTIK INDONESIA,PT. IDEXPRESS LOGISTIK INDONESIA,,Not Hold,Tidak ada masa Hold,14 Hari setelah last attempt,3PL & LOGISTIC,14 Hari setelah last attempt,14 Hari setelah last attempt,2022-07-19 00:00:00
80995604,PT. IDEXPRESS LOGISTIK INDONESIA,PT. IDEXPRESS LOGISTIK INDONESIA,,Not Hold,Tidak ada masa Hold,14 Hari setelah last attempt,3PL & LOGISTIC,14 Hari setelah last attempt,14 Hari setelah last attempt,2022-07-19 00:00:00
80995605,PT. IDEXPRESS LOGISTIK INDONESIA,PT. IDEXPRESS LOGISTIK INDONESIA,,Not Hold,Tidak ada masa Hold,14 Hari setelah last attempt,3PL & LOGISTIC,14 Hari setelah last attempt,14 Hari setelah last attempt,2025-04-21 00:00:00
10915400,PT. IVARO VENTURA,PT. IVARO VENTURA,-,-,-,-,CORPORATE KOE,-,-,2022-07-19 00:00:00
10926400,PT. KIMIA FARMA TRADING & DISTRIBUTION (VAKSIN),PT. KIMIA FARMA TRADING & DISTRIBUTION (VAKSIN),-,-,-,-,CORPORATE KOE,-,-,2022-07-19 00:00:00
10924800,PT. KRESNA SEKURITAS,PT. KRESNA SEKURITAS,-,-,-,-,CORPORATE KOE,-,-,2022-07-19 00:00:00
11871200,PT. LAKU EMAS INDONESIA,PT. LAKU EMAS INDONESIA,,Not Hold,Tidak ada masa Hold,Tidak ada Breach,PRODUCT,Tidak ada Breach,Tidak ada Breach,2025-04-21 00:00:00
10930900,PT. LONG TENG INDONESIA ( VIVO SUMBA ),PT. LONG TENG INDONESIA ( VIVO SUMBA ),-,-,-,-,CORPORATE KOE,-,-,2022-07-19 00:00:00
10926200,PT. LONG YIN TEKNOLOGI INFORMASI ,PT. LONG YIN TEKNOLOGI INFORMASI ,-,-,-,-,CORPORATE KOE,-,-,2022-07-19 00:00:00
10931700,PT. MANDIRI TASPEN,PT. MANDIRI TASPEN,-,-,-,-,CORPORATE KOE,-,-,2022-07-19 00:00:00
10921500,PT. MERATUS LINE,PT. MERATUS LINE,-,-,-,-,CORPORATE KOE,-,-,2025-04-21 00:00:00
10928100,PT. MITRA BAHARI LOGISTINDO ATAMBUA,PT. MITRA BAHARI LOGISTINDO ATAMBUA,-,-,-,-,CORPORATE KOE,-,-,2022-07-19 00:00:00
10912700,PT. MULTI NIAGA JAYA ABADI,PT. MULTI NIAGA JAYA ABADI,-,-,-,-,CORPORATE KOE,-,-,2022-07-19 00:00:00
10917200,PT. NAMSURYA CITRASARI LINES,PT. NAMSURYA CITRASARI LINES,-,-,-,-,CORPORATE KOE,-,-,2022-07-19 00:00:00
10910600,PT. OTTO,PT. OTTO,-,-,-,-,CORPORATE KOE,-,-,2025-04-21 00:00:00
10930300,PT. PELNI CABANG KUPANG,PT. PELNI CABANG KUPANG,-,-,-,-,CORPORATE KOE,-,-,2022-07-19 00:00:00
10915000,PT. PERFETTI VAN MELLE INDONESIA,PT. PERFETTI VAN MELLE INDONESIA,-,-,-,-,CORPORATE KOE,-,-,2022-07-19 00:00:00
10926600,PT. PERTAMINA CAB. ATAPUPU,PT. PERTAMINA CAB. ATAPUPU,-,-,-,-,CORPORATE KOE,-,-,2022-07-19 00:00:00
10507700,PT. PJB SERVICES,PT. PJB SERVICES,-,-,-,-,CORPORATE KOE,-,-,2025-04-21 00:00:00
10909900,PT. PRIMA PARAMA MOBILINDO,PT. PRIMA PARAMA MOBILINDO,-,-,-,-,CORPORATE KOE,-,-,2022-07-19 00:00:00
10909800,PT. PRIMA PUTRA ADIWAHANA,PT. PRIMA PUTRA ADIWAHANA,-,-,-,-,CORPORATE KOE,-,-,2022-07-19 00:00:00
10910800,PT. PRUDENTIAL (INDRA HIDAYAT),PT. PRUDENTIAL (INDRA HIDAYAT),-,-,-,-,CORPORATE KOE,-,-,2022-07-19 00:00:00
10914400,PT. PRUDENTIAL LIFE ASSURANCE,PT. PRUDENTIAL LIFE ASSURANCE,-,-,-,-,CORPORATE KOE,-,-,2022-07-19 00:00:00
10506000,PT. RAJAWALI PUTERA MARITIM,PT. RAJAWALI PUTERA MARITIM,-,-,-,-,CORPORATE KOE,-,-,2022-07-19 00:00:00
10500900,PT. RAMAYANA LESTARI SENTOSA,PT. RAMAYANA LESTARI SENTOSA,-,-,-,-,CORPORATE KOE,-,-,2022-07-19 00:00:00
11994200,PT. RODAMAS GROUP,PT. RODAMAS GROUP,,Not Hold,Tidak ada masa Hold,Tidak ada Breach,PRODUCT,Tidak ada Breach,Tidak ada Breach,2022-07-19 00:00:00
11994201,PT. RODAMAS GROUP,PT. RODAMAS GROUP,,Not Hold,Tidak ada masa Hold,Tidak ada Breach,PRODUCT,Tidak ada Breach,Tidak ada Breach,2022-07-19 00:00:00
11994400,PT. RODAMAS GROUP,PT. RODAMAS GROUP,,Not Hold,Tidak ada masa Hold,Tidak ada Breach,PRODUCT,Tidak ada Breach,Tidak ada Breach,2022-07-19 00:00:00
11994401,PT. RODAMAS GROUP,PT. RODAMAS GROUP,,Not Hold,Tidak ada masa Hold,Tidak ada Breach,PRODUCT,Tidak ada Breach,Tidak ada Breach,2022-07-19 00:00:00
11994402,PT. RODAMAS GROUP,PT. RODAMAS GROUP,,Not Hold,Tidak ada masa Hold,Tidak ada Breach,PRODUCT,Tidak ada Breach,Tidak ada Breach,2022-07-19 00:00:00
11995200,PT. RODAMAS GROUP,PT. RODAMAS GROUP,,Not Hold,Tidak ada masa Hold,Tidak ada Breach,PRODUCT,Tidak ada Breach,Tidak ada Breach,2022-07-19 00:00:00
11995201,PT. RODAMAS GROUP,PT. RODAMAS GROUP,,Not Hold,Tidak ada masa Hold,Tidak ada Breach,PRODUCT,Tidak ada Breach,Tidak ada Breach,2022-07-19 00:00:00
11995202,PT. RODAMAS GROUP,PT. RODAMAS GROUP,,Not Hold,Tidak ada masa Hold,Tidak ada Breach,PRODUCT,Tidak ada Breach,Tidak ada Breach,2025-08-06 00:00:00
11995203,PT. RODAMAS GROUP,PT. RODAMAS GROUP,,Not Hold,Tidak ada masa Hold,Tidak ada Breach,PRODUCT,Tidak ada Breach,Tidak ada Breach,2025-08-06 00:00:00
11997400,PT. RODAMAS GROUP,PT. RODAMAS GROUP,,Not Hold,Tidak ada masa Hold,Tidak ada Breach,PRODUCT,Tidak ada Breach,Tidak ada Breach,2022-11-24 00:00:00
11997401,PT. RODAMAS GROUP,PT. RODAMAS GROUP,,Not Hold,Tidak ada masa Hold,Tidak ada Breach,PRODUCT,Tidak ada Breach,Tidak ada Breach,2022-11-24 00:00:00
11997402,PT. RODAMAS GROUP,PT. RODAMAS GROUP,,Not Hold,Tidak ada masa Hold,Tidak ada Breach,PRODUCT,Tidak ada Breach,Tidak ada Breach,2022-11-24 00:00:00
11997500,PT. RODAMAS GROUP,PT. RODAMAS GROUP,,Not Hold,Tidak ada masa Hold,Tidak ada Breach,PRODUCT,Tidak ada Breach,Tidak ada Breach,2022-12-23 00:00:00
11997501,PT. RODAMAS GROUP,PT. RODAMAS GROUP,,Not Hold,Tidak ada masa Hold,Tidak ada Breach,PRODUCT,Tidak ada Breach,Tidak ada Breach,2022-12-23 00:00:00
11997502,PT. RODAMAS GROUP,PT. RODAMAS GROUP,,Not Hold,Tidak ada masa Hold,Tidak ada Breach,PRODUCT,Tidak ada Breach,Tidak ada Breach,2022-12-23 00:00:00
11997600,PT. RODAMAS GROUP,PT. RODAMAS GROUP,,Not Hold,Tidak ada masa Hold,Tidak ada Breach,PRODUCT,Tidak ada Breach,Tidak ada Breach,2022-12-23 00:00:00
11997601,PT. RODAMAS GROUP,PT. RODAMAS GROUP,,Not Hold,Tidak ada masa Hold,Tidak ada Breach,PRODUCT,Tidak ada Breach,Tidak ada Breach,2023-02-03 00:00:00
11997602,PT. RODAMAS GROUP,PT. RODAMAS GROUP,,Not Hold,Tidak ada masa Hold,Tidak ada Breach,PRODUCT,Tidak ada Breach,Tidak ada Breach,2023-02-03 00:00:00
12000800,PT. RODAMAS GROUP,PT. RODAMAS GROUP,,Not Hold,Tidak ada masa Hold,Tidak ada Breach,PRODUCT,Tidak ada Breach,Tidak ada Breach,2023-03-10 00:00:00
12000801,PT. RODAMAS GROUP,PT. RODAMAS GROUP,,Not Hold,Tidak ada masa Hold,Tidak ada Breach,PRODUCT,Tidak ada Breach,Tidak ada Breach,2023-03-10 00:00:00
12000802,PT. RODAMAS GROUP,PT. RODAMAS GROUP,,Not Hold,Tidak ada masa Hold,Tidak ada Breach,PRODUCT,Tidak ada Breach,Tidak ada Breach,2023-03-10 00:00:00
12010400,PT. RODAMAS GROUP,PT. RODAMAS GROUP,,Not Hold,Tidak ada masa Hold,Tidak ada Breach,PRODUCT,Tidak ada Breach,Tidak ada Breach,2023-03-10 00:00:00
12010401,PT. RODAMAS GROUP,PT. RODAMAS GROUP,,Not Hold,Tidak ada masa Hold,Tidak ada Breach,PRODUCT,Tidak ada Breach,Tidak ada Breach,2023-09-12 00:00:00
12010402,PT. RODAMAS GROUP,PT. RODAMAS GROUP,,Not Hold,Tidak ada masa Hold,Tidak ada Breach,PRODUCT,Tidak ada Breach,Tidak ada Breach,2024-07-08 00:00:00
12010500,PT. RODAMAS GROUP,PT. RODAMAS GROUP,,Not Hold,Tidak ada masa Hold,Tidak ada Breach,PRODUCT,Tidak ada Breach,Tidak ada Breach,2025-04-21 00:00:00
12010501,PT. RODAMAS GROUP,PT. RODAMAS GROUP,,Not Hold,Tidak ada masa Hold,Tidak ada Breach,PRODUCT,Tidak ada Breach,Tidak ada Breach,2023-02-03 00:00:00
12010502,PT. RODAMAS GROUP,PT. RODAMAS GROUP,,Not Hold,Tidak ada masa Hold,Tidak ada Breach,PRODUCT,Tidak ada Breach,Tidak ada Breach,2022-12-23 00:00:00
12010600,PT. RODAMAS GROUP,PT. RODAMAS GROUP,,Not Hold,Tidak ada masa Hold,Tidak ada Breach,PRODUCT,Tidak ada Breach,Tidak ada Breach,2022-12-23 00:00:00
12010604,PT. RODAMAS GROUP,PT. RODAMAS GROUP,,Not Hold,Tidak ada masa Hold,Tidak ada Breach,PRODUCT,Tidak ada Breach,Tidak ada Breach,2022-12-23 00:00:00
12010605,PT. RODAMAS GROUP,PT. RODAMAS GROUP,,Not Hold,Tidak ada masa Hold,Tidak ada Breach,PRODUCT,Tidak ada Breach,Tidak ada Breach,2025-04-21 00:00:00
12010700,PT. RODAMAS GROUP,PT. RODAMAS GROUP,,Not Hold,Tidak ada masa Hold,Tidak ada Breach,PRODUCT,Tidak ada Breach,Tidak ada Breach,2025-04-21 00:00:00
12010704,PT. RODAMAS GROUP,PT. RODAMAS GROUP,,Not Hold,Tidak ada masa Hold,Tidak ada Breach,PRODUCT,Tidak ada Breach,Tidak ada Breach,2025-04-21 00:00:00
12010705,PT. RODAMAS GROUP,PT. RODAMAS GROUP,,Not Hold,Tidak ada masa Hold,Tidak ada Breach,PRODUCT,Tidak ada Breach,Tidak ada Breach,2025-04-21 00:00:00
12032900,PT. RODAMAS GROUP,PT. RODAMAS GROUP,,Not Hold,Tidak ada masa Hold,Tidak ada Breach,PRODUCT,Tidak ada Breach,Tidak ada Breach,2022-12-23 00:00:00
12032901,PT. RODAMAS GROUP,PT. RODAMAS GROUP,,Not Hold,Tidak ada masa Hold,Tidak ada Breach,PRODUCT,Tidak ada Breach,Tidak ada Breach,2022-12-23 00:00:00
12032902,PT. RODAMAS GROUP,PT. RODAMAS GROUP,,Not Hold,Tidak ada masa Hold,Tidak ada Breach,PRODUCT,Tidak ada Breach,Tidak ada Breach,2023-02-03 00:00:00
81026500,PT. RODAMAS GROUP,PT. RODAMAS GROUP,,Not Hold,Tidak ada masa Hold,Tidak ada Breach,PRODUCT,Tidak ada Breach,Tidak ada Breach,2023-02-03 00:00:00
81026501,PT. RODAMAS GROUP,PT. RODAMAS GROUP,,Not Hold,Tidak ada masa Hold,Tidak ada Breach,PRODUCT,Tidak ada Breach,Tidak ada Breach,2022-12-23 00:00:00
81026502,PT. RODAMAS GROUP,PT. RODAMAS GROUP,,Not Hold,Tidak ada masa Hold,Tidak ada Breach,PRODUCT,Tidak ada Breach,Tidak ada Breach,2023-11-28 00:00:00
81026503,PT. RODAMAS GROUP,PT. RODAMAS GROUP,,Not Hold,Tidak ada masa Hold,Tidak ada Breach,PRODUCT,Tidak ada Breach,Tidak ada Breach,2025-04-21 00:00:00
81026504,PT. RODAMAS GROUP,PT. RODAMAS GROUP,,Not Hold,Tidak ada masa Hold,Tidak ada Breach,PRODUCT,Tidak ada Breach,Tidak ada Breach,2025-04-21 00:00:00
81026505,PT. RODAMAS GROUP,PT. RODAMAS GROUP,,Not Hold,Tidak ada masa Hold,Tidak ada Breach,PRODUCT,Tidak ada Breach,Tidak ada Breach,2025-04-21 00:00:00
81026506,PT. RODAMAS GROUP,PT. RODAMAS GROUP,,Not Hold,Tidak ada masa Hold,Tidak ada Breach,PRODUCT,Tidak ada Breach,Tidak ada Breach,2025-04-21 00:00:00
81522700,PT. RODAMAS GROUP,PT. RODAMAS GROUP,,Not Hold,Tidak ada masa Hold,Tidak ada Breach,PRODUCT,Tidak ada Breach,Tidak ada Breach,2025-04-21 00:00:00
81531500,PT. RODAMAS GROUP,PT. RODAMAS GROUP,,Not Hold,Tidak ada masa Hold,Tidak ada Breach,PRODUCT,Tidak ada Breach,Tidak ada Breach,2025-04-21 00:00:00
10501800,PT. SAMPOERNA TBK (DOC),PT. SAMPOERNA TBK (DOC),-,-,-,-,CORPORATE KOE,-,-,2025-04-21 00:00:00
10914900,PT. SANBE FARMA OBAT (LUKAS OKKY HARTANTO),PT. SANBE FARMA OBAT (LUKAS OKKY HARTANTO),-,-,-,-,CORPORATE KOE,-,-,2025-04-21 00:00:00
10910500,PT. SANBE FARMA OBAT (YEHEZKIEL B. HOLBALA),PT. SANBE FARMA OBAT (YEHEZKIEL B. HOLBALA),-,-,-,-,CORPORATE KOE,-,-,2024-07-08 00:00:00
10921000,PT. SANGHIANG PERKASA,PT. SANGHIANG PERKASA,-,-,-,-,CORPORATE KOE,-,-,2024-07-08 00:00:00
10910300,PT. SARANA AGRA GEMILANG,PT. SARANA AGRA GEMILANG,-,-,-,-,CORPORATE KOE,-,-,2023-02-03 00:00:00
10912500,PT. SCG READYMIX INDONESIA,PT. SCG READYMIX INDONESIA,-,-,-,-,CORPORATE KOE,-,-,2024-07-08 00:00:00
10930800,PT. SIKLAM MAJU MANDIRI ,PT. SIKLAM MAJU MANDIRI ,-,-,-,-,CORPORATE KOE,-,-,2024-07-08 00:00:00
10915800,PT. SINAR INDO PRATAMA,PT. SINAR INDO PRATAMA,-,-,-,-,CORPORATE KOE,-,-,2024-07-08 00:00:00
10504300,PT. SINAR MITRA SEPADAN FINANCE (SMS FINANCE),PT. SINAR MITRA SEPADAN FINANCE (SMS FINANCE),-,-,-,-,CORPORATE KOE,-,-,2024-07-08 00:00:00
10913200,PT. SULUNGBUDI,PT. SULUNGBUDI,-,-,-,-,CORPORATE KOE,-,-,2024-11-06 00:00:00
10917600,PT. SUMBER CITA MULTINIAGA (PT. DJARUM),PT. SUMBER CITA MULTINIAGA (PT. DJARUM),-,-,-,-,CORPORATE KOE,-,-,2024-11-06 00:00:00
10507900,PT. SURYA KERBAUMAS PERKASA,PT. SURYA KERBAUMAS PERKASA,-,-,-,-,CORPORATE KOE,-,-,2024-11-06 00:00:00
10508000,PT. SURYA MADISTRINDO,PT. SURYA MADISTRINDO,-,-,-,-,CORPORATE KOE,-,-,2024-11-06 00:00:00
10915200,PT. SWADHARMA SARANA INFORMATIKA,PT. SWADHARMA SARANA INFORMATIKA,-,-,-,-,CORPORATE KOE,-,-,2024-11-06 00:00:00
81540600,PT. TIKI,PT. TIKI,,Not Hold,Tidak ada masa Hold,30 hari based on entry,3PL & LOGISTIC,30,30,2024-11-06 00:00:00
81577300,PT. TIKI,PT. TIKI,,Not Hold,Tidak ada masa Hold,30 hari based on entry,3PL & LOGISTIC,30,30,2024-11-06 00:00:00
81577301,PT. TIKI,PT. TIKI,,Not Hold,Tidak ada masa Hold,30 hari based on entry,3PL & LOGISTIC,30,30,2024-11-06 00:00:00
10915300,PT. TIMOR BARUTEK,PT. TIMOR BARUTEK,-,-,-,-,CORPORATE KOE,-,-,2024-11-06 00:00:00
10910100,PT. TIMOR MEDIA GRAFIKA,PT. TIMOR MEDIA GRAFIKA,-,-,-,-,CORPORATE KOE,-,-,2024-11-06 00:00:00
10916300,PT. TIMUR EXSPRESS INTERMEDIA,PT. TIMUR EXSPRESS INTERMEDIA,-,-,-,-,CORPORATE KOE,-,-,2024-11-06 00:00:00
10922500,PT. TRAKINDO UTAMA,PT. TRAKINDO UTAMA,-,-,-,-,CORPORATE KOE,-,-,2024-11-06 00:00:00
10912600,PT. VBL MEDIA (VICTORY NEWS),PT. VBL MEDIA (VICTORY NEWS),-,-,-,-,CORPORATE KOE,-,-,2024-11-06 00:00:00
10922400,PT. YAKULT INDONESIA PERSADA,PT. YAKULT INDONESIA PERSADA,-,-,-,-,CORPORATE KOE,-,-,2024-11-06 00:00:00
10918200,"PT.ENSEVAL PUTERA MEGATRADING, Tbk DIV TRANSPORTASI","PT.ENSEVAL PUTERA MEGATRADING, Tbk DIV TRANSPORTASI",-,-,-,-,CORPORATE KOE,-,-,2024-11-06 00:00:00
81085000,PT.LUXASIA INDONESIA ,PT.LUXASIA INDONESIA ,,Not Hold,Tidak ada masa Hold,Tidak ada Breach,PRODUCT,Tidak ada Breach,Tidak ada Breach,2024-11-06 00:00:00
81085001,PT.LUXASIA INDONESIA ,PT.LUXASIA INDONESIA ,,Not Hold,Tidak ada masa Hold,Tidak ada Breach,PRODUCT,Tidak ada Breach,Tidak ada Breach,2024-07-08 00:00:00
10918700,PT.PELAYARAN NASIONAL INDONESIA,PT.PELAYARAN NASIONAL INDONESIA,-,-,-,-,CORPORATE KOE,-,-,2024-11-06 00:00:00
10507400,PT.PRATHITA  TITIAN NUSANTARA,PT.PRATHITA  TITIAN NUSANTARA,-,-,-,-,CORPORATE KOE,-,-,2024-11-06 00:00:00
10919200,PT.SAPTA SARI TAMA,PT.SAPTA SARI TAMA,-,-,-,-,CORPORATE KOE,-,-,2023-09-12 00:00:00
10920000,PY.WAHANA NIAGA LOMBOK,PY.WAHANA NIAGA LOMBOK,-,-,-,-,CORPORATE KOE,-,-,2023-09-12 00:00:00
80895800,PZ CUSSONS INDONESIA,PZ CUSSONS INDONESIA,,Not Hold,Tidak ada masa Hold,Tidak ada Breach,PRODUCT,Tidak ada Breach,Tidak ada Breach,2023-09-12 00:00:00
80895801,PZ CUSSONS INDONESIA,PZ CUSSONS INDONESIA,,Not Hold,Tidak ada masa Hold,Tidak ada Breach,PRODUCT,Tidak ada Breach,Tidak ada Breach,2023-09-12 00:00:00
80895802,PZ CUSSONS INDONESIA,PZ CUSSONS INDONESIA,,Not Hold,Tidak ada masa Hold,Tidak ada Breach,PRODUCT,Tidak ada Breach,Tidak ada Breach,2023-09-12 00:00:00
80895803,PZ CUSSONS INDONESIA,PZ CUSSONS INDONESIA,,Not Hold,Tidak ada masa Hold,Tidak ada Breach,PRODUCT,Tidak ada Breach,Tidak ada Breach,2023-09-12 00:00:00
80895804,PZ CUSSONS INDONESIA,PZ CUSSONS INDONESIA,,Not Hold,Tidak ada masa Hold,Tidak ada Breach,PRODUCT,Tidak ada Breach,Tidak ada Breach,2025-08-06 00:00:00
80895805,PZ CUSSONS INDONESIA,PZ CUSSONS INDONESIA,,Not Hold,Tidak ada masa Hold,Tidak ada Breach,PRODUCT,Tidak ada Breach,Tidak ada Breach,2025-08-06 00:00:00
80895806,PZ CUSSONS INDONESIA,PZ CUSSONS INDONESIA,,Not Hold,Tidak ada masa Hold,Tidak ada Breach,PRODUCT,Tidak ada Breach,Tidak ada Breach,2025-08-06 00:00:00
80895807,PZ CUSSONS INDONESIA,PZ CUSSONS INDONESIA,,Not Hold,Tidak ada masa Hold,Tidak ada Breach,PRODUCT,Tidak ada Breach,Tidak ada Breach,2025-08-06 00:00:00
80895808,PZ CUSSONS INDONESIA,PZ CUSSONS INDONESIA,,Not Hold,Tidak ada masa Hold,Tidak ada Breach,PRODUCT,Tidak ada Breach,Tidak ada Breach,2025-08-06 00:00:00
80895809,PZ CUSSONS INDONESIA,PZ CUSSONS INDONESIA,,Not Hold,Tidak ada masa Hold,Tidak ada Breach,PRODUCT,Tidak ada Breach,Tidak ada Breach,2023-11-28 00:00:00
80895810,PZ CUSSONS INDONESIA,PZ CUSSONS INDONESIA,,Not Hold,Tidak ada masa Hold,Tidak ada Breach,PRODUCT,Tidak ada Breach,Tidak ada Breach,2023-11-28 00:00:00
80895811,PZ CUSSONS INDONESIA,PZ CUSSONS INDONESIA,,Not Hold,Tidak ada masa Hold,Tidak ada Breach,PRODUCT,Tidak ada Breach,Tidak ada Breach,2023-11-28 00:00:00
80667904,QUEENSHA KOSMETIK,QUEENSHA KOSMETIK,,Hold,5,"A-B : 40 hari, C-D: 50 Hari",SOCIAL COMMERCE,40,50,2025-04-21 00:00:00
80667905,QUEENSHA KOSMETIK,QUEENSHA KOSMETIK,,Hold,5,"A-B : 40 hari, C-D: 50 Hari",SOCIAL COMMERCE,40,50,2023-11-28 00:00:00
80667906,QUEENSHA KOSMETIK,QUEENSHA KOSMETIK,,Hold,5,"A-B : 40 hari, C-D: 50 Hari",SOCIAL COMMERCE,40,50,2023-11-28 00:00:00
80667907,QUEENSHA KOSMETIK,QUEENSHA KOSMETIK,,Hold,5,"A-B : 40 hari, C-D: 50 Hari",SOCIAL COMMERCE,40,50,2023-09-12 00:00:00
80667908,QUEENSHA KOSMETIK,QUEENSHA KOSMETIK,,Hold,5,"A-B : 40 hari, C-D: 50 Hari",SOCIAL COMMERCE,40,50,2023-09-12 00:00:00
80667909,QUEENSHA KOSMETIK,QUEENSHA KOSMETIK,,Hold,5,"A-B : 40 hari, C-D: 50 Hari",SOCIAL COMMERCE,40,50,2023-09-12 00:00:00
80667911,QUEENSHA KOSMETIK,QUEENSHA KOSMETIK,,Hold,5,"A-B : 40 hari, C-D: 50 Hari",SOCIAL COMMERCE,40,50,2023-09-12 00:00:00
80667912,QUEENSHA KOSMETIK,QUEENSHA KOSMETIK,,Hold,5,"A-B : 40 hari, C-D: 50 Hari",SOCIAL COMMERCE,40,50,2024-01-18 00:00:00
80667913,QUEENSHA KOSMETIK,QUEENSHA KOSMETIK,,Hold,5,"A-B : 40 hari, C-D: 50 Hari",SOCIAL COMMERCE,40,50,2024-01-18 00:00:00
80667914,QUEENSHA KOSMETIK,QUEENSHA KOSMETIK,,Hold,5,"A-B : 40 hari, C-D: 50 Hari",SOCIAL COMMERCE,40,50,2023-11-28 00:00:00
80667915,QUEENSHA KOSMETIK,QUEENSHA KOSMETIK,,Hold,5,"A-B : 40 hari, C-D: 50 Hari",SOCIAL COMMERCE,40,50,2024-05-03 00:00:00
80667916,QUEENSHA KOSMETIK,QUEENSHA KOSMETIK,,Hold,5,"A-B : 40 hari, C-D: 50 Hari",SOCIAL COMMERCE,40,50,2024-05-03 00:00:00
12040501,RAJAWALI TEKNOLOGI INDONESIA CABANG ATAMBUA CV,RAJAWALI TEKNOLOGI INDONESIA CABANG ATAMBUA CV,-,-,-,-,CORPORATE KOE,-,-,2024-07-08 00:00:00
12040500,RAJAWALI TEKNOLOGI INDONESIA CV,RAJAWALI TEKNOLOGI INDONESIA CV,-,-,-,-,CORPORATE KOE,-,-,2025-12-22 00:00:00
10502200,RAMAYANA LESTARI SENTOSA,RAMAYANA LESTARI SENTOSA,-,-,-,-,CORPORATE KOE,-,-,2025-12-22 00:00:00
80555400,REALFOOD WINTA ASIA,REALFOOD,,Not Hold,Tidak ada masa Hold,Tidak ada Breach,PRODUCT,Tidak ada Breach,Tidak ada Breach,2025-12-22 00:00:00
80555401,REALFOOD WINTA ASIA,REALFOOD,,Not Hold,Tidak ada masa Hold,Tidak ada Breach,PRODUCT,Tidak ada Breach,Tidak ada Breach,2025-12-22 00:00:00
80555402,REALFOOD WINTA ASIA / PROJECT ENDORS,REALFOOD,,Not Hold,Tidak ada masa Hold,Tidak ada Breach,PRODUCT,Tidak ada Breach,Tidak ada Breach,2024-01-18 00:00:00
80600300,ELING JANJI PERTAMA,REALFOOD,,Not Hold,Tidak ada masa Hold,Tidak ada Breach,PRODUCT,Tidak ada Breach,Tidak ada Breach,2024-01-18 00:00:00
81020100,HIDUP MELAWAN WAKTU,REALFOOD,,Not Hold,Tidak ada masa Hold,Tidak ada Breach,PRODUCT,Tidak ada Breach,Tidak ada Breach,2025-04-21 00:00:00
10852700,REKSO NATIONAL FOOD,REKSO,,Not Hold,Tidak ada masa Hold,Tidak ada Breach,PRODUCT,Tidak ada Breach,Tidak ada Breach,2024-01-18 00:00:00
11099300,REKSO NATIONAL FOOD,REKSO,,Not Hold,Tidak ada masa Hold,Tidak ada Breach,PRODUCT,Tidak ada Breach,Tidak ada Breach,2025-04-21 00:00:00
11180600,REKSO NATIONAL FOOD,REKSO,,Not Hold,Tidak ada masa Hold,Tidak ada Breach,PRODUCT,Tidak ada Breach,Tidak ada Breach,2025-04-21 00:00:00
11761300,REKSO NATIONAL FOOD,REKSO,,Not Hold,Tidak ada masa Hold,Tidak ada Breach,PRODUCT,Tidak ada Breach,Tidak ada Breach,2025-04-21 00:00:00
12054100,REKSO NATIONAL FOOD,REKSO,,Not Hold,Tidak ada masa Hold,Tidak ada Breach,PRODUCT,Tidak ada Breach,Tidak ada Breach,2024-01-18 00:00:00
80024000,REKSO NATIONAL FOOD,REKSO,,Not Hold,Tidak ada masa Hold,Tidak ada Breach,PRODUCT,Tidak ada Breach,Tidak ada Breach,2024-01-18 00:00:00
80024001,REKSO NATIONAL FOOD,REKSO,,Not Hold,Tidak ada masa Hold,Tidak ada Breach,PRODUCT,Tidak ada Breach,Tidak ada Breach,2024-01-18 00:00:00
80024002,REKSO NATIONAL FOOD,REKSO,,Not Hold,Tidak ada masa Hold,Tidak ada Breach,PRODUCT,Tidak ada Breach,Tidak ada Breach,2024-01-18 00:00:00
80024003,REKSO NATIONAL FOOD,REKSO,,Not Hold,Tidak ada masa Hold,Tidak ada Breach,PRODUCT,Tidak ada Breach,Tidak ada Breach,-
80024004,REKSO NATIONAL FOOD,REKSO,,Not Hold,Tidak ada masa Hold,Tidak ada Breach,PRODUCT,Tidak ada Breach,Tidak ada Breach,2024-07-08 00:00:00
80024005,REKSO NATIONAL FOOD,REKSO,,Not Hold,Tidak ada masa Hold,Tidak ada Breach,PRODUCT,Tidak ada Breach,Tidak ada Breach,2025-04-21 00:00:00
80024006,REKSO NATIONAL FOOD,REKSO,,Not Hold,Tidak ada masa Hold,Tidak ada Breach,PRODUCT,Tidak ada Breach,Tidak ada Breach,2025-04-21 00:00:00
80024007,REKSO NATIONAL FOOD,REKSO,,Not Hold,Tidak ada masa Hold,Tidak ada Breach,PRODUCT,Tidak ada Breach,Tidak ada Breach,2025-04-21 00:00:00
80024008,REKSO NATIONAL FOOD,REKSO,,Not Hold,Tidak ada masa Hold,Tidak ada Breach,PRODUCT,Tidak ada Breach,Tidak ada Breach,2025-04-21 00:00:00
80024009,REKSO NATIONAL FOOD,REKSO,,Not Hold,Tidak ada masa Hold,Tidak ada Breach,PRODUCT,Tidak ada Breach,Tidak ada Breach,2025-04-21 00:00:00
80024010,REKSO NATIONAL FOOD,REKSO,,Not Hold,Tidak ada masa Hold,Tidak ada Breach,PRODUCT,Tidak ada Breach,Tidak ada Breach,2025-04-21 00:00:00
80024011,REKSO NATIONAL FOOD,REKSO,,Not Hold,Tidak ada masa Hold,Tidak ada Breach,PRODUCT,Tidak ada Breach,Tidak ada Breach,2025-04-21 00:00:00
80024012,REKSO NATIONAL FOOD,REKSO,,Not Hold,Tidak ada masa Hold,Tidak ada Breach,PRODUCT,Tidak ada Breach,Tidak ada Breach,2025-04-21 00:00:00
80024013,REKSO NATIONAL FOOD,REKSO,,Not Hold,Tidak ada masa Hold,Tidak ada Breach,PRODUCT,Tidak ada Breach,Tidak ada Breach,2025-04-21 00:00:00
80024014,REKSO NATIONAL FOOD,REKSO,,Not Hold,Tidak ada masa Hold,Tidak ada Breach,PRODUCT,Tidak ada Breach,Tidak ada Breach,2025-04-21 00:00:00
80024015,REKSO NATIONAL FOOD,REKSO,,Not Hold,Tidak ada masa Hold,Tidak ada Breach,PRODUCT,Tidak ada Breach,Tidak ada Breach,2025-04-21 00:00:00
80024016,REKSO NATIONAL FOOD,REKSO,,Not Hold,Tidak ada masa Hold,Tidak ada Breach,PRODUCT,Tidak ada Breach,Tidak ada Breach,2025-04-21 00:00:00
80024017,REKSO NATIONAL FOOD,REKSO,,Not Hold,Tidak ada masa Hold,Tidak ada Breach,PRODUCT,Tidak ada Breach,Tidak ada Breach,2025-04-21 00:00:00
80024018,REKSO NATIONAL FOOD,REKSO,,Not Hold,Tidak ada masa Hold,Tidak ada Breach,PRODUCT,Tidak ada Breach,Tidak ada Breach,2025-04-21 00:00:00
80024019,REKSO NATIONAL FOOD,REKSO,,Not Hold,Tidak ada masa Hold,Tidak ada Breach,PRODUCT,Tidak ada Breach,Tidak ada Breach,2025-04-21 00:00:00
80024020,REKSO NATIONAL FOOD,REKSO,,Not Hold,Tidak ada masa Hold,Tidak ada Breach,PRODUCT,Tidak ada Breach,Tidak ada Breach,2025-04-21 00:00:00
80024044,REKSO NATIONAL FOOD,REKSO,,Not Hold,Tidak ada masa Hold,Tidak ada Breach,PRODUCT,Tidak ada Breach,Tidak ada Breach,2024-03-05 00:00:00
80024045,REKSO NATIONAL FOOD,REKSO,,Not Hold,Tidak ada masa Hold,Tidak ada Breach,PRODUCT,Tidak ada Breach,Tidak ada Breach,2024-05-03 00:00:00
80024046,REKSO NATIONAL FOOD,REKSO,,Not Hold,Tidak ada masa Hold,Tidak ada Breach,PRODUCT,Tidak ada Breach,Tidak ada Breach,2025-04-21 00:00:00
80024047,REKSO NATIONAL FOOD,REKSO,,Not Hold,Tidak ada masa Hold,Tidak ada Breach,PRODUCT,Tidak ada Breach,Tidak ada Breach,2025-08-06 00:00:00
80024048,REKSO NATIONAL FOOD,REKSO,,Not Hold,Tidak ada masa Hold,Tidak ada Breach,PRODUCT,Tidak ada Breach,Tidak ada Breach,2025-06-01 00:00:00
80088500,REKSO NATIONAL FOOD,REKSO,,Not Hold,Tidak ada masa Hold,Tidak ada Breach,PRODUCT,Tidak ada Breach,Tidak ada Breach,2025-06-01 00:00:00
80600800,PT. RINJANI ROYAL COSMETINDO (RRC),RINJANI ROYAL COSMETINDO (RRC),,Hold,5,"A-B : 30 hari, C-D : 40 Hari",SOCIAL COMMERCE,30,40,2025-06-01 00:00:00
80600801,PT. RINJANI ROYAL COSMETINDO (RRC),RINJANI ROYAL COSMETINDO (RRC),,Hold,5,"A-B : 30 hari, C-D : 40 Hari",SOCIAL COMMERCE,30,40,2025-06-01 00:00:00
80600802,PT. RINJANI ROYAL COSMETINDO (RRC),RINJANI ROYAL COSMETINDO (RRC),,Hold,5,"A-B : 30 hari, C-D : 40 Hari",SOCIAL COMMERCE,30,40,2024-07-08 00:00:00
80600803,PT. RINJANI ROYAL COSMETINDO (RRC),RINJANI ROYAL COSMETINDO (RRC),,Hold,5,"A-B : 30 hari, C-D : 40 Hari",SOCIAL COMMERCE,30,40,2025-12-22 00:00:00
80600804,PT. RINJANI ROYAL COSMETINDO (RRC),RINJANI ROYAL COSMETINDO (RRC),,Hold,5,"A-B : 30 hari, C-D : 40 Hari",SOCIAL COMMERCE,30,40,2025-12-22 00:00:00
10962500,ROYAL HEALTHY,ROYAL HEALTHY,,Hold,7,Tidak ada Breach,SOCIAL COMMERCE,Tidak ada Breach,Tidak ada Breach,2025-12-22 00:00:00
30034602,DB MEDIA,ROYAL HEALTHY,,Hold,7,Tidak ada Breach,SOCIAL COMMERCE,Tidak ada Breach,Tidak ada Breach,2025-12-22 00:00:00
30038102,ANNUR MEDIA STORE,ROYAL HEALTHY,,Hold,7,Tidak ada Breach,SOCIAL COMMERCE,Tidak ada Breach,Tidak ada Breach,2025-12-22 00:00:00
30054102,IBE PRO HEALTHY,ROYAL HEALTHY,,Hold,7,Tidak ada Breach,SOCIAL COMMERCE,Tidak ada Breach,Tidak ada Breach,2025-12-22 00:00:00
30081700,ROYAL HEALTHY,ROYAL HEALTHY,,Hold,7,Tidak ada Breach,SOCIAL COMMERCE,Tidak ada Breach,Tidak ada Breach,2025-12-22 00:00:00
30081702,ROYAL HEALTHY,ROYAL HEALTHY,,Hold,7,Tidak ada Breach,SOCIAL COMMERCE,Tidak ada Breach,Tidak ada Breach,2025-12-22 00:00:00
10911700,RSIA DEDARI KUPANG,RSIA DEDARI KUPANG,-,-,-,-,CORPORATE KOE,-,-,2025-12-22 00:00:00
10942500,RST TK IV ATAMBUA,RST TK IV ATAMBUA,-,-,-,-,CORPORATE KOE,-,-,2024-05-03 00:00:00
10503000,RST. WIRASAKTI KUPANG,RST. WIRASAKTI KUPANG,-,-,-,-,CORPORATE KOE,-,-,2024-05-03 00:00:00
10917300,RTC SKIN CARE,RTC SKIN CARE,-,-,-,-,CORPORATE KOE,-,-,2024-05-03 00:00:00
10502300,SAHABAT PASARAYA CENTER,SAHABAT PASARAYA CENTER,-,-,-,-,CORPORATE KOE,-,-,2024-05-03 00:00:00
10932500,SAMSAT KUPANG,SAMSAT KUPANG,-,-,-,-,CORPORATE KOE,-,-,2025-04-21 00:00:00
10932200,SANBE VISION,SANBE VISION,-,-,-,-,CORPORATE KOE,-,-,2025-04-21 00:00:00
81954700,SARANA TRANSPORT PERSADA PT,SATRANS,,Not Hold,Tidak ada masa Hold,Tidak ada Breach,3PL & LOGISTIC,Tidak ada Breach,Tidak ada Breach,2025-04-21 00:00:00
10937803,SATRIA KENCANA TUNAS MULIA CV / KEF - ATB,SATRIA KENCANA TUNAS MULIA CV / KEF - ATB,-,-,-,-,CORPORATE KOE,-,-,2025-04-21 00:00:00
10506400,SECURINDO PACKATAMA IND PT.,SECURINDO PACKATAMA IND PT.,-,-,-,-,CORPORATE KOE,-,-,2025-04-21 00:00:00
10942700,SEI TUNA PRAWIRO,SEI TUNA PRAWIRO,-,-,-,-,CORPORATE KOE,-,-,2025-04-21 00:00:00
80591800,SELALU SIAP SOLUSI,SELALU SIAP SOLUSI,,Hold,7,Tidak ada Breach,AGGREGATOR,Tidak ada Breach,Tidak ada Breach,2025-04-21 00:00:00
80591801,SELALU SIAP SOLUSI,SELALU SIAP SOLUSI,,Hold,7,Tidak ada Breach,AGGREGATOR,Tidak ada Breach,Tidak ada Breach,2025-04-21 00:00:00
80591802,SELALU SIAP SOLUSI,SELALU SIAP SOLUSI,,Hold,7,Tidak ada Breach,AGGREGATOR,Tidak ada Breach,Tidak ada Breach,2025-04-21 00:00:00
80591803,SELALU SIAP SOLUSI,SELALU SIAP SOLUSI,,Hold,7,Tidak ada Breach,AGGREGATOR,Tidak ada Breach,Tidak ada Breach,2025-04-21 00:00:00
80591804,SELALU SIAP SOLUSI,SELALU SIAP SOLUSI,,Hold,7,Tidak ada Breach,AGGREGATOR,Tidak ada Breach,Tidak ada Breach,2025-04-21 00:00:00
80591805,SELALU SIAP SOLUSI,SELALU SIAP SOLUSI,,Hold,7,Tidak ada Breach,AGGREGATOR,Tidak ada Breach,Tidak ada Breach,2025-04-21 00:00:00
80591806,SELALU SIAP SOLUSI,SELALU SIAP SOLUSI,,Hold,7,Tidak ada Breach,AGGREGATOR,Tidak ada Breach,Tidak ada Breach,2025-04-21 00:00:00
80591807,SELALU SIAP SOLUSI,SELALU SIAP SOLUSI,,Hold,7,Tidak ada Breach,AGGREGATOR,Tidak ada Breach,Tidak ada Breach,2025-04-21 00:00:00
80591808,SELALU SIAP SOLUSI,SELALU SIAP SOLUSI,,Hold,7,Tidak ada Breach,AGGREGATOR,Tidak ada Breach,Tidak ada Breach,2025-04-21 00:00:00
80591809,SELALU SIAP SOLUSI,SELALU SIAP SOLUSI,,Hold,7,Tidak ada Breach,AGGREGATOR,Tidak ada Breach,Tidak ada Breach,2025-04-21 00:00:00
80591810,SELALU SIAP SOLUSI,SELALU SIAP SOLUSI,,Hold,7,Tidak ada Breach,AGGREGATOR,Tidak ada Breach,Tidak ada Breach,2025-04-21 00:00:00
80591811,SELALU SIAP SOLUSI,SELALU SIAP SOLUSI,,Hold,7,Tidak ada Breach,AGGREGATOR,Tidak ada Breach,Tidak ada Breach,2024-06-11 00:00:00
80793500,SELALU SIAP SOLUSI PT,SELALU SIAP SOLUSI,,Hold,7,Tidak ada Breach,AGGREGATOR,Tidak ada Breach,Tidak ada Breach,2024-06-11 00:00:00
80793501,SELALU SIAP SOLUSI PT,SELALU SIAP SOLUSI,,Hold,7,Tidak ada Breach,AGGREGATOR,Tidak ada Breach,Tidak ada Breach,2024-07-08 00:00:00
80793502,SELALU SIAP SOLUSI PT,SELALU SIAP SOLUSI,,Hold,7,Tidak ada Breach,AGGREGATOR,Tidak ada Breach,Tidak ada Breach,2024-08-30 00:00:00
80793503,SELALU SIAP SOLUSI PT,SELALU SIAP SOLUSI,,Hold,7,Tidak ada Breach,AGGREGATOR,Tidak ada Breach,Tidak ada Breach,2025-04-21 00:00:00
80793504,SELALU SIAP SOLUSI PT,SELALU SIAP SOLUSI,,Hold,7,Tidak ada Breach,AGGREGATOR,Tidak ada Breach,Tidak ada Breach,2025-04-21 00:00:00
80793505,SELALU SIAP SOLUSI PT,SELALU SIAP SOLUSI,,Hold,7,Tidak ada Breach,AGGREGATOR,Tidak ada Breach,Tidak ada Breach,2025-08-06 00:00:00
80793506,SELALU SIAP SOLUSI PT,SELALU SIAP SOLUSI,,Hold,7,Tidak ada Breach,AGGREGATOR,Tidak ada Breach,Tidak ada Breach,2025-04-21 00:00:00
80793507,SELALU SIAP SOLUSI PT,SELALU SIAP SOLUSI,,Hold,7,Tidak ada Breach,AGGREGATOR,Tidak ada Breach,Tidak ada Breach,2025-04-21 00:00:00
80793508,SELALU SIAP SOLUSI PT,SELALU SIAP SOLUSI,,Hold,7,Tidak ada Breach,AGGREGATOR,Tidak ada Breach,Tidak ada Breach,2025-04-21 00:00:00
80793509,SELALU SIAP SOLUSI PT,SELALU SIAP SOLUSI,,Hold,7,Tidak ada Breach,AGGREGATOR,Tidak ada Breach,Tidak ada Breach,2025-04-21 00:00:00
80793510,SELALU SIAP SOLUSI PT,SELALU SIAP SOLUSI,,Hold,7,Tidak ada Breach,AGGREGATOR,Tidak ada Breach,Tidak ada Breach,2025-04-21 00:00:00
80793511,SELALU SIAP SOLUSI PT,SELALU SIAP SOLUSI,,Hold,7,Tidak ada Breach,AGGREGATOR,Tidak ada Breach,Tidak ada Breach,2025-04-21 00:00:00
80793512,SELALU SIAP SOLUSI PT,SELALU SIAP SOLUSI,,Hold,7,Tidak ada Breach,AGGREGATOR,Tidak ada Breach,Tidak ada Breach,2024-08-30 00:00:00
80793513,SELALU SIAP SOLUSI,SELALU SIAP SOLUSI,,Hold,7,Tidak ada Breach,AGGREGATOR,Tidak ada Breach,Tidak ada Breach,2025-04-21 00:00:00
80793514,SELALU SIAP SOLUSI,SELALU SIAP SOLUSI,,Hold,7,Tidak ada Breach,AGGREGATOR,Tidak ada Breach,Tidak ada Breach,2025-04-21 00:00:00
80793515,SELALU SIAP SOLUSI,SELALU SIAP SOLUSI,,Hold,7,Tidak ada Breach,AGGREGATOR,Tidak ada Breach,Tidak ada Breach,2025-04-21 00:00:00
80793516,SELALU SIAP SOLUSI,SELALU SIAP SOLUSI,,Hold,7,Tidak ada Breach,AGGREGATOR,Tidak ada Breach,Tidak ada Breach,2025-04-21 00:00:00
80523000,SENHONG EPI EBAI,SENHONG EPI EBAI,,Not Hold,Tidak ada masa Hold,Tidak ada Breach,3PL & LOGISTIC,Tidak ada Breach,Tidak ada Breach,2025-04-21 00:00:00
80523001,SENHONG EPI EBAI,SENHONG EPI EBAI,,Not Hold,Tidak ada masa Hold,Tidak ada Breach,3PL & LOGISTIC,Tidak ada Breach,Tidak ada Breach,2025-04-21 00:00:00
80526600,SENHONG EPI EBAI,SENHONG EPI EBAI,,Not Hold,Tidak ada masa Hold,Tidak ada Breach,3PL & LOGISTIC,Tidak ada Breach,Tidak ada Breach,2025-04-21 00:00:00
80526700,SENHONG EPI EBAI,SENHONG EPI EBAI,,Not Hold,Tidak ada masa Hold,Tidak ada Breach,3PL & LOGISTIC,Tidak ada Breach,Tidak ada Breach,2025-04-21 00:00:00
80526801,SENHONG EPI EBAI,SENHONG EPI EBAI,,Not Hold,Tidak ada masa Hold,Tidak ada Breach,3PL & LOGISTIC,Tidak ada Breach,Tidak ada Breach,2025-04-21 00:00:00
80527000,SENHONG EPI EBAI,SENHONG EPI EBAI,,Not Hold,Tidak ada masa Hold,Tidak ada Breach,3PL & LOGISTIC,Tidak ada Breach,Tidak ada Breach,2025-04-21 00:00:00
80527002,SENHONG EPI EBAI,SENHONG EPI EBAI,,Not Hold,Tidak ada masa Hold,Tidak ada Breach,3PL & LOGISTIC,Tidak ada Breach,Tidak ada Breach,2025-04-21 00:00:00
80527101,EKSPEDISI PINTAR INDONESIA (EPI) NEO ,SENHONG EPI EBAI,,Not Hold,Tidak ada masa Hold,Tidak ada Breach,3PL & LOGISTIC,Tidak ada Breach,Tidak ada Breach,2025-04-21 00:00:00
80527103,EKSPEDISI PINTAR INDONESIA (EPI) NEO ,SENHONG EPI EBAI,,Not Hold,Tidak ada masa Hold,Tidak ada Breach,3PL & LOGISTIC,Tidak ada Breach,Tidak ada Breach,2025-04-21 00:00:00
80527200,SENHONG EPI EBAI,SENHONG EPI EBAI,,Not Hold,Tidak ada masa Hold,Tidak ada Breach,3PL & LOGISTIC,Tidak ada Breach,Tidak ada Breach,2025-12-22 00:00:00
80527202,SENHONG EPI EBAI,SENHONG EPI EBAI,,Not Hold,Tidak ada masa Hold,Tidak ada Breach,3PL & LOGISTIC,Tidak ada Breach,Tidak ada Breach,2025-12-22 00:00:00
80528200,SENHONG EPI EBAI,SENHONG EPI EBAI,,Not Hold,Tidak ada masa Hold,Tidak ada Breach,3PL & LOGISTIC,Tidak ada Breach,Tidak ada Breach,2026-06-11 00:00:00
80528204,SENHONG EPI EBAI,SENHONG EPI EBAI,,Not Hold,Tidak ada masa Hold,Tidak ada Breach,3PL & LOGISTIC,Tidak ada Breach,Tidak ada Breach,2025-12-22 00:00:00
80528205,SENHONG EPI EBAI,SENHONG EPI EBAI,,Not Hold,Tidak ada masa Hold,Tidak ada Breach,3PL & LOGISTIC,Tidak ada Breach,Tidak ada Breach,2025-04-21 00:00:00
80528206,SENHONG EPI EBAI,SENHONG EPI EBAI,,Not Hold,Tidak ada masa Hold,Tidak ada Breach,3PL & LOGISTIC,Tidak ada Breach,Tidak ada Breach,2025-06-01 00:00:00
80528215,SENHONG EPI EBAI,SENHONG EPI EBAI,,Not Hold,Tidak ada masa Hold,Tidak ada Breach,3PL & LOGISTIC,Tidak ada Breach,Tidak ada Breach,2025-04-21 00:00:00
80528216,SENHONG EPI EBAI,SENHONG EPI EBAI,,Not Hold,Tidak ada masa Hold,Tidak ada Breach,3PL & LOGISTIC,Tidak ada Breach,Tidak ada Breach,2025-04-21 00:00:00
80528217,SENHONG EPI EBAI,SENHONG EPI EBAI,,Not Hold,Tidak ada masa Hold,Tidak ada Breach,3PL & LOGISTIC,Tidak ada Breach,Tidak ada Breach,2025-04-21 00:00:00
80538001,SENHONG EPI EBAI,SENHONG EPI EBAI,,Not Hold,Tidak ada masa Hold,Tidak ada Breach,3PL & LOGISTIC,Tidak ada Breach,Tidak ada Breach,2025-04-21 00:00:00
80540008,EKSPEDISI PINTAR INDONESIA (EPI),SENHONG EPI EBAI,,Not Hold,Tidak ada masa Hold,Tidak ada Breach,3PL & LOGISTIC,Tidak ada Breach,Tidak ada Breach,2025-04-21 00:00:00
80540014,EKSPEDISI PINTAR INDONESIA (EPI),SENHONG EPI EBAI,,Not Hold,Tidak ada masa Hold,Tidak ada Breach,3PL & LOGISTIC,Tidak ada Breach,Tidak ada Breach,2025-04-21 00:00:00
80540015,EKSPEDISI BINTANG ASIA INDONESIA (EBAI),SENHONG EPI EBAI,,Not Hold,Tidak ada masa Hold,Tidak ada Breach,3PL & LOGISTIC,Tidak ada Breach,Tidak ada Breach,2025-04-21 00:00:00
80540031,EKSPEDISI PINTAR INDONESIA (EPI),SENHONG EPI EBAI,,Not Hold,Tidak ada masa Hold,Tidak ada Breach,3PL & LOGISTIC,Tidak ada Breach,Tidak ada Breach,2025-04-21 00:00:00
80540032,EKSPEDISI PINTAR INDONESIA (EPI),SENHONG EPI EBAI,,Not Hold,Tidak ada masa Hold,Tidak ada Breach,3PL & LOGISTIC,Tidak ada Breach,Tidak ada Breach,2025-04-21 00:00:00
80540033,CENTURY DREAM LIMITED,SENHONG EPI EBAI,,Not Hold,Tidak ada masa Hold,Tidak ada Breach,3PL & LOGISTIC,Tidak ada Breach,Tidak ada Breach,2025-04-21 00:00:00
80540302,SENHONG EPI EBAI,SENHONG EPI EBAI,,Not Hold,Tidak ada masa Hold,Tidak ada Breach,3PL & LOGISTIC,Tidak ada Breach,Tidak ada Breach,2025-06-01 00:00:00
80541501,SENHONG EPI EBAI,SENHONG EPI EBAI,,Not Hold,Tidak ada masa Hold,Tidak ada Breach,3PL & LOGISTIC,Tidak ada Breach,Tidak ada Breach,2025-06-01 00:00:00
80541502,SENHONG EPI EBAI,SENHONG EPI EBAI,,Not Hold,Tidak ada masa Hold,Tidak ada Breach,3PL & LOGISTIC,Tidak ada Breach,Tidak ada Breach,2025-04-21 00:00:00
80541504,SENHONG EPI EBAI,SENHONG EPI EBAI,,Not Hold,Tidak ada masa Hold,Tidak ada Breach,3PL & LOGISTIC,Tidak ada Breach,Tidak ada Breach,2025-04-21 00:00:00
80541506,SENHONG EPI EBAI,SENHONG EPI EBAI,,Not Hold,Tidak ada masa Hold,Tidak ada Breach,3PL & LOGISTIC,Tidak ada Breach,Tidak ada Breach,2025-04-21 00:00:00
80541508,SENHONG EPI EBAI,SENHONG EPI EBAI,,Not Hold,Tidak ada masa Hold,Tidak ada Breach,3PL & LOGISTIC,Tidak ada Breach,Tidak ada Breach,2026-06-11 00:00:00
80541601,SENHONG EPI EBAI,SENHONG EPI EBAI,,Not Hold,Tidak ada masa Hold,Tidak ada Breach,3PL & LOGISTIC,Tidak ada Breach,Tidak ada Breach,2026-06-11 00:00:00
80541606,SENHONG EPI EBAI,SENHONG EPI EBAI,,Not Hold,Tidak ada masa Hold,Tidak ada Breach,3PL & LOGISTIC,Tidak ada Breach,Tidak ada Breach,2025-12-22 00:00:00
80541607,SENHONG EPI EBAI,SENHONG EPI EBAI,,Not Hold,Tidak ada masa Hold,Tidak ada Breach,3PL & LOGISTIC,Tidak ada Breach,Tidak ada Breach,2025-06-01 00:00:00
80541610,SENHONG EPI EBAI,SENHONG EPI EBAI,,Not Hold,Tidak ada masa Hold,Tidak ada Breach,3PL & LOGISTIC,Tidak ada Breach,Tidak ada Breach,2025-08-06 00:00:00
80541611,SENHONG EPI EBAI,SENHONG EPI EBAI,,Not Hold,Tidak ada masa Hold,Tidak ada Breach,3PL & LOGISTIC,Tidak ada Breach,Tidak ada Breach,2025-08-06 00:00:00
80508602,SHIPPINDO NON COD,SHIPINDO,,Not Hold,Tidak ada masa Hold,14 Hari setelah last attempt,3PL & LOGISTIC,14 Hari setelah last attempt,14 Hari setelah last attempt,2025-08-06 00:00:00
80538303,SHIPPINDO,SHIPINDO,,Not Hold,Tidak ada masa Hold,14 Hari setelah last attempt,3PL & LOGISTIC,14 Hari setelah last attempt,14 Hari setelah last attempt,2025-08-06 00:00:00
80538304,SHIPPINDO,SHIPINDO,,Not Hold,Tidak ada masa Hold,14 Hari setelah last attempt,3PL & LOGISTIC,14 Hari setelah last attempt,14 Hari setelah last attempt,2025-08-06 00:00:00
80538305,SHIPPINDO,SHIPINDO,,Not Hold,Tidak ada masa Hold,14 Hari setelah last attempt,3PL & LOGISTIC,14 Hari setelah last attempt,14 Hari setelah last attempt,2025-08-06 00:00:00
81165900,SHIPPINDO,SHIPINDO,,Not Hold,Tidak ada masa Hold,14 Hari setelah last attempt,3PL & LOGISTIC,14 Hari setelah last attempt,14 Hari setelah last attempt,2025-08-06 00:00:00
81165901,SHIPPINDO,SHIPINDO,,Not Hold,Tidak ada masa Hold,14 Hari setelah last attempt,3PL & LOGISTIC,14 Hari setelah last attempt,14 Hari setelah last attempt,2025-08-06 00:00:00
81165902,SHIPPINDO,SHIPINDO,,Not Hold,Tidak ada masa Hold,14 Hari setelah last attempt,3PL & LOGISTIC,14 Hari setelah last attempt,14 Hari setelah last attempt,2025-08-06 00:00:00
81165903,SHIPPINDO,SHIPINDO,,Not Hold,Tidak ada masa Hold,14 Hari setelah last attempt,3PL & LOGISTIC,14 Hari setelah last attempt,14 Hari setelah last attempt,2025-08-06 00:00:00
81165904,SHIPPINDO,SHIPINDO,,Not Hold,Tidak ada masa Hold,14 Hari setelah last attempt,3PL & LOGISTIC,14 Hari setelah last attempt,14 Hari setelah last attempt,2025-08-06 00:00:00
11385410,SHOPEE,SHOPEE,-,Not Hold,Sesuai update CS,Sesuai update CS,MARKETPLACE,Sesuai update CS,Sesuai update CS,2025-08-06 00:00:00
80514315,SHOPEE,SHOPEE,-,Not Hold,Sesuai update CS,Sesuai update CS,MARKETPLACE,Sesuai update CS,Sesuai update CS,2025-08-06 00:00:00
80514317,SHOPEE,SHOPEE,-,Not Hold,Sesuai update CS,Sesuai update CS,MARKETPLACE,Sesuai update CS,Sesuai update CS,2025-08-06 00:00:00
11385400,SHOPEE,SHOPEE,-,Not Hold,Sesuai update CS,Sesuai update CS,MARKETPLACE,Sesuai update CS,Sesuai update CS,2025-12-22 00:00:00
11385401,SHOPEE,SHOPEE,-,Not Hold,Sesuai update CS,Sesuai update CS,MARKETPLACE,Sesuai update CS,Sesuai update CS,2025-12-22 00:00:00
11385402,SHOPEE,SHOPEE,-,Not Hold,Sesuai update CS,Sesuai update CS,MARKETPLACE,Sesuai update CS,Sesuai update CS,2025-12-22 00:00:00
11385403,SHOPEE,SHOPEE,-,Not Hold,Sesuai update CS,Sesuai update CS,MARKETPLACE,Sesuai update CS,Sesuai update CS,2025-08-06 00:00:00
11385404,SHOPEE,SHOPEE,-,Not Hold,Sesuai update CS,Sesuai update CS,MARKETPLACE,Sesuai update CS,Sesuai update CS,2025-08-06 00:00:00
11385406,SHOPEE,SHOPEE,-,Not Hold,Sesuai update CS,Sesuai update CS,MARKETPLACE,Sesuai update CS,Sesuai update CS,2025-08-06 00:00:00
11385407,SHOPEE,SHOPEE,-,Not Hold,Sesuai update CS,Sesuai update CS,MARKETPLACE,Sesuai update CS,Sesuai update CS,2025-08-06 00:00:00
11385408,SHOPEE,SHOPEE,-,Not Hold,Sesuai update CS,Sesuai update CS,MARKETPLACE,Sesuai update CS,Sesuai update CS,2025-08-06 00:00:00
11385409,SHOPEE,SHOPEE,-,Not Hold,Sesuai update CS,Sesuai update CS,MARKETPLACE,Sesuai update CS,Sesuai update CS,2025-08-06 00:00:00
11385411,SHOPEE,SHOPEE,-,Not Hold,Sesuai update CS,Sesuai update CS,MARKETPLACE,Sesuai update CS,Sesuai update CS,2025-12-22 00:00:00
80514306,SHOPEE,SHOPEE,-,Not Hold,Sesuai update CS,Sesuai update CS,MARKETPLACE,Sesuai update CS,Sesuai update CS,2026-06-11 00:00:00
80514307,SHOPEE,SHOPEE,-,Not Hold,Sesuai update CS,Sesuai update CS,MARKETPLACE,Sesuai update CS,Sesuai update CS,2026-06-11 00:00:00
80514313,SHOPEE,SHOPEE,-,Not Hold,Sesuai update CS,Sesuai update CS,MARKETPLACE,Sesuai update CS,Sesuai update CS,2026-06-11 00:00:00
80514314,SHOPEE,SHOPEE,-,Not Hold,Sesuai update CS,Sesuai update CS,MARKETPLACE,Sesuai update CS,Sesuai update CS,2026-06-11 00:00:00
11385405,SHOPEE,SHOPEE,-,Not Hold,Sesuai update CS,Sesuai update CS,MARKETPLACE,Sesuai update CS,Sesuai update CS,2026-06-11 00:00:00
80514305,SHOPEE,SHOPEE,-,Not Hold,Sesuai update CS,Sesuai update CS,MARKETPLACE,Sesuai update CS,Sesuai update CS,2026-06-11 00:00:00
80514322,SHOPEE,SHOPEE,-,Not Hold,Sesuai update CS,Sesuai update CS,MARKETPLACE - Shopee Reverse,Sesuai update CS,Sesuai update CS,2026-06-11 00:00:00
80514318,SHOPEE,SHOPEE,-,Not Hold,Sesuai update CS,Sesuai update CS,MARKETPLACE - Shopee Reverse,Sesuai update CS,Sesuai update CS,2026-06-11 00:00:00
80514320,SHOPEE,SHOPEE,-,Not Hold,Sesuai update CS,Sesuai update CS,MARKETPLACE - Shopee Reverse,Sesuai update CS,Sesuai update CS,2026-06-11 00:00:00
80514323,SHOPEE,SHOPEE,-,Not Hold,Sesuai update CS,Sesuai update CS,MARKETPLACE - Shopee Reverse,Sesuai update CS,Sesuai update CS,2026-06-11 00:00:00
10910200,SI CEPAT EXPRESS,SI CEPAT EXPRESS,-,-,-,-,CORPORATE KOE,-,-,2026-06-11 00:00:00
80818400,SICEPAT EKSPRES INDONESIA,SICEPAT EKSPRES INDONESIA,,Not Hold,Tidak ada masa Hold,2 X SLA Publish,3PL & LOGISTIC,2 X SLA Publish,2 X SLA Publish,2026-06-11 00:00:00
80818401,SICEPAT EKSPRES INDONESIA,SICEPAT EKSPRES INDONESIA,,Not Hold,Tidak ada masa Hold,2 X SLA Publish,3PL & LOGISTIC,2 X SLA Publish,2 X SLA Publish,2025-04-21 00:00:00
80818402,SICEPAT EKSPRES INDONESIA,SICEPAT EKSPRES INDONESIA,,Not Hold,Tidak ada masa Hold,2 X SLA Publish,3PL & LOGISTIC,2 X SLA Publish,2 X SLA Publish,2022-09-21 00:00:00
80818403,SICEPAT EKSPRES INDONESIA,SICEPAT EKSPRES INDONESIA,,Not Hold,Tidak ada masa Hold,2 X SLA Publish,3PL & LOGISTIC,2 X SLA Publish,2 X SLA Publish,2022-09-21 00:00:00
80818404,SICEPAT EKSPRES INDONESIA,SICEPAT EKSPRES INDONESIA,,Not Hold,Tidak ada masa Hold,2 X SLA Publish,3PL & LOGISTIC,2 X SLA Publish,2 X SLA Publish,2022-09-21 00:00:00
10919400,SILVYA PRINTING,SILVYA PRINTING,-,-,-,-,CORPORATE KOE,-,-,2025-12-22 00:00:00
80712300,SIMASRIM,SIMASRIM,,Hold,7,Tidak ada Breach,AGGREGATOR,Tidak ada Breach,Tidak ada Breach,2025-12-22 00:00:00
80712301,SIMASRIM,SIMASRIM,,Hold,7,Tidak ada Breach,AGGREGATOR,Tidak ada Breach,Tidak ada Breach,2025-12-22 00:00:00
80712302,SIMASRIM,SIMASRIM,,Hold,7,Tidak ada Breach,AGGREGATOR,Tidak ada Breach,Tidak ada Breach,2025-12-22 00:00:00
80712303,SIMASRIM,SIMASRIM,,Hold,7,Tidak ada Breach,AGGREGATOR,Tidak ada Breach,Tidak ada Breach,2026-06-11 00:00:00
80712304,SIMASRIM,SIMASRIM,,Hold,7,Tidak ada Breach,AGGREGATOR,Tidak ada Breach,Tidak ada Breach,2026-06-11 00:00:00
10915100,SIMSON OLLSHOP,SIMSON OLLSHOP,-,-,-,-,CORPORATE KOE,-,-,2026-06-11 00:00:00
10937802,SINAR KARYA TIMUR MANDIRI KEFA CV,SINAR KARYA TIMUR MANDIRI KEFA CV,-,-,-,-,CORPORATE KOE,-,-,2026-06-11 00:00:00
10937801,SINAR KARYAS TIMUR MANDIRI CV (LION PARCEL PROJECT TUJUAN INTRA TIMOR - SOE TO KOE) ,SINAR KARYAS TIMUR MANDIRI CV (LION PARCEL PROJECT TUJUAN INTRA TIMOR - SOE TO KOE) ,-,-,-,-,CORPORATE KOE,-,-,2026-06-11 00:00:00
10937800,SINAR KARYAS TIMUR MANDIRI CV (LION PARCEL PROJECT TUJUAN INTRA TIMOR) ,SINAR KARYAS TIMUR MANDIRI CV (LION PARCEL PROJECT TUJUAN INTRA TIMOR) ,-,-,-,-,CORPORATE KOE,-,-,2026-06-11 00:00:00
10661400,ASURANSI JIWA SINARMAS MSIG,SINARMAS MSIG,,Not Hold,Tidak ada masa Hold,"Harus Closing pada tanggal 15 dibulan berikutnya (Final status SUSKES, RETURN Shipeer dan Missing) ",BANKING & INSURANCE,Harus Closing pada tanggal 15 dibulan berikutnya,Harus Closing pada tanggal 15 dibulan berikutnya,2026-06-11 00:00:00
11010203,ASURANSI JIWA SINARMAS MSIG,SINARMAS MSIG,,Not Hold,Tidak ada masa Hold,"Harus Closing pada tanggal 15 dibulan berikutnya (Final status SUSKES, RETURN Shipeer dan Missing) ",BANKING & INSURANCE,Harus Closing pada tanggal 15 dibulan berikutnya,Harus Closing pada tanggal 15 dibulan berikutnya,2026-06-11 00:00:00
11018200,ASURANSI JIWA SINARMAS MSIG,SINARMAS MSIG,,Not Hold,Tidak ada masa Hold,"Harus Closing pada tanggal 15 dibulan berikutnya (Final status SUSKES, RETURN Shipeer dan Missing) ",BANKING & INSURANCE,Harus Closing pada tanggal 15 dibulan berikutnya,Harus Closing pada tanggal 15 dibulan berikutnya,2026-06-11 00:00:00
11018203,ASURANSI JIWA SINARMAS MSIG,SINARMAS MSIG,,Not Hold,Tidak ada masa Hold,"Harus Closing pada tanggal 15 dibulan berikutnya (Final status SUSKES, RETURN Shipeer dan Missing) ",BANKING & INSURANCE,Harus Closing pada tanggal 15 dibulan berikutnya,Harus Closing pada tanggal 15 dibulan berikutnya,2026-06-11 00:00:00
11018207,ASURANSI JIWA SINARMAS MSIG,SINARMAS MSIG,,Not Hold,Tidak ada masa Hold,"Harus Closing pada tanggal 15 dibulan berikutnya (Final status SUSKES, RETURN Shipeer dan Missing) ",BANKING & INSURANCE,Harus Closing pada tanggal 15 dibulan berikutnya,Harus Closing pada tanggal 15 dibulan berikutnya,2026-06-11 00:00:00
11018210,ASURANSI JIWA SINARMAS MSIG,SINARMAS MSIG,,Not Hold,Tidak ada masa Hold,"Harus Closing pada tanggal 15 dibulan berikutnya (Final status SUSKES, RETURN Shipeer dan Missing) ",BANKING & INSURANCE,Harus Closing pada tanggal 15 dibulan berikutnya,Harus Closing pada tanggal 15 dibulan berikutnya,2026-06-11 00:00:00
11018227,ASURANSI JIWA SINARMAS MSIG,SINARMAS MSIG,,Not Hold,Tidak ada masa Hold,"Harus Closing pada tanggal 15 dibulan berikutnya (Final status SUSKES, RETURN Shipeer dan Missing) ",BANKING & INSURANCE,Harus Closing pada tanggal 15 dibulan berikutnya,Harus Closing pada tanggal 15 dibulan berikutnya,2026-06-11 00:00:00
11018237,ASURANSI JIWA SINARMAS MSIG,SINARMAS MSIG,,Not Hold,Tidak ada masa Hold,"Harus Closing pada tanggal 15 dibulan berikutnya (Final status SUSKES, RETURN Shipeer dan Missing) ",BANKING & INSURANCE,Harus Closing pada tanggal 15 dibulan berikutnya,Harus Closing pada tanggal 15 dibulan berikutnya,2026-06-11 00:00:00
80510300,ASURANSI JIWA SINARMAS MSIG,SINARMAS MSIG,,Not Hold,Tidak ada masa Hold,"Harus Closing pada tanggal 15 dibulan berikutnya (Final status SUSKES, RETURN Shipeer dan Missing) ",BANKING & INSURANCE,Harus Closing pada tanggal 15 dibulan berikutnya,Harus Closing pada tanggal 15 dibulan berikutnya,2026-06-11 00:00:00
80510301,ASURANSI JIWA SINARMAS MSIG,SINARMAS MSIG,,Not Hold,Tidak ada masa Hold,"Harus Closing pada tanggal 15 dibulan berikutnya (Final status SUSKES, RETURN Shipeer dan Missing) ",BANKING & INSURANCE,Harus Closing pada tanggal 15 dibulan berikutnya,Harus Closing pada tanggal 15 dibulan berikutnya,2026-06-11 00:00:00
81622600,ASURANSI JIWA SINARMAS MSIG,SINARMAS MSIG,,Not Hold,Tidak ada masa Hold,"Harus Closing pada tanggal 15 dibulan berikutnya (Final status SUSKES, RETURN Shipeer dan Missing) ",BANKING & INSURANCE,Harus Closing pada tanggal 15 dibulan berikutnya,Harus Closing pada tanggal 15 dibulan berikutnya,2026-06-11 00:00:00
81634800,ASURANSI JIWA SINARMAS MSIG,SINARMAS MSIG,,Not Hold,Tidak ada masa Hold,"Harus Closing pada tanggal 15 dibulan berikutnya (Final status SUSKES, RETURN Shipeer dan Missing) ",BANKING & INSURANCE,Harus Closing pada tanggal 15 dibulan berikutnya,Harus Closing pada tanggal 15 dibulan berikutnya,2026-06-11 00:00:00
81634801,ASURANSI JIWA SINARMAS MSIG,SINARMAS MSIG,,Not Hold,Tidak ada masa Hold,"Harus Closing pada tanggal 15 dibulan berikutnya (Final status SUSKES, RETURN Shipeer dan Missing) ",BANKING & INSURANCE,Harus Closing pada tanggal 15 dibulan berikutnya,Harus Closing pada tanggal 15 dibulan berikutnya,2026-06-11 00:00:00
81634802,ASURANSI JIWA SINARMAS MSIG,SINARMAS MSIG,,Not Hold,Tidak ada masa Hold,"Harus Closing pada tanggal 15 dibulan berikutnya (Final status SUSKES, RETURN Shipeer dan Missing) ",BANKING & INSURANCE,Harus Closing pada tanggal 15 dibulan berikutnya,Harus Closing pada tanggal 15 dibulan berikutnya,2026-06-11 00:00:00
81634803,ASURANSI JIWA SINARMAS MSIG,SINARMAS MSIG,,Not Hold,Tidak ada masa Hold,"Harus Closing pada tanggal 15 dibulan berikutnya (Final status SUSKES, RETURN Shipeer dan Missing) ",BANKING & INSURANCE,Harus Closing pada tanggal 15 dibulan berikutnya,Harus Closing pada tanggal 15 dibulan berikutnya,-
81634804,ASURANSI JIWA SINARMAS MSIG,SINARMAS MSIG,,Not Hold,Tidak ada masa Hold,"Harus Closing pada tanggal 15 dibulan berikutnya (Final status SUSKES, RETURN Shipeer dan Missing) ",BANKING & INSURANCE,Harus Closing pada tanggal 15 dibulan berikutnya,Harus Closing pada tanggal 15 dibulan berikutnya,-
81634805,ASURANSI JIWA SINARMAS MSIG,SINARMAS MSIG,,Not Hold,Tidak ada masa Hold,"Harus Closing pada tanggal 15 dibulan berikutnya (Final status SUSKES, RETURN Shipeer dan Missing) ",BANKING & INSURANCE,Harus Closing pada tanggal 15 dibulan berikutnya,Harus Closing pada tanggal 15 dibulan berikutnya,-
81634806,ASURANSI JIWA SINARMAS MSIG,SINARMAS MSIG,,Not Hold,Tidak ada masa Hold,"Harus Closing pada tanggal 15 dibulan berikutnya (Final status SUSKES, RETURN Shipeer dan Missing) ",BANKING & INSURANCE,Harus Closing pada tanggal 15 dibulan berikutnya,Harus Closing pada tanggal 15 dibulan berikutnya,-
81634807,ASURANSI JIWA SINARMAS MSIG,SINARMAS MSIG,,Not Hold,Tidak ada masa Hold,"Harus Closing pada tanggal 15 dibulan berikutnya (Final status SUSKES, RETURN Shipeer dan Missing) ",BANKING & INSURANCE,Harus Closing pada tanggal 15 dibulan berikutnya,Harus Closing pada tanggal 15 dibulan berikutnya,-
81634808,ASURANSI JIWA SINARMAS MSIG,SINARMAS MSIG,,Not Hold,Tidak ada masa Hold,"Harus Closing pada tanggal 15 dibulan berikutnya (Final status SUSKES, RETURN Shipeer dan Missing) ",BANKING & INSURANCE,Harus Closing pada tanggal 15 dibulan berikutnya,Harus Closing pada tanggal 15 dibulan berikutnya,-
81634809,ASURANSI JIWA SINARMAS MSIG,SINARMAS MSIG,,Not Hold,Tidak ada masa Hold,"Harus Closing pada tanggal 15 dibulan berikutnya (Final status SUSKES, RETURN Shipeer dan Missing) ",BANKING & INSURANCE,Harus Closing pada tanggal 15 dibulan berikutnya,Harus Closing pada tanggal 15 dibulan berikutnya,-
81634810,ASURANSI JIWA SINARMAS MSIG,SINARMAS MSIG,,Not Hold,Tidak ada masa Hold,"Harus Closing pada tanggal 15 dibulan berikutnya (Final status SUSKES, RETURN Shipeer dan Missing) ",BANKING & INSURANCE,Harus Closing pada tanggal 15 dibulan berikutnya,Harus Closing pada tanggal 15 dibulan berikutnya,-
81634811,ASURANSI JIWA SINARMAS MSIG,SINARMAS MSIG,,Not Hold,Tidak ada masa Hold,"Harus Closing pada tanggal 15 dibulan berikutnya (Final status SUSKES, RETURN Shipeer dan Missing) ",BANKING & INSURANCE,Harus Closing pada tanggal 15 dibulan berikutnya,Harus Closing pada tanggal 15 dibulan berikutnya,-
81634812,ASURANSI JIWA SINARMAS MSIG,SINARMAS MSIG,,Not Hold,Tidak ada masa Hold,"Harus Closing pada tanggal 15 dibulan berikutnya (Final status SUSKES, RETURN Shipeer dan Missing) ",BANKING & INSURANCE,Harus Closing pada tanggal 15 dibulan berikutnya,Harus Closing pada tanggal 15 dibulan berikutnya,-
81634813,ASURANSI JIWA SINARMAS MSIG,SINARMAS MSIG,,Not Hold,Tidak ada masa Hold,"Harus Closing pada tanggal 15 dibulan berikutnya (Final status SUSKES, RETURN Shipeer dan Missing) ",BANKING & INSURANCE,Harus Closing pada tanggal 15 dibulan berikutnya,Harus Closing pada tanggal 15 dibulan berikutnya,-
81634814,ASURANSI JIWA SINARMAS MSIG,SINARMAS MSIG,,Not Hold,Tidak ada masa Hold,"Harus Closing pada tanggal 15 dibulan berikutnya (Final status SUSKES, RETURN Shipeer dan Missing) ",BANKING & INSURANCE,Harus Closing pada tanggal 15 dibulan berikutnya,Harus Closing pada tanggal 15 dibulan berikutnya,-
10929400,SKIPM KUPANG,SKIPM KUPANG,-,-,-,-,CORPORATE KOE,-,-,-
10933400,SMS FINANCE CABANG ATAMBUA,SMS FINANCE CABANG ATAMBUA,-,-,-,-,CORPORATE KOE,-,-,-
10935000,SOBAT TECHNOPRENEUR,SOBAT TECHNOPRENEUR,,Hold,5,"A-B : 40 hari, C-D: 50 Hari",SOCIAL COMMERCE,40,50,-
10935001,SOBAT TECHNOPRENEUR,SOBAT TECHNOPRENEUR,,Hold,5,"A-B : 40 hari, C-D: 50 Hari",SOCIAL COMMERCE,40,50,-
10935002,SOBAT TECHNOPRENEUR,SOBAT TECHNOPRENEUR,,Hold,5,"A-B : 40 hari, C-D: 50 Hari",SOCIAL COMMERCE,40,50,-
10935003,SOBAT TECHNOPRENEUR,SOBAT TECHNOPRENEUR,,Hold,5,"A-B : 40 hari, C-D: 50 Hari",SOCIAL COMMERCE,40,50,-
10935100,SOBAT TECHNOPRENEUR,SOBAT TECHNOPRENEUR,,Hold,5,"A-B : 40 hari, C-D: 50 Hari",SOCIAL COMMERCE,40,50,-
10935101,SOBAT TECHNOPRENEUR,SOBAT TECHNOPRENEUR,,Hold,5,"A-B : 40 hari, C-D: 50 Hari",SOCIAL COMMERCE,40,50,-
10935102,SOBAT TECHNOPRENEUR,SOBAT TECHNOPRENEUR,,Hold,5,"A-B : 40 hari, C-D: 50 Hari",SOCIAL COMMERCE,40,50,-
10935103,SOBAT TECHNOPRENEUR,SOBAT TECHNOPRENEUR,,Hold,5,"A-B : 40 hari, C-D: 50 Hari",SOCIAL COMMERCE,40,50,-
80814000,SOBAT TECHNOPRENEUR,SOBAT TECHNOPRENEUR,,Hold,5,"A-B : 40 hari, C-D: 50 Hari",SOCIAL COMMERCE,40,50,-
80814001,SOBAT TECHNOPRENEUR,SOBAT TECHNOPRENEUR,,Hold,5,"A-B : 40 hari, C-D: 50 Hari",SOCIAL COMMERCE,40,50,-
80814002,SOBAT TECHNOPRENEUR,SOBAT TECHNOPRENEUR,,Hold,5,"A-B : 40 hari, C-D: 50 Hari",SOCIAL COMMERCE,40,50,-
80814003,SOBAT TECHNOPRENEUR,SOBAT TECHNOPRENEUR,,Hold,5,"A-B : 40 hari, C-D: 50 Hari",SOCIAL COMMERCE,40,50,-
81702100,SOBAT TECHNOPRENEUR,SOBAT TECHNOPRENEUR,,Hold,5,"A-B : 40 hari, C-D: 50 Hari",SOCIAL COMMERCE,40,50,-
81715000,SOBAT TECHNOPRENEUR,SOBAT TECHNOPRENEUR,,Hold,5,"A-B : 40 hari, C-D: 50 Hari",SOCIAL COMMERCE,40,50,-
81715001,SOBAT TECHNOPRENEUR,SOBAT TECHNOPRENEUR,,Hold,5,"A-B : 40 hari, C-D: 50 Hari",SOCIAL COMMERCE,40,50,-
81715002,SOBAT TECHNOPRENEUR,SOBAT TECHNOPRENEUR,,Hold,5,"A-B : 40 hari, C-D: 50 Hari",SOCIAL COMMERCE,40,50,-
81937700,SOBAT SEHAT BERSAMA - NON COD,SOBAT TECHNOPRENEUR,,Hold,5,"A-B : 40 hari, C-D: 50 Hari",SOCIAL COMMERCE,40,50,-
81937701,SOBAT SEHAT BERSAMA - COD,SOBAT TECHNOPRENEUR,,Hold,5,"A-B : 40 hari, C-D: 50 Hari",SOCIAL COMMERCE,40,50,-
80051210,SOCIAL BELLA (SOCIOLLA),SOCIOLLA,,Not Hold,Tidak ada masa Hold,Tidak ada Breach,E-COMMERCE,Tidak ada Breach,Tidak ada Breach,-
80051211,SOCIAL BELLA (SOCIOLLA),SOCIOLLA,,Not Hold,Tidak ada masa Hold,Tidak ada Breach,E-COMMERCE,Tidak ada Breach,Tidak ada Breach,-
80545500,SOCIAL BELLA (SOCIOLLA),SOCIOLLA,,Not Hold,Tidak ada masa Hold,Tidak ada Breach,E-COMMERCE,Tidak ada Breach,Tidak ada Breach,-
80545501,SOCIAL BELLA (SOCIOLLA),SOCIOLLA,,Not Hold,Tidak ada masa Hold,Tidak ada Breach,E-COMMERCE,Tidak ada Breach,Tidak ada Breach,-
80545502,SOCIAL BELLA (SOCIOLLA),SOCIOLLA,,Not Hold,Tidak ada masa Hold,Tidak ada Breach,E-COMMERCE,Tidak ada Breach,Tidak ada Breach,-
80545503,SOCIAL BELLA (SOCIOLLA),SOCIOLLA,,Not Hold,Tidak ada masa Hold,Tidak ada Breach,E-COMMERCE,Tidak ada Breach,Tidak ada Breach,-
80545504,SOCIAL BELLA (SOCIOLLA),SOCIOLLA,,Not Hold,Tidak ada masa Hold,Tidak ada Breach,E-COMMERCE,Tidak ada Breach,Tidak ada Breach,-
80545505,SOCIAL BELLA (SOCIOLLA),SOCIOLLA,,Not Hold,Tidak ada masa Hold,Tidak ada Breach,E-COMMERCE,Tidak ada Breach,Tidak ada Breach,-
80545506,SOCIAL BELLA (SOCIOLLA),SOCIOLLA,,Not Hold,Tidak ada masa Hold,Tidak ada Breach,E-COMMERCE,Tidak ada Breach,Tidak ada Breach,-
80545507,SOCIAL BELLA (SOCIOLLA),SOCIOLLA,,Not Hold,Tidak ada masa Hold,Tidak ada Breach,E-COMMERCE,Tidak ada Breach,Tidak ada Breach,-
80545508,SOCIAL BELLA (SOCIOLLA),SOCIOLLA,,Not Hold,Tidak ada masa Hold,Tidak ada Breach,E-COMMERCE,Tidak ada Breach,Tidak ada Breach,-
10913900,SOLINGEN KUPANG,SOLINGEN KUPANG,-,-,-,-,CORPORATE KOE,-,-,-
80084001,SOPHIE PARIS INDONESIA,SOPHIE PARIS,,Not Hold,Tidak ada masa Hold,Tidak ada Breach,FULFILLMENT,Tidak ada Breach,Tidak ada Breach,-
80084002,SOPHIE PARIS INDONESIA,SOPHIE PARIS,,Not Hold,Tidak ada masa Hold,Tidak ada Breach,FULFILLMENT,Tidak ada Breach,Tidak ada Breach,-
80536400,SOPHIE PARIS INDONESIA,SOPHIE PARIS,,Not Hold,Tidak ada masa Hold,Tidak ada Breach,FULFILLMENT,Tidak ada Breach,Tidak ada Breach,-
80536401,SOPHIE PARIS INDONESIA,SOPHIE PARIS,,Not Hold,Tidak ada masa Hold,Tidak ada Breach,FULFILLMENT,Tidak ada Breach,Tidak ada Breach,-
80536402,SOPHIE PARIS INDONESIA,SOPHIE PARIS,,Not Hold,Tidak ada masa Hold,Tidak ada Breach,FULFILLMENT,Tidak ada Breach,Tidak ada Breach,-
80536403,OMNICHANEL RETAIL INDONESIA,SOPHIE PARIS,,Not Hold,Tidak ada masa Hold,Tidak ada Breach,FULFILLMENT,Tidak ada Breach,Tidak ada Breach,-
80656800,SOPHIE PARIS INDONESIA,SOPHIE PARIS (FLEXO),,Not Hold,Tidak ada masa Hold,Tidak ada Breach,FULFILLMENT,Tidak ada Breach,Tidak ada Breach,-
10502800,STASIUN METEOROLOGI ELTARI KUPANG,STASIUN METEOROLOGI ELTARI KUPANG,-,-,-,-,CORPORATE KOE,-,-,-
12043500,STIKES NUSANTARA,STIKES NUSANTARA,-,-,-,-,PROJECT KOE,-,-,-
10506300,SURYA CITRA TIMOR CV.,SURYA CITRA TIMOR CV.,-,-,-,-,CORPORATE KOE,-,-,-
10503800,SWISS BELIIN KRISTAL KUPANG,SWISS BELIIN KRISTAL KUPANG,-,-,-,-,CORPORATE KOE,-,-,-
80649600,SEEBUH COM,TAMAM GROUP,,Not Hold,Tidak ada masa Hold,"A-B : 40 hari, C-D: 50 Hari",SOCIAL COMMERCE,40,50,-
80649601,SEEBUH COM,TAMAM GROUP,,Not Hold,Tidak ada masa Hold,"A-B : 40 hari, C-D: 50 Hari",SOCIAL COMMERCE,40,50,-
80649602,SEEBUH COM,TAMAM GROUP,,Not Hold,Tidak ada masa Hold,"A-B : 40 hari, C-D: 50 Hari",SOCIAL COMMERCE,40,50,-
80649603,SEEBUH COM,TAMAM GROUP,,Not Hold,Tidak ada masa Hold,"A-B : 40 hari, C-D: 50 Hari",SOCIAL COMMERCE,40,50,-
80784000,ORIYA KHZANAH SEJAHTERA,TAMAM GROUP,,Not Hold,Tidak ada masa Hold,"A-B : 40 hari, C-D: 50 Hari",SOCIAL COMMERCE,40,50,-
80784001,ORIYA KHZANAH SEJAHTERA,TAMAM GROUP,,Not Hold,Tidak ada masa Hold,"A-B : 40 hari, C-D: 50 Hari",SOCIAL COMMERCE,40,50,-
80784002,ORIYA KHAZANAH SEJAHTERA PT,TAMAM GROUP,,Not Hold,Tidak ada masa Hold,"A-B : 40 hari, C-D: 50 Hari",SOCIAL COMMERCE,40,50,-
80784003,ORIYA KHAZANAH SEJAHTERA PT,TAMAM GROUP,,Not Hold,Tidak ada masa Hold,"A-B : 40 hari, C-D: 50 Hari",SOCIAL COMMERCE,40,50,-
10916800,TANJUNG PURA,TANJUNG PURA,-,-,-,-,CORPORATE KOE,-,-,-
80711001,ASYROF,TDA (TANGAN DIATAS) GROUP,,Hold,5,"A-B : 40 hari, C-D: 50 Hari",SOCIAL COMMERCE,40,50,-
80711002,ASYROF,TDA (TANGAN DIATAS) GROUP,,Hold,5,"A-B : 40 hari, C-D: 50 Hari",SOCIAL COMMERCE,40,50,-
80725102,SZEP BERKAH BERJAYA,TDA (TANGAN DIATAS) GROUP,,Hold,5,"A-B : 40 hari, C-D: 50 Hari",SOCIAL COMMERCE,40,50,-
80725103,SZEP BERKAH BERJAYA,TDA (TANGAN DIATAS) GROUP,,Hold,5,"A-B : 40 hari, C-D: 50 Hari",SOCIAL COMMERCE,40,50,-
80741900,ANDIRA JAYA PERKASA,TDA (TANGAN DIATAS) GROUP,,Hold,5,"A-B : 40 hari, C-D: 50 Hari",SOCIAL COMMERCE,40,50,-
80741901,ANDIRA JAYA PERKASA,TDA (TANGAN DIATAS) GROUP,,Hold,5,"A-B : 40 hari, C-D: 50 Hari",SOCIAL COMMERCE,40,50,-
80741902,ANDIRA JAYA PERKASA,TDA (TANGAN DIATAS) GROUP,,Hold,5,"A-B : 40 hari, C-D: 50 Hari",SOCIAL COMMERCE,40,50,-
80741903,ANDIRA JAYA PERKASA,TDA (TANGAN DIATAS) GROUP,,Hold,5,"A-B : 40 hari, C-D: 50 Hari",SOCIAL COMMERCE,40,50,-
80741904,ANDIRA JAYA PERKASA,TDA (TANGAN DIATAS) GROUP,,Hold,5,"A-B : 40 hari, C-D: 50 Hari",SOCIAL COMMERCE,40,50,-
80742000,MASTHA MEDICA,TDA (TANGAN DIATAS) GROUP,,Hold,5,"A-B : 40 hari, C-D: 50 Hari",SOCIAL COMMERCE,40,50,-
80742001,MASTHA MEDICA,TDA (TANGAN DIATAS) GROUP,,Hold,5,"A-B : 40 hari, C-D: 50 Hari",SOCIAL COMMERCE,40,50,-
80742002,MASTHA MEDICA,TDA (TANGAN DIATAS) GROUP,,Hold,5,"A-B : 40 hari, C-D: 50 Hari",SOCIAL COMMERCE,40,50,-
80742003,MASTHA MEDICA,TDA (TANGAN DIATAS) GROUP,,Hold,5,"A-B : 40 hari, C-D: 50 Hari",SOCIAL COMMERCE,40,50,-
80742004,MASTHA MEDICA,TDA (TANGAN DIATAS) GROUP,,Hold,5,"A-B : 40 hari, C-D: 50 Hari",SOCIAL COMMERCE,40,50,-
80742100,NICE FOR KIDS,TDA (TANGAN DIATAS) GROUP,,Hold,5,"A-B : 40 hari, C-D: 50 Hari",SOCIAL COMMERCE,40,50,-
80742101,NICE FOR KIDS,TDA (TANGAN DIATAS) GROUP,,Hold,5,"A-B : 40 hari, C-D: 50 Hari",SOCIAL COMMERCE,40,50,-
80742102,NICE FOR KIDS,TDA (TANGAN DIATAS) GROUP,,Hold,5,"A-B : 40 hari, C-D: 50 Hari",SOCIAL COMMERCE,40,50,-
80742103,NICE FOR KIDS,TDA (TANGAN DIATAS) GROUP,,Hold,5,"A-B : 40 hari, C-D: 50 Hari",SOCIAL COMMERCE,40,50,-
80742104,NICE FOR KIDS,TDA (TANGAN DIATAS) GROUP,,Hold,5,"A-B : 40 hari, C-D: 50 Hari",SOCIAL COMMERCE,40,50,-
80742200,BAYIBUNDA ID,TDA (TANGAN DIATAS) GROUP,,Hold,5,"A-B : 40 hari, C-D: 50 Hari",SOCIAL COMMERCE,40,50,-
80742201,BAYIBUNDA ID,TDA (TANGAN DIATAS) GROUP,,Hold,5,"A-B : 40 hari, C-D: 50 Hari",SOCIAL COMMERCE,40,50,-
80742202,BAYIBUNDA ID,TDA (TANGAN DIATAS) GROUP,,Hold,5,"A-B : 40 hari, C-D: 50 Hari",SOCIAL COMMERCE,40,50,-
80742203,BAYIBUNDA ID,TDA (TANGAN DIATAS) GROUP,,Hold,5,"A-B : 40 hari, C-D: 50 Hari",SOCIAL COMMERCE,40,50,-
80742204,BAYIBUNDA ID,TDA (TANGAN DIATAS) GROUP,,Hold,5,"A-B : 40 hari, C-D: 50 Hari",SOCIAL COMMERCE,40,50,-
80742500,EZPATA CLOTHING,TDA (TANGAN DIATAS) GROUP,,Hold,5,"A-B : 40 hari, C-D: 50 Hari",SOCIAL COMMERCE,40,50,-
80742501,EZPATA CLOTHING,TDA (TANGAN DIATAS) GROUP,,Hold,5,"A-B : 40 hari, C-D: 50 Hari",SOCIAL COMMERCE,40,50,-
80742502,EZPATA CLOTHING,TDA (TANGAN DIATAS) GROUP,,Hold,5,"A-B : 40 hari, C-D: 50 Hari",SOCIAL COMMERCE,40,50,-
80742503,EZPATA CLOTHING,TDA (TANGAN DIATAS) GROUP,,Hold,5,"A-B : 40 hari, C-D: 50 Hari",SOCIAL COMMERCE,40,50,-
80742504,EZPATA CLOTHING,TDA (TANGAN DIATAS) GROUP,,Hold,5,"A-B : 40 hari, C-D: 50 Hari",SOCIAL COMMERCE,40,50,-
80742600,LITTLE BEE BOUTIQUE,TDA (TANGAN DIATAS) GROUP,,Hold,5,"A-B : 40 hari, C-D: 50 Hari",SOCIAL COMMERCE,40,50,-
80742601,LITTLE BEE BOUTIQUE,TDA (TANGAN DIATAS) GROUP,,Hold,5,"A-B : 40 hari, C-D: 50 Hari",SOCIAL COMMERCE,40,50,-
80742602,LITTLE BEE BOUTIQUE,TDA (TANGAN DIATAS) GROUP,,Hold,5,"A-B : 40 hari, C-D: 50 Hari",SOCIAL COMMERCE,40,50,-
80742603,LITTLE BEE BOUTIQUE,TDA (TANGAN DIATAS) GROUP,,Hold,5,"A-B : 40 hari, C-D: 50 Hari",SOCIAL COMMERCE,40,50,-
80742604,LITTLE BEE BOUTIQUE,TDA (TANGAN DIATAS) GROUP,,Hold,5,"A-B : 40 hari, C-D: 50 Hari",SOCIAL COMMERCE,40,50,-
80742700,KIOS HADROH JEPARA,TDA (TANGAN DIATAS) GROUP,,Hold,5,"A-B : 40 hari, C-D: 50 Hari",SOCIAL COMMERCE,40,50,-
80742701,KIOS HADROH JEPARA,TDA (TANGAN DIATAS) GROUP,,Hold,5,"A-B : 40 hari, C-D: 50 Hari",SOCIAL COMMERCE,40,50,-
80742702,KIOS HADROH JEPARA,TDA (TANGAN DIATAS) GROUP,,Hold,5,"A-B : 40 hari, C-D: 50 Hari",SOCIAL COMMERCE,40,50,-
80742703,KIOS HADROH JEPARA,TDA (TANGAN DIATAS) GROUP,,Hold,5,"A-B : 40 hari, C-D: 50 Hari",SOCIAL COMMERCE,40,50,-
80742704,KIOS HADROH JEPARA,TDA (TANGAN DIATAS) GROUP,,Hold,5,"A-B : 40 hari, C-D: 50 Hari",SOCIAL COMMERCE,40,50,-
80743000,MY CRAFT IDEA,TDA (TANGAN DIATAS) GROUP,,Hold,5,"A-B : 40 hari, C-D: 50 Hari",SOCIAL COMMERCE,40,50,-
80743001,MY CRAFT IDEA,TDA (TANGAN DIATAS) GROUP,,Hold,5,"A-B : 40 hari, C-D: 50 Hari",SOCIAL COMMERCE,40,50,-
80743002,MY CRAFT IDEA,TDA (TANGAN DIATAS) GROUP,,Hold,5,"A-B : 40 hari, C-D: 50 Hari",SOCIAL COMMERCE,40,50,-
80743003,MY CRAFT IDEA,TDA (TANGAN DIATAS) GROUP,,Hold,5,"A-B : 40 hari, C-D: 50 Hari",SOCIAL COMMERCE,40,50,-
80743004,MY CRAFT IDEA,TDA (TANGAN DIATAS) GROUP,,Hold,5,"A-B : 40 hari, C-D: 50 Hari",SOCIAL COMMERCE,40,50,-
80743900,MAMA HAMIL BUTIK X,TDA (TANGAN DIATAS) GROUP,,Hold,5,"A-B : 40 hari, C-D: 50 Hari",SOCIAL COMMERCE,40,50,-
80743901,MAMA HAMIL BUTIK X,TDA (TANGAN DIATAS) GROUP,,Hold,5,"A-B : 40 hari, C-D: 50 Hari",SOCIAL COMMERCE,40,50,-
80743902,MAMA HAMIL BUTIK X,TDA (TANGAN DIATAS) GROUP,,Hold,5,"A-B : 40 hari, C-D: 50 Hari",SOCIAL COMMERCE,40,50,-
80743903,MAMA HAMIL BUTIK X,TDA (TANGAN DIATAS) GROUP,,Hold,5,"A-B : 40 hari, C-D: 50 Hari",SOCIAL COMMERCE,40,50,-
80743904,MAMA HAMIL BUTIK X,TDA (TANGAN DIATAS) GROUP,,Hold,5,"A-B : 40 hari, C-D: 50 Hari",SOCIAL COMMERCE,40,50,-
81039500,TOKO KANGTAU SERBA GROSIR,TDA (TANGAN DIATAS) GROUP,,Hold,5,"A-B : 40 hari, C-D: 50 Hari",SOCIAL COMMERCE,40,50,-
81039501,TOKO KANGTAU SERBA GROSIR,TDA (TANGAN DIATAS) GROUP,,Hold,5,"A-B : 40 hari, C-D: 50 Hari",SOCIAL COMMERCE,40,50,-
81039502,TOKO KANGTAU SERBA GROSIR,TDA (TANGAN DIATAS) GROUP,,Hold,5,"A-B : 40 hari, C-D: 50 Hari",SOCIAL COMMERCE,40,50,-
81039503,TOKO KANGTAU SERBA GROSIR,TDA (TANGAN DIATAS) GROUP,,Hold,5,"A-B : 40 hari, C-D: 50 Hari",SOCIAL COMMERCE,40,50,-
81039504,TOKO KANGTAU SERBA GROSIR,TDA (TANGAN DIATAS) GROUP,,Hold,5,"A-B : 40 hari, C-D: 50 Hari",SOCIAL COMMERCE,40,50,-
80076600,TECKWAH TRADING INDONESIA,TECKWAH TRADING INDONESIA,,Not Hold,Tidak ada masa Hold,Tidak ada Breach,FULFILLMENT,Tidak ada Breach,Tidak ada Breach,-
80076601,TECKWAH TRADING INDONESIA,TECKWAH TRADING INDONESIA,,Not Hold,Tidak ada masa Hold,Tidak ada Breach,FULFILLMENT,Tidak ada Breach,Tidak ada Breach,-
80076602,TECKWAH TRADING INDONESIA,TECKWAH TRADING INDONESIA,,Not Hold,Tidak ada masa Hold,Tidak ada Breach,FULFILLMENT,Tidak ada Breach,Tidak ada Breach,-
80076603,TECKWAH TRADING INDONESIA,TECKWAH TRADING INDONESIA,,Not Hold,Tidak ada masa Hold,Tidak ada Breach,FULFILLMENT,Tidak ada Breach,Tidak ada Breach,-
80076604,TECKWAH TRADING INDONESIA,TECKWAH TRADING INDONESIA,,Not Hold,Tidak ada masa Hold,Tidak ada Breach,FULFILLMENT,Tidak ada Breach,Tidak ada Breach,-
11635800,TEL&C,TEL&C,,Not Hold,Tidak ada masa Hold,Tidak ada Breach,3PL & LOGISTIC,Tidak ada Breach,Tidak ada Breach,-
11635801,TEL&C,TEL&C,,Not Hold,Tidak ada masa Hold,Tidak ada Breach,3PL & LOGISTIC,Tidak ada Breach,Tidak ada Breach,-
80530800,TEL&C,TEL&C,,Not Hold,Tidak ada masa Hold,Tidak ada Breach,3PL & LOGISTIC,Tidak ada Breach,Tidak ada Breach,-
10934200,TELKOM,TELKOM,-,-,-,-,PROJECT KOE,-,-,-
12040600,TELKOM AKSES PT,TELKOM AKSES PT,-,-,-,-,CORPORATE KOE,-,-,-
11772000,TELKOMSEL,TELKOMSEL,,Not Hold,Tidak ada masa Hold,Tidak ada Breach,TELCO,Tidak ada Breach,Tidak ada Breach,-
11797100,TELKOMSEL,TELKOMSEL,,Not Hold,Tidak ada masa Hold,Tidak ada Breach,TELCO,Tidak ada Breach,Tidak ada Breach,-
11797101,TELKOMSEL,TELKOMSEL,,Not Hold,Tidak ada masa Hold,Tidak ada Breach,TELCO,Tidak ada Breach,Tidak ada Breach,-
80537700,TELKOMSEL BY U,TELKOMSEL,,Not Hold,Tidak ada masa Hold,Tidak ada Breach,TELCO,Tidak ada Breach,Tidak ada Breach,-
80537702,TELKOMSEL ORBIT,TELKOMSEL,,Not Hold,Tidak ada masa Hold,Tidak ada Breach,TELCO,Tidak ada Breach,Tidak ada Breach,-
80537703,TELKOMSEL ORBIT,TELKOMSEL,,Not Hold,Tidak ada masa Hold,Tidak ada Breach,TELCO,Tidak ada Breach,Tidak ada Breach,-
80537704,TELKOMSEL,TELKOMSEL,,Not Hold,Tidak ada masa Hold,Tidak ada Breach,TELCO,Tidak ada Breach,Tidak ada Breach,-
80537705,TELKOMSEL,TELKOMSEL,,Not Hold,Tidak ada masa Hold,Tidak ada Breach,TELCO,Tidak ada Breach,Tidak ada Breach,-
80537706,TELKOMSEL,TELKOMSEL,,Not Hold,Tidak ada masa Hold,Tidak ada Breach,TELCO,Tidak ada Breach,Tidak ada Breach,-
80537707,TELKOMSEL,TELKOMSEL,,Not Hold,Tidak ada masa Hold,Tidak ada Breach,TELCO,Tidak ada Breach,Tidak ada Breach,-
80537708,TELKOMSEL,TELKOMSEL,,Not Hold,Tidak ada masa Hold,Tidak ada Breach,TELCO,Tidak ada Breach,Tidak ada Breach,-
80537712,TELKOMSEL,TELKOMSEL,,Not Hold,Tidak ada masa Hold,Tidak ada Breach,TELCO,Tidak ada Breach,Tidak ada Breach,-
80537713,TELKOMSEL,TELKOMSEL,,Not Hold,Tidak ada masa Hold,Tidak ada Breach,TELCO,Tidak ada Breach,Tidak ada Breach,-
80537714,TELKOMSEL,TELKOMSEL,,Not Hold,Tidak ada masa Hold,Tidak ada Breach,TELCO,Tidak ada Breach,Tidak ada Breach,-
80537716,TELKOMSEL,TELKOMSEL,,Not Hold,Tidak ada masa Hold,Tidak ada Breach,TELCO,Tidak ada Breach,Tidak ada Breach,-
10913600,TENUN INA NDAO 2,TENUN INA NDAO 2,-,-,-,-,CORPORATE KOE,-,-,-
10005000,TIFANI DENTAL CARE,TIFANI DENTAL CARE,-,-,-,-,CORPORATE KOE,-,-,-
10934900,TIFANY DENTAL CASRE,TIFANY DENTAL CASRE,-,-,-,-,CORPORATE KOE,-,-,-
81093000,TIKTOK,TIKTOK,-,Not Hold,Sesuai update CS,Sesuai update CS,MARKETPLACE,Sesuai update CS,Sesuai update CS,-
81094400,TIKTOK,TIKTOK,-,Not Hold,Sesuai update CS,Sesuai update CS,MARKETPLACE,Sesuai update CS,Sesuai update CS,-
81094300,TIKTOK,TIKTOK,-,Not Hold,Sesuai update CS,Sesuai update CS,MARKETPLACE,Sesuai update CS,Sesuai update CS,-
80541520,TIKTOK,TIKTOK,-,Not Hold,Sesuai update CS,Sesuai update CS,MARKETPLACE,Sesuai update CS,Sesuai update CS,-
80541521,TIKTOK,TIKTOK,-,Not Hold,Sesuai update CS,Sesuai update CS,MARKETPLACE,Sesuai update CS,Sesuai update CS,-
80541523,TIKTOK,TIKTOK,-,Not Hold,Sesuai update CS,Sesuai update CS,MARKETPLACE,Sesuai update CS,Sesuai update CS,-
80541522,TIKTOK,TIKTOK,-,Not Hold,Sesuai update CS,Sesuai update CS,MARKETPLACE,Sesuai update CS,Sesuai update CS,-
80528210,TIKTOK,TIKTOK,-,Not Hold,Sesuai update CS,Sesuai update CS,MARKETPLACE,Sesuai update CS,Sesuai update CS,-
80561602,TIKTOK,TIKTOK,-,Not Hold,Sesuai update CS,Sesuai update CS,MARKETPLACE,Sesuai update CS,Sesuai update CS,-
10112000,TIME INTERNATIONAL,TIME INTERNATIONAL,,Not Hold,Tidak ada masa Hold,Tidak ada Breach,PRODUCT,Tidak ada Breach,Tidak ada Breach,-
10697900,TIME INTERNATIONAL,TIME INTERNATIONAL,,Not Hold,Tidak ada masa Hold,Tidak ada Breach,PRODUCT,Tidak ada Breach,Tidak ada Breach,-
10697901,TIME INTERNATIONAL,TIME INTERNATIONAL,,Not Hold,Tidak ada masa Hold,Tidak ada Breach,PRODUCT,Tidak ada Breach,Tidak ada Breach,-
10697902,TIME INTERNATIONAL,TIME INTERNATIONAL,,Not Hold,Tidak ada masa Hold,Tidak ada Breach,PRODUCT,Tidak ada Breach,Tidak ada Breach,-
10697903,TIME INTERNATIONAL,TIME INTERNATIONAL,,Not Hold,Tidak ada masa Hold,Tidak ada Breach,PRODUCT,Tidak ada Breach,Tidak ada Breach,-
10698000,TIME INTERNATIONAL,TIME INTERNATIONAL,,Not Hold,Tidak ada masa Hold,Tidak ada Breach,PRODUCT,Tidak ada Breach,Tidak ada Breach,-
10698100,TIME INTERNATIONAL,TIME INTERNATIONAL,,Not Hold,Tidak ada masa Hold,Tidak ada Breach,PRODUCT,Tidak ada Breach,Tidak ada Breach,-
10698104,TIME INTERNATIONAL,TIME INTERNATIONAL,,Not Hold,Tidak ada masa Hold,Tidak ada Breach,PRODUCT,Tidak ada Breach,Tidak ada Breach,-
10698105,TIME INTERNATIONAL,TIME INTERNATIONAL,,Not Hold,Tidak ada masa Hold,Tidak ada Breach,PRODUCT,Tidak ada Breach,Tidak ada Breach,-
10698106,TIME INTERNATIONAL,TIME INTERNATIONAL,,Not Hold,Tidak ada masa Hold,Tidak ada Breach,PRODUCT,Tidak ada Breach,Tidak ada Breach,-
10698108,TIME INTERNATIONAL,TIME INTERNATIONAL,,Not Hold,Tidak ada masa Hold,Tidak ada Breach,PRODUCT,Tidak ada Breach,Tidak ada Breach,-
10698109,TIME INTERNATIONAL,TIME INTERNATIONAL,,Not Hold,Tidak ada masa Hold,Tidak ada Breach,PRODUCT,Tidak ada Breach,Tidak ada Breach,-
10799700,TIME INTERNATIONAL,TIME INTERNATIONAL,,Not Hold,Tidak ada masa Hold,Tidak ada Breach,PRODUCT,Tidak ada Breach,Tidak ada Breach,-
10799701,TIME INTERNATIONAL,TIME INTERNATIONAL,,Not Hold,Tidak ada masa Hold,Tidak ada Breach,PRODUCT,Tidak ada Breach,Tidak ada Breach,-
10799702,TIME INTERNATIONAL,TIME INTERNATIONAL,,Not Hold,Tidak ada masa Hold,Tidak ada Breach,PRODUCT,Tidak ada Breach,Tidak ada Breach,-
10799703,TIME INTERNATIONAL,TIME INTERNATIONAL,,Not Hold,Tidak ada masa Hold,Tidak ada Breach,PRODUCT,Tidak ada Breach,Tidak ada Breach,-
10799704,TIME INTERNATIONAL,TIME INTERNATIONAL,,Not Hold,Tidak ada masa Hold,Tidak ada Breach,PRODUCT,Tidak ada Breach,Tidak ada Breach,-
10995100,TIME INTERNATIONAL,TIME INTERNATIONAL,,Not Hold,Tidak ada masa Hold,Tidak ada Breach,PRODUCT,Tidak ada Breach,Tidak ada Breach,-
10995101,TIME INTERNATIONAL,TIME INTERNATIONAL,,Not Hold,Tidak ada masa Hold,Tidak ada Breach,PRODUCT,Tidak ada Breach,Tidak ada Breach,-
11700200,TIME INTERNATIONAL,TIME INTERNATIONAL,,Not Hold,Tidak ada masa Hold,Tidak ada Breach,PRODUCT,Tidak ada Breach,Tidak ada Breach,-
11700201,TIME INTERNATIONAL,TIME INTERNATIONAL,,Not Hold,Tidak ada masa Hold,Tidak ada Breach,PRODUCT,Tidak ada Breach,Tidak ada Breach,-
11768500,TIME INTERNATIONAL,TIME INTERNATIONAL,,Not Hold,Tidak ada masa Hold,Tidak ada Breach,PRODUCT,Tidak ada Breach,Tidak ada Breach,-
80001000,TIME INTERNATIONAL,TIME INTERNATIONAL,,Not Hold,Tidak ada masa Hold,Tidak ada Breach,PRODUCT,Tidak ada Breach,Tidak ada Breach,-
80001001,TIME INTERNATIONAL,TIME INTERNATIONAL,,Not Hold,Tidak ada masa Hold,Tidak ada Breach,PRODUCT,Tidak ada Breach,Tidak ada Breach,-
80001002,TIME INTERNATIONAL,TIME INTERNATIONAL,,Not Hold,Tidak ada masa Hold,Tidak ada Breach,PRODUCT,Tidak ada Breach,Tidak ada Breach,-
80001003,TIME INTERNATIONAL,TIME INTERNATIONAL,,Not Hold,Tidak ada masa Hold,Tidak ada Breach,PRODUCT,Tidak ada Breach,Tidak ada Breach,-
80009300,TIME INTERNATIONAL,TIME INTERNATIONAL,,Not Hold,Tidak ada masa Hold,Tidak ada Breach,PRODUCT,Tidak ada Breach,Tidak ada Breach,-
80009301,TIME INTERNATIONAL,TIME INTERNATIONAL,,Not Hold,Tidak ada masa Hold,Tidak ada Breach,PRODUCT,Tidak ada Breach,Tidak ada Breach,-
80009302,TIME INTERNATIONAL,TIME INTERNATIONAL,,Not Hold,Tidak ada masa Hold,Tidak ada Breach,PRODUCT,Tidak ada Breach,Tidak ada Breach,-
80023900,TIME INTERNATIONAL,TIME INTERNATIONAL,,Not Hold,Tidak ada masa Hold,Tidak ada Breach,PRODUCT,Tidak ada Breach,Tidak ada Breach,-
80023901,TIME INTERNATIONAL,TIME INTERNATIONAL,,Not Hold,Tidak ada masa Hold,Tidak ada Breach,PRODUCT,Tidak ada Breach,Tidak ada Breach,-
80061400,TIME INTERNATIONAL,TIME INTERNATIONAL,,Not Hold,Tidak ada masa Hold,Tidak ada Breach,PRODUCT,Tidak ada Breach,Tidak ada Breach,-
80061401,TIME INTERNATIONAL,TIME INTERNATIONAL,,Not Hold,Tidak ada masa Hold,Tidak ada Breach,PRODUCT,Tidak ada Breach,Tidak ada Breach,-
80061402,TIME INTERNATIONAL,TIME INTERNATIONAL,,Not Hold,Tidak ada masa Hold,Tidak ada Breach,PRODUCT,Tidak ada Breach,Tidak ada Breach,-
80061403,TIME INTERNATIONAL,TIME INTERNATIONAL,,Not Hold,Tidak ada masa Hold,Tidak ada Breach,PRODUCT,Tidak ada Breach,Tidak ada Breach,-
80061404,TIME INTERNATIONAL,TIME INTERNATIONAL,,Not Hold,Tidak ada masa Hold,Tidak ada Breach,PRODUCT,Tidak ada Breach,Tidak ada Breach,-
80061405,TIME INTERNATIONAL,TIME INTERNATIONAL,,Not Hold,Tidak ada masa Hold,Tidak ada Breach,PRODUCT,Tidak ada Breach,Tidak ada Breach,-
80061406,TIME INTERNATIONAL,TIME INTERNATIONAL,,Not Hold,Tidak ada masa Hold,Tidak ada Breach,PRODUCT,Tidak ada Breach,Tidak ada Breach,-
80061407,TIME INTERNATIONAL,TIME INTERNATIONAL,,Not Hold,Tidak ada masa Hold,Tidak ada Breach,PRODUCT,Tidak ada Breach,Tidak ada Breach,-
80061408,TIME INTERNATIONAL,TIME INTERNATIONAL,,Not Hold,Tidak ada masa Hold,Tidak ada Breach,PRODUCT,Tidak ada Breach,Tidak ada Breach,-
80061409,TIME INTERNATIONAL,TIME INTERNATIONAL,,Not Hold,Tidak ada masa Hold,Tidak ada Breach,PRODUCT,Tidak ada Breach,Tidak ada Breach,-
80061410,TIME INTERNATIONAL,TIME INTERNATIONAL,,Not Hold,Tidak ada masa Hold,Tidak ada Breach,PRODUCT,Tidak ada Breach,Tidak ada Breach,-
80061411,TIME INTERNATIONAL,TIME INTERNATIONAL,,Not Hold,Tidak ada masa Hold,Tidak ada Breach,PRODUCT,Tidak ada Breach,Tidak ada Breach,-
80061412,TIME INTERNATIONAL,TIME INTERNATIONAL,,Not Hold,Tidak ada masa Hold,Tidak ada Breach,PRODUCT,Tidak ada Breach,Tidak ada Breach,-
80061413,TIME INTERNATIONAL,TIME INTERNATIONAL,,Not Hold,Tidak ada masa Hold,Tidak ada Breach,PRODUCT,Tidak ada Breach,Tidak ada Breach,-
80061414,TIME INTERNATIONAL,TIME INTERNATIONAL,,Not Hold,Tidak ada masa Hold,Tidak ada Breach,PRODUCT,Tidak ada Breach,Tidak ada Breach,-
80061415,TIME INTERNATIONAL,TIME INTERNATIONAL,,Not Hold,Tidak ada masa Hold,Tidak ada Breach,PRODUCT,Tidak ada Breach,Tidak ada Breach,-
80061416,TIME INTERNATIONAL,TIME INTERNATIONAL,,Not Hold,Tidak ada masa Hold,Tidak ada Breach,PRODUCT,Tidak ada Breach,Tidak ada Breach,-
80061417,TIME INTERNATIONAL,TIME INTERNATIONAL,,Not Hold,Tidak ada masa Hold,Tidak ada Breach,PRODUCT,Tidak ada Breach,Tidak ada Breach,-
80061418,TIME INTERNATIONAL,TIME INTERNATIONAL,,Not Hold,Tidak ada masa Hold,Tidak ada Breach,PRODUCT,Tidak ada Breach,Tidak ada Breach,-
80541100,TIME INTERNATIONAL,TIME INTERNATIONAL,,Not Hold,Tidak ada masa Hold,Tidak ada Breach,PRODUCT,Tidak ada Breach,Tidak ada Breach,-
80541101,TIME INTERNATIONAL,TIME INTERNATIONAL,,Not Hold,Tidak ada masa Hold,Tidak ada Breach,PRODUCT,Tidak ada Breach,Tidak ada Breach,-
80541102,TIME INTERNATIONAL,TIME INTERNATIONAL,,Not Hold,Tidak ada masa Hold,Tidak ada Breach,PRODUCT,Tidak ada Breach,Tidak ada Breach,-
80541103,TIME INTERNATIONAL,TIME INTERNATIONAL,,Not Hold,Tidak ada masa Hold,Tidak ada Breach,PRODUCT,Tidak ada Breach,Tidak ada Breach,-
80541104,TIME INTERNATIONAL,TIME INTERNATIONAL,,Not Hold,Tidak ada masa Hold,Tidak ada Breach,PRODUCT,Tidak ada Breach,Tidak ada Breach,-
80541200,TIME INTERNATIONAL,TIME INTERNATIONAL,,Not Hold,Tidak ada masa Hold,Tidak ada Breach,PRODUCT,Tidak ada Breach,Tidak ada Breach,-
80541201,TIME INTERNATIONAL,TIME INTERNATIONAL,,Not Hold,Tidak ada masa Hold,Tidak ada Breach,PRODUCT,Tidak ada Breach,Tidak ada Breach,-
80541202,TIME INTERNATIONAL,TIME INTERNATIONAL,,Not Hold,Tidak ada masa Hold,Tidak ada Breach,PRODUCT,Tidak ada Breach,Tidak ada Breach,-
80542200,TIME INTERNATIONAL,TIME INTERNATIONAL,,Not Hold,Tidak ada masa Hold,Tidak ada Breach,PRODUCT,Tidak ada Breach,Tidak ada Breach,-
80542201,TIME INTERNATIONAL,TIME INTERNATIONAL,,Not Hold,Tidak ada masa Hold,Tidak ada Breach,PRODUCT,Tidak ada Breach,Tidak ada Breach,-
80542202,TIME INTERNATIONAL,TIME INTERNATIONAL,,Not Hold,Tidak ada masa Hold,Tidak ada Breach,PRODUCT,Tidak ada Breach,Tidak ada Breach,-
80542300,TIME INTERNATIONAL,TIME INTERNATIONAL,,Not Hold,Tidak ada masa Hold,Tidak ada Breach,PRODUCT,Tidak ada Breach,Tidak ada Breach,-
80542301,TIME INTERNATIONAL,TIME INTERNATIONAL,,Not Hold,Tidak ada masa Hold,Tidak ada Breach,PRODUCT,Tidak ada Breach,Tidak ada Breach,-
80542302,TIME INTERNATIONAL,TIME INTERNATIONAL,,Not Hold,Tidak ada masa Hold,Tidak ada Breach,PRODUCT,Tidak ada Breach,Tidak ada Breach,-
80560400,TIME INTERNATIONAL,TIME INTERNATIONAL,,Not Hold,Tidak ada masa Hold,Tidak ada Breach,PRODUCT,Tidak ada Breach,Tidak ada Breach,-
80560401,TIME INTERNATIONAL,TIME INTERNATIONAL,,Not Hold,Tidak ada masa Hold,Tidak ada Breach,PRODUCT,Tidak ada Breach,Tidak ada Breach,-
10942600,TIMOR RAYA CV,TIMOR RAYA CV,-,-,-,-,CORPORATE KOE,-,-,-
80064200,TNT SKY PACK INT EXPRESS,TNT,,Not Hold,Tidak ada masa Hold,Tidak ada Breach,3PL & LOGISTIC,Tidak ada Breach,Tidak ada Breach,-
80064204,TNT SKY PACK INT EXPRESS,TNT,,Not Hold,Tidak ada masa Hold,Tidak ada Breach,3PL & LOGISTIC,Tidak ada Breach,Tidak ada Breach,-
81539400,TNT SKY PACK INT EXPRESS,TNT,,Not Hold,Tidak ada masa Hold,Tidak ada Breach,3PL & LOGISTIC,Tidak ada Breach,Tidak ada Breach,-
81540300,TNT SKY PACK INT EXPRESS,TNT,,Not Hold,Tidak ada masa Hold,Tidak ada Breach,3PL & LOGISTIC,Tidak ada Breach,Tidak ada Breach,-
10919500,TOKO GALERIA,TOKO GALERIA,-,-,-,-,CORPORATE KOE,-,-,-
10916200,TOKO SENTRAL,TOKO SENTRAL,-,-,-,-,CORPORATE KOE,-,-,-
80668701,TOKOPEDIA,TOKOPEDIA,-,Not Hold,Sesuai update CS,Sesuai update CS,MARKETPLACE,Sesuai update CS,Sesuai update CS,-
80561601,TOKOPEDIA,TOKOPEDIA,-,Not Hold,Sesuai update CS,Sesuai update CS,MARKETPLACE,Sesuai update CS,Sesuai update CS,-
80668700,TOKOPEDIA,TOKOPEDIA,-,Not Hold,Sesuai update CS,Sesuai update CS,MARKETPLACE,Sesuai update CS,Sesuai update CS,-
80718700,TOKORAME ANUGERAH SEJAHTERA,TOKORAME ANUGERAH SEJAHTERA,,Not Hold,Tidak ada masa Hold,Tidak ada Breach,SOCIAL COMMERCE,Tidak ada Breach,Tidak ada Breach,-
80718701,TOKORAME ANUGERAH SEJAHTERA,TOKORAME ANUGERAH SEJAHTERA,,Not Hold,Tidak ada masa Hold,Tidak ada Breach,SOCIAL COMMERCE,Tidak ada Breach,Tidak ada Breach,-
80718702,TOKORAME ANUGERAH SEJAHTERA,TOKORAME ANUGERAH SEJAHTERA,,Not Hold,Tidak ada masa Hold,Tidak ada Breach,SOCIAL COMMERCE,Tidak ada Breach,Tidak ada Breach,-
80718703,TOKORAME ANUGERAH SEJAHTERA,TOKORAME ANUGERAH SEJAHTERA,,Not Hold,Tidak ada masa Hold,Tidak ada Breach,SOCIAL COMMERCE,Tidak ada Breach,Tidak ada Breach,-
10909200,TOYOTA ASTRA MOTOR (TAM),TOYOTA ASTRA MOTOR,,Not Hold,Tidak ada masa Hold,Tidak ada Breach,PRODUCT,Tidak ada Breach,Tidak ada Breach,-
10909201,TOYOTA ASTRA MOTOR (TAM),TOYOTA ASTRA MOTOR,,Not Hold,Tidak ada masa Hold,Tidak ada Breach,PRODUCT,Tidak ada Breach,Tidak ada Breach,-
10909202,TOYOTA ASTRA MOTOR (TAM),TOYOTA ASTRA MOTOR,,Not Hold,Tidak ada masa Hold,Tidak ada Breach,PRODUCT,Tidak ada Breach,Tidak ada Breach,-
10909203,TOYOTA ASTRA MOTOR (TAM),TOYOTA ASTRA MOTOR,,Not Hold,Tidak ada masa Hold,Tidak ada Breach,PRODUCT,Tidak ada Breach,Tidak ada Breach,-
10990403,TOYOTA ASTRA MOTOR (TAM),TOYOTA ASTRA MOTOR,,Not Hold,Tidak ada masa Hold,Tidak ada Breach,PRODUCT,Tidak ada Breach,Tidak ada Breach,-
80052600,TOYOTA ASTRA MOTOR (TAM),TOYOTA ASTRA MOTOR,,Not Hold,Tidak ada masa Hold,Tidak ada Breach,PRODUCT,Tidak ada Breach,Tidak ada Breach,-
80053500,TOYOTA ASTRA MOTOR (TAM),TOYOTA ASTRA MOTOR,,Not Hold,Tidak ada masa Hold,Tidak ada Breach,PRODUCT,Tidak ada Breach,Tidak ada Breach,-
80061900,TOYOTA ASTRA MOTOR (TAM),TOYOTA ASTRA MOTOR,,Not Hold,Tidak ada masa Hold,Tidak ada Breach,PRODUCT,Tidak ada Breach,Tidak ada Breach,-
800619002,TOYOTA ASTRA MOTOR (TAM),TOYOTA ASTRA MOTOR,,Not Hold,Tidak ada masa Hold,Tidak ada Breach,PRODUCT,Tidak ada Breach,Tidak ada Breach,-
80061902,TOYOTA ASTRA MOTOR (TAM),TOYOTA ASTRA MOTOR,,Not Hold,Tidak ada masa Hold,Tidak ada Breach,PRODUCT,Tidak ada Breach,Tidak ada Breach,-
80061903,TOYOTA ASTRA MOTOR (TAM),TOYOTA ASTRA MOTOR,,Not Hold,Tidak ada masa Hold,Tidak ada Breach,PRODUCT,Tidak ada Breach,Tidak ada Breach,-
80062000,TOYOTA ASTRA MOTOR (TAM),TOYOTA ASTRA MOTOR,,Not Hold,Tidak ada masa Hold,Tidak ada Breach,PRODUCT,Tidak ada Breach,Tidak ada Breach,-
80078100,TOYOTA ASTRA MOTOR (TAM),TOYOTA ASTRA MOTOR,,Not Hold,Tidak ada masa Hold,Tidak ada Breach,PRODUCT,Tidak ada Breach,Tidak ada Breach,-
80078101,TOYOTA ASTRA MOTOR (TAM),TOYOTA ASTRA MOTOR,,Not Hold,Tidak ada masa Hold,Tidak ada Breach,PRODUCT,Tidak ada Breach,Tidak ada Breach,-
80656700,TRI ADI BERSAMA _ANTERAJA,TRI ADI BERSAMA _ANTERAJA,,Not Hold,Tidak ada masa Hold,2 X SLA Publish,3PL & LOGISTIC,2 X SLA Publish,2 X SLA Publish,-
80656701,TRI ADI BERSAMA _ANTERAJA,TRI ADI BERSAMA _ANTERAJA,,Not Hold,Tidak ada masa Hold,2 X SLA Publish,3PL & LOGISTIC,2 X SLA Publish,2 X SLA Publish,-
80656702,TRI ADI BERSAMA _ANTERAJA,TRI ADI BERSAMA _ANTERAJA,,Not Hold,Tidak ada masa Hold,2 X SLA Publish,3PL & LOGISTIC,2 X SLA Publish,2 X SLA Publish,-
80656703,TRI ADI BERSAMA _ANTERAJA,TRI ADI BERSAMA _ANTERAJA,,Not Hold,Tidak ada masa Hold,2 X SLA Publish,3PL & LOGISTIC,2 X SLA Publish,2 X SLA Publish,-
10007800,TRI SAPTA JAYA PT,TRI SAPTA JAYA PT,-,-,-,-,CORPORATE KOE,-,-,-
10921400,TVRI STASIUN NTT,TVRI STASIUN NTT,-,-,-,-,CORPORATE KOE,-,-,-
10916700,UD. MANDIRI,UD. MANDIRI,-,-,-,-,CORPORATE KOE,-,-,-
10500700,UD. SINAR ELEKTRIK,UD. SINAR ELEKTRIK,-,-,-,-,CORPORATE KOE,-,-,-
12041800,UMKM SELERA KATONG,UMKM SELERA KATONG,-,-,-,-,CORPORATE KOE,-,-,-
20072100,UNIE STORE,UNIE STORE,,Not Hold,Tidak ada masa Hold,Tidak ada Breach,SOCIAL COMMERCE,Tidak ada Breach,Tidak ada Breach,-
20072101,UNIE STORE,UNIE STORE,,Not Hold,Tidak ada masa Hold,Tidak ada Breach,SOCIAL COMMERCE,Tidak ada Breach,Tidak ada Breach,-
81720600,PT. FAST RETAILING INDONESIA (UNIQLO),UNIQLO,,Not Hold,Tidak ada masa Hold,Tidak ada Breach,OFFICIAL STORE ,Tidak ada Breach,Tidak ada Breach,-
81720601,PT. FAST RETAILING INDONESIA (UNIQLO),UNIQLO,,Not Hold,Tidak ada masa Hold,Tidak ada Breach,OFFICIAL STORE ,Tidak ada Breach,Tidak ada Breach,-
81720602,PT. FAST RETAILING INDONESIA (UNIQLO),UNIQLO,,Not Hold,Tidak ada masa Hold,Tidak ada Breach,OFFICIAL STORE ,Tidak ada Breach,Tidak ada Breach,-
81720603,PT. FAST RETAILING INDONESIA (UNIQLO),UNIQLO,,Not Hold,Tidak ada masa Hold,Tidak ada Breach,OFFICIAL STORE ,Tidak ada Breach,Tidak ada Breach,-
81720605,PT. FAST RETAILING INDONESIA (UNIQLO),UNIQLO,,Not Hold,Tidak ada masa Hold,Tidak ada Breach,OFFICIAL STORE ,Tidak ada Breach,Tidak ada Breach,-
80002100,UPS,UPS,,Not Hold,Tidak ada masa Hold,Tidak ada Breach,3PL & LOGISTIC,Tidak ada Breach,Tidak ada Breach,-
80002101,UPS,UPS,,Not Hold,Tidak ada masa Hold,Tidak ada Breach,3PL & LOGISTIC,Tidak ada Breach,Tidak ada Breach,-
80002102,UPS,UPS,,Not Hold,Tidak ada masa Hold,Tidak ada Breach,3PL & LOGISTIC,Tidak ada Breach,Tidak ada Breach,-
80002103,UPS,UPS,,Not Hold,Tidak ada masa Hold,Tidak ada Breach,3PL & LOGISTIC,Tidak ada Breach,Tidak ada Breach,-
80002104,UPS,UPS,,Not Hold,Tidak ada masa Hold,Tidak ada Breach,3PL & LOGISTIC,Tidak ada Breach,Tidak ada Breach,-
80002105,UPS,UPS,,Not Hold,Tidak ada masa Hold,Tidak ada Breach,3PL & LOGISTIC,Tidak ada Breach,Tidak ada Breach,-
80002106,UPS,UPS,,Not Hold,Tidak ada masa Hold,Tidak ada Breach,3PL & LOGISTIC,Tidak ada Breach,Tidak ada Breach,-
80002113,UPS,UPS,,Not Hold,Tidak ada masa Hold,Tidak ada Breach,3PL & LOGISTIC,Tidak ada Breach,Tidak ada Breach,-
80002115,UPS,UPS,,Not Hold,Tidak ada masa Hold,Tidak ada Breach,3PL & LOGISTIC,Tidak ada Breach,Tidak ada Breach,-
80002117,UPS,UPS,,Not Hold,Tidak ada masa Hold,Tidak ada Breach,3PL & LOGISTIC,Tidak ada Breach,Tidak ada Breach,-
80002119,UPS,UPS,,Not Hold,Tidak ada masa Hold,Tidak ada Breach,3PL & LOGISTIC,Tidak ada Breach,Tidak ada Breach,-
10942400,WASHENG KEKE MANDIRI PT,WASHENG KEKE MANDIRI PT,-,-,-,-,CORPORATE KOE,-,-,-
80098400,DUTA INTI DAYA (WATSON),WATSON,,Not Hold,Tidak ada masa Hold,Tidak ada Breach,E-COMMERCE,Tidak ada Breach,Tidak ada Breach,-
80098401,DUTA INTI DAYA (WATSON),WATSON,,Not Hold,Tidak ada masa Hold,Tidak ada Breach,E-COMMERCE,Tidak ada Breach,Tidak ada Breach,-
80098402,DUTA INTI DAYA (WATSON),WATSON,,Not Hold,Tidak ada masa Hold,Tidak ada Breach,E-COMMERCE,Tidak ada Breach,Tidak ada Breach,-
80098403,DUTA INTI DAYA (WATSON),WATSON,,Not Hold,Tidak ada masa Hold,Tidak ada Breach,E-COMMERCE,Tidak ada Breach,Tidak ada Breach,-
80098405,DUTA INTI DAYA (WATSON),WATSON,,Not Hold,Tidak ada masa Hold,Tidak ada Breach,E-COMMERCE,Tidak ada Breach,Tidak ada Breach,-
80098406,DUTA INTI DAYA (WATSON),WATSON,,Not Hold,Tidak ada masa Hold,Tidak ada Breach,E-COMMERCE,Tidak ada Breach,Tidak ada Breach,-
10933900,WORLD INNOVATIVE TELECOMMUNICATION PT,WORLD INNOVATIVE TELECOMMUNICATION PT,-,-,-,-,CORPORATE KOE,-,-,-
10911600,WWF / TARDI,WWF / TARDI,-,-,-,-,CORPORATE KOE,-,-,2024-07-08 00:00:00
80521001,XIAOMI,XIAOMI,,Not Hold,Tidak ada masa Hold,Tidak ada Breach,OFFICIAL STORE ,Tidak ada Breach,Tidak ada Breach,2024-07-08 00:00:00
10931400,YANG HUA CV,YANG HUA CV,-,-,-,-,CORPORATE KOE,-,-,2024-07-08 00:00:00
10936600,YAPINDO TRANSPORTAMA PT / PCP,YAPINDO TRANSPORTAMA PT / PCP,-,-,-,-,CORPORATE KOE,-,-,-
10926000,YAYASAN BANTUAN KASIH INDONESIA (COMMPASION INDONESIA),YAYASAN BANTUAN KASIH INDONESIA (COMMPASION INDONESIA),-,-,-,-,CORPORATE KOE,-,-,-
10928300,YAYASAN KNVC INDONESIA,YAYASAN KNVC INDONESIA,-,-,-,-,CORPORATE KOE,-,-,-
10916000,YAYASAN SAYANGI TUNAS CILIK,YAYASAN SAYANGI TUNAS CILIK,-,-,-,-,CORPORATE KOE,-,-,-
10930400,YAYASAN WAHANA VISI INDONESIA,YAYASAN WAHANA VISI INDONESIA,-,-,-,-,CORPORATE KOE,-,-,-
10911500,YAYASAN WWF INDONESIA,YAYASAN WWF INDONESIA,-,-,-,-,CORPORATE KOE,-,-,-
80720900,YOUNG LIVING / DSV,YOUNG LIVING,,Not Hold,Tidak ada masa Hold,Tidak ada Breach,PRODUCT,Tidak ada Breach,Tidak ada Breach,-
80720901,YOUNG LIVING / DSV,YOUNG LIVING,,Not Hold,Tidak ada masa Hold,Tidak ada Breach,PRODUCT,Tidak ada Breach,Tidak ada Breach,-
80720902,YOUNG LIVING / DSV,YOUNG LIVING,,Not Hold,Tidak ada masa Hold,Tidak ada Breach,PRODUCT,Tidak ada Breach,Tidak ada Breach,-
80720903,YOUNG LIVING / DSV,YOUNG LIVING,,Not Hold,Tidak ada masa Hold,Tidak ada Breach,PRODUCT,Tidak ada Breach,Tidak ada Breach,-
80077000,ZALORA,ZALORA,,Not Hold,Tidak ada masa Hold,2 X SLA Publish,MARKETPLACE,2 X SLA Publish,2 X SLA Publish,-
80077001,ZALORA,ZALORA,,Not Hold,Tidak ada masa Hold,2 X SLA Publish,MARKETPLACE,2 X SLA Publish,2 X SLA Publish,-
80077900,ZALORA,ZALORA,,Not Hold,Tidak ada masa Hold,2 X SLA Publish,MARKETPLACE,2 X SLA Publish,2 X SLA Publish,-
80077901,ZALORA,ZALORA,,Not Hold,Tidak ada masa Hold,2 X SLA Publish,MARKETPLACE,2 X SLA Publish,2 X SLA Publish,-
80077903,ZALORA,ZALORA,,Not Hold,Tidak ada masa Hold,2 X SLA Publish,MARKETPLACE,2 X SLA Publish,2 X SLA Publish,-
80077904,ZALORA,ZALORA,,Not Hold,Tidak ada masa Hold,2 X SLA Publish,MARKETPLACE,2 X SLA Publish,2 X SLA Publish,-
80077906,ZALORA,ZALORA,,Not Hold,Tidak ada masa Hold,2 X SLA Publish,MARKETPLACE,2 X SLA Publish,2 X SLA Publish,-
80077907,ZALORA,ZALORA,,Not Hold,Tidak ada masa Hold,2 X SLA Publish,MARKETPLACE,2 X SLA Publish,2 X SLA Publish,-
80077910,ZALORA,ZALORA,,Not Hold,Tidak ada masa Hold,2 X SLA Publish,MARKETPLACE,2 X SLA Publish,2 X SLA Publish,2024-07-08 00:00:00
80077911,ZALORA,ZALORA,,Not Hold,Tidak ada masa Hold,2 X SLA Publish,MARKETPLACE,2 X SLA Publish,2 X SLA Publish,2024-07-08 00:00:00
80077912,ZALORA,ZALORA,,Not Hold,Tidak ada masa Hold,2 X SLA Publish,MARKETPLACE,2 X SLA Publish,2 X SLA Publish,-
80077914,ZALORA,ZALORA,,Not Hold,Tidak ada masa Hold,2 X SLA Publish,MARKETPLACE,2 X SLA Publish,2 X SLA Publish,-
80077915,FASHION MARKETPLACE INDONESIA,ZALORA,,Not Hold,Tidak ada masa Hold,2 X SLA Publish,MARKETPLACE,2 X SLA Publish,2 X SLA Publish,-
80077917,FASHION MARKETPLACE INDONESIA,ZALORA,,Not Hold,Tidak ada masa Hold,2 X SLA Publish,MARKETPLACE,2 X SLA Publish,2 X SLA Publish,-
80077918,FASHION MARKETPLACE INDONESIA,ZALORA,,Not Hold,Tidak ada masa Hold,2 X SLA Publish,MARKETPLACE,2 X SLA Publish,2 X SLA Publish,-
80077919,FASHION MARKETPLACE INDONESIA,ZALORA,,Not Hold,Tidak ada masa Hold,2 X SLA Publish,MARKETPLACE,2 X SLA Publish,2 X SLA Publish,-
80077920,FASHION MARKETPLACE INDONESIA,ZALORA,,Not Hold,Tidak ada masa Hold,2 X SLA Publish,MARKETPLACE,2 X SLA Publish,2 X SLA Publish,-
80077921,ZALORA BKI,ZALORA,,Not Hold,Tidak ada masa Hold,2 X SLA Publish,MARKETPLACE,2 X SLA Publish,2 X SLA Publish,-
80077922,ZALORA BKI,ZALORA,,Not Hold,Tidak ada masa Hold,2 X SLA Publish,MARKETPLACE,2 X SLA Publish,2 X SLA Publish,-
80077930,ZALORA,ZALORA,,Not Hold,Tidak ada masa Hold,2 X SLA Publish,MARKETPLACE,2 X SLA Publish,2 X SLA Publish,-
80077902,FASHION MARKETPLACE INDONESIA,ZALORA,,Not Hold,Tidak ada masa Hold,2 X SLA Publish,MARKETPLACE,2 X SLA Publish,2 X SLA Publish,-
80077931,ZALORA CASHLESS - NON COD,ZALORA,,Not Hold,Tidak ada masa Hold,2 X SLA Publish,MARKETPLACE,2 X SLA Publish,2 X SLA Publish,-
